序號,縣市別代碼,機關代碼,市話,傳真,年,月,日,時,分,縣市,區,死亡數量,受傷數量,2-30,天候,道路照明設備,道路類別,道路速限,道路型態,事故位置,路面鋪裝,路面狀態,路面缺陷,障礙物,視距,號誌種類,號誌動作,分向設施,快車道或一般車道間,快慢車道間,路面邊線,事故類型及型態,受傷程度,主要傷處,保護裝備,行動電話或功能裝置,當事者區分(類別),車輛用途,當事者行動狀態,駕照狀態,駕照種類,飲酒情形,車輛撞擊部位最初,車輛撞擊部位其他,肇事因素個別,肇事因素主要,肇事逃逸,職業,共享經濟或外送平台,GPS座標X,GPS座標Y,事故類別
227,66000,387130000C,(04)23274275,(04)23288582,2025,6,2,7,10,臺中市,北屯區,0,0,0,7,,,30,,,,,,,,,,,,,,16,,,,,B03,,,1,,2,,,12,12,1,13,4,120.669445,24.176162,3
228,66000,387130000C,(04)23274275,(04)23288582,2025,6,2,7,11,臺中市,沙鹿區,0,0,0,5,,,60,,,,,,,,,,,,,,13,,,,,B03,,,1,,1,,,7,7,1,6,4,120.563795,24.239502,3
229,66000,387130000C,(04)23274275,(04)23288582,2025,6,2,7,14,臺中市,龍井區,0,0,0,7,,,60,,,,,,,,,,,,,,12,,,,,A31,,,1,,1,,,40,40,1,6,4,120.507915,24.214181,3
230,66000,387130000C,(04)23274275,(04)23288582,2025,6,2,7,16,臺中市,北屯區,0,0,0,7,,,50,,,,,,,,,,,,,,,,,,,C03,,,1,,2,,,42,42,1,13,4,120.665781,24.182774,3
231,66000,387130000C,(04)23274275,(04)23288582,2025,6,2,7,22,臺中市,龍井區,0,1,0,6,3,6,30,3,1,1,5,4,6,6,4,4,10,5,5,2,17,2,9,1,1,C03,7,6,1,10,2,14,,20,20,1,6,4,120.500613,24.217589,2
232,66000,387130000C,(04)23274275,(04)23288582,2025,6,2,7,26,臺中市,東勢區,0,0,0,7,,,50,,,,,,,,,,,,,,,,,,,B03,,,1,,2,,,12,12,1,12,4,120.832952,24.241405,3
233,66000,387130000C,(04)23274275,(04)23288582,2025,6,2,7,28,臺中市,大里區,0,1,0,7,3,6,50,4,1,1,5,4,6,6,1,1,10,5,5,2,15,2,9,1,1,C03,7,1,3,19,2,11,,51,51,1,13,4,120.688631,24.080636,2
234,66000,387130000C,(04)23274275,(04)23288582,2025,6,2,7,32,臺中市,大里區,0,1,0,7,2,6,50,3,4,1,5,4,6,6,1,1,1,2,5,1,12,3,10,3,1,B03,7,9,1,8,2,5,,85,85,1,12,4,120.694094,24.098605,2
235,66000,387130000C,(04)23274275,(04)23288582,2025,6,2,7,35,臺中市,豐原區,0,0,0,7,3,6,40,13,14,1,4,4,6,6,4,4,8,3,4,1,12,,,,,B03,,,1,,2,,,50,50,1,12,4,120.724257,24.252064,3
236,66000,387130000C,(04)23274275,(04)23288582,2025,6,2,7,36,臺中市,西屯區,0,1,0,7,2,6,50,3,1,1,5,4,6,6,1,1,10,5,5,2,16,2,9,5,1,C03,7,6,1,10,1,14,,11,11,1,12,4,120.614123,24.183851,2
237,66000,387130000C,(04)23274275,(04)23288582,2025,6,2,7,36,臺中市,神岡區,0,1,0,7,2,6,50,5,1,1,5,4,6,6,2,1,1,3,4,1,16,3,10,5,4,C03,7,6,1,10,2,12,,39,39,1,13,4,120.664976,24.273623,2
238,66000,387130000C,(04)23274275,(04)23288582,2025,6,2,7,38,臺中市,北屯區,0,2,0,7,2,6,50,4,1,1,5,4,6,6,1,1,10,5,5,2,17,3,10,1,1,C03,7,6,1,10,2,12,,11,11,1,12,4,120.696754,24.176059,2
239,66000,387130000C,(04)23274275,(04)23288582,2025,6,2,7,39,臺中市,大里區,0,0,0,6,3,6,50,13,9,1,5,4,6,6,4,4,5,5,5,1,12,,,,,E01,,,1,,9,,,84,84,1,12,4,120.70884,24.087382,3
240,66000,387130000C,(04)23274275,(04)23288582,2025,6,2,7,39,臺中市,霧峰區,0,0,0,7,,,70,,,,,,,,,,,,,,,,,,,B03,,,1,,2,,,7,7,1,6,4,120.672484,24.042527,3
241,66000,387130000C,(04)23274275,(04)23288582,2025,6,2,7,40,臺中市,北屯區,0,0,0,7,,,50,,,,,,,,,,,,,,,,,,,B03,,,1,,1,,,84,84,1,12,4,120.690461,24.172548,3
242,66000,387130000C,(04)23274275,(04)23288582,2025,6,2,7,40,臺中市,大里區,0,1,0,7,2,6,50,4,2,1,5,4,6,6,1,1,10,5,5,1,16,3,10,3,1,B03,7,11,1,8,2,6,,45,45,1,11,4,120.67463,24.112056,2
243,66000,387130000C,(04)23274275,(04)23288582,2025,6,2,7,41,臺中市,西屯區,0,0,0,6,,,50,,,,,,,,,,,,,,13,,,,,C03,,,3,,2,,,7,7,1,12,4,120.663055,24.172349,3
244,66000,387130000C,(04)23274275,(04)23288582,2025,6,2,7,42,臺中市,北區,0,1,0,7,3,6,50,4,2,1,5,4,6,6,4,4,3,2,5,2,9,3,10,5,4,A02,7,14,1,4,1,16,,84,84,1,12,4,120.687657,24.162841,2
245,66000,387130000C,(04)23274275,(04)23288582,2025,6,2,7,42,臺中市,北屯區,0,1,0,7,2,6,50,13,9,1,5,4,6,6,4,4,9,4,5,2,12,2,9,1,1,C03,7,1,1,10,2,14,,85,85,1,6,4,120.732065,24.159785,2
246,66000,387130000C,(04)23274275,(04)23288582,2025,6,2,7,43,臺中市,后里區,0,0,0,7,,,50,,,,,,,,,,,,,,12,,,,,B03,,,1,,2,,,8,8,1,12,4,120.679931,24.315991,3
247,66000,387130000C,(04)23274275,(04)23288582,2025,6,2,7,45,臺中市,北屯區,0,1,0,6,2,6,50,4,1,1,4,4,6,6,4,4,10,5,5,2,18,2,9,1,1,C03,7,9,1,10,2,12,,43,43,1,13,4,120.6956,24.186179,2
248,66000,387130000C,(04)23274275,(04)23288582,2025,6,2,7,45,臺中市,西屯區,0,1,0,6,2,6,50,5,1,1,5,4,6,6,1,1,10,5,5,2,12,2,9,1,4,C03,7,9,1,10,2,14,,8,8,1,12,4,120.619557,24.169025,2
249,66000,387130000C,(04)23274275,(04)23288582,2025,6,2,7,45,臺中市,清水區,0,0,0,7,,,50,,,,,,,,,,,,,,,,,,,B03,,,1,,1,,,58,58,1,12,4,120.572988,24.262492,3
250,66000,387130000C,(04)23274275,(04)23288582,2025,6,2,7,46,臺中市,中區,0,0,0,7,,,50,,,,,,,,,,,,,,,,,,,C03,,,1,10,1,,,7,7,1,13,4,120.684455,24.140807,3
251,66000,387130000C,(04)23274275,(04)23288582,2025,6,2,7,49,臺中市,太平區,0,2,0,6,2,6,40,4,1,1,5,4,6,6,1,1,5,5,4,1,17,3,10,1,1,C03,7,1,3,19,2,11,,51,51,1,6,4,120.725776,24.13329,2
252,66000,387130000C,(04)23274275,(04)23288582,2025,6,2,7,50,臺中市,大里區,0,1,0,6,3,6,30,3,1,1,5,4,6,6,4,4,10,5,5,2,15,3,10,6,1,F01,7,1,7,21,2,11,,12,12,1,12,4,120.702271,24.081489,2
253,66000,387130000C,(04)23274275,(04)23288582,2025,6,2,7,50,臺中市,新社區,0,1,0,7,2,6,50,11,9,1,4,4,6,6,4,4,10,5,5,1,18,2,9,2,1,C03,7,9,1,10,2,12,,84,84,1,12,4,120.785666,24.241916,2
254,66000,387130000C,(04)23274275,(04)23288582,2025,6,2,7,50,臺中市,豐原區,0,0,0,7,,,50,,,,,,,,,,,,,,17,,,,,C03,,,1,,2,,,8,8,1,13,4,120.718791,24.249894,3
255,66000,387130000C,(04)23274275,(04)23288582,2025,6,2,7,56,臺中市,西屯區,0,0,0,7,,,30,,,,,,,,,,,,,,17,,,,,B03,,,1,,1,,,50,50,1,12,4,120.649704,24.165654,3
256,66000,387130000C,(04)23274275,(04)23288582,2025,6,2,7,59,臺中市,太平區,0,1,0,7,2,6,50,13,9,1,5,4,6,6,4,4,5,5,5,1,12,2,9,2,1,C03,7,9,1,10,2,14,,39,39,1,12,4,120.709911,24.122011,2
257,66000,387130000C,(04)23274275,(04)23288582,2025,6,2,8,0,臺中市,中區,0,0,0,7,,,50,,,,,,,,,,,,,,,,,,,C03,,,1,,1,,,84,84,1,13,4,120.681718,24.144692,3
258,66000,387130000C,(04)23274275,(04)23288582,2025,6,2,8,0,臺中市,大里區,0,0,0,7,,,50,,,,,,,,,,,,,,,,,,,B03,,,1,,2,,,84,84,1,6,4,120.697467,24.095202,3
259,66000,387130000C,(04)23274275,(04)23288582,2025,6,2,8,1,臺中市,西區,0,0,0,7,3,6,50,3,2,1,5,4,6,6,4,4,5,5,5,2,13,3,10,3,1,B03,7,9,1,8,1,1,,84,84,1,6,4,120.664377,24.139357,3
260,66000,387130000C,(04)23274275,(04)23288582,2025,6,2,8,2,臺中市,大甲區,0,0,0,7,,,50,,,,,,,,,,,,,,30,,,,,B03,,,1,,9,,,59,59,1,6,4,120.620386,24.351375,3
261,66000,387130000C,(04)23274275,(04)23288582,2025,6,2,8,3,臺中市,北屯區,0,3,0,7,1,6,50,3,1,1,5,4,6,6,4,4,10,5,5,2,12,2,9,5,4,C03,7,8,1,10,2,14,,40,40,1,13,4,120.686537,24.194649,2
262,66000,387130000C,(04)23274275,(04)23288582,2025,6,2,8,5,臺中市,大雅區,0,1,0,6,1,6,50,3,1,1,5,4,6,6,1,1,5,5,5,1,17,2,9,1,1,C03,7,4,1,10,2,11,,39,39,1,13,4,120.644474,24.229064,2
263,66000,387130000C,(04)23274275,(04)23288582,2025,6,2,8,5,臺中市,大里區,0,1,0,6,2,6,50,4,1,1,5,4,6,6,4,4,5,5,5,2,17,3,10,3,1,B03,7,6,1,8,2,4,,39,39,1,13,4,120.694245,24.087289,2
264,66000,387130000C,(04)23274275,(04)23288582,2025,6,2,8,5,臺中市,大里區,0,1,0,7,2,6,50,3,2,2,5,4,6,6,4,4,10,5,5,2,17,3,10,3,1,B02,7,2,1,4,2,16,,49,49,1,12,4,120.705366,24.107905,2
265,66000,387130000C,(04)23274275,(04)23288582,2025,6,2,8,6,臺中市,霧峰區,0,0,0,7,,,50,,,,,,,,,,,,,,17,,,,,B03,,,1,,2,,,7,7,1,13,4,120.70253,24.070417,3
266,66000,387130000C,(04)23274275,(04)23288582,2025,6,2,8,6,臺中市,沙鹿區,0,1,0,7,3,6,30,3,1,1,5,4,6,6,4,4,10,5,5,2,12,2,9,2,1,C03,7,4,1,10,2,12,,7,7,1,13,4,120.607598,24.24438,2
267,66000,387130000C,(04)23274275,(04)23288582,2025,6,2,8,8,臺中市,沙鹿區,0,1,0,7,2,6,40,3,2,1,5,4,6,6,1,1,3,3,3,1,17,2,9,5,4,C03,7,9,1,10,2,11,,59,59,1,13,4,120.578472,24.223398,2
268,66000,387130000C,(04)23274275,(04)23288582,2025,6,2,8,9,臺中市,西區,0,0,0,6,,,50,,,,,,,,,,,,,,,,,,,C03,,,1,10,1,,,42,42,1,13,4,120.668339,24.139714,3
269,66000,387130000C,(04)23274275,(04)23288582,2025,6,2,8,10,臺中市,潭子區,0,2,0,6,3,6,60,4,2,1,5,4,6,6,1,1,1,4,4,1,17,2,9,2,1,C03,7,9,1,10,2,12,14,8,8,1,13,4,120.706076,24.218325,2
270,66000,387130000C,(04)23274275,(04)23288582,2025,6,2,8,10,臺中市,中區,0,2,0,6,2,9,0,18,24,4,5,4,6,6,4,4,10,5,5,2,17,2,7,1,1,C03,7,9,1,10,2,11,,84,84,1,12,4,120.67545,24.142244,2
271,66000,387130000C,(04)23274275,(04)23288582,2025,6,2,8,10,臺中市,外埔區,0,0,0,7,,,50,,,,,,,,,,,,,,13,,,,,C03,,,1,,2,,,7,7,1,12,4,120.651994,24.33064,3
272,66000,387130000C,(04)23274275,(04)23288582,2025,6,2,8,12,臺中市,東區,0,0,0,7,,,50,,,,,,,,,,,,,,17,,,,,B02,,,1,,2,,,51,51,1,12,4,120.686741,24.134239,3
273,66000,387130000C,(04)23274275,(04)23288582,2025,6,2,8,14,臺中市,龍井區,0,1,0,7,2,6,60,4,1,1,5,4,6,6,2,1,10,5,5,2,12,3,10,3,1,B03,7,7,3,19,11,5,,20,20,1,6,4,120.57725,24.176732,2
274,66000,387130000C,(04)23274275,(04)23288582,2025,6,2,8,15,臺中市,西屯區,0,0,0,7,,,80,,,,,,,,,,,,,,13,,,,,B03,,,1,,1,,,7,7,1,12,4,120.634948,24.179291,3
275,66000,387130000C,(04)23274275,(04)23288582,2025,6,2,8,16,臺中市,南屯區,0,1,0,5,2,6,50,3,1,1,4,4,6,6,4,4,10,5,5,2,13,2,9,2,4,C03,7,9,1,10,2,11,14,7,7,1,13,4,120.611474,24.14745,2
276,66000,387130000C,(04)23274275,(04)23288582,2025,6,2,8,17,臺中市,西區,0,1,0,7,3,6,50,4,1,1,5,4,6,6,2,1,10,5,5,2,18,2,9,1,1,C03,7,9,1,10,2,12,,84,84,1,13,4,120.652997,24.146726,2
277,66000,387130000C,(04)23274275,(04)23288582,2025,6,2,8,19,臺中市,霧峰區,0,1,0,7,3,6,60,13,9,1,5,4,6,6,4,4,3,4,5,1,16,2,9,1,1,C03,7,1,2,19,2,14,,51,51,1,13,4,120.692201,24.04593,2
278,66000,387130000C,(04)23274275,(04)23288582,2025,6,2,8,19,臺中市,豐原區,0,4,0,6,2,6,30,4,1,1,5,4,6,6,4,4,10,5,5,1,12,2,9,5,4,C03,7,4,1,10,2,11,,84,84,1,13,4,120.71372,24.234665,2
279,66000,387130000C,(04)23274275,(04)23288582,2025,6,2,8,24,臺中市,大雅區,0,1,0,5,3,6,40,13,8,1,4,4,6,6,4,4,5,2,4,1,30,2,9,1,1,C03,7,9,1,10,2,16,,87,87,1,12,4,120.639982,24.231083,2
280,66000,387130000C,(04)23274275,(04)23288582,2025,6,2,8,25,臺中市,北區,0,2,0,7,2,6,50,4,1,1,5,4,6,6,1,1,10,5,5,2,16,2,9,1,1,C03,7,9,1,10,2,11,,84,84,1,12,4,120.681104,24.159137,2
281,66000,387130000C,(04)23274275,(04)23288582,2025,6,2,8,25,臺中市,南屯區,0,2,0,5,2,6,50,3,2,1,4,4,6,6,4,4,10,4,5,2,17,2,9,2,1,C03,7,6,1,10,2,11,,14,14,1,12,4,120.613665,24.148248,2
282,66000,387130000C,(04)23274275,(04)23288582,2025,6,2,8,32,臺中市,大里區,0,1,0,6,3,6,50,3,9,1,5,4,6,6,4,4,5,4,5,1,13,2,9,1,1,C03,7,8,1,10,2,11,,84,84,1,12,4,120.688778,24.103177,2
283,66000,387130000C,(04)23274275,(04)23288582,2025,6,2,8,40,臺中市,南屯區,0,0,0,5,,,50,,,,,,,,,,,,,,,,,,,B12,,,1,,1,,,7,7,1,6,4,120.623497,24.149515,3
284,66000,387130000C,(04)23274275,(04)23288582,2025,6,2,8,41,臺中市,西區,0,0,0,7,3,6,50,13,2,1,5,4,6,6,4,4,5,4,5,2,13,3,10,1,1,C03,7,9,1,10,1,11,,7,7,1,6,4,120.661788,24.151368,3
285,66000,387130000C,(04)23274275,(04)23288582,2025,6,2,8,41,臺中市,南屯區,0,1,0,6,3,6,50,3,1,1,5,4,6,6,4,4,5,2,5,2,16,2,9,1,1,C03,7,7,1,10,2,11,,84,84,1,12,4,120.649761,24.154586,2
286,66000,387130000C,(04)23274275,(04)23288582,2025,6,2,8,43,臺中市,北屯區,0,0,0,7,,,50,,,,,,,,,,,,,,,,,,,C03,,,5,,1,,,7,7,1,12,4,120.694688,24.17019,3
287,66000,387130000C,(04)23274275,(04)23288582,2025,6,2,8,45,臺中市,南區,0,0,0,7,,,50,,,,,,,,,,,,,,17,,,,,C03,,,1,,2,,,7,7,1,12,4,120.662003,24.126496,3
288,66000,387130000C,(04)23274275,(04)23288582,2025,6,2,8,45,臺中市,沙鹿區,0,1,0,7,3,6,50,4,1,1,5,4,6,6,1,1,10,5,5,2,15,3,10,3,1,B03,7,9,1,8,2,1,,21,21,1,6,4,120.555974,24.221212,2
289,66000,387130000C,(04)23274275,(04)23288582,2025,6,2,8,55,臺中市,烏日區,0,1,0,7,2,6,50,4,1,1,5,4,6,6,2,1,1,4,4,1,12,3,10,3,1,B12,7,6,1,8,2,7,,39,39,1,6,4,120.614085,24.106776,2
290,66000,387130000C,(04)23274275,(04)23288582,2025,6,2,8,58,臺中市,南屯區,0,0,0,6,3,6,50,13,9,1,5,4,6,6,4,4,3,4,5,2,13,,,,,B03,,,3,,2,,,84,84,1,12,4,120.644912,24.140091,3
291,66000,387130000C,(04)23274275,(04)23288582,2025,6,2,8,59,臺中市,太平區,0,2,0,6,2,6,50,3,1,1,5,4,6,6,4,4,5,5,4,2,17,2,2,3,1,B03,7,11,1,8,2,5,,45,45,1,6,4,120.733628,24.154678,2
292,66000,387130000C,(04)23274275,(04)23288582,2025,6,2,9,2,臺中市,梧棲區,0,0,0,5,,,50,,,,,,,,,,,,,,13,,,,,B03,,,1,,1,,,7,7,1,6,4,120.524504,24.236086,3
293,66000,387130000C,(04)23274275,(04)23288582,2025,6,2,9,5,臺中市,霧峰區,0,0,0,7,,,50,,,,,,,,,,,,,,17,,,,,B03,,,1,,2,,,40,40,1,6,4,120.663904,24.063586,3
294,66000,387130000C,(04)23274275,(04)23288582,2025,6,2,9,7,臺中市,西屯區,0,0,0,7,,,60,,,,,,,,,,,,,,13,,,,,B03,,,1,,1,,,59,59,1,12,4,120.633353,24.173664,3
295,66000,387130000C,(04)23274275,(04)23288582,2025,6,2,9,13,臺中市,大雅區,0,0,0,7,1,6,0,4,2,1,5,4,6,6,,4,10,5,5,2,30,,,,,B03,,,1,,2,,,84,84,1,13,4,120.672086,24.228655,3
296,66000,387130000C,(04)23274275,(04)23288582,2025,6,2,9,13,臺中市,西屯區,0,1,0,6,3,6,40,13,8,1,5,4,6,6,4,4,1,4,1,2,12,3,10,5,4,B03,7,5,1,8,2,2,,47,47,1,13,4,120.617802,24.18137,2
297,66000,387130000C,(04)23274275,(04)23288582,2025,6,2,9,22,臺中市,南屯區,0,0,0,5,,3,80,,,,,,,,,,,,,,13,,,,,B03,,,1,,1,,,7,7,1,13,4,120.619937,24.129075,3
298,66000,387130000C,(04)23274275,(04)23288582,2025,6,2,9,24,臺中市,南區,0,1,0,7,2,6,50,4,2,1,5,4,6,6,1,1,10,5,5,2,17,3,10,3,1,B03,7,5,1,8,2,8,,20,20,1,13,4,120.673898,24.129348,2
299,66000,387130000C,(04)23274275,(04)23288582,2025,6,2,9,25,臺中市,大里區,0,0,0,7,,,50,,,,,,,,,,,,,,13,,,,,B03,,,1,,2,,,7,7,1,13,4,120.680106,24.107839,3
300,66000,387130000C,(04)23274275,(04)23288582,2025,6,2,9,25,臺中市,大里區,0,0,0,7,,,50,,,,,,,,,,,,,,,,,,,B03,,,1,,9,,,42,42,1,13,4,120.689976,24.108882,3
301,66000,387130000C,(04)23274275,(04)23288582,2025,6,2,9,28,臺中市,西屯區,0,0,0,7,,,30,,,,,,,,,,,,,,16,,,,,B12,,,1,,1,,,14,14,1,12,4,120.647525,24.202748,3
302,66000,387130000C,(04)23274275,(04)23288582,2025,6,2,9,28,臺中市,豐原區,0,0,0,7,,,60,,,,,,,,,,,,,,13,,,,,B03,,,1,,2,,,59,59,1,12,4,120.73016,24.244267,3
303,66000,387130000C,(04)23274275,(04)23288582,2025,6,2,9,29,臺中市,西屯區,0,1,0,6,2,6,50,4,1,1,5,4,6,6,1,1,10,5,5,2,13,3,10,1,4,C03,7,6,1,10,2,11,,7,7,1,12,4,120.639512,24.174659,2
304,66000,387130000C,(04)23274275,(04)23288582,2025,6,2,9,34,臺中市,烏日區,0,0,0,7,,,30,,,,,,,,,,,,,,,,,,,A12,,,1,,1,,,7,7,1,6,4,120.646625,24.071028,3
305,66000,387130000C,(04)23274275,(04)23288582,2025,6,2,9,35,臺中市,太平區,0,1,0,7,2,6,50,3,2,1,5,4,3,6,4,4,5,5,5,2,13,3,10,3,1,B01,7,6,1,4,2,5,,84,84,1,12,4,120.721659,24.147916,2
306,66000,387130000C,(04)23274275,(04)23288582,2025,6,2,9,37,臺中市,沙鹿區,0,0,0,7,,,50,,,,,,,,,,,,,,,,,,,B03,,,1,,2,,,49,49,1,13,4,120.564493,24.248946,3
307,66000,387130000C,(04)23274275,(04)23288582,2025,6,2,9,38,臺中市,太平區,0,1,0,6,2,6,50,3,2,1,5,4,6,6,4,4,5,5,5,1,16,2,9,1,1,C03,7,6,1,10,2,12,,12,12,1,6,4,120.719279,24.130865,2
308,66000,387130000C,(04)23274275,(04)23288582,2025,6,2,9,41,臺中市,大安區,0,1,0,7,3,6,50,4,1,1,5,4,6,6,3,1,10,5,5,2,15,3,10,3,1,B12,7,9,1,8,2,2,,24,24,1,6,4,120.605574,24.388329,2
309,66000,387130000C,(04)23274275,(04)23288582,2025,6,2,9,44,臺中市,霧峰區,0,1,0,7,2,6,50,3,1,1,5,4,6,6,4,4,10,5,5,2,17,2,8,2,1,C03,7,5,1,10,9,14,,14,14,1,6,4,120.699882,24.061871,2
310,66000,387130000C,(04)23274275,(04)23288582,2025,6,2,9,44,臺中市,豐原區,0,0,0,7,,,60,,,,,,,,,,,,,,12,,,,,B03,,,1,,2,,,84,84,1,13,4,120.704552,24.237361,3
311,66000,387130000C,(04)23274275,(04)23288582,2025,6,2,9,47,臺中市,南區,0,0,0,7,,,50,,,,,,,,,,,,,,17,,,,,B13,,,1,,2,,,50,50,1,6,4,120.66332,24.121476,3
312,66000,387130000C,(04)23274275,(04)23288582,2025,6,2,9,49,臺中市,東勢區,0,0,0,7,,,50,,,,,,,,,,,,,,,,,,,B03,,,1,,1,,,49,49,1,12,4,120.829282,24.253401,3
313,66000,387130000C,(04)23274275,(04)23288582,2025,6,2,9,50,臺中市,西區,0,2,0,7,3,6,30,4,1,1,5,4,6,6,4,4,10,5,5,2,15,2,9,1,1,C03,7,9,3,19,2,11,,15,15,1,13,4,120.660868,24.149099,2
314,66000,387130000C,(04)23274275,(04)23288582,2025,6,2,9,52,臺中市,后里區,0,0,0,7,,,50,,,,,,,,,,,,,,14,,,,,B03,,,1,,2,,,49,49,1,12,4,120.709001,24.315111,3
315,66000,387130000C,(04)23274275,(04)23288582,2025,6,2,9,58,臺中市,南區,0,0,0,7,,,50,,,,,,,,,,,,,,17,,,,,F03,,,1,,2,,,84,84,1,12,4,120.682657,24.134676,3
316,66000,387130000C,(04)23274275,(04)23288582,2025,6,2,9,59,臺中市,神岡區,0,0,0,6,,,50,,,,,,,,,,,,,,13,,,,,B03,,,1,,1,,,59,59,1,12,4,120.665034,24.27366,3
317,66000,387130000C,(04)23274275,(04)23288582,2025,6,2,10,0,臺中市,南屯區,0,0,0,7,,,50,,,,,,,,,,,,,,,,,,,B03,,,1,,1,,,59,59,1,6,4,120.630473,24.141142,3
318,66000,387130000C,(04)23274275,(04)23288582,2025,6,2,10,5,臺中市,北屯區,0,0,0,7,,,50,,,,,,,,,,,,,,14,,,,,B03,,,1,,2,,,49,49,1,13,4,120.665,24.192017,3
319,66000,387130000C,(04)23274275,(04)23288582,2025,6,2,10,16,臺中市,南屯區,0,0,0,6,,,50,,,,,,,,,,,,,,12,,,,,B03,,,1,,1,,,2,2,1,13,4,120.623706,24.150289,3
320,66000,387130000C,(04)23274275,(04)23288582,2025,6,2,10,17,臺中市,霧峰區,0,0,0,7,,,50,,,,,,,,,,,,,,13,,,,,A04,,,1,,9,,,59,59,1,13,4,120.714405,24.075815,3
321,66000,387130000C,(04)23274275,(04)23288582,2025,6,2,10,18,臺中市,太平區,0,0,0,6,2,6,50,13,9,1,4,4,1,6,4,4,5,5,5,2,29,3,10,3,1,G06,7,2,7,21,2,17,,49,49,1,6,4,120.732187,24.14186,3
322,66000,387130000C,(04)23274275,(04)23288582,2025,6,2,10,20,臺中市,南屯區,0,0,0,7,,,50,,,,,,,,,,,,,,,,,,,B03,,,1,,1,,,7,7,1,12,4,120.613725,24.142655,3
323,66000,387130000C,(04)23274275,(04)23288582,2025,6,2,10,20,臺中市,西屯區,0,0,0,7,,,30,,,,,,,,,,,,,,17,,,,,,,,,,,,,119,119,1,,,120.646952,24.182771,3
324,66000,387130000C,(04)23274275,(04)23288582,2025,6,2,10,25,臺中市,東勢區,0,2,0,7,2,6,50,13,9,1,5,4,6,6,4,4,5,5,5,1,13,2,9,1,4,C03,7,9,1,10,2,11,,84,84,1,12,4,120.79165,24.285407,2
325,66000,387130000C,(04)23274275,(04)23288582,2025,6,2,10,29,臺中市,北區,0,0,0,7,,,50,,,,,,,,,,,,,,17,,,,,B03,,,1,,2,,,58,58,1,13,4,120.688888,24.157472,3
326,66000,387130000C,(04)23274275,(04)23288582,2025,6,2,10,33,臺中市,南屯區,0,1,0,6,3,6,0,13,21,1,5,4,6,6,4,4,10,5,5,2,17,2,9,1,1,C03,7,9,1,10,2,11,,84,84,1,12,4,120.637882,24.118545,2
327,66000,387130000C,(04)23274275,(04)23288582,2025,6,2,10,37,臺中市,西屯區,0,0,0,7,,,30,,,,,,,,,,,,,,14,,,,,B13,,,1,,1,,,49,49,1,13,4,120.639128,24.193849,3
328,66000,387130000C,(04)23274275,(04)23288582,2025,6,2,10,37,臺中市,霧峰區,0,0,0,5,,,70,,,,,,,,,,,,,,20,,,,,B02,,,1,,2,,,84,84,1,6,4,120.672484,24.042527,3
329,66000,387130000C,(04)23274275,(04)23288582,2025,6,2,10,40,臺中市,大甲區,0,0,0,7,,,70,,,,,,,,,,,,,,13,,,,,C03,,,1,,2,,,7,7,1,6,4,120.647801,24.375323,3
330,66000,387130000C,(04)23274275,(04)23288582,2025,6,2,10,41,臺中市,大里區,0,0,0,7,,,50,,,,,,,,,,,,,,,,,,,C03,,,1,,2,,,84,84,1,12,4,120.679562,24.115031,3
331,66000,387130000C,(04)23274275,(04)23288582,2025,6,2,10,42,臺中市,大雅區,0,2,0,5,3,6,40,4,2,1,4,4,6,6,1,1,5,2,4,1,17,2,9,1,1,C03,7,9,1,10,2,11,,7,7,1,12,4,120.644264,24.209856,2
332,66000,387130000C,(04)23274275,(04)23288582,2025,6,2,10,42,臺中市,南區,0,1,0,7,2,6,50,4,1,1,5,4,6,6,1,1,9,4,4,2,25,2,3,3,1,B03,7,9,1,8,2,1,,59,59,1,12,4,120.683974,24.122447,2
333,66000,387130000C,(04)23274275,(04)23288582,2025,6,2,10,43,臺中市,沙鹿區,0,0,0,5,,,60,,,,,,,,,,,,,,13,,,,,A12,,,1,,1,,,56,56,1,6,4,120.575715,24.226834,3
334,66000,387130000C,(04)23274275,(04)23288582,2025,6,2,10,44,臺中市,大里區,0,0,0,7,,,30,,,,,,,,,,,,,,,,,,,B03,,,1,,1,,,8,8,1,13,4,120.704414,24.091794,3
335,66000,387130000C,(04)23274275,(04)23288582,2025,6,2,10,47,臺中市,北屯區,0,0,0,7,,,50,,,,,,,,,,,,,,,,,,,B03,,,1,,2,,,84,84,1,13,4,120.68744,24.195071,3
336,66000,387130000C,(04)23274275,(04)23288582,2025,6,2,10,49,臺中市,北屯區,0,1,0,6,2,6,50,13,8,1,5,4,6,6,4,4,4,3,4,2,12,2,9,2,1,C03,7,9,1,10,2,12,,43,43,1,13,4,120.725532,24.169352,2
337,66000,387130000C,(04)23274275,(04)23288582,2025,6,2,10,49,臺中市,豐原區,0,0,0,7,,,50,,,,,,,,,,,,,,16,,,,,B03,,,1,,2,,,11,11,1,12,4,120.71433,24.251726,3
338,66000,387130000C,(04)23274275,(04)23288582,2025,6,2,10,50,臺中市,清水區,0,0,0,7,,,30,,,,,,,,,,,,,,,,,,,B03,,,1,,1,,,49,49,1,12,4,120.567413,24.278622,3
339,66000,387130000C,(04)23274275,(04)23288582,2025,6,2,10,57,臺中市,龍井區,0,1,0,6,3,6,50,4,1,1,5,4,6,6,4,4,10,5,5,2,15,3,10,3,1,B03,7,9,1,8,2,1,,15,15,1,6,4,120.545843,24.177228,2
340,66000,387130000C,(04)23274275,(04)23288582,2025,6,2,10,59,臺中市,霧峰區,0,1,0,7,2,6,50,4,1,1,5,4,6,6,1,1,10,5,5,2,17,2,9,2,1,C03,7,6,1,10,2,14,,84,84,1,13,4,120.698482,24.061755,2