序號,縣市別代碼,機關代碼,市話,傳真,年,月,日,時,分,縣市,區,死亡數量,受傷數量,2-30,天候,道路照明設備,道路類別,道路速限,道路型態,事故位置,路面鋪裝,路面狀態,路面缺陷,障礙物,視距,號誌種類,號誌動作,分向設施,快車道或一般車道間,快慢車道間,路面邊線,事故類型及型態,受傷程度,主要傷處,保護裝備,行動電話或功能裝置,當事者區分(類別),車輛用途,當事者行動狀態,駕照狀態,駕照種類,飲酒情形,車輛撞擊部位最初,車輛撞擊部位其他,肇事因素個別,肇事因素主要,肇事逃逸,職業,共享經濟或外送平台,GPS座標X,GPS座標Y,事故類別
341,66000,387130000C,(04)23274275,(04)23288582,2025,6,2,11,0,臺中市,豐原區,0,1,0,6,1,6,50,3,2,1,5,4,6,6,4,4,1,4,4,1,17,2,9,1,1,C03,7,1,1,10,2,13,,51,51,1,6,4,120.734225,24.25956,2
342,66000,387130000C,(04)23274275,(04)23288582,2025,6,2,11,1,臺中市,大里區,0,0,0,6,3,6,50,4,2,1,5,4,6,6,1,1,10,4,4,1,16,,,,,B12,,,1,,2,,,47,47,1,12,4,120.66458,24.086255,3
343,66000,387130000C,(04)23274275,(04)23288582,2025,6,2,11,4,臺中市,北區,0,0,0,7,,,50,,,,,,,,,,,,,,,,,,,B03,,,1,,1,,,49,49,1,12,4,120.692532,24.15228,3
344,66000,387130000C,(04)23274275,(04)23288582,2025,6,2,11,4,臺中市,西屯區,0,0,0,7,,,30,,,,,,,,,,,,,,12,,,,,B03,,,1,,1,,,51,51,1,12,4,120.619563,24.183813,3
345,66000,387130000C,(04)23274275,(04)23288582,2025,6,2,11,5,臺中市,外埔區,0,0,0,5,2,6,50,3,1,1,4,4,6,6,4,4,10,5,5,2,12,3,10,3,1,B12,7,6,1,8,2,4,,14,14,1,12,4,120.635287,24.327434,3
346,66000,387130000C,(04)23274275,(04)23288582,2025,6,2,11,11,臺中市,太平區,0,1,0,6,2,6,50,13,7,1,4,4,1,6,4,4,5,5,4,1,13,2,7,2,1,C03,7,9,1,10,2,14,,7,7,1,12,4,120.722663,24.132033,2
347,66000,387130000C,(04)23274275,(04)23288582,2025,6,2,11,21,臺中市,潭子區,0,0,0,5,,,0,,,,,,,,,,,,,,17,,,,,C03,,,1,,2,,,84,84,1,12,4,120.708925,24.231357,3
348,66000,387130000C,(04)23274275,(04)23288582,2025,6,2,11,21,臺中市,北區,0,2,0,7,2,6,50,13,9,1,5,4,6,6,4,4,1,3,5,2,12,2,9,1,1,C03,7,9,1,10,2,11,,7,7,1,13,4,120.691854,24.161037,2
349,66000,387130000C,(04)23274275,(04)23288582,2025,6,2,11,21,臺中市,南區,0,0,0,7,,,50,,,,,,,,,,,,,,17,,,,,B03,,,1,,2,,,84,84,1,4,4,120.655754,24.134493,3
350,66000,387130000C,(04)23274275,(04)23288582,2025,6,2,11,23,臺中市,太平區,0,1,0,7,3,6,50,4,7,1,5,4,6,6,4,4,5,5,4,1,18,2,9,1,1,C03,7,9,1,10,2,12,,6,6,1,12,4,120.733694,24.119144,2
351,66000,387130000C,(04)23274275,(04)23288582,2025,6,2,11,28,臺中市,豐原區,0,0,0,5,,,50,,,,,,,,,,,,,,13,,,,,B12,,,1,,2,,,7,7,1,12,4,120.714797,24.245677,3
352,66000,387130000C,(04)23274275,(04)23288582,2025,6,2,11,34,臺中市,西屯區,0,0,0,5,2,6,50,13,9,1,4,4,6,6,4,4,5,4,5,2,13,,,,,B03,,,1,8,2,,,7,7,1,12,4,120.63817,24.180782,3
353,66000,387130000C,(04)23274275,(04)23288582,2025,6,2,11,37,臺中市,大雅區,0,0,0,7,,,40,,,,,,,,,,,,,,,,,,,B02,,,1,,2,,,49,49,1,13,4,120.63042,24.228039,3
354,66000,387130000C,(04)23274275,(04)23288582,2025,6,2,11,40,臺中市,西屯區,0,0,0,7,,,50,,,,,,,,,,,,,,17,,,,,B12,,,1,,2,,,58,58,1,12,4,120.646454,24.164454,3
355,66000,387130000C,(04)23274275,(04)23288582,2025,6,2,11,40,臺中市,烏日區,0,1,0,7,2,6,50,4,1,1,5,4,6,6,2,1,5,5,5,1,17,3,10,3,1,B03,7,5,1,8,2,16,,14,14,1,6,4,120.64545,24.057853,2
356,66000,387130000C,(04)23274275,(04)23288582,2025,6,2,11,42,臺中市,西區,0,2,0,7,2,6,50,4,9,1,5,4,6,6,1,1,5,5,5,2,12,2,9,1,1,C03,7,6,1,10,2,12,,39,39,1,6,4,120.655124,24.144954,2
357,66000,387130000C,(04)23274275,(04)23288582,2025,6,2,11,42,臺中市,南屯區,0,1,0,7,2,6,50,4,2,1,5,4,6,6,4,4,10,4,5,2,17,3,10,3,1,B12,7,9,1,8,2,4,,12,12,1,12,4,120.647775,24.1426,2
358,66000,387130000C,(04)23274275,(04)23288582,2025,6,2,11,42,臺中市,西屯區,0,0,0,5,,,50,,,,,,,,,,,,,,12,,,,,B12,,,1,,1,,,51,51,1,12,4,120.616453,24.181252,3
359,66000,387130000C,(04)23274275,(04)23288582,2025,6,2,11,48,臺中市,大雅區,0,0,0,5,,,0,,,,,,,,,,,,,,,,,,,B02,,,1,,2,,,85,85,1,12,4,120.636851,24.216435,3
360,66000,387130000C,(04)23274275,(04)23288582,2025,6,2,11,50,臺中市,南屯區,0,2,0,5,1,6,50,4,1,1,4,4,6,6,2,1,10,5,5,2,17,2,9,1,1,C03,7,15,1,10,2,12,,84,84,1,6,4,120.62267,24.140394,2
361,66000,387130000C,(04)23274275,(04)23288582,2025,6,2,11,53,臺中市,西屯區,0,1,0,5,3,6,40,13,8,1,4,4,6,6,4,4,1,4,1,2,18,2,9,5,4,C03,7,9,1,10,2,16,,84,84,1,13,4,120.652336,24.160711,2
362,66000,387130000C,(04)23274275,(04)23288582,2025,6,2,11,55,臺中市,西屯區,0,0,0,7,,,30,,,,,,,,,,,,,,14,,,,,B12,,,1,,1,,,49,49,1,12,4,120.660141,24.195802,3
363,66000,387130000C,(04)23274275,(04)23288582,2025,6,2,11,57,臺中市,烏日區,0,0,0,5,,,50,,,,,,,,,,,,,,,,,,,B12,,,1,,1,,,49,49,1,6,4,120.60718,24.108916,3
364,66000,387130000C,(04)23274275,(04)23288582,2025,6,2,12,0,臺中市,西屯區,0,0,0,5,,,50,,,,,,,,,,,,,,13,,,,,B03,,,1,,1,,,59,59,1,12,4,120.616891,24.188607,3
365,66000,387130000C,(04)23274275,(04)23288582,2025,6,2,12,0,臺中市,大里區,0,1,0,7,3,6,50,13,9,1,5,4,6,6,4,4,9,4,5,1,12,2,9,5,4,C03,7,9,1,10,2,11,,84,84,1,13,4,120.695519,24.10326,2
366,66000,387130000C,(04)23274275,(04)23288582,2025,6,2,12,2,臺中市,神岡區,0,1,0,7,2,6,50,13,9,1,5,4,6,6,4,4,4,4,5,1,17,3,10,5,4,B12,7,15,1,8,2,8,,39,39,1,13,4,120.681832,24.247311,2
367,66000,387130000C,(04)23274275,(04)23288582,2025,6,2,12,4,臺中市,太平區,0,0,0,7,,,30,,,,,,,,,,,,,,17,,,,,B03,,,1,,9,,,84,84,1,12,4,120.723608,24.140722,3
368,66000,387130000C,(04)23274275,(04)23288582,2025,6,2,12,5,臺中市,西區,0,1,0,5,3,6,50,4,1,1,4,4,6,6,4,4,10,5,5,2,15,2,9,1,1,C03,7,9,1,10,2,11,,15,15,1,12,4,120.664202,24.129809,2
369,66000,387130000C,(04)23274275,(04)23288582,2025,6,2,12,6,臺中市,豐原區,0,1,0,6,2,6,50,5,1,1,5,4,6,6,2,1,5,4,5,2,17,3,10,5,4,B03,7,5,1,8,2,2,,84,84,1,12,4,120.717982,24.25182,2
370,66000,387130000C,(04)23274275,(04)23288582,2025,6,2,12,8,臺中市,西屯區,0,0,0,5,,,50,,,,,,,,,,,,,,14,,,,,C03,,,7,,1,,,59,59,1,12,4,120.646555,24.173108,3
371,66000,387130000C,(04)23274275,(04)23288582,2025,6,2,12,15,臺中市,北屯區,0,1,0,5,2,6,50,4,1,1,4,4,6,6,2,1,10,5,5,2,16,3,10,3,1,B01,7,6,1,4,2,1,,11,11,1,6,4,120.668638,24.192734,2
372,66000,387130000C,(04)23274275,(04)23288582,2025,6,2,12,18,臺中市,大里區,0,1,0,5,2,6,40,13,8,1,4,4,6,6,4,4,5,5,4,1,17,2,9,4,1,F01,7,9,7,21,2,14,,84,84,1,12,1,120.689021,24.110011,2
373,66000,387130000C,(04)23274275,(04)23288582,2025,6,2,12,19,臺中市,西屯區,0,1,0,5,2,6,50,3,9,1,4,4,6,6,1,1,1,4,5,2,17,3,10,5,4,B03,7,5,1,8,2,16,,11,11,1,12,4,120.646692,24.155593,2
374,66000,387130000C,(04)23274275,(04)23288582,2025,6,2,12,23,臺中市,大里區,0,0,0,6,3,6,50,13,9,1,4,4,6,6,4,4,5,4,5,1,13,,,,,B03,,,1,,2,,,59,59,1,12,4,120.690104,24.109616,3
375,66000,387130000C,(04)23274275,(04)23288582,2025,6,2,12,24,臺中市,烏日區,0,0,0,6,2,6,50,13,14,1,4,4,6,6,4,4,5,4,5,1,30,3,10,3,1,B12,7,15,1,8,2,2,,40,40,1,6,4,120.642811,24.073007,3
376,66000,387130000C,(04)23274275,(04)23288582,2025,6,2,12,25,臺中市,北屯區,0,1,0,7,1,6,50,4,2,1,5,4,6,6,4,4,5,5,4,2,7,3,10,3,1,B03,7,9,1,8,9,5,,84,84,1,13,4,120.722518,24.175556,2
377,66000,387130000C,(04)23274275,(04)23288582,2025,6,2,12,26,臺中市,北屯區,0,1,0,5,2,6,50,4,1,1,4,4,6,6,2,1,10,5,5,2,12,3,10,3,1,B13,7,5,1,8,2,2,,47,47,1,6,4,120.704783,24.16949,2
378,66000,387130000C,(04)23274275,(04)23288582,2025,6,2,12,30,臺中市,南區,0,1,0,5,2,6,50,3,1,1,4,4,6,6,3,1,5,5,5,2,17,2,9,2,1,C03,7,6,1,10,2,11,,12,12,1,13,4,120.647079,24.121597,2
379,66000,387130000C,(04)23274275,(04)23288582,2025,6,2,12,31,臺中市,南區,0,1,0,5,3,6,50,4,1,1,3,4,6,6,3,1,10,5,5,2,15,2,9,2,1,C03,7,9,1,10,2,12,,20,20,1,6,4,120.644095,24.119283,2
380,66000,387130000C,(04)23274275,(04)23288582,2025,6,2,12,31,臺中市,太平區,0,1,0,7,2,6,50,3,9,1,5,4,6,6,4,4,5,4,5,1,9,3,10,3,1,A02,7,14,1,2,2,16,,87,87,1,12,4,120.715027,24.126691,2
381,66000,387130000C,(04)23274275,(04)23288582,2025,6,2,12,33,臺中市,龍井區,0,2,0,6,3,6,30,4,9,1,5,4,6,6,4,4,10,5,5,2,15,3,10,3,1,B13,7,9,1,5,2,6,,15,15,1,6,4,120.522462,24.1868,2
382,66000,387130000C,(04)23274275,(04)23288582,2025,6,2,12,42,臺中市,南屯區,0,1,0,5,3,6,50,13,7,1,4,4,6,6,1,1,5,5,4,2,18,2,9,1,1,C03,7,9,1,10,2,14,,59,59,1,12,4,120.610475,24.137048,2
383,66000,387130000C,(04)23274275,(04)23288582,2025,6,2,12,44,臺中市,太平區,0,2,0,7,3,6,50,4,9,1,5,4,6,6,1,1,5,5,5,1,16,2,9,1,1,C03,7,11,1,10,2,11,,39,39,1,12,4,120.724869,24.122838,2
384,66000,387130000C,(04)23274275,(04)23288582,2025,6,2,12,50,臺中市,豐原區,0,1,0,5,2,6,50,3,1,1,4,4,6,6,1,1,10,5,5,2,16,3,10,3,1,B03,7,6,1,8,2,2,,11,11,1,13,4,120.700868,24.249244,2
385,66000,387130000C,(04)23274275,(04)23288582,2025,6,2,12,54,臺中市,南區,0,1,0,7,3,6,50,4,1,1,4,4,6,6,1,1,10,5,5,2,16,2,9,2,1,C03,7,9,1,10,2,15,,85,85,1,12,4,120.65547,24.120416,2
386,66000,387130000C,(04)23274275,(04)23288582,2025,6,2,12,55,臺中市,大雅區,0,1,0,5,2,6,50,3,2,1,4,4,6,6,4,4,5,5,5,2,16,3,10,3,1,B03,7,1,1,8,2,7,,51,51,1,13,4,120.651367,24.223588,2
387,66000,387130000C,(04)23274275,(04)23288582,2025,6,2,12,57,臺中市,豐原區,0,2,0,5,2,6,30,3,1,1,4,4,6,1,4,4,10,5,5,2,15,3,10,5,4,B03,7,1,1,8,2,1,,51,51,1,13,4,120.738692,24.248805,2
388,66000,387130000C,(04)23274275,(04)23288582,2025,6,2,13,5,臺中市,北屯區,0,1,0,5,2,6,50,4,1,1,4,4,6,6,1,1,10,5,5,2,15,3,10,3,1,B03,7,9,1,8,2,8,,21,21,1,13,4,120.695733,24.185357,2
389,66000,387130000C,(04)23274275,(04)23288582,2025,6,2,13,6,臺中市,清水區,0,1,0,6,2,6,50,3,1,1,5,4,6,6,4,4,1,2,5,1,16,2,9,2,1,C03,7,6,5,19,2,14,,48,48,1,13,4,120.570349,24.276191,2
390,66000,387130000C,(04)23274275,(04)23288582,2025,6,2,13,7,臺中市,東區,0,0,0,7,,,50,,,,,,,,,,,,,,13,,,,,B12,,,1,,1,,,59,59,1,6,4,120.707988,24.149067,3
391,66000,387130000C,(04)23274275,(04)23288582,2025,6,2,13,7,臺中市,東區,0,0,0,7,,,50,,,,,,,,,,,,,,17,,,,,B03,,,1,,1,,,49,49,1,12,4,120.69273,24.151788,3
392,66000,387130000C,(04)23274275,(04)23288582,2025,6,2,13,7,臺中市,大里區,0,0,0,7,,,50,,,,,,,,,,,,,,,,,,,B03,,,1,,1,,,8,8,1,12,4,120.680455,24.109436,3
393,66000,387130000C,(04)23274275,(04)23288582,2025,6,2,13,12,臺中市,南屯區,0,1,0,5,3,6,50,4,2,1,4,4,6,6,1,1,10,5,5,2,12,3,10,3,1,B03,7,5,1,8,2,2,,11,11,1,12,4,120.62843,24.144916,2
394,66000,387130000C,(04)23274275,(04)23288582,2025,6,2,13,12,臺中市,豐原區,0,1,0,5,2,6,50,13,9,1,4,4,6,6,3,1,5,5,5,2,18,2,9,1,1,C03,7,9,1,10,2,14,,84,84,1,6,4,120.702087,24.244156,2
395,66000,387130000C,(04)23274275,(04)23288582,2025,6,2,13,14,臺中市,北區,0,0,0,7,,,30,,,,,,,,,,,,,,,,,,,B03,,,1,,1,,,84,84,1,12,4,120.687201,24.164502,3
396,66000,387130000C,(04)23274275,(04)23288582,2025,6,2,13,16,臺中市,西屯區,0,1,0,5,2,6,50,3,2,1,4,4,6,6,4,4,10,4,5,2,12,3,10,3,1,B12,7,7,1,8,9,2,,8,8,1,12,4,120.615409,24.186086,2
397,66000,387130000C,(04)23274275,(04)23288582,2025,6,2,13,17,臺中市,東區,0,1,0,6,2,6,50,4,1,1,4,4,6,6,1,1,5,5,5,2,16,3,10,3,1,B11,7,6,1,8,2,1,,11,11,1,13,4,120.699655,24.144697,2
398,66000,387130000C,(04)23274275,(04)23288582,2025,6,2,13,18,臺中市,烏日區,0,2,0,5,3,6,50,4,1,1,4,4,6,6,2,1,1,4,4,2,18,2,9,1,1,C03,7,5,1,10,2,12,,84,84,1,5,4,120.614258,24.106699,2
399,66000,387130000C,(04)23274275,(04)23288582,2025,6,2,13,19,臺中市,西屯區,0,0,0,7,,,40,,,,,,,,,,,,,,17,,,,,A11,,,1,,1,,,40,40,1,12,4,120.588036,24.185494,3
400,66000,387130000C,(04)23274275,(04)23288582,2025,6,2,13,27,臺中市,西屯區,0,1,0,7,2,6,50,13,9,1,4,4,6,6,1,1,5,4,5,2,18,2,9,2,1,C03,7,9,1,10,2,14,,84,84,1,12,4,120.660859,24.164253,2
401,66000,387130000C,(04)23274275,(04)23288582,2025,6,2,13,30,臺中市,南屯區,0,0,0,7,,,50,,,,,,,,,,,,,,,,,,,A12,,,1,,2,,,51,51,1,12,4,120.636217,24.148684,3
402,66000,387130000C,(04)23274275,(04)23288582,2025,6,2,13,31,臺中市,中區,0,0,0,6,,,50,,,,,,,,,,,,,,,,,,,C03,,,1,10,2,,,7,7,1,13,4,120.685721,24.143193,3
403,66000,387130000C,(04)23274275,(04)23288582,2025,6,2,13,31,臺中市,石岡區,0,1,0,5,3,6,70,5,2,1,4,4,6,6,1,1,10,5,5,1,16,3,10,5,4,B03,7,6,1,8,2,6,,11,11,1,12,4,120.776879,24.274349,2
404,66000,387130000C,(04)23274275,(04)23288582,2025,6,2,13,44,臺中市,東區,0,1,0,6,3,6,50,13,9,1,4,4,6,6,4,4,9,5,5,2,17,3,10,3,1,B03,7,1,1,8,2,4,,51,51,1,12,4,120.686542,24.132613,2
405,66000,387130000C,(04)23274275,(04)23288582,2025,6,2,13,51,臺中市,神岡區,0,1,0,6,3,6,40,13,8,1,4,4,6,6,4,4,3,4,4,1,18,2,9,1,1,C03,7,9,1,10,2,16,,84,84,1,13,4,120.697553,24.234358,2
406,66000,387130000C,(04)23274275,(04)23288582,2025,6,2,13,54,臺中市,霧峰區,0,0,0,7,,,50,,,,,,,,,,,,,,,,,,,C03,,,1,,2,,,26,26,1,13,4,120.71631,24.072984,3
407,66000,387130000C,(04)23274275,(04)23288582,2025,6,2,13,57,臺中市,南屯區,0,0,0,5,,,50,,,,,,,,,,,,,,13,,,,,B03,,,1,,1,,,7,7,1,13,4,120.612722,24.13853,3
408,66000,387130000C,(04)23274275,(04)23288582,2025,6,2,13,57,臺中市,西屯區,0,0,0,5,,,30,,,,,,,,,,,,,,13,,,,,B03,,,1,,1,,,59,59,1,12,4,120.60295,24.186214,3
409,66000,387130000C,(04)23274275,(04)23288582,2025,6,2,13,59,臺中市,北區,0,0,0,6,,,50,,,,,,,,,,,,,,17,,,,,B03,,,1,,2,,,40,40,1,13,4,120.676084,24.163404,3
410,66000,387130000C,(04)23274275,(04)23288582,2025,6,2,14,2,臺中市,北區,0,1,0,7,2,6,50,5,1,1,5,4,6,6,2,1,10,5,5,2,17,3,10,3,1,B03,7,9,1,8,2,8,,84,84,1,13,4,120.688894,24.152943,2
411,66000,387130000C,(04)23274275,(04)23288582,2025,6,2,14,2,臺中市,大里區,0,0,0,6,3,6,50,4,2,1,5,4,6,6,1,1,5,4,5,2,18,,,,,C03,,,1,,2,,,85,85,1,12,4,120.68888,24.104797,3
412,66000,387130000C,(04)23274275,(04)23288582,2025,6,2,14,2,臺中市,烏日區,0,1,0,5,1,6,30,13,9,1,4,4,6,1,4,4,10,5,5,2,18,2,9,1,1,C03,7,9,1,10,2,14,,84,84,1,6,4,120.6062,24.119267,2
413,66000,387130000C,(04)23274275,(04)23288582,2025,6,2,14,4,臺中市,龍井區,0,1,0,5,2,6,50,13,9,1,4,4,6,6,4,4,5,4,5,2,14,2,9,2,1,C03,7,9,1,10,2,16,,59,59,1,6,4,120.574078,24.195609,2
414,66000,387130000C,(04)23274275,(04)23288582,2025,6,2,14,7,臺中市,龍井區,0,1,0,5,2,6,30,13,9,1,4,4,6,6,4,4,10,5,5,2,17,2,9,2,1,C03,7,9,1,10,2,11,,59,59,1,6,2,120.586506,24.177363,2
415,66000,387130000C,(04)23274275,(04)23288582,2025,6,2,14,12,臺中市,南屯區,0,1,0,6,2,6,50,4,1,1,5,4,6,6,3,1,10,5,5,2,18,2,9,2,4,C03,7,9,1,10,2,12,,84,84,1,13,4,120.6446,24.139541,2
416,66000,387130000C,(04)23274275,(04)23288582,2025,6,2,14,17,臺中市,太平區,0,1,0,6,2,6,30,11,14,1,5,4,6,6,4,4,5,5,5,1,17,2,9,1,1,C03,7,9,1,10,2,12,,59,59,1,6,4,120.731637,24.139768,2
417,66000,387130000C,(04)23274275,(04)23288582,2025,6,2,14,19,臺中市,大甲區,0,1,0,5,2,6,50,3,1,1,4,4,6,6,4,4,9,5,5,1,16,3,10,1,1,C03,7,6,1,10,2,11,,12,12,1,12,4,120.627639,24.349313,2
418,66000,387130000C,(04)23274275,(04)23288582,2025,6,2,14,27,臺中市,北區,0,0,0,7,,,50,,,,,,,,,,,,,,13,,,,,B03,,,1,,1,,,7,7,1,13,4,120.682356,24.153633,3
419,66000,387130000C,(04)23274275,(04)23288582,2025,6,2,14,34,臺中市,太平區,0,2,0,7,2,6,50,13,9,1,5,4,6,6,4,4,9,5,5,2,16,2,9,2,1,C03,7,1,1,10,2,11,,51,51,1,12,4,120.72244,24.121832,2
420,66000,387130000C,(04)23274275,(04)23288582,2025,6,2,14,35,臺中市,潭子區,0,0,0,7,,,40,,,,,,,,,,,,,,30,,,,,B03,,,1,,2,,,58,58,1,12,4,120.70256,24.201098,3
421,66000,387130000C,(04)23274275,(04)23288582,2025,6,2,14,36,臺中市,南屯區,0,0,0,7,,,50,,,,,,,,,,,,,,15,,,,,B12,,,1,,1,,,51,51,1,12,4,120.646665,24.152344,3
422,66000,387130000C,(04)23274275,(04)23288582,2025,6,2,14,36,臺中市,烏日區,0,0,0,7,2,6,30,3,1,1,5,4,6,1,4,4,10,5,5,1,15,3,10,3,1,B12,7,6,1,8,1,5,,14,14,1,6,4,120.641119,24.098158,3
423,66000,387130000C,(04)23274275,(04)23288582,2025,6,2,14,37,臺中市,神岡區,0,0,0,7,,,50,,,,,,,,,,,,,,13,,,,,B12,,,1,,1,,,59,59,1,13,4,120.686999,24.241258,3
424,66000,387130000C,(04)23274275,(04)23288582,2025,6,2,14,39,臺中市,太平區,0,0,0,7,,,30,,,,,,,,,,,,,,,,,,,B03,,,1,,2,,,49,49,1,12,4,120.720702,24.147405,3
425,66000,387130000C,(04)23274275,(04)23288582,2025,6,2,14,41,臺中市,大甲區,0,2,0,5,2,6,50,13,9,1,4,4,6,6,4,4,9,5,4,2,2,2,9,2,1,C03,7,9,1,10,2,11,,7,7,1,6,4,120.625215,24.341604,2
426,66000,387130000C,(04)23274275,(04)23288582,2025,6,2,14,42,臺中市,西屯區,0,0,0,6,,,50,,,,,,,,,,,,,,13,,,,,B02,,,1,,1,,,59,59,1,12,4,120.642513,24.18228,3
427,66000,387130000C,(04)23274275,(04)23288582,2025,6,2,14,44,臺中市,北屯區,0,0,0,7,,,50,,,,,,,,,,,,,,,,,,,B03,,,1,,1,,,84,84,1,6,4,120.694059,24.166175,3
428,66000,387130000C,(04)23274275,(04)23288582,2025,6,2,14,49,臺中市,西屯區,0,1,0,5,2,6,50,3,1,1,4,4,6,6,4,4,10,5,5,2,16,3,10,5,4,B03,7,5,1,8,2,5,,14,14,1,12,4,120.605687,24.187239,2
429,66000,387130000C,(04)23274275,(04)23288582,2025,6,2,14,53,臺中市,大里區,0,1,0,7,2,6,40,3,2,1,5,4,6,6,1,1,10,5,5,1,16,3,10,3,1,B12,7,5,1,8,2,5,,47,47,1,12,4,120.676231,24.085865,2
430,66000,387130000C,(04)23274275,(04)23288582,2025,6,2,14,57,臺中市,龍井區,0,2,0,5,2,6,40,13,8,1,4,4,6,6,4,4,3,4,3,1,13,2,9,2,1,C03,7,9,1,10,2,11,,7,7,1,5,4,120.585974,24.185716,2
431,66000,387130000C,(04)23274275,(04)23288582,2025,6,2,14,58,臺中市,北屯區,0,1,0,7,2,6,50,4,4,1,5,4,6,6,2,1,10,4,5,2,13,3,10,3,1,B03,7,9,1,8,2,1,,84,84,1,6,4,120.680031,24.188909,2
432,66000,387130000C,(04)23274275,(04)23288582,2025,6,2,14,58,臺中市,大甲區,0,1,0,7,1,6,50,3,2,1,5,4,6,6,3,1,5,5,5,1,12,2,9,1,1,C03,7,9,1,10,2,12,,24,24,1,12,4,120.624503,24.347934,2
433,66000,387130000C,(04)23274275,(04)23288582,2025,6,2,14,59,臺中市,太平區,0,0,0,7,,,50,,,,,,,,,,,,,,,,,,,C03,,,1,,9,,,21,21,1,12,4,120.733432,24.118374,3
434,66000,387130000C,(04)23274275,(04)23288582,2025,6,2,15,0,臺中市,南屯區,0,1,0,5,3,6,50,13,9,1,4,4,6,6,1,1,5,5,5,2,12,3,10,3,1,B03,7,5,1,8,2,2,,20,20,1,12,4,120.65458,24.14012,2
435,66000,387130000C,(04)23274275,(04)23288582,2025,6,2,15,9,臺中市,豐原區,0,0,0,7,,,30,,,,,,,,,,,,,,14,,,,,B12,,,1,,2,,,49,49,1,13,4,120.718738,24.278439,3
436,66000,387130000C,(04)23274275,(04)23288582,2025,6,2,15,10,臺中市,西屯區,0,0,0,7,,,50,,,,,,,,,,,,,,12,,,,,B12,,,1,,2,,,84,84,1,12,4,120.647847,24.196114,3
437,66000,387130000C,(04)23274275,(04)23288582,2025,6,2,15,10,臺中市,烏日區,0,0,0,7,,,50,,,,,,,,,,,,,,9,,,,,B12,,,1,,1,,,87,87,1,6,4,120.595854,24.111269,4
438,66000,387130000C,(04)23274275,(04)23288582,2025,6,2,15,10,臺中市,沙鹿區,0,0,0,7,2,6,60,4,7,,4,4,6,6,1,1,1,3,1,2,12,,,,,B03,,,1,,1,,,40,40,1,12,4,120.562399,24.240498,3
439,66000,387130000C,(04)23274275,(04)23288582,2025,6,2,15,11,臺中市,大里區,0,0,0,7,,,50,,,,,,,,,,,,,,17,,,,,B12,,,1,,2,,,56,56,1,13,4,120.701253,24.088711,3
440,66000,387130000C,(04)23274275,(04)23288582,2025,6,2,15,15,臺中市,南屯區,0,2,0,6,2,6,50,13,9,1,5,4,6,6,4,4,5,5,5,2,17,3,10,3,1,B03,7,15,1,8,2,2,,76,76,1,13,4,120.647088,24.142631,2
441,66000,387130000C,(04)23274275,(04)23288582,2025,6,2,15,17,臺中市,西屯區,0,0,0,6,,,40,,,,,,,,,,,,,,13,,,,,C03,,,1,,2,,,59,59,1,12,4,120.623935,24.178475,3
442,66000,387130000C,(04)23274275,(04)23288582,2025,6,2,15,20,臺中市,太平區,0,0,0,7,,,50,,,,,,,,,,,,,,13,,,,,B03,,,1,,1,,,51,51,1,12,4,120.716546,24.132772,3
443,66000,387130000C,(04)23274275,(04)23288582,2025,6,2,15,21,臺中市,北屯區,0,0,0,7,,,40,,,,,,,,,,,,,,13,,,,,B03,,,1,8,1,,,7,7,1,6,4,120.720639,24.167019,3
444,66000,387130000C,(04)23274275,(04)23288582,2025,6,2,15,21,臺中市,東勢區,0,0,0,7,,,50,,,,,,,,,,,,,,,,,,,B12,,,1,,9,,,49,49,1,12,4,120.82916,24.255164,3
445,66000,387130000C,(04)23274275,(04)23288582,2025,6,2,15,23,臺中市,南區,0,0,0,7,,,30,,,,,,,,,,,,,,30,,,,,A11,,,1,,9,,,84,84,1,12,4,120.667192,24.118123,3
446,66000,387130000C,(04)23274275,(04)23288582,2025,6,2,15,30,臺中市,南屯區,0,0,0,7,,,50,,,,,,,,,,,,,,,,,,,B12,,,1,,1,,,76,76,1,12,4,120.625773,24.14042,3
447,66000,387130000C,(04)23274275,(04)23288582,2025,6,2,15,32,臺中市,豐原區,0,0,0,7,,,50,,,,,,,,,,,,,,17,,,,,B03,,,1,,2,,,59,59,1,12,4,120.731668,24.255265,3
448,66000,387130000C,(04)23274275,(04)23288582,2025,6,2,15,35,臺中市,烏日區,0,0,0,7,2,6,50,13,8,1,5,4,6,6,1,1,5,4,4,1,13,3,10,1,1,C03,7,9,1,10,2,13,,7,7,1,6,4,120.623328,24.106314,3
449,66000,387130000C,(04)23274275,(04)23288582,2025,6,2,15,35,臺中市,沙鹿區,0,0,0,7,,,50,,,,,,,,,,,,,,,,,,,B03,,,1,,1,,,87,87,1,13,4,120.561129,24.24506,3
450,66000,387130000C,(04)23274275,(04)23288582,2025,6,2,15,35,臺中市,豐原區,0,0,0,7,,,50,,,,,,,,,,,,,,21,,,,,A32,,,1,,2,,,93,93,1,6,4,120.751162,24.270536,3
451,66000,387130000C,(04)23274275,(04)23288582,2025,6,2,15,39,臺中市,西屯區,0,1,0,7,2,6,50,4,1,1,5,4,6,6,1,1,10,5,5,2,15,3,10,5,4,B03,7,9,1,8,2,5,,21,21,1,12,4,120.652407,24.159681,2
452,66000,387130000C,(04)23274275,(04)23288582,2025,6,2,15,39,臺中市,西屯區,0,2,0,6,2,6,50,13,9,1,4,4,6,6,4,4,5,5,5,2,17,2,9,2,4,C03,7,1,5,19,2,14,,51,51,1,13,4,120.63604,24.176266,2