序號,縣市別代碼,機關代碼,市話,傳真,年,月,日,時,分,縣市,區,死亡數量,受傷數量,2-30,天候,道路照明設備,道路類別,道路速限,道路型態,事故位置,路面鋪裝,路面狀態,路面缺陷,障礙物,視距,號誌種類,號誌動作,分向設施,快車道或一般車道間,快慢車道間,路面邊線,事故類型及型態,受傷程度,主要傷處,保護裝備,行動電話或功能裝置,當事者區分(類別),車輛用途,當事者行動狀態,駕照狀態,駕照種類,飲酒情形,車輛撞擊部位最初,車輛撞擊部位其他,肇事因素個別,肇事因素主要,肇事逃逸,職業,共享經濟或外送平台,GPS座標X,GPS座標Y,事故類別
681,66000,387130000C,(04)23274275,(04)23288582,2025,6,3,8,21,臺中市,太平區,0,2,0,5,3,6,30,3,1,1,4,4,6,6,4,4,10,5,5,2,16,2,8,2,1,C03,7,6,1,10,2,14,,12,12,1,12,4,120.727593,24.152161,2
682,66000,387130000C,(04)23274275,(04)23288582,2025,6,3,8,24,臺中市,北屯區,0,1,0,5,2,6,50,4,1,1,4,4,6,6,1,1,5,5,4,2,18,2,9,2,1,C03,7,6,1,10,2,14,,82,82,1,12,4,120.665852,24.190764,2
683,66000,387130000C,(04)23274275,(04)23288582,2025,6,3,8,25,臺中市,潭子區,0,1,0,5,3,6,30,3,1,1,4,4,6,6,4,4,10,5,5,2,17,3,10,3,1,B03,7,5,1,8,2,3,,12,12,1,13,4,120.70261,24.196198,2
684,66000,387130000C,(04)23274275,(04)23288582,2025,6,3,8,27,臺中市,神岡區,0,0,0,7,,,50,,,,,,,,,,,,,,12,,,,,B02,,,1,,2,,,40,40,1,13,4,120.698623,24.248885,3
685,66000,387130000C,(04)23274275,(04)23288582,2025,6,3,8,30,臺中市,大雅區,0,0,0,5,,,70,,,,,,,,,,,,,,,,,,,C03,,,1,,1,,,7,7,1,13,4,120.641015,24.230935,3
686,66000,387130000C,(04)23274275,(04)23288582,2025,6,3,8,30,臺中市,北屯區,0,0,0,5,,,50,,,,,,,,,,,,,,14,,,,,B03,,,1,,1,,,49,49,1,13,4,120.692752,24.170492,3
687,66000,387130000C,(04)23274275,(04)23288582,2025,6,3,8,32,臺中市,大里區,0,1,0,6,2,6,40,4,1,1,5,4,6,6,1,1,10,5,5,2,18,2,8,1,1,C03,7,5,1,10,2,12,,8,8,1,6,4,120.695781,24.096599,2
688,66000,387130000C,(04)23274275,(04)23288582,2025,6,3,8,34,臺中市,北區,0,1,0,7,2,6,50,4,2,1,5,4,6,6,2,1,10,5,5,2,12,2,9,1,1,C03,7,6,1,10,2,11,,36,36,1,13,4,120.682407,24.163236,2
689,66000,387130000C,(04)23274275,(04)23288582,2025,6,3,8,34,臺中市,北屯區,0,0,0,5,,,50,,,,,,,,,,,,,,13,,,,,B03,,,1,,1,,,7,7,1,13,4,120.695482,24.165253,3
690,66000,387130000C,(04)23274275,(04)23288582,2025,6,3,8,34,臺中市,西屯區,0,1,0,5,2,6,50,3,1,1,4,4,6,6,1,1,10,5,5,2,18,2,7,2,4,C03,7,5,1,10,2,12,,43,43,1,12,4,120.645191,24.162759,2
691,66000,387130000C,(04)23274275,(04)23288582,2025,6,3,8,35,臺中市,北區,0,1,0,5,2,6,50,4,1,1,4,4,6,6,1,1,1,4,4,2,16,3,10,3,1,B03,7,6,1,8,2,6,,11,11,1,12,4,120.663029,24.161549,2
692,66000,387130000C,(04)23274275,(04)23288582,2025,6,3,8,37,臺中市,太平區,0,2,0,6,3,6,50,3,2,1,4,4,6,6,3,1,5,5,5,1,17,2,9,2,1,C03,7,9,1,10,1,14,,41,41,1,12,4,120.734172,24.143938,2
693,66000,387130000C,(04)23274275,(04)23288582,2025,6,3,8,39,臺中市,中區,0,1,0,5,2,6,50,4,1,1,4,4,6,6,2,1,5,4,5,2,16,2,8,2,1,C03,7,5,1,10,2,12,,85,85,1,12,4,120.679157,24.145556,2
694,66000,387130000C,(04)23274275,(04)23288582,2025,6,3,8,39,臺中市,北屯區,0,1,0,5,2,6,60,3,1,1,4,4,6,6,1,1,10,5,5,2,12,3,10,3,1,B03,7,5,1,8,2,5,,11,11,1,6,4,120.709699,24.164769,2
695,66000,387130000C,(04)23274275,(04)23288582,2025,6,3,8,40,臺中市,大雅區,0,2,0,5,3,6,70,3,1,1,4,4,6,6,1,1,1,3,5,1,17,2,9,1,1,C03,7,9,1,10,2,11,,21,21,1,13,4,120.62461,24.218867,2
696,66000,387130000C,(04)23274275,(04)23288582,2025,6,3,8,40,臺中市,南屯區,0,1,0,5,2,6,50,3,1,1,4,4,6,6,4,4,10,5,5,2,16,3,10,3,1,B03,7,6,1,8,2,8,,48,48,1,13,4,120.627925,24.113262,2
697,66000,387130000C,(04)23274275,(04)23288582,2025,6,3,8,40,臺中市,神岡區,0,1,0,5,2,6,50,13,9,1,4,4,6,6,3,1,1,5,5,2,18,2,9,5,4,C03,7,9,1,10,2,14,,59,59,1,13,4,120.692176,24.232456,2
698,66000,387130000C,(04)23274275,(04)23288582,2025,6,3,8,41,臺中市,沙鹿區,0,0,0,5,,,50,,,,,,,,,,,,,,,,,,,B12,,,1,,1,,,7,7,1,12,4,120.56523,24.205453,3
699,66000,387130000C,(04)23274275,(04)23288582,2025,6,3,8,42,臺中市,潭子區,0,2,0,6,2,6,50,13,12,1,4,4,6,6,1,1,1,2,4,1,12,2,9,1,1,C03,7,8,1,10,9,11,,40,40,1,13,4,120.703008,24.200852,2
700,66000,387130000C,(04)23274275,(04)23288582,2025,6,3,8,42,臺中市,北屯區,0,1,0,5,2,6,50,13,9,1,4,4,6,6,4,4,1,4,5,2,18,2,9,2,1,C03,7,9,1,10,2,16,,82,82,1,12,4,120.685685,24.176087,2
701,66000,387130000C,(04)23274275,(04)23288582,2025,6,3,8,49,臺中市,北區,0,0,0,5,,,50,,,,,,,,,,,,,,,,,,,B03,,,1,,2,,,77,77,1,12,4,120.69432,24.151603,3
702,66000,387130000C,(04)23274275,(04)23288582,2025,6,3,8,49,臺中市,南屯區,0,1,0,5,2,6,50,4,9,1,4,4,6,6,4,4,10,5,5,2,15,3,10,5,4,B03,7,9,1,8,2,2,,15,15,1,13,4,120.643019,24.137626,2
703,66000,387130000C,(04)23274275,(04)23288582,2025,6,3,8,49,臺中市,沙鹿區,0,1,0,5,1,6,50,4,1,1,4,4,6,6,1,1,10,5,5,1,12,2,9,2,1,C03,7,4,1,10,2,14,,1,1,1,13,4,120.567786,24.202083,2
704,66000,387130000C,(04)23274275,(04)23288582,2025,6,3,8,50,臺中市,南屯區,0,1,0,5,1,6,50,4,1,1,4,4,6,6,2,1,10,5,5,2,18,2,9,1,1,C03,7,9,1,10,2,12,,59,59,1,6,4,120.653255,24.132033,2
705,66000,387130000C,(04)23274275,(04)23288582,2025,6,3,8,50,臺中市,豐原區,0,1,0,5,1,6,60,3,2,1,4,4,6,6,4,4,1,4,5,1,18,2,9,1,1,C03,7,9,1,10,2,11,,84,84,1,6,4,120.730781,24.265664,2
706,66000,387130000C,(04)23274275,(04)23288582,2025,6,3,8,51,臺中市,烏日區,0,1,0,5,3,6,50,4,1,1,4,4,6,6,2,1,10,5,5,2,17,3,10,5,4,B03,7,11,6,20,9,16,,23,23,1,12,4,120.607517,24.111886,2
707,66000,387130000C,(04)23274275,(04)23288582,2025,6,3,8,52,臺中市,西屯區,0,0,0,7,,,40,,,,,,,,,,,,,,13,,,,,C03,,,1,,2,,,7,7,1,12,4,120.655492,24.164849,3
708,66000,387130000C,(04)23274275,(04)23288582,2025,6,3,8,54,臺中市,北區,0,0,0,5,,,50,,,,,,,,,,,,,,,,,,,B03,,,1,,2,,,84,84,1,12,4,120.682365,24.163041,3
709,66000,387130000C,(04)23274275,(04)23288582,2025,6,3,8,54,臺中市,西屯區,0,0,0,5,,,50,,,,,,,,,,,,,,14,,,,,A12,,,1,,1,,,49,49,1,12,4,120.589238,24.167029,3
710,66000,387130000C,(04)23274275,(04)23288582,2025,6,3,8,56,臺中市,后里區,0,0,0,5,,,30,,,,,,,,,,,,,,21,,,,,A12,,,1,,9,,,58,58,1,6,4,120.693475,24.300491,3
711,66000,387130000C,(04)23274275,(04)23288582,2025,6,3,8,59,臺中市,西屯區,0,1,0,5,2,6,50,4,2,1,4,4,6,6,2,1,4,3,5,2,17,3,10,5,4,C03,7,15,1,10,2,16,,42,42,1,13,4,120.6261,24.184575,2
712,66000,387130000C,(04)23274275,(04)23288582,2025,6,3,9,0,臺中市,西屯區,0,1,0,5,2,6,30,8,11,1,4,4,6,6,4,4,10,5,5,2,18,2,9,5,1,C03,7,9,1,10,2,14,,59,59,1,12,4,120.632329,24.171302,2
713,66000,387130000C,(04)23274275,(04)23288582,2025,6,3,9,0,臺中市,烏日區,0,0,0,5,,,50,,,,,,,,,,,,,,13,,,,,B03,,,1,,2,,,7,7,1,6,4,120.624886,24.104673,3
714,66000,387130000C,(04)23274275,(04)23288582,2025,6,3,9,1,臺中市,大雅區,0,1,0,5,3,6,70,13,8,1,4,4,6,6,4,4,1,3,4,1,30,2,9,5,4,C03,7,9,1,10,2,12,,84,84,1,13,4,120.642412,24.22887,2
715,66000,387130000C,(04)23274275,(04)23288582,2025,6,3,9,5,臺中市,梧棲區,0,0,0,5,,,50,,,,,,,,,,,,,,2,,,,,B03,,,1,,2,,,20,20,1,6,4,120.538777,24.25843,3
716,66000,387130000C,(04)23274275,(04)23288582,2025,6,3,9,7,臺中市,西屯區,0,2,0,7,2,6,40,13,8,1,4,4,6,6,4,4,1,4,1,2,30,,,,,,,,,,,,,119,119,1,,,120.59753,24.181697,2
717,66000,387130000C,(04)23274275,(04)23288582,2025,6,3,9,7,臺中市,神岡區,0,1,0,5,1,6,60,4,2,1,4,4,6,6,1,1,1,4,5,2,16,3,10,5,4,B02,7,9,1,8,3,5,,59,59,1,12,4,120.711179,24.261663,2
718,66000,387130000C,(04)23274275,(04)23288582,2025,6,3,9,8,臺中市,大里區,0,0,0,5,,,50,,,,,,,,,,,,,,12,,,,,B03,,,1,,2,,,8,8,1,13,4,120.696949,24.111675,3
719,66000,387130000C,(04)23274275,(04)23288582,2025,6,3,9,9,臺中市,南屯區,0,0,0,5,,,50,,,,,,,,,,,,,,,,,,,A41,,,1,,1,,,71,71,2,12,4,120.620104,24.152664,3
720,66000,387130000C,(04)23274275,(04)23288582,2025,6,3,9,9,臺中市,西屯區,0,1,0,5,1,6,0,18,24,1,4,4,6,6,4,4,10,5,5,1,18,2,9,2,1,C03,7,9,1,10,2,12,,84,84,1,12,4,120.648731,24.160966,2
721,66000,387130000C,(04)23274275,(04)23288582,2025,6,3,9,11,臺中市,北屯區,0,1,0,5,2,6,50,3,2,1,4,4,6,6,4,4,5,5,4,2,18,2,9,2,1,C03,7,6,1,10,2,12,,82,82,1,12,4,120.682176,24.176055,2
722,66000,387130000C,(04)23274275,(04)23288582,2025,6,3,9,12,臺中市,西屯區,0,1,0,5,2,6,50,3,9,1,4,4,6,6,4,4,1,4,5,2,16,3,10,5,4,B01,7,6,1,4,2,8,,12,12,1,12,4,120.650297,24.163835,2
723,66000,387130000C,(04)23274275,(04)23288582,2025,6,3,9,15,臺中市,清水區,0,0,0,5,,,60,,,,,,,,,,,,,,17,,,,,C03,,,1,,2,,,7,7,1,12,4,120.558484,24.309954,3
724,66000,387130000C,(04)23274275,(04)23288582,2025,6,3,9,16,臺中市,南屯區,0,0,0,5,3,6,50,13,8,1,4,4,6,6,4,4,1,4,1,2,13,,,,,B03,,,1,,1,,,7,7,1,12,4,120.623684,24.149893,3
725,66000,387130000C,(04)23274275,(04)23288582,2025,6,3,9,18,臺中市,豐原區,0,2,0,6,3,6,50,13,9,1,4,4,6,6,4,4,9,5,5,1,17,2,9,1,4,C03,7,1,1,10,2,13,,51,51,1,12,4,120.728513,24.245335,2
726,66000,387130000C,(04)23274275,(04)23288582,2025,6,3,9,19,臺中市,北屯區,0,0,0,5,,,50,,,,,,,,,,,,,,13,,,,,B03,,,1,,1,,,7,7,1,12,4,120.679393,24.173036,3
727,66000,387130000C,(04)23274275,(04)23288582,2025,6,3,9,20,臺中市,北區,0,1,0,5,1,6,50,4,1,1,4,4,6,6,1,1,1,4,5,2,18,2,9,1,1,C03,7,12,1,10,2,12,,84,84,1,13,4,120.686674,24.16495,2
728,66000,387130000C,(04)23274275,(04)23288582,2025,6,3,9,22,臺中市,西區,0,1,0,5,2,6,50,3,1,1,4,4,6,6,4,4,10,5,5,2,16,3,10,5,4,B03,7,5,1,8,2,8,,13,13,1,13,4,120.657945,24.150845,2
729,66000,387130000C,(04)23274275,(04)23288582,2025,6,3,9,22,臺中市,北屯區,0,1,0,5,2,6,50,13,7,1,4,4,6,6,4,4,4,3,4,2,18,2,9,2,1,C03,7,9,1,10,2,12,,59,59,1,13,4,120.703377,24.159787,2
730,66000,387130000C,(04)23274275,(04)23288582,2025,6,3,9,22,臺中市,北屯區,0,1,0,5,2,6,50,4,1,1,4,4,6,6,1,1,10,5,5,2,16,3,10,1,1,C03,7,6,1,10,2,11,,11,11,1,13,4,120.695384,24.164933,2
731,66000,387130000C,(04)23274275,(04)23288582,2025,6,3,9,25,臺中市,梧棲區,0,0,0,5,,,50,,,,,,,,,,,,,,17,,,,,B03,,,1,,2,,,50,50,1,12,4,120.534869,24.225431,3
732,66000,387130000C,(04)23274275,(04)23288582,2025,6,3,9,26,臺中市,北屯區,0,1,0,5,2,6,50,5,1,1,4,4,6,6,1,1,10,5,5,2,17,2,9,1,1,C03,7,6,1,10,2,13,,84,84,1,12,4,120.686492,24.18825,2
733,66000,387130000C,(04)23274275,(04)23288582,2025,6,3,9,28,臺中市,南屯區,0,0,0,5,3,6,40,13,7,1,4,4,6,6,1,1,3,4,4,2,14,,,,,B03,,,1,,1,,,50,50,1,12,4,120.652206,24.150785,3
734,66000,387130000C,(04)23274275,(04)23288582,2025,6,3,9,28,臺中市,龍井區,0,1,0,5,2,6,40,13,8,1,4,4,6,6,2,1,1,4,1,1,18,2,9,1,1,C03,7,9,1,10,2,16,,59,59,1,6,4,120.573793,24.183461,2
735,66000,387130000C,(04)23274275,(04)23288582,2025,6,3,9,31,臺中市,東區,0,1,0,5,2,6,50,4,9,1,4,4,6,6,1,1,1,4,5,2,12,2,9,2,1,C03,7,15,1,10,2,12,,40,40,1,13,4,120.693557,24.126602,2
736,66000,387130000C,(04)23274275,(04)23288582,2025,6,3,9,32,臺中市,南屯區,0,1,0,5,3,6,60,13,7,1,4,4,6,6,1,1,1,2,3,2,12,2,9,3,1,B03,7,9,1,8,2,4,,8,8,1,12,4,120.62367,24.135913,2
737,66000,387130000C,(04)23274275,(04)23288582,2025,6,3,9,35,臺中市,霧峰區,0,0,0,5,,,40,,,,,,,,,,,,,,23,,,,,B03,,,1,,2,,,84,84,1,6,4,120.662836,24.06663,3
738,66000,387130000C,(04)23274275,(04)23288582,2025,6,3,9,36,臺中市,北屯區,0,1,0,5,2,6,50,4,1,1,4,4,6,6,2,1,5,5,4,2,16,2,7,2,1,C03,7,9,1,10,2,11,,21,21,1,12,4,120.690371,24.176874,2
739,66000,387130000C,(04)23274275,(04)23288582,2025,6,3,9,37,臺中市,南區,0,1,0,5,2,6,50,4,1,1,4,4,6,6,2,1,10,5,5,2,17,3,10,2,1,C03,7,9,3,19,11,12,,21,21,2,12,4,120.663465,24.119655,2
740,66000,387130000C,(04)23274275,(04)23288582,2025,6,3,9,37,臺中市,北屯區,0,1,0,5,2,6,50,13,9,1,4,4,6,6,4,4,5,4,5,2,13,3,10,2,1,C03,7,9,1,10,2,11,,7,7,1,12,4,120.698626,24.170442,2
741,66000,387130000C,(04)23274275,(04)23288582,2025,6,3,9,39,臺中市,南屯區,0,1,0,5,2,6,50,3,1,1,4,4,6,6,4,4,10,5,5,2,16,2,9,2,4,C03,7,6,1,10,2,14,,48,48,1,13,4,120.62661,24.115614,2
742,66000,387130000C,(04)23274275,(04)23288582,2025,6,3,9,40,臺中市,南屯區,0,0,0,5,,,50,,,,,,,,,,,,,,,,,,,B03,,,1,,1,,,7,7,1,6,4,120.649945,24.136684,3
743,66000,387130000C,(04)23274275,(04)23288582,2025,6,3,9,43,臺中市,北屯區,0,1,0,5,2,6,50,13,9,1,4,4,6,6,4,4,1,4,5,2,18,2,3,1,1,C03,7,9,1,10,2,14,,43,43,1,13,4,120.686165,24.179786,2
744,66000,387130000C,(04)23274275,(04)23288582,2025,6,3,9,44,臺中市,北屯區,0,0,0,5,,3,80,,,,,,,,,,,,,,12,,,,,B03,,,1,,1,,,7,7,1,13,4,120.720851,24.169724,3
745,66000,387130000C,(04)23274275,(04)23288582,2025,6,3,9,46,臺中市,南區,0,0,0,7,,,50,,,,,,,,,,,,,,13,,,,,B03,,,1,,1,,,84,84,1,12,4,120.667829,24.125066,3
746,66000,387130000C,(04)23274275,(04)23288582,2025,6,3,9,52,臺中市,東區,0,1,0,5,2,6,50,4,1,1,4,4,6,6,1,1,9,5,5,2,17,3,10,3,1,B12,7,14,1,8,2,4,,76,76,1,12,4,120.688145,24.133763,2
747,66000,387130000C,(04)23274275,(04)23288582,2025,6,3,9,54,臺中市,西屯區,0,1,0,5,2,6,30,3,1,1,4,4,6,6,4,4,10,5,5,2,16,2,9,5,1,G03,7,6,7,21,2,17,,15,15,1,12,4,120.665479,24.169204,2
748,66000,387130000C,(04)23274275,(04)23288582,2025,6,3,9,55,臺中市,西屯區,0,2,0,5,2,6,50,13,9,1,4,4,6,6,4,4,4,3,5,2,17,3,10,5,4,B03,7,1,1,8,2,4,,51,51,1,13,4,120.621649,24.186672,2
749,66000,387130000C,(04)23274275,(04)23288582,2025,6,3,9,57,臺中市,西區,0,1,0,5,3,6,50,4,2,1,4,4,6,6,2,1,1,4,4,2,18,2,9,1,1,C03,7,9,1,10,2,12,,84,84,1,13,4,120.653363,24.151052,2
750,66000,387130000C,(04)23274275,(04)23288582,2025,6,3,9,58,臺中市,大甲區,0,1,0,6,3,6,50,4,1,1,4,4,6,6,4,4,10,5,5,2,15,3,10,3,1,B03,7,9,1,8,2,1,,15,15,1,6,4,120.619216,24.343178,2
751,66000,387130000C,(04)23274275,(04)23288582,2025,6,3,10,0,臺中市,中區,0,1,0,5,3,6,50,13,9,1,4,4,6,6,4,4,5,5,5,2,18,2,8,2,1,C03,7,9,1,10,1,14,,84,84,1,12,4,120.685093,24.141599,2
752,66000,387130000C,(04)23274275,(04)23288582,2025,6,3,10,0,臺中市,西屯區,0,1,0,7,2,6,50,13,9,1,4,4,6,6,4,4,5,4,5,2,13,2,9,2,1,C03,7,9,1,10,2,11,,7,7,1,12,4,120.610269,24.191783,2
753,66000,387130000C,(04)23274275,(04)23288582,2025,6,3,10,7,臺中市,北屯區,0,0,0,5,,3,80,,,,,,,,,,,,,,12,,,,,B03,,,1,,2,,,84,84,1,6,4,120.722498,24.189484,3
754,66000,387130000C,(04)23274275,(04)23288582,2025,6,3,10,10,臺中市,梧棲區,0,1,0,7,2,6,50,13,8,1,5,4,6,6,4,4,5,5,4,2,17,2,9,3,1,B03,7,9,1,8,2,5,,59,59,1,6,4,120.545174,24.245023,2
755,66000,387130000C,(04)23274275,(04)23288582,2025,6,3,10,16,臺中市,大里區,0,2,0,5,3,6,30,3,1,1,4,4,6,6,4,4,10,5,5,2,15,2,9,1,1,C03,7,9,3,19,2,11,,84,84,1,13,4,120.698324,24.087458,2
756,66000,387130000C,(04)23274275,(04)23288582,2025,6,3,10,16,臺中市,大肚區,0,0,0,5,,,30,,,,,,,,,,,,,,,,,,,B03,,,1,,1,,,76,76,1,6,4,120.570879,24.123711,3
757,66000,387130000C,(04)23274275,(04)23288582,2025,6,3,10,16,臺中市,沙鹿區,0,1,0,6,3,6,60,3,1,1,4,4,6,6,1,1,10,2,1,2,17,3,10,3,1,B03,7,6,1,8,2,2,,25,25,1,13,4,120.581186,24.209755,2
758,66000,387130000C,(04)23274275,(04)23288582,2025,6,3,10,23,臺中市,太平區,0,0,0,5,,,30,,,,,,,,,,,,,,17,,,,,A12,,,1,,2,,,84,84,1,12,4,120.721529,24.116318,3
759,66000,387130000C,(04)23274275,(04)23288582,2025,6,3,10,30,臺中市,西區,0,0,0,7,,,0,,,,,,,,,,,,,,,,,,,C03,,,1,,1,,,84,84,1,6,4,120.657589,24.144246,3
760,66000,387130000C,(04)23274275,(04)23288582,2025,6,3,10,30,臺中市,西屯區,0,0,0,7,,,50,,,,,,,,,,,,,,13,,,,,B03,,,1,,1,,,59,59,1,12,4,120.629114,24.205535,3
761,66000,387130000C,(04)23274275,(04)23288582,2025,6,3,10,33,臺中市,梧棲區,0,0,0,7,,3,90,,,,,,,,,,,,,,13,,,,,A31,,,1,,1,,,59,59,1,6,4,120.536068,24.250044,3
762,66000,387130000C,(04)23274275,(04)23288582,2025,6,3,10,34,臺中市,大里區,0,1,0,5,2,6,50,13,8,1,4,4,6,6,4,4,1,4,4,1,17,3,10,3,1,B03,7,7,1,8,2,3,,40,40,1,6,4,120.698438,24.080279,2
763,66000,387130000C,(04)23274275,(04)23288582,2025,6,3,10,38,臺中市,西屯區,0,0,0,5,,,50,,,,,,,,,,,,,,12,,,,,B03,,,1,,1,,,8,8,1,12,4,120.606473,24.192739,3
764,66000,387130000C,(04)23274275,(04)23288582,2025,6,3,10,39,臺中市,北區,0,1,0,7,2,6,50,4,2,1,4,4,6,6,2,1,10,5,5,2,18,2,9,2,1,C03,7,9,1,10,2,12,,84,84,1,13,4,120.676534,24.15769,2
765,66000,387130000C,(04)23274275,(04)23288582,2025,6,3,10,43,臺中市,北屯區,0,0,0,5,,,50,,,,,,,,,,,,,,17,,,,,B03,,,1,,1,,,8,8,1,13,4,120.708157,24.17036,3
766,66000,387130000C,(04)23274275,(04)23288582,2025,6,3,10,47,臺中市,南屯區,0,0,0,7,,,50,,,,,,,,,,,,,,13,,,,,B12,,,1,,1,,,7,7,1,13,4,120.646542,24.126503,3
767,66000,387130000C,(04)23274275,(04)23288582,2025,6,3,10,50,臺中市,豐原區,0,0,0,6,,,50,,,,,,,,,,,,,,13,,,,,B03,,,1,,1,,,59,59,1,13,4,120.729043,24.256631,3
768,66000,387130000C,(04)23274275,(04)23288582,2025,6,3,10,51,臺中市,太平區,0,1,0,6,3,6,50,3,9,1,4,4,6,6,4,4,5,5,5,2,3,2,9,6,5,H01,8,16,7,21,10,17,,95,95,1,12,5,120.719719,24.124402,2
769,66000,387130000C,(04)23274275,(04)23288582,2025,6,3,10,54,臺中市,烏日區,0,0,0,5,,,50,,,,,,,,,,,,,,9,,,,,B03,,,1,,2,,,50,50,1,6,4,120.64274,24.074394,3
770,66000,387130000C,(04)23274275,(04)23288582,2025,6,3,10,56,臺中市,北區,0,1,0,6,2,6,50,4,1,1,5,4,6,6,1,1,5,4,5,2,16,3,10,3,1,B03,7,6,1,8,2,5,,11,11,1,12,4,120.682102,24.154591,2
771,66000,387130000C,(04)23274275,(04)23288582,2025,6,3,11,1,臺中市,西區,0,1,0,5,2,6,40,13,8,1,4,4,6,6,1,1,1,4,1,2,18,2,9,2,1,C03,7,9,1,10,2,14,,84,84,1,12,4,120.663938,24.154951,2
772,66000,387130000C,(04)23274275,(04)23288582,2025,6,3,11,1,臺中市,后里區,0,0,0,6,,,50,,,,,,,,,,,,,,35,,,,,B03,,,1,,1,,,50,50,2,13,4,120.722019,24.308114,3
773,66000,387130000C,(04)23274275,(04)23288582,2025,6,3,11,3,臺中市,豐原區,0,1,0,6,2,6,30,13,9,1,5,4,6,6,4,4,10,5,5,1,10,2,7,5,4,C03,7,9,3,19,2,11,,41,41,1,13,4,120.716811,24.268655,2
774,66000,387130000C,(04)23274275,(04)23288582,2025,6,3,11,4,臺中市,大肚區,0,0,0,7,,,50,,,,,,,,,,,,,,,,,,,B03,,,1,,2,,,84,84,1,6,4,120.541027,24.157688,3
775,66000,387130000C,(04)23274275,(04)23288582,2025,6,3,11,6,臺中市,西區,0,1,0,7,2,6,50,13,8,1,5,4,6,6,4,4,1,4,4,2,12,2,9,1,1,C03,7,8,1,10,2,11,,40,40,1,6,4,120.657081,24.135402,2
776,66000,387130000C,(04)23274275,(04)23288582,2025,6,3,11,9,臺中市,北屯區,0,0,0,7,,,50,,,,,,,,,,,,,,20,,,,,B02,,,1,,2,,,59,59,1,13,4,120.678089,24.187038,3
777,66000,387130000C,(04)23274275,(04)23288582,2025,6,3,11,10,臺中市,西屯區,0,1,0,7,2,6,30,4,1,1,5,4,6,6,4,4,10,5,5,2,15,3,10,5,4,B03,7,9,1,10,2,1,,15,15,1,12,4,120.61408,24.179678,2
778,66000,387130000C,(04)23274275,(04)23288582,2025,6,3,11,10,臺中市,梧棲區,0,0,0,5,,,70,,,,,,,,,,,,,,13,,,,,B03,,,1,,2,,,7,7,1,6,4,120.554062,24.248505,3
779,66000,387130000C,(04)23274275,(04)23288582,2025,6,3,11,13,臺中市,南屯區,0,0,0,7,,,50,,,,,,,,,,,,,,13,,,,,B03,,,1,,1,,,84,84,1,13,4,120.634384,24.13003,3
780,66000,387130000C,(04)23274275,(04)23288582,2025,6,3,11,13,臺中市,西屯區,0,1,0,7,2,6,50,4,1,1,5,4,6,6,1,1,10,5,5,2,16,3,10,3,1,B03,7,5,1,8,2,2,,47,47,1,12,4,120.665366,24.166799,2
781,66000,387130000C,(04)23274275,(04)23288582,2025,6,3,11,14,臺中市,東區,0,0,0,5,,,50,,,,,,,,,,,,,,12,,,,,B03,,,1,,2,,,40,40,1,13,4,120.694464,24.151521,3
782,66000,387130000C,(04)23274275,(04)23288582,2025,6,3,11,17,臺中市,南區,0,1,0,7,2,6,50,4,2,1,5,4,6,6,3,1,5,4,4,2,17,2,9,2,1,C03,7,11,1,10,2,12,,45,45,1,12,4,120.67781,24.132256,2
783,66000,387130000C,(04)23274275,(04)23288582,2025,6,3,11,17,臺中市,太平區,0,1,0,6,2,6,50,13,9,1,4,4,6,6,1,1,5,4,5,2,13,2,9,2,1,C03,7,9,1,10,2,11,,7,7,1,12,4,120.707193,24.129054,2
784,66000,387130000C,(04)23274275,(04)23288582,2025,6,3,11,20,臺中市,大雅區,0,0,0,7,,,30,,,,,,,,,,,,,,,,,,,B13,,,1,,1,,,49,49,1,12,4,120.669945,24.234131,3
785,66000,387130000C,(04)23274275,(04)23288582,2025,6,3,11,26,臺中市,大里區,0,0,0,6,3,6,50,4,9,1,4,4,6,6,4,4,9,5,5,2,30,,,,,A12,,,1,,2,,,84,84,1,12,4,120.701993,24.110073,3
786,66000,387130000C,(04)23274275,(04)23288582,2025,6,3,11,29,臺中市,中區,0,0,0,5,,,50,,,,,,,,,,,,,,,,,,,B03,,,1,,2,,,51,51,1,12,4,120.685898,24.138923,3
787,66000,387130000C,(04)23274275,(04)23288582,2025,6,3,11,36,臺中市,北區,0,0,0,6,,,50,,,,,,,,,,,,,,,,,,,B03,,,1,,1,,,84,84,1,13,4,120.677073,24.144571,3
788,66000,387130000C,(04)23274275,(04)23288582,2025,6,3,11,38,臺中市,霧峰區,0,1,0,5,2,6,50,4,2,1,4,4,6,6,4,4,5,5,5,2,18,2,9,2,1,C03,7,9,1,10,2,12,,84,84,1,6,4,120.698482,24.061755,2
789,66000,387130000C,(04)23274275,(04)23288582,2025,6,3,11,39,臺中市,南屯區,0,0,0,7,,,50,,,,,,,,,,,,,,12,,,,,B02,,,1,,2,,,58,58,1,13,4,120.646724,24.138455,3
790,66000,387130000C,(04)23274275,(04)23288582,2025,6,3,11,47,臺中市,西區,0,1,0,6,2,6,50,13,8,1,5,4,6,6,4,4,5,5,4,2,13,2,8,1,1,C03,7,9,1,10,1,11,,7,7,1,13,4,120.669678,24.150839,2
791,66000,387130000C,(04)23274275,(04)23288582,2025,6,3,12,0,臺中市,烏日區,0,0,0,7,,,30,,,,,,,,,,,,,,14,,,,,B12,,,1,,2,,,49,49,1,6,4,120.626915,24.082537,3
792,66000,387130000C,(04)23274275,(04)23288582,2025,6,3,12,1,臺中市,龍井區,0,0,0,6,,,40,,,,,,,,,,,,,,,,,,,B12,,,1,,1,,,50,50,1,13,4,120.551163,24.212555,3