序號,縣市別代碼,機關代碼,市話,傳真,年,月,日,時,分,縣市,區,死亡數量,受傷數量,2-30,天候,道路照明設備,道路類別,道路速限,道路型態,事故位置,路面鋪裝,路面狀態,路面缺陷,障礙物,視距,號誌種類,號誌動作,分向設施,快車道或一般車道間,快慢車道間,路面邊線,事故類型及型態,受傷程度,主要傷處,保護裝備,行動電話或功能裝置,當事者區分(類別),車輛用途,當事者行動狀態,駕照狀態,駕照種類,飲酒情形,車輛撞擊部位最初,車輛撞擊部位其他,肇事因素個別,肇事因素主要,肇事逃逸,職業,共享經濟或外送平台,GPS座標X,GPS座標Y,事故類別
907,66000,387130000C,(04)23274275,(04)23288582,2025,6,3,16,50,臺中市,西屯區,0,1,0,6,3,6,50,3,1,1,4,4,6,6,1,1,1,4,5,2,16,3,10,5,4,B03,7,5,1,8,2,6,,85,85,1,12,4,120.659087,24.170794,2
908,66000,387130000C,(04)23274275,(04)23288582,2025,6,3,16,51,臺中市,東區,0,1,0,7,3,6,50,4,1,1,5,4,6,6,4,4,5,5,5,2,17,2,9,2,1,C03,7,9,1,10,2,16,,15,15,1,6,4,120.704008,24.136343,2
909,66000,387130000C,(04)23274275,(04)23288582,2025,6,3,16,54,臺中市,潭子區,0,0,0,6,,3,80,,,,,,,,,,,,,,,,,,,B12,,,1,,2,,,84,84,1,13,4,120.721222,24.194796,3
910,66000,387130000C,(04)23274275,(04)23288582,2025,6,3,16,55,臺中市,北屯區,0,1,0,6,3,6,50,13,8,1,4,4,6,6,4,4,1,4,4,2,16,3,10,3,1,B02,7,5,1,8,2,5,,20,20,1,12,4,120.666638,24.180784,2
911,66000,387130000C,(04)23274275,(04)23288582,2025,6,3,16,59,臺中市,大雅區,0,0,0,6,,,50,,,,,,,,,,,,,,,,,,,B03,,,1,,2,,,45,45,1,13,4,120.650145,24.22092,3
912,66000,387130000C,(04)23274275,(04)23288582,2025,6,3,16,59,臺中市,北屯區,0,0,0,7,,,50,,,,,,,,,,,,,,17,,,,,C03,,,1,,2,,,84,84,1,6,4,120.674823,24.19111,3
913,66000,387130000C,(04)23274275,(04)23288582,2025,6,3,16,59,臺中市,東勢區,0,1,0,5,2,6,50,3,1,1,4,4,6,6,1,1,10,5,5,2,18,2,7,5,4,C03,7,5,1,10,2,16,,59,59,1,13,4,120.82853,24.256688,2
914,66000,387130000C,(04)23274275,(04)23288582,2025,6,3,17,5,臺中市,清水區,0,0,0,7,,,40,,,,,,,,,,,,,,17,,,,,B03,,,1,,1,,,39,39,1,12,4,120.558547,24.270524,3
915,66000,387130000C,(04)23274275,(04)23288582,2025,6,3,17,6,臺中市,后里區,0,0,0,5,,,50,,,,,,,,,,,,,,13,,,,,B03,,,1,,2,,,7,7,1,12,4,120.680723,24.311278,3
916,66000,387130000C,(04)23274275,(04)23288582,2025,6,3,17,7,臺中市,北屯區,0,1,0,5,1,6,50,4,9,1,4,4,6,6,1,1,3,4,5,2,18,2,9,1,1,C03,7,9,1,10,2,11,,85,85,1,13,4,120.671094,24.175055,2
917,66000,387130000C,(04)23274275,(04)23288582,2025,6,3,17,8,臺中市,南屯區,0,1,0,6,3,6,50,4,1,1,4,4,6,6,4,4,10,5,5,2,17,3,10,5,4,B01,7,7,1,4,2,16,,40,40,1,6,4,120.641887,24.148784,2
918,66000,387130000C,(04)23274275,(04)23288582,2025,6,3,17,12,臺中市,西屯區,0,0,0,7,,,50,,,,,,,,,,,,,,16,,,,,A05,,,1,,9,,,8,8,1,6,4,120.653238,24.168726,3
919,66000,387130000C,(04)23274275,(04)23288582,2025,6,3,17,12,臺中市,大里區,0,0,0,5,,,30,,,,,,,,,,,,,,13,,,,,B03,,,1,,2,,,84,84,1,12,4,120.663815,24.08611,3
920,66000,387130000C,(04)23274275,(04)23288582,2025,6,3,17,13,臺中市,太平區,0,1,0,5,2,6,50,13,9,1,4,4,6,6,4,4,10,4,5,2,17,3,10,3,1,B12,7,8,1,8,2,16,,40,40,1,12,4,120.715218,24.136077,2
921,66000,387130000C,(04)23274275,(04)23288582,2025,6,3,17,15,臺中市,北屯區,0,1,0,5,1,6,50,13,8,1,4,4,6,6,4,4,9,4,4,2,18,2,9,1,1,C03,7,9,1,10,2,14,,84,84,1,13,4,120.732489,24.168935,2
922,66000,387130000C,(04)23274275,(04)23288582,2025,6,3,17,16,臺中市,神岡區,0,0,0,5,,,50,,,,,,,,,,,,,,16,,,,,C03,,,1,,2,,,7,7,1,12,4,120.648149,24.258038,3
923,66000,387130000C,(04)23274275,(04)23288582,2025,6,3,17,17,臺中市,西屯區,0,2,0,7,3,6,0,3,1,1,5,4,6,6,4,4,1,4,1,1,17,3,10,5,4,C03,7,11,1,10,2,14,,39,39,1,13,4,120.641027,24.192079,2
924,66000,387130000C,(04)23274275,(04)23288582,2025,6,3,17,19,臺中市,南區,0,0,0,5,,,50,,,,,,,,,,,,,,13,,,,,B03,,,1,,1,,,84,84,1,12,4,120.658501,24.12501,3
925,66000,387130000C,(04)23274275,(04)23288582,2025,6,3,17,19,臺中市,大甲區,0,2,0,7,1,6,50,4,1,1,5,4,6,6,4,4,5,5,5,1,15,2,9,1,1,C03,7,9,1,8,2,12,,15,15,1,12,4,120.62388,24.345332,2
926,66000,387130000C,(04)23274275,(04)23288582,2025,6,3,17,20,臺中市,大甲區,0,1,0,5,1,6,50,4,1,1,4,4,6,6,4,4,5,5,5,2,20,2,9,1,1,F03,7,9,7,21,5,11,,53,53,1,12,4,120.656924,24.407017,2
927,66000,387130000C,(04)23274275,(04)23288582,2025,6,3,17,20,臺中市,神岡區,0,0,0,6,1,6,50,4,2,1,5,4,6,6,1,1,5,5,5,1,13,,,,,B03,,,1,,1,,,59,59,1,12,4,120.689484,24.258096,3
928,66000,387130000C,(04)23274275,(04)23288582,2025,6,3,17,21,臺中市,潭子區,0,0,0,6,,3,80,,,,,,,,,,,,,,,,,,,B12,,,1,,2,,,85,85,1,13,4,120.7174,24.198146,3
929,66000,387130000C,(04)23274275,(04)23288582,2025,6,3,17,21,臺中市,西區,0,1,0,6,1,6,50,4,2,1,4,4,6,6,1,1,10,5,5,2,13,2,9,5,4,C03,7,9,1,10,2,11,,7,7,1,12,4,120.665768,24.13927,2
930,66000,387130000C,(04)23274275,(04)23288582,2025,6,3,17,21,臺中市,南區,0,2,0,6,2,6,50,13,9,1,5,4,6,6,4,4,7,5,5,2,13,2,7,1,1,C03,7,9,1,10,2,11,,84,84,1,12,4,120.67439,24.131792,2
931,66000,387130000C,(04)23274275,(04)23288582,2025,6,3,17,22,臺中市,中區,0,1,0,5,2,6,50,4,1,1,4,4,6,6,1,1,10,5,5,2,17,3,10,3,1,B03,7,9,1,8,2,2,,85,85,1,12,4,120.675975,24.141326,2
932,66000,387130000C,(04)23274275,(04)23288582,2025,6,3,17,22,臺中市,北屯區,0,0,0,6,,,40,,,,,,,,,,,,,,13,,,,,C03,,,1,,2,,,7,7,1,12,4,120.664622,24.181396,3
933,66000,387130000C,(04)23274275,(04)23288582,2025,6,3,17,24,臺中市,大里區,0,1,0,5,3,6,50,5,2,1,4,4,6,6,4,4,10,5,5,2,16,3,10,1,1,C03,7,6,1,10,2,12,,14,14,1,13,4,120.675812,24.097753,2
934,66000,387130000C,(04)23274275,(04)23288582,2025,6,3,17,24,臺中市,大里區,0,1,0,6,2,6,50,3,1,1,4,4,6,6,4,4,10,5,5,2,18,2,9,2,1,C03,7,9,1,10,2,12,,84,84,1,6,4,120.697456,24.0968,2
935,66000,387130000C,(04)23274275,(04)23288582,2025,6,3,17,24,臺中市,大里區,0,1,0,6,3,6,50,4,2,1,4,4,6,6,1,1,5,4,5,2,17,2,9,1,1,C03,7,12,1,10,2,14,,84,84,1,13,4,120.68126,24.115307,2
936,66000,387130000C,(04)23274275,(04)23288582,2025,6,3,17,30,臺中市,沙鹿區,0,0,0,6,,,50,,,,,,,,,,,,,,,,,,,B03,,,1,,1,,,7,7,1,13,4,120.569153,24.20963,3
937,66000,387130000C,(04)23274275,(04)23288582,2025,6,3,17,30,臺中市,梧棲區,0,1,0,7,2,6,30,4,1,1,5,4,6,6,4,4,10,5,5,2,17,3,10,3,1,B03,7,6,1,8,2,16,,12,12,1,12,4,120.547528,24.227946,2
938,66000,387130000C,(04)23274275,(04)23288582,2025,6,3,17,30,臺中市,神岡區,0,0,0,5,,,50,,,,,,,,,,,,,,17,,,,,B03,,,1,,2,,,8,8,1,12,4,120.684071,24.246665,3
939,66000,387130000C,(04)23274275,(04)23288582,2025,6,3,17,31,臺中市,南區,0,1,0,6,3,6,50,13,9,1,5,4,6,6,4,4,5,5,5,2,18,2,9,2,2,C03,7,9,1,10,1,15,,84,84,1,12,4,120.664019,24.127533,2
940,66000,387130000C,(04)23274275,(04)23288582,2025,6,3,17,31,臺中市,豐原區,0,0,0,5,,,50,,,,,,,,,,,,,,12,,,,,C03,,,1,,2,,,8,8,1,12,4,120.737155,24.25577,4
941,66000,387130000C,(04)23274275,(04)23288582,2025,6,3,17,33,臺中市,北區,0,0,0,5,,,40,,,,,,,,,,,,,,16,,,,,C03,,,1,,1,,,48,48,1,13,4,120.669103,24.155113,3
942,66000,387130000C,(04)23274275,(04)23288582,2025,6,3,17,34,臺中市,北區,0,1,0,7,3,6,50,13,8,1,4,4,6,6,4,4,3,4,4,2,13,2,9,5,4,C03,7,9,1,10,2,11,,7,7,1,13,4,120.678833,24.152067,2
943,66000,387130000C,(04)23274275,(04)23288582,2025,6,3,17,35,臺中市,神岡區,0,2,0,6,1,6,50,13,9,1,5,4,6,6,4,4,5,5,5,1,12,2,9,1,1,C03,7,1,1,10,2,11,,51,51,1,12,4,120.660917,24.25749,2
944,66000,387130000C,(04)23274275,(04)23288582,2025,6,3,17,36,臺中市,大里區,0,0,0,6,,,,,,,,,,,,,,,,,18,,,,,,,,,,,,,119,119,1,,,120.726196,24.091393,3
945,66000,387130000C,(04)23274275,(04)23288582,2025,6,3,17,41,臺中市,神岡區,0,0,0,5,,,50,,,,,,,,,,,,,,17,,,,,B03,,,1,,1,,,45,45,1,12,4,120.643877,24.253153,3
946,66000,387130000C,(04)23274275,(04)23288582,2025,6,3,17,42,臺中市,南區,0,0,0,7,,,50,,,,,,,,,,,,,,13,,,,,C03,,,1,,1,,,7,7,1,12,4,120.671034,24.119158,3
947,66000,387130000C,(04)23274275,(04)23288582,2025,6,3,17,42,臺中市,東區,0,0,0,7,,,50,,,,,,,,,,,,,,,,,,,C03,,,1,,1,,,7,7,1,6,4,120.692456,24.142745,3
948,66000,387130000C,(04)23274275,(04)23288582,2025,6,3,17,42,臺中市,北屯區,0,1,0,6,3,6,50,13,9,1,5,4,6,6,4,4,1,4,5,2,17,2,8,1,1,C03,7,9,1,10,2,12,,84,84,1,12,4,120.685148,24.16886,2
949,66000,387130000C,(04)23274275,(04)23288582,2025,6,3,17,42,臺中市,大里區,0,0,0,5,,,50,,,,,,,,,,,,,,13,,,,,B03,,,1,,2,,,84,84,1,12,4,120.672317,24.102452,3
950,66000,387130000C,(04)23274275,(04)23288582,2025,6,3,17,43,臺中市,南屯區,0,0,0,5,,,50,,,,,,,,,,,,,,13,,,,,B03,,,1,,1,,,7,7,1,6,4,120.611822,24.138378,3
951,66000,387130000C,(04)23274275,(04)23288582,2025,6,3,17,43,臺中市,南屯區,0,1,0,7,2,6,50,13,9,1,5,4,6,6,4,4,9,4,5,2,13,2,9,1,1,C03,7,9,1,10,2,11,,7,7,1,12,4,120.596283,24.151783,2
952,66000,387130000C,(04)23274275,(04)23288582,2025,6,3,17,44,臺中市,北區,0,1,0,5,2,6,50,4,9,1,4,4,6,6,1,1,5,5,5,2,17,2,9,5,4,F01,7,9,7,21,2,14,,84,84,1,13,4,120.673377,24.154952,2
953,66000,387130000C,(04)23274275,(04)23288582,2025,6,3,17,45,臺中市,南區,0,1,0,5,1,6,50,13,9,1,4,4,6,6,4,4,9,5,5,2,17,3,10,4,1,F01,7,1,7,21,2,16,,51,51,1,12,1,120.668291,24.118416,2
954,66000,387130000C,(04)23274275,(04)23288582,2025,6,3,17,45,臺中市,西屯區,0,0,0,7,,,40,,,,,,,,,,,,,,13,,,,,C03,,,1,,1,,,7,7,1,12,4,120.653794,24.166254,3
955,66000,387130000C,(04)23274275,(04)23288582,2025,6,3,17,47,臺中市,南屯區,0,1,0,5,3,6,50,13,9,1,4,4,6,6,1,1,3,4,5,2,12,3,10,3,1,B03,7,5,1,8,2,2,,47,47,1,12,4,120.640784,24.141391,2
956,66000,387130000C,(04)23274275,(04)23288582,2025,6,3,17,47,臺中市,北屯區,0,1,0,6,2,6,50,4,1,1,5,4,6,6,2,1,10,5,5,2,16,3,10,1,1,C03,7,6,1,10,1,12,,11,11,1,6,4,120.670779,24.178713,2
957,66000,387130000C,(04)23274275,(04)23288582,2025,6,3,17,47,臺中市,太平區,0,1,0,6,2,6,30,3,1,1,5,4,6,6,4,4,10,5,5,2,16,3,10,3,1,B03,7,6,1,8,2,5,,14,14,1,12,4,120.720733,24.102744,2
958,66000,387130000C,(04)23274275,(04)23288582,2025,6,3,17,48,臺中市,西區,0,0,0,7,,,50,,,,,,,,,,,,,,17,,,,,C03,,,1,,1,,,84,84,1,12,4,120.679488,24.13806,3
959,66000,387130000C,(04)23274275,(04)23288582,2025,6,3,17,50,臺中市,清水區,0,1,0,6,2,6,50,4,1,1,5,4,6,6,4,4,5,2,5,1,15,2,5,2,1,C03,7,9,1,10,2,12,,12,12,1,13,4,120.572455,24.273848,2
960,66000,387130000C,(04)23274275,(04)23288582,2025,6,3,17,52,臺中市,西區,0,1,0,6,2,6,50,13,9,1,4,4,6,6,4,4,9,5,5,2,17,3,10,3,1,B03,7,3,1,8,2,8,,50,50,1,12,4,120.666662,24.146372,2
961,66000,387130000C,(04)23274275,(04)23288582,2025,6,3,17,52,臺中市,北區,0,1,0,6,3,6,50,4,1,1,5,4,6,6,4,4,10,5,5,2,16,3,10,1,1,C03,7,6,1,10,2,11,,14,14,1,12,4,120.688858,24.160333,2
962,66000,387130000C,(04)23274275,(04)23288582,2025,6,3,17,56,臺中市,神岡區,0,1,0,6,1,6,30,4,1,1,5,4,6,6,4,4,10,5,5,1,15,3,10,3,1,B03,7,9,1,8,1,7,,6,6,1,12,4,120.693667,24.265713,2
963,66000,387130000C,(04)23274275,(04)23288582,2025,6,3,17,57,臺中市,南區,0,0,0,7,,,50,,,,,,,,,,,,,,,,,,,B03,,,1,,9,,,59,59,1,6,4,120.666855,24.116336,4
964,66000,387130000C,(04)23274275,(04)23288582,2025,6,3,17,57,臺中市,豐原區,0,1,0,6,2,6,50,4,1,1,5,4,6,6,1,1,1,2,5,1,16,3,10,5,4,B03,7,5,1,8,2,5,,11,11,1,13,4,120.718924,24.243412,2
965,66000,387130000C,(04)23274275,(04)23288582,2025,6,3,17,59,臺中市,西屯區,0,1,0,7,2,6,50,13,9,1,5,4,6,6,4,4,3,4,4,2,13,2,8,2,4,C03,7,9,1,10,2,11,,7,7,1,13,4,120.640061,24.174116,2
966,66000,387130000C,(04)23274275,(04)23288582,2025,6,3,18,1,臺中市,東區,0,1,0,6,1,6,30,3,1,1,5,4,6,6,4,4,10,5,5,2,16,3,10,3,1,B03,7,6,1,3,2,7,,12,12,1,12,4,120.697198,24.127237,2
967,66000,387130000C,(04)23274275,(04)23288582,2025,6,3,18,4,臺中市,潭子區,0,1,0,6,2,6,50,4,7,1,5,4,6,6,1,1,1,4,4,1,18,2,9,1,1,F01,7,9,7,21,2,14,,84,84,1,13,4,120.703441,24.215807,2
968,66000,387130000C,(04)23274275,(04)23288582,2025,6,3,18,4,臺中市,神岡區,0,1,0,6,2,6,30,11,9,1,4,4,6,6,4,4,10,5,5,2,16,4,11,5,4,C03,7,1,6,20,11,11,,84,84,2,13,4,120.701338,24.278154,2
969,66000,387130000C,(04)23274275,(04)23288582,2025,6,3,18,5,臺中市,西屯區,0,1,0,6,1,6,50,13,9,1,5,4,6,6,4,4,5,4,5,2,3,3,10,3,4,B03,7,11,1,8,2,1,,39,39,1,12,4,120.64589,24.175437,2
970,66000,387130000C,(04)23274275,(04)23288582,2025,6,3,18,5,臺中市,龍井區,0,0,0,6,,,50,,,,,,,,,,,,,,,,,,,B03,,,1,,2,,,50,50,1,12,4,120.547155,24.201851,3
971,66000,387130000C,(04)23274275,(04)23288582,2025,6,3,18,13,臺中市,豐原區,0,1,0,6,2,6,50,13,7,1,4,4,6,6,4,4,5,4,4,2,17,3,10,3,1,B03,7,1,1,8,2,8,,51,51,1,13,4,120.733644,24.256481,2
972,66000,387130000C,(04)23274275,(04)23288582,2025,6,3,18,16,臺中市,西屯區,0,2,0,6,1,6,50,4,1,1,4,4,6,6,4,4,10,5,5,2,16,2,8,1,1,C03,7,6,1,10,2,12,14,14,14,1,12,4,120.65653,24.156532,2
973,66000,387130000C,(04)23274275,(04)23288582,2025,6,3,18,16,臺中市,烏日區,0,0,0,7,1,6,30,13,9,2,5,4,6,6,4,4,1,4,5,2,12,3,10,3,1,A11,7,9,1,1,2,2,,8,8,1,6,4,120.616111,24.110201,3
974,66000,387130000C,(04)23274275,(04)23288582,2025,6,3,18,17,臺中市,南區,0,0,0,7,,,30,,,,,,,,,,,,,,13,,,,,B03,,,1,,1,,,7,7,1,12,4,120.672019,24.125668,3
975,66000,387130000C,(04)23274275,(04)23288582,2025,6,3,18,19,臺中市,西屯區,0,1,0,6,2,6,50,13,9,1,4,4,6,6,4,4,3,2,5,2,18,2,9,2,1,C03,7,9,1,10,2,14,,59,59,1,12,4,120.594818,24.197157,2
976,66000,387130000C,(04)23274275,(04)23288582,2025,6,3,18,29,臺中市,霧峰區,0,1,0,6,1,6,30,3,1,1,4,4,6,6,4,4,10,5,5,2,16,3,10,3,1,B12,7,6,1,8,7,4,,14,14,1,13,4,120.650986,24.086277,2
977,66000,387130000C,(04)23274275,(04)23288582,2025,6,3,18,30,臺中市,中區,0,0,0,7,,,50,,,,,,,,,,,,,,,,,,,B03,,,1,,1,,,84,84,1,6,4,120.684724,24.142483,3
978,66000,387130000C,(04)23274275,(04)23288582,2025,6,3,18,32,臺中市,西屯區,0,1,0,7,1,6,50,4,1,1,5,4,6,6,1,1,1,4,5,1,13,3,10,5,4,B03,7,9,1,8,1,1,,59,59,1,13,4,120.64669,24.155774,2
979,66000,387130000C,(04)23274275,(04)23288582,2025,6,3,18,34,臺中市,南屯區,0,0,0,7,,,60,,,,,,,,,,,,,,13,,,,,B03,,,1,,1,,,7,7,1,6,4,120.623041,24.14165,3
980,66000,387130000C,(04)23274275,(04)23288582,2025,6,3,18,35,臺中市,西屯區,0,0,0,7,,,40,,,,,,,,,,,,,,17,,,,,B03,,,1,,1,,,8,8,1,12,4,120.651686,24.161954,3
981,66000,387130000C,(04)23274275,(04)23288582,2025,6,3,18,45,臺中市,北屯區,0,0,0,6,,,50,,,,,,,,,,,,,,13,,,,,B01,,,1,,1,,,7,7,1,12,4,120.701539,24.18648,3
982,66000,387130000C,(04)23274275,(04)23288582,2025,6,3,18,48,臺中市,太平區,0,1,0,6,2,6,50,13,9,1,4,4,6,6,4,4,5,4,5,1,28,,,,,,,,,,,,,118,118,1,,,120.713463,24.118008,2
983,66000,387130000C,(04)23274275,(04)23288582,2025,6,3,18,50,臺中市,南屯區,0,1,0,7,1,6,50,4,1,1,5,4,6,6,2,1,10,5,5,2,16,3,10,5,4,B03,7,5,1,8,2,5,,11,11,1,6,4,120.640641,24.142577,2
984,66000,387130000C,(04)23274275,(04)23288582,2025,6,3,18,50,臺中市,龍井區,0,0,0,6,,,70,,,,,,,,,,,,,,,,,,,B03,,,1,,2,,,21,21,1,6,4,120.543198,24.175817,3
985,66000,387130000C,(04)23274275,(04)23288582,2025,6,3,18,51,臺中市,大里區,0,0,0,7,,,60,,,,,,,,,,,,,,13,,,,,B02,,,1,,1,,,82,82,1,13,4,120.68377,24.10418,3
986,66000,387130000C,(04)23274275,(04)23288582,2025,6,3,18,52,臺中市,西屯區,0,1,0,7,1,6,50,4,1,1,5,4,6,6,1,1,10,5,5,2,13,2,9,2,1,C03,7,9,1,10,2,11,,21,21,1,12,4,120.650369,24.156557,2
987,66000,387130000C,(04)23274275,(04)23288582,2025,6,3,18,52,臺中市,大里區,0,0,0,5,,,50,,,,,,,,,,,,,,13,,,,,B03,,,1,,1,,,84,84,1,6,4,120.672176,24.114857,3
988,66000,387130000C,(04)23274275,(04)23288582,2025,6,3,18,57,臺中市,西區,0,1,0,7,1,6,50,4,1,1,5,4,6,6,1,1,10,5,5,2,17,3,10,1,1,C03,7,9,1,10,2,11,,7,7,1,12,4,120.664377,24.147927,2
989,66000,387130000C,(04)23274275,(04)23288582,2025,6,3,18,58,臺中市,烏日區,0,0,0,7,1,6,70,3,1,1,5,4,6,6,1,1,1,4,4,1,16,3,10,3,1,B03,7,5,1,8,1,2,,11,11,1,6,4,120.598333,24.111309,3
990,66000,387130000C,(04)23274275,(04)23288582,2025,6,3,19,4,臺中市,豐原區,0,0,0,7,,,50,,,,,,,,,,,,,,15,,,,,B03,,,1,,2,,,19,19,1,13,4,120.737155,24.25577,3
991,66000,387130000C,(04)23274275,(04)23288582,2025,6,3,19,5,臺中市,南區,0,1,0,7,1,6,30,3,1,1,5,4,6,6,4,4,10,5,5,2,16,3,10,4,1,F01,7,6,7,21,2,14,,14,14,1,12,4,120.655151,24.112507,2
992,66000,387130000C,(04)23274275,(04)23288582,2025,6,3,19,5,臺中市,西屯區,0,1,0,7,1,6,50,13,9,1,4,4,6,6,4,4,5,4,4,2,18,2,9,2,4,C03,7,9,1,10,2,12,,84,84,1,13,4,120.646183,24.18639,2
993,66000,387130000C,(04)23274275,(04)23288582,2025,6,3,19,7,臺中市,西區,0,1,0,6,2,6,50,4,1,1,4,4,6,6,1,1,10,5,5,2,18,2,9,1,1,C03,7,9,1,10,2,14,,84,84,1,12,4,120.655632,24.154807,2
994,66000,387130000C,(04)23274275,(04)23288582,2025,6,3,19,7,臺中市,東區,0,2,0,6,1,6,50,3,1,1,5,4,6,6,4,4,10,5,5,2,3,2,8,1,1,C03,7,9,1,10,2,11,,59,59,1,12,4,120.707015,24.136384,2
995,66000,387130000C,(04)23274275,(04)23288582,2025,6,3,19,12,臺中市,太平區,0,1,0,6,1,6,50,13,14,1,5,4,6,6,4,4,5,5,4,1,9,3,10,5,4,B03,7,9,5,19,9,2,,1,1,2,12,4,120.720124,24.148897,2
996,66000,387130000C,(04)23274275,(04)23288582,2025,6,3,19,14,臺中市,太平區,0,0,0,7,,,40,,,,,,,,,,,,,,12,,,,,B03,,,1,,2,,,8,8,1,6,4,120.719063,24.148928,3
997,66000,387130000C,(04)23274275,(04)23288582,2025,6,3,19,14,臺中市,豐原區,0,2,0,6,1,6,50,3,1,1,5,4,6,6,1,1,5,5,4,2,16,2,8,1,1,C03,7,6,1,10,2,11,,11,11,1,13,4,120.717965,24.254389,2
998,66000,387130000C,(04)23274275,(04)23288582,2025,6,3,19,15,臺中市,北區,0,1,0,6,1,6,50,13,9,1,5,4,6,6,4,4,1,4,5,1,13,2,9,5,4,C03,7,9,1,10,2,11,,7,7,1,13,4,120.681604,24.162952,2
999,66000,387130000C,(04)23274275,(04)23288582,2025,6,3,19,16,臺中市,大雅區,0,0,0,6,,,30,,,,,,,,,,,,,,24,,,,,B03,,,1,,2,,,8,8,1,12,4,120.641973,24.219831,3
1000,66000,387130000C,(04)23274275,(04)23288582,2025,6,3,19,19,臺中市,西屯區,0,0,0,7,,,70,,,,,,,,,,,,,,13,,,,,B03,,,1,,1,,,59,59,1,12,4,120.587624,24.185457,3
1001,66000,387130000C,(04)23274275,(04)23288582,2025,6,3,19,20,臺中市,后里區,0,0,0,7,2,6,50,3,7,1,5,4,6,6,2,1,1,4,4,1,12,3,10,3,1,A05,7,8,1,1,2,16,,2,2,1,6,4,120.723125,24.288348,3
1002,66000,387130000C,(04)23274275,(04)23288582,2025,6,3,19,24,臺中市,大雅區,0,0,0,6,,,50,,,,,,,,,,,,,,,,,,,B03,,,1,,1,,,7,7,1,13,4,120.613594,24.225676,3
1003,66000,387130000C,(04)23274275,(04)23288582,2025,6,3,19,25,臺中市,北區,0,0,0,6,,,50,,,,,,,,,,,,,,17,,,,,B03,,,1,,1,,,8,8,1,13,4,120.677811,24.163329,3
1004,66000,387130000C,(04)23274275,(04)23288582,2025,6,3,19,29,臺中市,南屯區,0,0,0,6,,,50,,,,,,,,,,,,,,,,,,,F01,,,7,,1,,,7,7,1,2,4,120.645043,24.136256,3
1005,66000,387130000C,(04)23274275,(04)23288582,2025,6,3,19,30,臺中市,西屯區,0,0,0,6,,,50,,,,,,,,,,,,,,13,,,,,B03,,,1,,1,,,59,59,1,12,4,120.635827,24.171128,3
1006,66000,387130000C,(04)23274275,(04)23288582,2025,6,3,19,37,臺中市,潭子區,0,1,0,5,1,6,60,13,8,1,4,4,6,6,4,4,1,4,4,1,12,2,9,1,1,C03,7,9,1,10,2,12,,8,8,1,13,4,120.709663,24.234615,2
1007,66000,387130000C,(04)23274275,(04)23288582,2025,6,3,19,40,臺中市,西區,0,0,0,7,,,50,,,,,,,,,,,,,,,,,,,B03,,,1,,2,,,8,8,1,12,4,120.658841,24.142936,3
1008,66000,387130000C,(04)23274275,(04)23288582,2025,6,3,19,40,臺中市,霧峰區,0,1,0,6,1,6,50,4,1,1,5,4,6,6,1,1,10,5,5,1,17,3,10,3,1,B03,7,6,1,8,2,2,,11,11,1,13,4,120.691951,24.041142,2
1009,66000,387130000C,(04)23274275,(04)23288582,2025,6,3,19,45,臺中市,潭子區,0,0,0,6,,,40,,,,,,,,,,,,,,,,,,,B03,,,1,,2,,,8,8,1,13,4,120.710573,24.20851,3
1010,66000,387130000C,(04)23274275,(04)23288582,2025,6,3,19,45,臺中市,后里區,0,0,0,6,1,5,50,13,2,1,5,4,6,6,1,1,9,5,5,1,13,3,10,5,1,B03,7,3,1,8,1,1,,7,7,1,12,4,120.702713,24.308157,3
1011,66000,387130000C,(04)23274275,(04)23288582,2025,6,3,19,46,臺中市,神岡區,0,2,0,6,1,6,50,3,1,1,4,4,6,6,1,1,10,5,5,1,12,2,9,1,1,C03,7,5,1,10,2,12,,47,47,1,12,4,120.671102,24.25632,2
1012,66000,387130000C,(04)23274275,(04)23288582,2025,6,3,19,54,臺中市,西屯區,0,1,0,6,1,6,40,4,1,1,5,2,6,6,2,1,10,5,5,2,18,2,9,1,1,C03,7,9,1,10,2,12,,84,84,1,12,4,120.639382,24.171676,2
1013,66000,387130000C,(04)23274275,(04)23288582,2025,6,3,19,58,臺中市,沙鹿區,0,0,0,7,,,50,,,,,,,,,,,,,,,,,,,B03,,,1,,1,,,14,14,1,13,4,120.560567,24.237752,3
1014,66000,387130000C,(04)23274275,(04)23288582,2025,6,3,20,2,臺中市,沙鹿區,0,0,0,7,,,40,,,,,,,,,,,,,,14,,,,,B03,,,1,,1,,,49,49,1,6,4,120.566981,24.252739,3
1015,66000,387130000C,(04)23274275,(04)23288582,2025,6,3,20,12,臺中市,北區,0,0,0,6,,,50,,,,,,,,,,,,,,17,,,,,B02,,,1,,1,,,84,84,1,13,4,120.685598,24.152797,3
1016,66000,387130000C,(04)23274275,(04)23288582,2025,6,3,20,19,臺中市,西屯區,0,0,0,7,,,50,,,,,,,,,,,,,,13,,,,,B03,,,1,,2,,,55,55,1,12,4,120.636325,24.159094,3
1017,66000,387130000C,(04)23274275,(04)23288582,2025,6,3,20,19,臺中市,西屯區,0,0,0,7,,,60,,,,,,,,,,,,,,13,,,,,B03,,,1,,1,,,7,7,1,12,4,120.659001,24.171068,3
1018,66000,387130000C,(04)23274275,(04)23288582,2025,6,3,20,20,臺中市,東區,0,0,0,7,,,50,,,,,,,,,,,,,,14,,,,,B03,,,1,,1,,,49,49,1,12,4,120.693562,24.149186,3