序號,縣市別代碼,機關代碼,市話,傳真,年,月,日,時,分,縣市,區,死亡數量,受傷數量,2-30,天候,道路照明設備,道路類別,道路速限,道路型態,事故位置,路面鋪裝,路面狀態,路面缺陷,障礙物,視距,號誌種類,號誌動作,分向設施,快車道或一般車道間,快慢車道間,路面邊線,事故類型及型態,受傷程度,主要傷處,保護裝備,行動電話或功能裝置,當事者區分(類別),車輛用途,當事者行動狀態,駕照狀態,駕照種類,飲酒情形,車輛撞擊部位最初,車輛撞擊部位其他,肇事因素個別,肇事因素主要,肇事逃逸,職業,共享經濟或外送平台,GPS座標X,GPS座標Y,事故類別
1243,66000,387130000C,(04)23274275,(04)23288582,2025,6,4,14,55,臺中市,龍井區,0,1,0,6,2,6,50,13,9,1,4,4,6,6,4,4,5,4,5,2,18,2,9,2,1,C03,7,9,1,10,2,14,,59,59,1,6,4,120.570848,24.193042,2
1244,66000,387130000C,(04)23274275,(04)23288582,2025,6,4,14,57,臺中市,西區,0,0,0,5,,,50,,,,,,,,,,,,,,,,,,,B03,,,1,,1,,,49,49,1,12,4,120.661907,24.145678,3
1245,66000,387130000C,(04)23274275,(04)23288582,2025,6,4,14,58,臺中市,西區,0,3,0,7,1,6,50,4,1,1,5,4,6,6,1,1,10,5,5,2,16,2,9,1,1,C03,7,6,1,10,2,11,,11,11,1,6,4,120.66161,24.162909,2
1246,66000,387130000C,(04)23274275,(04)23288582,2025,6,4,14,58,臺中市,東區,0,1,0,5,2,6,50,4,1,1,4,4,6,6,1,1,10,5,5,2,16,3,10,3,1,B03,7,6,1,8,2,6,,11,11,1,13,4,120.690163,24.131725,2
1247,66000,387130000C,(04)23274275,(04)23288582,2025,6,4,15,10,臺中市,西區,0,0,0,6,,,50,,,,,,,,,,,,,,,,,,,B03,,,1,,2,,,84,84,1,12,4,120.665667,24.140169,3
1248,66000,387130000C,(04)23274275,(04)23288582,2025,6,4,15,15,臺中市,北屯區,0,1,0,5,2,6,40,3,1,1,4,4,1,6,4,4,1,5,5,2,16,2,9,2,4,C03,7,7,1,10,2,14,,84,84,1,12,4,120.689823,24.162895,2
1249,66000,387130000C,(04)23274275,(04)23288582,2025,6,4,15,21,臺中市,北屯區,0,0,0,7,,,60,,,,,,,,,,,,,,13,,,,,A11,,,1,,1,,,58,58,1,6,4,120.686842,24.205172,3
1250,66000,387130000C,(04)23274275,(04)23288582,2025,6,4,15,30,臺中市,北區,0,0,0,7,,,50,,,,,,,,,,,,,,17,,,,,B03,,,1,,1,,,84,84,1,13,4,120.682828,24.158971,3
1251,66000,387130000C,(04)23274275,(04)23288582,2025,6,4,15,30,臺中市,北屯區,0,0,0,7,,,50,,,,,,,,,,,,,,13,,,,,B03,,,1,,1,,,7,7,1,6,4,120.693791,24.163847,4
1252,66000,387130000C,(04)23274275,(04)23288582,2025,6,4,15,46,臺中市,西區,0,0,0,7,2,6,50,4,1,1,5,4,6,6,1,1,10,5,5,2,17,,,,,C03,,,1,,1,,,84,84,1,13,4,120.67988,24.137919,3
1253,66000,387130000C,(04)23274275,(04)23288582,2025,6,4,15,47,臺中市,沙鹿區,0,1,0,6,2,6,50,4,1,1,5,4,6,6,4,4,5,5,5,2,15,4,11,1,1,C03,7,9,1,10,2,11,,15,15,1,13,4,120.571317,24.225033,2
1254,66000,387130000C,(04)23274275,(04)23288582,2025,6,4,15,48,臺中市,北屯區,0,0,0,6,,,30,,,,,,,,,,,,,,27,,,,,A12,,,1,,9,,,49,49,1,12,4,120.709892,24.18316,3
1255,66000,387130000C,(04)23274275,(04)23288582,2025,6,4,15,52,臺中市,北屯區,0,2,0,6,3,6,50,4,1,1,5,4,6,6,2,1,10,5,5,2,15,2,8,1,1,C03,7,9,3,19,2,12,,21,21,1,5,4,120.699605,24.164929,2
1256,66000,387130000C,(04)23274275,(04)23288582,2025,6,4,15,57,臺中市,神岡區,0,0,0,7,,,50,,,,,,,,,,,,,,2,,,,,B03,,,1,,1,,,59,59,1,12,4,120.660494,24.270102,3
1257,66000,387130000C,(04)23274275,(04)23288582,2025,6,4,15,58,臺中市,大里區,0,0,0,7,,,50,,,,,,,,,,,,,,13,,,,,B03,,,1,,2,,,84,84,1,12,4,120.689719,24.112265,3
1258,66000,387130000C,(04)23274275,(04)23288582,2025,6,4,16,3,臺中市,大里區,0,0,0,7,,,50,,,,,,,,,,,,,,,,,,,B12,,,1,,1,,,84,84,1,6,4,120.698067,24.080876,3
1259,66000,387130000C,(04)23274275,(04)23288582,2025,6,4,16,5,臺中市,北區,0,2,0,7,2,6,50,4,1,1,5,4,6,6,4,4,5,5,5,2,17,2,9,5,1,C03,7,9,1,10,2,11,,12,12,1,13,4,120.679275,24.152817,2
1260,66000,387130000C,(04)23274275,(04)23288582,2025,6,4,16,13,臺中市,北屯區,0,1,0,6,2,6,50,3,2,1,5,4,6,6,4,4,1,4,4,2,16,3,10,5,4,B03,7,5,1,8,1,4,,20,20,1,12,4,120.702358,24.185809,2
1261,66000,387130000C,(04)23274275,(04)23288582,2025,6,4,16,14,臺中市,南區,0,0,0,7,,,50,,,,,,,,,,,,,,,,,,,B03,,,1,,1,,,8,8,1,6,4,120.658895,24.11142,3
1262,66000,387130000C,(04)23274275,(04)23288582,2025,6,4,16,14,臺中市,大里區,0,0,0,6,,,50,,,,,,,,,,,,,,17,,,,,B12,,,1,,1,,,49,49,1,13,4,120.696831,24.092774,3
1263,66000,387130000C,(04)23274275,(04)23288582,2025,6,4,16,15,臺中市,大甲區,0,1,0,7,1,6,50,3,1,1,5,4,6,6,4,4,5,5,5,2,13,2,9,1,1,C03,7,9,1,10,2,11,,7,7,1,12,4,120.642461,24.365588,2
1264,66000,387130000C,(04)23274275,(04)23288582,2025,6,4,16,16,臺中市,西屯區,0,0,0,7,,,50,,,,,,,,,,,,,,13,,,,,B03,,,1,,1,,,59,59,1,13,4,120.644438,24.201576,3
1265,66000,387130000C,(04)23274275,(04)23288582,2025,6,4,16,18,臺中市,梧棲區,0,0,0,7,2,6,70,13,7,1,5,4,6,6,2,1,1,4,1,1,23,3,10,3,1,B03,7,6,1,8,5,1,,53,53,1,12,4,120.524614,24.253962,3
1266,66000,387130000C,(04)23274275,(04)23288582,2025,6,4,16,24,臺中市,西屯區,0,1,0,7,2,6,50,13,9,1,4,4,6,6,4,4,8,4,5,1,17,2,9,5,4,C03,7,9,1,10,2,11,,84,84,1,13,4,120.64473,24.171584,2
1267,66000,387130000C,(04)23274275,(04)23288582,2025,6,4,16,29,臺中市,東區,0,0,0,7,,,50,,,,,,,,,,,,,,12,,,,,B03,,,1,,2,,,84,84,1,12,4,120.696533,24.150434,3
1268,66000,387130000C,(04)23274275,(04)23288582,2025,6,4,16,32,臺中市,西屯區,0,1,0,5,2,6,40,13,8,1,4,4,6,6,4,4,1,5,1,1,18,2,9,2,4,C03,7,9,1,10,2,16,,59,59,1,12,4,120.600032,24.181977,2
1269,66000,387130000C,(04)23274275,(04)23288582,2025,6,4,16,32,臺中市,西屯區,0,0,0,6,,,50,,,,,,,,,,,,,,13,,,,,B03,,,1,,1,,,7,7,1,12,4,120.651816,24.165933,3
1270,66000,387130000C,(04)23274275,(04)23288582,2025,6,4,16,35,臺中市,南屯區,0,0,0,6,,,50,,,,,,,,,,,,,,,,,,,B12,,,1,,1,,,49,49,1,6,4,120.636087,24.133582,3
1271,66000,387130000C,(04)23274275,(04)23288582,2025,6,4,16,35,臺中市,太平區,0,2,0,7,3,6,50,5,2,1,5,4,6,6,1,1,5,4,5,2,16,2,9,2,1,C03,7,7,1,10,2,12,,40,40,1,12,2,120.728598,24.150132,2
1272,66000,387130000C,(04)23274275,(04)23288582,2025,6,4,16,39,臺中市,東區,0,1,0,6,2,6,50,4,1,1,5,4,6,6,2,1,10,5,5,2,17,3,10,3,1,B02,7,6,1,8,2,6,,11,11,1,12,4,120.700103,24.138881,2
1273,66000,387130000C,(04)23274275,(04)23288582,2025,6,4,16,40,臺中市,南屯區,0,0,0,7,,,50,,,,,,,,,,,,,,17,,,,,B03,,,1,,10,,,87,87,1,12,4,120.650298,24.139885,3
1274,66000,387130000C,(04)23274275,(04)23288582,2025,6,4,16,42,臺中市,烏日區,0,1,0,6,2,6,30,3,1,1,5,4,6,6,3,1,10,4,4,2,18,2,9,1,1,C03,7,9,1,10,2,12,,20,20,1,6,4,120.644256,24.112747,2
1275,66000,387130000C,(04)23274275,(04)23288582,2025,6,4,16,42,臺中市,后里區,0,0,0,7,,,50,,,,,,,,,,,,,,14,,,,,B12,,,1,,2,,,49,49,1,12,4,120.729168,24.309196,3
1276,66000,387130000C,(04)23274275,(04)23288582,2025,6,4,16,44,臺中市,大里區,0,1,0,6,3,6,60,4,2,1,5,4,6,6,1,1,1,4,4,2,17,3,10,3,1,B03,7,8,1,8,2,7,,35,35,1,13,4,120.666402,24.105516,2
1277,66000,387130000C,(04)23274275,(04)23288582,2025,6,4,16,48,臺中市,龍井區,0,1,0,6,2,6,40,4,1,1,5,4,6,6,2,1,3,5,5,2,17,2,9,2,1,C03,7,9,1,10,2,12,,6,6,1,6,4,120.579851,24.192544,2
1278,66000,387130000C,(04)23274275,(04)23288582,2025,6,4,16,50,臺中市,南屯區,0,1,0,7,2,6,50,4,2,1,5,4,6,6,1,1,9,4,5,2,13,2,9,1,1,C03,7,9,1,10,2,11,,59,59,1,12,4,120.636205,24.146723,2
1279,66000,387130000C,(04)23274275,(04)23288582,2025,6,4,16,55,臺中市,清水區,0,0,0,7,,,30,,,,,,,,,,,,,,17,,,,,B03,,,1,,2,,,12,12,1,12,4,120.563118,24.267799,3
1280,66000,387130000C,(04)23274275,(04)23288582,2025,6,4,17,4,臺中市,后里區,0,2,0,6,2,6,60,3,1,1,5,4,6,6,1,1,10,5,5,2,16,2,9,2,1,C03,7,9,1,10,2,11,,21,21,1,6,4,120.728707,24.327213,2
1281,66000,387130000C,(04)23274275,(04)23288582,2025,6,4,17,5,臺中市,西區,0,1,0,7,2,6,50,4,1,1,5,4,6,6,2,1,10,5,5,2,16,3,10,5,1,B02,7,6,1,8,2,5,,11,11,1,6,4,120.667865,24.140212,2
1282,66000,387130000C,(04)23274275,(04)23288582,2025,6,4,17,5,臺中市,西屯區,0,0,0,6,,,40,,,,,,,,,,,,,,30,,,,,B13,,,1,,2,,,50,50,1,12,4,120.644651,24.183455,3
1283,66000,387130000C,(04)23274275,(04)23288582,2025,6,4,17,5,臺中市,西屯區,0,0,0,7,,,50,,,,,,,,,,,,,,13,,,,,B03,,,1,,2,,,59,59,1,12,4,120.619573,24.180322,3
1284,66000,387130000C,(04)23274275,(04)23288582,2025,6,4,17,5,臺中市,大里區,0,0,0,7,,,0,,,,,,,,,,,,,,17,,,,,B03,,,1,,2,,,51,51,1,13,4,120.689828,24.106606,3
1285,66000,387130000C,(04)23274275,(04)23288582,2025,6,4,17,5,臺中市,太平區,0,1,0,7,2,6,30,11,9,1,5,4,1,6,4,4,10,5,5,1,11,3,10,3,1,B03,7,9,1,8,2,4,,41,41,1,12,4,120.711171,24.127023,2
1286,66000,387130000C,(04)23274275,(04)23288582,2025,6,4,17,5,臺中市,沙鹿區,0,0,0,7,,,50,,,,,,,,,,,,,,16,,,,,C03,,,1,,2,,,85,85,1,6,4,120.575485,24.226732,3
1287,66000,387130000C,(04)23274275,(04)23288582,2025,6,4,17,6,臺中市,新社區,0,0,0,7,,,50,,,,,,,,,,,,,,16,,,,,B03,,,1,,1,,,24,24,1,13,4,120.78615,24.244075,3
1288,66000,387130000C,(04)23274275,(04)23288582,2025,6,4,17,8,臺中市,北屯區,0,0,0,7,,,50,,,,,,,,,,,,,,17,,,,,B03,,,1,,2,,,51,51,1,6,4,120.686102,24.180218,3
1289,66000,387130000C,(04)23274275,(04)23288582,2025,6,4,17,9,臺中市,豐原區,0,0,0,6,,,30,,,,,,,,,,,,,,14,,,,,B12,,,1,,2,,,49,49,1,6,4,120.706969,24.244967,3
1290,66000,387130000C,(04)23274275,(04)23288582,2025,6,4,17,10,臺中市,西屯區,0,1,0,7,2,6,40,14,8,1,5,4,6,6,4,4,1,4,1,2,17,2,9,5,4,C03,7,9,1,10,1,11,,59,59,1,13,4,120.641076,24.167898,2
1291,66000,387130000C,(04)23274275,(04)23288582,2025,6,4,17,14,臺中市,北區,0,0,0,6,,,50,,,,,,,,,,,,,,13,,,,,B12,,,1,,2,,,7,7,1,13,4,120.687788,24.158109,3
1292,66000,387130000C,(04)23274275,(04)23288582,2025,6,4,17,15,臺中市,北屯區,0,0,0,7,,,50,,,,,,,,,,,,,,,,,,,B03,,,1,,1,,,84,84,1,13,4,120.690847,24.172679,3
1293,66000,387130000C,(04)23274275,(04)23288582,2025,6,4,17,15,臺中市,太平區,0,2,0,7,2,6,50,13,9,1,5,4,6,6,4,4,5,5,5,2,13,2,9,2,1,C03,7,9,1,10,2,11,,7,7,1,5,4,120.720209,24.114726,2
1294,66000,387130000C,(04)23274275,(04)23288582,2025,6,4,17,17,臺中市,北區,0,0,0,7,3,6,50,13,9,1,5,4,6,6,4,4,10,5,5,2,17,,,,,C03,,,1,,1,,,7,7,1,13,4,120.684417,24.152984,3
1295,66000,387130000C,(04)23274275,(04)23288582,2025,6,4,17,17,臺中市,大肚區,0,0,0,6,,,50,,,,,,,,,,,,,,12,,,,,B03,,,1,,1,,,8,8,1,6,4,120.582732,24.172396,4
1296,66000,387130000C,(04)23274275,(04)23288582,2025,6,4,17,22,臺中市,北區,0,0,0,7,,,50,,,,,,,,,,,,,,13,,,,,B03,,,1,,2,1,,59,59,1,12,4,120.677767,24.160354,3
1297,66000,387130000C,(04)23274275,(04)23288582,2025,6,4,17,22,臺中市,南屯區,0,0,0,7,,,50,,,,,,,,,,,,,,17,,,,,B03,,,1,,2,,,39,39,1,12,4,120.639882,24.150228,3
1298,66000,387130000C,(04)23274275,(04)23288582,2025,6,4,17,22,臺中市,北屯區,0,0,0,7,,,50,,,,,,,,,,,,,,13,,,,,B03,,,1,,1,,,58,58,1,6,4,120.704143,24.181144,3
1299,66000,387130000C,(04)23274275,(04)23288582,2025,6,4,17,23,臺中市,后里區,0,0,0,7,,,50,,,,,,,,,,,,,,30,,,,,B03,,,1,,2,,,4,4,1,12,4,120.714523,24.303039,3
1300,66000,387130000C,(04)23274275,(04)23288582,2025,6,4,17,25,臺中市,沙鹿區,0,0,0,7,,,40,,,,,,,,,,,,,,17,,,,,B03,,,1,,1,,,82,82,1,12,4,120.579005,24.218512,3
1301,66000,387130000C,(04)23274275,(04)23288582,2025,6,4,17,28,臺中市,西屯區,0,0,0,7,,,50,,,,,,,,,,,,,,13,,,,,B03,,,1,,1,,,7,7,1,13,4,120.616871,24.18226,3
1302,66000,387130000C,(04)23274275,(04)23288582,2025,6,4,17,30,臺中市,神岡區,0,0,0,7,,,50,,,,,,,,,,,,,,12,,,,,C03,,,1,,1,,,51,51,1,12,4,120.680125,24.248644,3
1303,66000,387130000C,(04)23274275,(04)23288582,2025,6,4,17,32,臺中市,北區,0,0,0,7,,,50,,,,,,,,,,,,,,17,,,,,B03,,,1,,2,,,59,59,1,13,4,120.685202,24.159904,3
1304,66000,387130000C,(04)23274275,(04)23288582,2025,6,4,17,34,臺中市,大雅區,0,2,0,6,1,6,30,4,1,1,5,4,6,6,4,4,10,5,5,2,15,2,9,2,1,C03,7,9,1,10,2,11,,15,15,1,12,4,120.627675,24.239112,2
1305,66000,387130000C,(04)23274275,(04)23288582,2025,6,4,17,34,臺中市,北區,0,0,0,6,,,50,,,,,,,,,,,,,,17,,,,,B03,,,1,,1,,,84,84,1,13,4,120.677559,24.151053,3
1306,66000,387130000C,(04)23274275,(04)23288582,2025,6,4,17,36,臺中市,北屯區,0,0,0,6,,,50,,,,,,,,,,,,,,13,,,,,B12,,,1,,2,,,84,84,1,12,4,120.66845,24.199889,3
1307,66000,387130000C,(04)23274275,(04)23288582,2025,6,4,17,39,臺中市,沙鹿區,0,1,0,7,2,6,40,13,8,1,5,4,6,6,4,4,1,5,5,1,13,3,10,3,1,B03,7,9,1,8,1,1,,7,7,1,6,4,120.573271,24.230974,2
1308,66000,387130000C,(04)23274275,(04)23288582,2025,6,4,17,40,臺中市,南區,0,0,0,7,,,50,,,,,,,,,,,,,,,,,,,C03,,,1,,2,,,14,14,1,6,4,120.670085,24.125645,4
1309,66000,387130000C,(04)23274275,(04)23288582,2025,6,4,17,41,臺中市,太平區,0,1,0,6,2,6,50,11,9,1,5,4,6,6,4,4,5,4,5,1,17,2,9,1,1,C03,7,8,1,10,2,14,,40,40,1,12,4,120.713387,24.133579,2
1310,66000,387130000C,(04)23274275,(04)23288582,2025,6,4,17,44,臺中市,西屯區,0,0,0,7,,,30,,,,,,,,,,,,,,17,,,,,B01,,,1,,2,,,59,59,1,13,4,120.647714,24.174936,3
1311,66000,387130000C,(04)23274275,(04)23288582,2025,6,4,17,46,臺中市,太平區,0,1,0,7,2,6,50,13,9,1,5,4,6,6,4,4,9,5,4,2,16,3,10,3,1,B03,7,11,1,8,2,5,,45,45,1,6,4,120.700422,24.150374,2
1312,66000,387130000C,(04)23274275,(04)23288582,2025,6,4,17,51,臺中市,南區,0,1,0,7,2,6,50,5,1,1,5,4,6,6,1,1,10,5,5,2,16,2,9,2,1,C03,7,9,1,10,1,14,,84,84,1,12,4,120.660514,24.121982,2
1313,66000,387130000C,(04)23274275,(04)23288582,2025,6,4,17,52,臺中市,太平區,0,0,0,7,,,30,,,,,,,,,,,,,,17,,,,,,,,,,,,,119,119,1,,,120.706369,24.112625,3
1314,66000,387130000C,(04)23274275,(04)23288582,2025,6,4,17,53,臺中市,北屯區,0,0,0,7,,,50,,,,,,,,,,,,,,13,,,,,C03,,,1,,1,,,7,7,1,6,4,120.70969,24.175284,3
1315,66000,387130000C,(04)23274275,(04)23288582,2025,6,4,17,54,臺中市,大里區,0,0,0,7,,,50,,,,,,,,,,,,,,,,,,,B03,,,1,,9,,,87,87,1,6,4,120.698445,24.094908,3
1316,66000,387130000C,(04)23274275,(04)23288582,2025,6,4,17,59,臺中市,大里區,0,1,0,6,2,6,50,3,2,1,5,4,6,6,4,4,10,5,5,1,18,2,9,1,1,C03,7,15,1,10,2,12,,84,84,1,13,4,120.706763,24.087411,2
1317,66000,387130000C,(04)23274275,(04)23288582,2025,6,4,18,0,臺中市,大里區,0,0,0,7,,,50,,,,,,,,,,,,,,13,,,,,C03,,,1,,2,,,7,7,1,12,4,120.687453,24.11017,3
1318,66000,387130000C,(04)23274275,(04)23288582,2025,6,4,18,0,臺中市,大甲區,0,0,0,7,,,50,,,,,,,,,,,,,,17,,,,,B03,,,1,,2,,,7,7,1,12,4,120.628228,24.351901,3
1319,66000,387130000C,(04)23274275,(04)23288582,2025,6,4,18,1,臺中市,西區,0,1,0,6,1,6,50,4,1,1,5,4,6,6,1,1,10,5,5,2,17,3,10,5,4,C03,7,9,1,10,2,14,,8,8,1,12,4,120.667889,24.152592,2
1320,66000,387130000C,(04)23274275,(04)23288582,2025,6,4,18,2,臺中市,南屯區,0,0,0,5,,,50,,,,,,,,,,,,,,,,,,,B03,,,1,,2,,,50,50,1,6,4,120.612601,24.152262,3
1321,66000,387130000C,(04)23274275,(04)23288582,2025,6,4,18,3,臺中市,南屯區,0,0,0,7,,,50,,,,,,,,,,,,,,13,,,,,B03,,,5,,9,,,7,7,1,12,4,120.643709,24.13555,3
1322,66000,387130000C,(04)23274275,(04)23288582,2025,6,4,18,3,臺中市,太平區,0,1,0,6,2,6,50,13,9,1,5,4,6,6,4,4,9,4,4,2,13,2,9,1,1,C03,7,9,1,10,2,11,,84,84,1,5,4,120.702222,24.154411,2
1323,66000,387130000C,(04)23274275,(04)23288582,2025,6,4,18,5,臺中市,潭子區,0,2,0,6,2,6,60,13,8,1,5,4,6,6,4,4,1,4,4,1,13,2,8,2,1,C03,7,9,1,10,2,11,,7,7,1,13,4,120.704908,24.206642,2
1324,66000,387130000C,(04)23274275,(04)23288582,2025,6,4,18,14,臺中市,東區,0,0,0,5,,,50,,,,,,,,,,,,,,,,,,,A02,,,1,,2,,,84,84,1,12,4,120.688732,24.141481,3
1325,66000,387130000C,(04)23274275,(04)23288582,2025,6,4,18,15,臺中市,大雅區,0,0,0,7,,,70,,,,,,,,,,,,,,,,,,,B03,,,1,,1,,,84,84,1,13,4,120.643058,24.228494,3
1326,66000,387130000C,(04)23274275,(04)23288582,2025,6,4,18,15,臺中市,北區,0,0,0,7,,,50,,,,,,,,,,,,,,35,,,,,C03,,,1,,2,,,59,59,1,13,4,120.667476,24.154958,3
1327,66000,387130000C,(04)23274275,(04)23288582,2025,6,4,18,15,臺中市,南屯區,0,2,0,7,2,6,50,3,1,1,5,4,6,6,4,4,9,4,4,2,17,2,9,1,1,C03,7,6,1,10,2,11,,14,14,1,12,4,120.643828,24.147757,2
1328,66000,387130000C,(04)23274275,(04)23288582,2025,6,4,18,17,臺中市,北區,0,2,0,7,1,6,30,4,1,1,5,4,6,6,4,4,10,5,5,2,15,2,8,1,1,C03,7,9,1,10,2,13,,12,12,1,5,4,120.67962,24.152935,2
1329,66000,387130000C,(04)23274275,(04)23288582,2025,6,4,18,20,臺中市,北屯區,0,0,0,7,,,50,,,,,,,,,,,,,,,,,,,C03,,,1,,1,,,42,42,1,13,4,120.722504,24.175187,4
1330,66000,387130000C,(04)23274275,(04)23288582,2025,6,4,18,20,臺中市,大里區,0,0,0,6,,,50,,,,,,,,,,,,,,14,,,,,B03,,,1,,2,,,49,49,1,13,4,120.68974,24.110892,3
1331,66000,387130000C,(04)23274275,(04)23288582,2025,6,4,18,21,臺中市,南屯區,0,0,0,7,,,50,,,,,,,,,,,,,,12,,,,,C03,,,1,,2,,,40,40,1,12,4,120.636661,24.146821,3
1332,66000,387130000C,(04)23274275,(04)23288582,2025,6,4,18,24,臺中市,大雅區,0,1,0,6,3,6,50,13,9,1,5,4,6,6,4,4,9,4,5,1,30,2,9,2,1,C03,7,1,1,10,2,16,,84,84,1,13,4,120.644306,24.220951,2
1333,66000,387130000C,(04)23274275,(04)23288582,2025,6,4,18,25,臺中市,西屯區,0,0,0,6,,,50,,,,,,,,,,,,,,13,,,,,B02,,,1,,2,,,87,87,1,12,4,120.650961,24.164342,3
1334,66000,387130000C,(04)23274275,(04)23288582,2025,6,4,18,26,臺中市,北屯區,0,0,0,6,,,,,,,,,,,,,,,,,17,,,,,,,,,,,,,119,119,1,,,120.685275,24.167527,3
1335,66000,387130000C,(04)23274275,(04)23288582,2025,6,4,18,27,臺中市,豐原區,0,1,0,6,1,6,60,4,2,1,5,4,6,6,1,1,1,4,4,2,17,2,9,1,2,C03,7,9,1,10,2,11,,61,61,1,13,4,120.70311,24.241341,2
1336,66000,387130000C,(04)23274275,(04)23288582,2025,6,4,18,28,臺中市,北區,0,0,0,7,,,50,,,,,,,,,,,,,,17,,,,,B03,,,1,,1,,,59,59,1,13,4,120.668613,24.172813,3
1337,66000,387130000C,(04)23274275,(04)23288582,2025,6,4,18,31,臺中市,豐原區,0,0,0,7,,,50,,,,,,,,,,,,,,14,,,,,B03,,,1,,2,,,49,49,1,12,4,120.711785,24.24884,3
1338,66000,387130000C,(04)23274275,(04)23288582,2025,6,4,18,32,臺中市,北屯區,0,0,0,7,,,50,,,,,,,,,,,,,,12,,,,,B03,,,1,,1,,,8,8,1,6,4,120.722391,24.176684,3
1339,66000,387130000C,(04)23274275,(04)23288582,2025,6,4,18,33,臺中市,大里區,0,1,0,6,1,6,50,13,9,1,5,4,6,6,1,1,5,5,5,2,17,3,10,3,1,B03,7,14,1,8,2,2,,76,76,1,6,4,120.693315,24.089932,2
1340,66000,387130000C,(04)23274275,(04)23288582,2025,6,4,18,34,臺中市,南屯區,0,1,0,7,1,6,60,4,1,1,5,4,6,6,2,1,7,4,5,2,16,3,10,3,1,B03,7,5,1,8,2,8,,84,84,1,12,4,120.6357,24.148511,2
1341,66000,387130000C,(04)23274275,(04)23288582,2025,6,4,18,34,臺中市,西屯區,0,0,0,7,,,40,,,,,,,,,,,,,,13,,,,,B01,,,1,,1,,,7,7,1,12,4,120.658877,24.20058,3
1342,66000,387130000C,(04)23274275,(04)23288582,2025,6,4,18,36,臺中市,豐原區,0,2,0,6,2,6,50,3,1,1,5,4,6,6,3,1,5,5,4,2,12,2,8,2,1,C03,7,9,1,10,2,12,,85,85,1,6,4,120.704968,24.24047,2
1343,66000,387130000C,(04)23274275,(04)23288582,2025,6,4,18,42,臺中市,西區,0,1,0,7,2,6,50,11,8,1,5,4,6,6,4,4,5,5,4,2,12,2,9,2,1,C03,7,9,1,10,2,14,,84,84,1,11,4,120.655229,24.153983,2
1344,66000,387130000C,(04)23274275,(04)23288582,2025,6,4,18,42,臺中市,霧峰區,0,0,0,5,,,50,,,,,,,,,,,,,,,,,,,B03,,,1,,2,,,84,84,1,6,4,120.696055,24.055427,3
1345,66000,387130000C,(04)23274275,(04)23288582,2025,6,4,18,43,臺中市,大里區,0,0,0,7,,,40,,,,,,,,,,,,,,17,,,,,B03,,,1,,2,,,84,84,1,13,4,120.693446,24.108616,3
1346,66000,387130000C,(04)23274275,(04)23288582,2025,6,4,18,52,臺中市,大里區,0,0,0,7,,,50,,,,,,,,,,,,,,17,,,,,A05,,,1,,1,,,84,84,1,12,4,120.666359,24.112035,3
1347,66000,387130000C,(04)23274275,(04)23288582,2025,6,4,18,58,臺中市,北屯區,0,0,0,7,,,50,,,,,,,,,,,,,,14,,,,,B03,,,1,,1,,,49,49,1,12,4,120.681585,24.173793,3
1348,66000,387130000C,(04)23274275,(04)23288582,2025,6,4,18,59,臺中市,西區,0,0,0,6,1,6,50,13,9,1,5,4,6,6,4,4,4,1,5,2,17,,,,,,,,,,,,,119,119,1,,,120.662533,24.157227,3
1349,66000,387130000C,(04)23274275,(04)23288582,2025,6,4,19,2,臺中市,神岡區,0,0,0,6,,,50,,,,,,,,,,,,,,12,,,,,C03,,,1,,2,,,8,8,1,12,4,120.708802,24.25921,3
1350,66000,387130000C,(04)23274275,(04)23288582,2025,6,4,19,3,臺中市,西屯區,0,0,0,7,,,50,,,,,,,,,,,,,,16,,,,,B03,,,1,,2,,,12,12,1,13,4,120.648432,24.1702,3
1351,66000,387130000C,(04)23274275,(04)23288582,2025,6,4,19,4,臺中市,南區,0,0,0,7,,,50,,,,,,,,,,,,,,,,,,,C03,,,1,,2,,,4,4,1,6,4,120.658128,24.116696,4
1352,66000,387130000C,(04)23274275,(04)23288582,2025,6,4,19,4,臺中市,北屯區,0,1,0,6,1,6,50,4,4,1,5,4,6,6,2,1,1,2,5,2,13,3,10,5,4,C03,7,9,1,10,2,11,,7,7,1,12,4,120.685295,24.170905,2
1353,66000,387130000C,(04)23274275,(04)23288582,2025,6,4,19,11,臺中市,西屯區,0,0,0,7,,,50,,,,,,,,,,,,,,16,,,,,B03,,,1,,1,,,11,11,1,13,4,120.637862,24.16312,3
1354,66000,387130000C,(04)23274275,(04)23288582,2025,6,4,19,12,臺中市,龍井區,0,0,0,6,1,6,50,13,9,1,5,4,6,6,4,4,10,5,5,2,12,3,10,3,1,B03,7,9,1,8,1,2,,8,8,1,6,4,120.592652,24.188064,3
1355,66000,387130000C,(04)23274275,(04)23288582,2025,6,4,19,13,臺中市,北區,0,1,0,7,1,6,50,5,24,1,5,4,6,6,2,1,10,5,5,2,17,3,10,5,4,C03,7,5,1,10,2,12,,47,47,1,13,4,120.686104,24.154754,2
1356,66000,387130000C,(04)23274275,(04)23288582,2025,6,4,19,17,臺中市,北區,0,2,0,7,1,6,50,13,9,1,5,4,6,6,4,4,5,4,5,2,13,2,9,1,1,C03,7,9,1,10,2,11,,59,59,1,12,4,120.686718,24.147845,2
1357,66000,387130000C,(04)23274275,(04)23288582,2025,6,4,19,28,臺中市,霧峰區,0,2,0,6,1,6,40,3,2,1,5,4,6,6,4,4,1,5,1,1,18,2,9,1,1,C03,7,10,1,10,2,12,,84,84,1,13,4,120.660051,24.084977,2