序號,縣市別代碼,機關代碼,市話,傳真,年,月,日,時,分,縣市,區,死亡數量,受傷數量,2-30,天候,道路照明設備,道路類別,道路速限,道路型態,事故位置,路面鋪裝,路面狀態,路面缺陷,障礙物,視距,號誌種類,號誌動作,分向設施,快車道或一般車道間,快慢車道間,路面邊線,事故類型及型態,受傷程度,主要傷處,保護裝備,行動電話或功能裝置,當事者區分(類別),車輛用途,當事者行動狀態,駕照狀態,駕照種類,飲酒情形,車輛撞擊部位最初,車輛撞擊部位其他,肇事因素個別,肇事因素主要,肇事逃逸,職業,共享經濟或外送平台,GPS座標X,GPS座標Y,事故類別
1582,66000,387130000C,(04)23274275,(04)23288582,2025,6,5,13,28,臺中市,西區,0,0,0,7,,,50,,,,,,,,,,,,,,,,,,,C03,,,1,,1,,,51,51,1,6,4,120.67248,24.141823,3
1583,66000,387130000C,(04)23274275,(04)23288582,2025,6,5,13,30,臺中市,北屯區,0,0,0,7,,,50,,,,,,,,,,,,,,13,,,,,B03,,,1,,1,,,7,7,1,12,4,120.685679,24.175769,3
1584,66000,387130000C,(04)23274275,(04)23288582,2025,6,5,13,34,臺中市,西屯區,0,1,0,7,2,6,40,13,7,1,5,4,6,6,1,1,5,4,4,2,17,2,9,1,4,C03,7,8,1,10,2,11,,40,40,1,13,4,120.66275,24.16365,2
1585,66000,387130000C,(04)23274275,(04)23288582,2025,6,5,13,42,臺中市,西區,0,0,0,7,,,50,,,,,,,,,,,,,,13,,,,,B03,,,1,,1,,,84,84,1,12,4,120.659123,24.151008,3
1586,66000,387130000C,(04)23274275,(04)23288582,2025,6,5,13,52,臺中市,南區,0,0,0,7,,,30,,,,,,,,,,,,,,12,,,,,B03,,,1,,1,,,49,49,1,13,4,120.671317,24.12008,4
1587,66000,387130000C,(04)23274275,(04)23288582,2025,6,5,13,52,臺中市,西屯區,0,1,0,7,2,6,50,4,2,1,5,4,6,6,2,1,1,3,1,2,16,3,10,5,4,B03,7,5,1,8,2,6,,26,26,1,13,4,120.647847,24.196114,2
1588,66000,387130000C,(04)23274275,(04)23288582,2025,6,5,13,55,臺中市,豐原區,0,0,0,6,,,30,,,,,,,,,,,,,,,,,,,B03,,,1,,2,,,58,58,1,13,4,120.717776,24.250102,3
1589,66000,387130000C,(04)23274275,(04)23288582,2025,6,5,13,58,臺中市,北區,0,0,0,7,,,50,,,,,,,,,,,,,,17,,,,,C03,,,1,,2,,,12,12,1,13,4,120.673655,24.158459,3
1590,66000,387130000C,(04)23274275,(04)23288582,2025,6,5,13,59,臺中市,豐原區,0,2,0,6,2,6,50,13,7,1,4,4,6,6,4,4,5,4,4,2,16,2,8,1,1,C03,7,11,1,10,2,11,,45,45,1,12,4,120.716656,24.249231,2
1591,66000,387130000C,(04)23274275,(04)23288582,2025,6,5,14,0,臺中市,南屯區,0,0,0,7,3,6,50,13,8,1,5,4,6,6,4,4,3,4,4,2,14,,,,,B03,,,1,,1,,,49,49,1,12,4,120.639791,24.151125,3
1592,66000,387130000C,(04)23274275,(04)23288582,2025,6,5,14,0,臺中市,東勢區,0,0,0,5,,,50,,,,,,,,,,,,,,,,,,,B12,,,1,,1,,,84,84,1,12,4,120.82905,24.249987,3
1593,66000,387130000C,(04)23274275,(04)23288582,2025,6,5,14,4,臺中市,北區,0,3,0,7,2,6,50,13,9,1,5,4,6,6,4,4,1,4,5,2,17,2,9,1,1,C03,7,1,1,10,2,14,,51,51,1,12,4,120.691526,24.159702,2
1594,66000,387130000C,(04)23274275,(04)23288582,2025,6,5,14,14,臺中市,南屯區,0,0,0,7,,,50,,,,,,,,,,,,,,13,,,,,B12,,,1,,1,,,7,7,1,12,4,120.646681,24.153613,3
1595,66000,387130000C,(04)23274275,(04)23288582,2025,6,5,14,18,臺中市,北區,0,1,0,7,2,6,50,4,2,1,5,4,6,6,2,1,10,5,5,2,11,3,10,1,1,C03,7,6,1,10,2,12,,11,11,1,13,4,120.670359,24.162687,2
1596,66000,387130000C,(04)23274275,(04)23288582,2025,6,5,14,22,臺中市,南屯區,0,0,0,6,,,50,,,,,,,,,,,,,,,,,,,B03,,,1,,2,,,59,59,1,6,4,120.641449,24.138206,3
1597,66000,387130000C,(04)23274275,(04)23288582,2025,6,5,14,22,臺中市,東勢區,0,0,0,5,,,50,,,,,,,,,,,,,,,,,,,A41,,,1,,2,,,84,84,1,12,4,120.824481,24.257966,3
1598,66000,387130000C,(04)23274275,(04)23288582,2025,6,5,14,27,臺中市,沙鹿區,0,0,0,7,,,50,,,,,,,,,,,,,,17,,,,,B12,,,1,,2,,,87,87,1,6,4,120.557946,24.235259,3
1599,66000,387130000C,(04)23274275,(04)23288582,2025,6,5,14,35,臺中市,南區,0,2,0,6,2,6,50,4,1,1,5,4,6,6,4,4,5,2,5,2,15,2,8,2,1,C03,7,9,1,10,2,12,,6,6,1,13,4,120.683099,24.131563,2
1600,66000,387130000C,(04)23274275,(04)23288582,2025,6,5,14,43,臺中市,東勢區,0,2,0,5,2,6,50,5,1,1,4,4,6,6,1,1,10,5,5,1,15,2,9,5,4,C03,7,9,3,19,2,12,,85,85,1,13,4,120.795692,24.286147,2
1601,66000,387130000C,(04)23274275,(04)23288582,2025,6,5,14,44,臺中市,沙鹿區,0,0,0,7,,,40,,,,,,,,,,,,,,14,,,,,B03,,,1,,11,,,49,49,1,6,4,120.559148,24.235967,3
1602,66000,387130000C,(04)23274275,(04)23288582,2025,6,5,14,45,臺中市,北屯區,0,1,0,7,2,6,50,13,9,1,5,4,6,6,4,4,1,4,5,2,16,3,10,3,1,B12,7,5,1,8,2,2,,84,84,1,6,4,120.697869,24.173293,2
1603,66000,387130000C,(04)23274275,(04)23288582,2025,6,5,14,45,臺中市,北屯區,0,1,0,6,2,6,50,13,7,1,5,4,6,6,4,4,5,5,4,2,16,3,10,3,1,B03,7,1,1,8,2,4,,51,51,1,12,4,120.690664,24.170022,2
1604,66000,387130000C,(04)23274275,(04)23288582,2025,6,5,14,46,臺中市,潭子區,0,0,0,7,,,50,,,,,,,,,,,,,,,,,,,B03,,,1,,3,,,56,56,1,13,4,120.705417,24.207163,3
1605,66000,387130000C,(04)23274275,(04)23288582,2025,6,5,15,0,臺中市,南屯區,0,1,0,6,2,6,50,13,9,1,5,4,6,6,4,4,5,4,4,2,17,3,10,3,1,B12,7,2,1,8,2,8,,84,84,1,12,4,120.632356,24.145477,2
1606,66000,387130000C,(04)23274275,(04)23288582,2025,6,5,15,2,臺中市,北屯區,0,1,0,7,2,6,50,13,7,1,5,4,6,6,4,4,3,4,4,2,12,2,9,1,1,C03,7,9,1,10,2,14,,84,84,1,12,4,120.673541,24.18959,2
1607,66000,387130000C,(04)23274275,(04)23288582,2025,6,5,15,6,臺中市,南區,0,0,0,7,,,50,,,,,,,,,,,,,,17,,,,,A05,,,1,,2,,,40,40,1,12,4,120.669977,24.114939,3
1608,66000,387130000C,(04)23274275,(04)23288582,2025,6,5,15,13,臺中市,北區,0,2,0,6,2,6,50,4,1,1,5,4,6,6,1,1,1,4,5,2,16,2,9,3,1,B03,7,6,1,8,2,2,,11,11,1,12,4,120.68252,24.146173,2
1609,66000,387130000C,(04)23274275,(04)23288582,2025,6,5,15,16,臺中市,沙鹿區,0,0,0,7,,,50,,,,,,,,,,,,,,17,,,,,C03,,,3,,2,,,59,59,1,13,4,120.604722,24.243482,3
1610,66000,387130000C,(04)23274275,(04)23288582,2025,6,5,15,17,臺中市,北屯區,0,1,0,6,2,6,50,13,9,1,5,4,6,6,4,4,9,5,5,2,12,2,9,1,1,C03,7,1,3,19,2,14,,51,51,1,12,4,120.698454,24.184988,2
1611,66000,387130000C,(04)23274275,(04)23288582,2025,6,5,15,20,臺中市,西區,0,0,0,7,,,50,,,,,,,,,,,,,,,,,,,B03,,,1,,2,,,51,51,1,12,4,120.661299,24.155529,3
1612,66000,387130000C,(04)23274275,(04)23288582,2025,6,5,15,23,臺中市,北屯區,0,2,0,7,1,6,50,13,9,1,5,4,6,6,1,1,3,4,5,2,13,2,8,3,1,B03,7,9,1,8,2,1,,84,84,1,13,4,120.686524,24.201778,2
1613,66000,387130000C,(04)23274275,(04)23288582,2025,6,5,15,25,臺中市,北區,0,0,0,7,,,50,,,,,,,,,,,,,,17,,,,,B03,,,6,,11,,,85,85,1,13,4,120.675341,24.154918,3
1614,66000,387130000C,(04)23274275,(04)23288582,2025,6,5,15,26,臺中市,北區,0,1,0,7,2,6,50,4,1,1,5,4,6,6,4,4,5,5,5,2,15,2,9,5,1,C03,7,9,1,10,2,11,,12,12,1,13,4,120.699897,24.152173,2
1615,66000,387130000C,(04)23274275,(04)23288582,2025,6,5,15,30,臺中市,南屯區,0,0,0,7,,,40,,,,,,,,,,,,,,2,,,,,B03,,,1,,9,,,50,50,1,12,4,120.642806,24.148794,3
1616,66000,387130000C,(04)23274275,(04)23288582,2025,6,5,15,30,臺中市,北屯區,0,1,0,7,2,6,40,13,8,1,5,4,6,6,4,4,10,4,4,2,17,3,10,5,4,B12,7,13,1,7,2,4,,77,77,1,12,4,120.694713,24.180351,2
1617,66000,387130000C,(04)23274275,(04)23288582,2025,6,5,15,31,臺中市,潭子區,0,0,0,7,,,30,,,,,,,,,,,,,,,,,,,B03,,,1,,2,,,8,8,1,12,4,120.721603,24.204176,3
1618,66000,387130000C,(04)23274275,(04)23288582,2025,6,5,15,37,臺中市,西屯區,0,0,0,7,,,50,,,,,,,,,,,,,,13,,,,,B03,,,1,,1,,,59,59,1,13,4,120.659154,24.193642,3
1619,66000,387130000C,(04)23274275,(04)23288582,2025,6,5,15,38,臺中市,西屯區,0,0,0,7,,,50,,,,,,,,,,,,,,12,,,,,B12,,,1,,1,,,58,58,1,13,4,120.661551,24.171873,3
1620,66000,387130000C,(04)23274275,(04)23288582,2025,6,5,15,38,臺中市,龍井區,0,1,0,7,3,6,60,13,9,1,5,4,6,6,4,4,1,4,4,2,17,3,10,3,1,B03,7,7,1,8,2,2,,40,40,1,6,4,120.522689,24.196771,2
1621,66000,387130000C,(04)23274275,(04)23288582,2025,6,5,15,45,臺中市,南屯區,0,0,0,7,,,50,,,,,,,,,,,,,,13,,,,,B03,,,1,,1,,,7,7,1,12,4,120.64832,24.132158,3
1622,66000,387130000C,(04)23274275,(04)23288582,2025,6,5,15,49,臺中市,北屯區,0,1,0,7,2,6,50,3,1,1,4,4,6,6,4,4,10,5,5,2,17,3,10,1,1,C03,7,6,1,10,2,16,,85,85,1,12,4,120.720319,24.178201,2
1623,66000,387130000C,(04)23274275,(04)23288582,2025,6,5,15,50,臺中市,神岡區,0,1,0,7,2,6,30,3,1,1,5,4,6,6,4,4,10,5,5,2,17,3,10,3,1,B03,7,6,1,8,2,8,,14,14,1,6,4,120.655181,24.264405,2
1624,66000,387130000C,(04)23274275,(04)23288582,2025,6,5,15,55,臺中市,西區,0,0,0,5,,,50,,,,,,,,,,,,,,,,,,,B03,,,1,,1,,,84,84,1,12,4,120.675306,24.134048,3
1625,66000,387130000C,(04)23274275,(04)23288582,2025,6,5,15,57,臺中市,潭子區,0,1,0,6,2,6,40,3,2,1,5,4,6,6,4,4,10,5,5,1,20,2,9,2,1,C04,7,9,1,8,2,12,,59,59,1,13,4,120.718723,24.220358,2
1626,66000,387130000C,(04)23274275,(04)23288582,2025,6,5,16,0,臺中市,梧棲區,0,0,0,7,,,30,,,,,,,,,,,,,,14,,,,,B12,,,1,,1,,,49,49,1,12,4,120.518275,24.225,3
1627,66000,387130000C,(04)23274275,(04)23288582,2025,6,5,16,9,臺中市,北屯區,0,1,0,5,3,6,50,4,2,1,4,4,6,6,1,1,5,4,5,2,18,2,9,2,1,C03,7,1,1,10,2,12,,54,54,1,6,4,120.718838,24.172649,2
1628,66000,387130000C,(04)23274275,(04)23288582,2025,6,5,16,10,臺中市,北區,0,0,0,5,2,6,50,13,9,1,4,4,3,6,4,4,9,5,5,2,11,3,10,3,1,B03,7,9,1,8,1,4,,8,8,1,12,4,120.685752,24.148445,3
1629,66000,387130000C,(04)23274275,(04)23288582,2025,6,5,16,15,臺中市,大里區,0,0,0,7,,,70,,,,,,,,,,,,,,17,,,,,A05,,,1,,2,,,84,84,1,12,4,120.667394,24.097325,3
1630,66000,387130000C,(04)23274275,(04)23288582,2025,6,5,16,16,臺中市,大肚區,0,0,0,6,2,6,50,3,2,1,5,4,6,6,1,1,5,2,5,1,13,3,10,2,1,C03,7,9,1,10,2,11,,7,7,1,6,4,120.581117,24.173676,3
1631,66000,387130000C,(04)23274275,(04)23288582,2025,6,5,16,20,臺中市,北屯區,0,2,0,5,2,6,50,4,1,1,4,4,6,6,2,1,10,5,5,2,12,2,9,1,1,C03,7,5,3,19,2,12,,84,84,1,6,4,120.70396,24.182162,2
1632,66000,387130000C,(04)23274275,(04)23288582,2025,6,5,16,25,臺中市,大里區,0,1,0,5,3,6,50,4,2,1,4,4,6,6,2,1,5,4,5,1,17,3,10,3,1,B03,7,6,1,8,2,16,,48,48,1,13,4,120.690074,24.109871,2
1633,66000,387130000C,(04)23274275,(04)23288582,2025,6,5,16,25,臺中市,太平區,0,0,0,5,,,50,,,,,,,,,,,,,,,,,,,B01,,,1,,2,,,43,43,1,12,4,120.716466,24.151074,3
1634,66000,387130000C,(04)23274275,(04)23288582,2025,6,5,16,29,臺中市,西區,0,1,0,6,2,6,30,13,9,1,4,4,6,6,4,4,10,5,5,2,17,2,1,1,1,C03,7,9,1,10,2,11,,7,7,1,12,4,120.664317,24.149259,2
1635,66000,387130000C,(04)23274275,(04)23288582,2025,6,5,16,29,臺中市,太平區,0,2,0,5,2,6,40,4,1,1,4,4,6,6,4,4,10,5,5,2,16,2,7,2,1,C03,7,6,1,10,2,11,,14,14,1,12,4,120.725789,24.128384,2
1636,66000,387130000C,(04)23274275,(04)23288582,2025,6,5,16,29,臺中市,豐原區,0,0,0,6,2,6,50,13,9,1,5,4,6,6,4,4,8,5,5,1,12,3,10,3,1,B12,7,8,1,8,9,4,,40,40,1,12,4,120.728895,24.246151,3
1637,66000,387130000C,(04)23274275,(04)23288582,2025,6,5,16,33,臺中市,南區,0,1,0,5,2,6,50,13,7,1,4,4,6,6,4,4,5,4,4,2,17,3,10,3,1,B03,7,6,1,8,2,5,,39,39,1,12,4,120.670316,24.114979,2
1638,66000,387130000C,(04)23274275,(04)23288582,2025,6,5,16,42,臺中市,太平區,0,0,0,7,,,50,,,,,,,,,,,,,,11,,,,,B03,,,1,,2,,,84,84,1,12,4,120.716998,24.118021,3
1639,66000,387130000C,(04)23274275,(04)23288582,2025,6,5,16,43,臺中市,太平區,0,2,0,5,2,6,30,4,2,1,4,4,6,6,4,4,10,5,5,2,17,3,10,3,1,B03,7,9,1,8,2,6,,12,12,1,6,4,120.706447,24.154312,2
1640,66000,387130000C,(04)23274275,(04)23288582,2025,6,5,16,46,臺中市,南區,0,0,0,5,,,50,,,,,,,,,,,,,,,,,,,C03,,,1,,2,,,7,7,1,5,4,120.666291,24.128499,4
1641,66000,387130000C,(04)23274275,(04)23288582,2025,6,5,16,46,臺中市,西屯區,0,1,0,6,2,6,50,13,9,1,5,4,6,6,4,4,5,4,5,2,16,3,10,5,4,B12,7,11,1,7,2,5,,20,20,1,12,4,120.625622,24.184636,2
1642,66000,387130000C,(04)23274275,(04)23288582,2025,6,5,16,46,臺中市,西屯區,0,1,0,7,2,6,40,13,8,1,5,4,6,6,4,4,3,4,4,2,17,2,9,5,4,C03,7,15,1,10,2,11,,7,7,1,13,4,120.658048,24.176005,2
1643,66000,387130000C,(04)23274275,(04)23288582,2025,6,5,16,50,臺中市,龍井區,0,0,0,7,,,50,,,,,,,,,,,,,,,,,,,B03,,,1,,2,,,7,7,1,12,4,120.545586,24.182712,3
1644,66000,387130000C,(04)23274275,(04)23288582,2025,6,5,16,52,臺中市,烏日區,0,0,0,7,,,50,,,,,,,,,,,,,,12,,,,,B03,,,1,,2,,,8,8,1,6,4,120.63573,24.106977,3
1645,66000,387130000C,(04)23274275,(04)23288582,2025,6,5,16,54,臺中市,大雅區,0,0,0,6,,,50,,,,,,,,,,,,,,9,,,,,B11,,,1,,1,,,40,40,1,13,4,120.649483,24.226931,3
1646,66000,387130000C,(04)23274275,(04)23288582,2025,6,5,16,54,臺中市,北屯區,0,0,0,5,,,50,,,,,,,,,,,,,,13,,,,,B03,,,1,,1,,,7,7,1,6,4,120.693351,24.196579,3
1647,66000,387130000C,(04)23274275,(04)23288582,2025,6,5,16,54,臺中市,西屯區,0,1,0,6,2,6,70,3,2,1,5,4,6,6,4,4,1,5,5,2,16,3,10,3,1,B03,7,5,1,8,2,2,,14,14,1,12,4,120.626986,24.17739,2
1648,66000,387130000C,(04)23274275,(04)23288582,2025,6,5,16,55,臺中市,北區,0,0,0,7,,,50,,,,,,,,,,,,,,17,,,,,B03,,,1,,2,,,7,7,1,13,4,120.684913,24.161893,3
1649,66000,387130000C,(04)23274275,(04)23288582,2025,6,5,16,56,臺中市,太平區,0,1,0,5,2,6,50,13,9,1,4,4,6,6,4,4,9,5,4,2,16,3,10,3,1,B03,7,11,1,8,2,8,,45,45,1,6,4,120.700083,24.151529,2
1650,66000,387130000C,(04)23274275,(04)23288582,2025,6,5,16,57,臺中市,北屯區,0,1,0,5,2,6,50,3,1,1,4,4,6,6,4,4,10,5,5,2,13,2,9,1,1,C03,7,9,1,10,2,11,,7,7,1,12,4,120.722559,24.161416,2
1651,66000,387130000C,(04)23274275,(04)23288582,2025,6,5,16,57,臺中市,大里區,0,0,0,5,,,30,,,,,,,,,,,,,,,,,,,B03,,,1,,2,,,50,50,1,6,4,120.707246,24.097191,3
1652,66000,387130000C,(04)23274275,(04)23288582,2025,6,5,16,57,臺中市,后里區,0,0,0,5,,,50,,,,,,,,,,,,,,,,,,,B12,,,1,,1,,,8,8,1,12,4,120.719233,24.309292,3
1653,66000,387130000C,(04)23274275,(04)23288582,2025,6,5,17,0,臺中市,龍井區,0,1,0,7,2,6,30,13,9,1,5,4,6,6,4,4,10,5,5,2,16,3,10,3,1,B03,7,5,1,8,2,2,,65,65,1,6,4,120.501654,24.218913,2
1654,66000,387130000C,(04)23274275,(04)23288582,2025,6,5,17,1,臺中市,南區,0,0,0,5,,,40,,,,,,,,,,,,,,17,,,,,B03,,,1,,1,,,50,50,1,6,4,120.674369,24.128694,3
1655,66000,387130000C,(04)23274275,(04)23288582,2025,6,5,17,1,臺中市,南屯區,0,0,0,6,,,50,,,,,,,,,,,,,,,,,,,B03,,,1,,2,,,59,59,1,6,4,120.637463,24.133994,3
1656,66000,387130000C,(04)23274275,(04)23288582,2025,6,5,17,5,臺中市,霧峰區,0,0,0,7,,,50,,,,,,,,,,,,,,17,,,,,C03,,,1,,2,,,26,26,1,6,4,120.662997,24.059765,3
1657,66000,387130000C,(04)23274275,(04)23288582,2025,6,5,17,7,臺中市,太平區,0,0,0,5,,,50,,,,,,,,,,,,,,,,,,,B03,,,1,,2,,,84,84,1,12,4,120.713438,24.142627,3
1658,66000,387130000C,(04)23274275,(04)23288582,2025,6,5,17,9,臺中市,太平區,0,1,0,5,2,6,50,13,9,1,3,4,6,6,2,1,5,5,5,2,17,2,7,1,1,C03,7,4,1,10,6,12,,1,1,1,6,4,120.724486,24.149171,2
1659,66000,387130000C,(04)23274275,(04)23288582,2025,6,5,17,10,臺中市,西屯區,0,0,0,7,,,50,,,,,,,,,,,,,,,,,,,B03,,,1,,1,,,40,40,1,12,4,120.619904,24.187134,3
1660,66000,387130000C,(04)23274275,(04)23288582,2025,6,5,17,10,臺中市,豐原區,0,1,0,5,2,6,50,3,1,1,4,4,6,6,2,1,1,2,4,1,17,3,10,3,1,B03,7,7,1,8,2,16,,35,35,1,6,4,120.722423,24.260487,2
1661,66000,387130000C,(04)23274275,(04)23288582,2025,6,5,17,12,臺中市,北區,0,0,0,5,,,50,,,,,,,,,,,,,,13,,,,,B03,,,1,,1,,,58,58,1,13,4,120.683352,24.148457,3
1662,66000,387130000C,(04)23274275,(04)23288582,2025,6,5,17,12,臺中市,南屯區,0,2,0,7,2,6,50,4,1,1,5,4,6,6,1,1,9,4,5,2,12,2,9,1,1,C03,7,5,1,10,2,11,,59,59,1,12,4,120.652826,24.147575,2
1663,66000,387130000C,(04)23274275,(04)23288582,2025,6,5,17,12,臺中市,大里區,0,0,0,7,,,80,,,,,,,,,,,,,,13,,,,,B03,,,1,,2,,,7,7,1,12,4,120.690704,24.098029,3
1664,66000,387130000C,(04)23274275,(04)23288582,2025,6,5,17,14,臺中市,太平區,0,0,0,5,,,40,,,,,,,,,,,,,,,,,,,B03,,,1,,2,,,49,49,1,12,4,120.721122,24.120208,3
1665,66000,387130000C,(04)23274275,(04)23288582,2025,6,5,17,14,臺中市,太平區,0,0,0,5,,,50,,,,,,,,,,,,,,,,,,,C03,,,1,,2,,,7,7,1,12,4,120.718129,24.116896,3
1666,66000,387130000C,(04)23274275,(04)23288582,2025,6,5,17,15,臺中市,北區,0,1,0,5,3,6,50,3,1,1,4,4,6,6,4,4,5,5,5,2,17,3,10,3,1,B03,7,9,1,8,2,5,,7,7,1,12,4,120.683932,24.155299,2
1667,66000,387130000C,(04)23274275,(04)23288582,2025,6,5,17,16,臺中市,豐原區,0,0,0,6,,,50,,,,,,,,,,,,,,17,,,,,C03,,,1,,2,,,85,85,1,12,4,120.718871,24.243666,3
1668,66000,387130000C,(04)23274275,(04)23288582,2025,6,5,17,18,臺中市,西屯區,0,3,0,6,2,6,80,13,7,1,5,4,6,6,4,4,1,4,5,1,13,2,7,5,4,B03,7,9,1,8,2,1,,7,7,1,13,4,120.634602,24.177472,2
1669,66000,387130000C,(04)23274275,(04)23288582,2025,6,5,17,20,臺中市,北屯區,0,0,0,5,,,50,,,,,,,,,,,,,,,,,,,B03,,,1,,1,,,20,20,1,13,4,120.692983,24.162548,3
1670,66000,387130000C,(04)23274275,(04)23288582,2025,6,5,17,20,臺中市,大里區,0,1,0,5,1,6,50,4,1,1,4,4,6,6,1,1,10,5,5,2,17,3,10,3,1,B03,7,5,1,8,2,6,,47,47,1,12,4,120.681244,24.104882,2
1671,66000,387130000C,(04)23274275,(04)23288582,2025,6,5,17,20,臺中市,霧峰區,0,1,0,5,2,6,40,3,6,1,4,4,6,6,3,1,10,3,4,2,17,3,10,3,1,G03,7,6,1,2,2,16,,11,11,1,6,4,120.664171,24.076134,2
1672,66000,387130000C,(04)23274275,(04)23288582,2025,6,5,17,25,臺中市,南區,0,0,0,7,,,50,,,,,,,,,,,,,,13,,,,,C03,,,1,,2,,,7,7,1,12,4,120.679286,24.119037,3
1673,66000,387130000C,(04)23274275,(04)23288582,2025,6,5,17,25,臺中市,后里區,0,1,0,5,2,6,40,3,8,1,4,4,6,6,1,1,1,4,4,1,17,2,7,2,1,C03,7,9,1,10,2,11,,84,84,1,12,4,120.722948,24.28734,2
1674,66000,387130000C,(04)23274275,(04)23288582,2025,6,5,17,26,臺中市,沙鹿區,0,0,0,7,,,50,,,,,,,,,,,,,,,,,,,B03,,,6,,1,,,49,49,1,6,4,120.548903,24.22804,3
1675,66000,387130000C,(04)23274275,(04)23288582,2025,6,5,17,28,臺中市,潭子區,0,2,0,6,3,6,50,3,1,1,5,4,6,6,1,1,5,4,4,2,17,2,7,2,1,F03,7,6,7,21,2,11,,11,11,1,13,4,120.678509,24.203652,2
1676,66000,387130000C,(04)23274275,(04)23288582,2025,6,5,17,28,臺中市,北屯區,0,2,0,5,2,6,50,13,9,1,4,4,6,6,4,4,9,5,5,2,16,3,10,5,4,B03,7,5,1,8,2,2,,65,65,1,12,4,120.705945,24.174197,2
1677,66000,387130000C,(04)23274275,(04)23288582,2025,6,5,17,29,臺中市,神岡區,0,1,0,7,2,6,50,3,1,1,5,4,6,6,4,4,10,5,5,1,17,3,10,5,4,B12,7,6,1,8,2,4,,59,59,1,13,4,120.695802,24.24792,2
1678,66000,387130000C,(04)23274275,(04)23288582,2025,6,5,17,30,臺中市,豐原區,0,0,0,5,,,,,,,,,,,,,,,,,,,,,,,,,,,,,,86,86,1,,,120.725167,24.24537,3
1679,66000,387130000C,(04)23274275,(04)23288582,2025,6,5,17,35,臺中市,南屯區,0,2,0,7,2,6,40,3,1,1,5,4,6,6,4,4,9,4,4,2,12,2,9,1,1,C03,7,6,3,19,2,14,,48,48,1,12,4,120.615853,24.151246,2
1680,66000,387130000C,(04)23274275,(04)23288582,2025,6,5,17,38,臺中市,北區,0,1,0,5,2,6,50,13,8,1,4,4,6,6,4,4,9,5,4,2,16,3,10,1,1,C04,7,11,1,11,2,11,,45,45,1,12,4,120.691003,24.152418,2
1681,66000,387130000C,(04)23274275,(04)23288582,2025,6,5,17,38,臺中市,北區,0,0,0,7,,,50,,,,,,,,,,,,,,17,,,,,A05,,,1,,1,,,40,40,1,13,4,120.683102,24.145855,3
1682,66000,387130000C,(04)23274275,(04)23288582,2025,6,5,17,38,臺中市,豐原區,0,0,0,5,,,60,,,,,,,,,,,,,,13,,,,,B03,,,1,,2,,,7,7,1,6,4,120.737307,24.252104,3
1683,66000,387130000C,(04)23274275,(04)23288582,2025,6,5,17,40,臺中市,北屯區,0,1,0,7,2,6,50,13,9,1,5,4,1,6,4,4,1,4,5,2,20,2,9,1,1,C03,7,9,1,10,2,11,,84,84,1,12,4,120.686519,24.199765,2
1684,66000,387130000C,(04)23274275,(04)23288582,2025,6,5,17,41,臺中市,豐原區,0,0,0,5,,,50,,,,,,,,,,,,,,17,,,,,C03,,,1,,1,,,78,78,1,12,2,120.724391,24.252291,3
1685,66000,387130000C,(04)23274275,(04)23288582,2025,6,5,17,41,臺中市,豐原區,0,0,0,5,2,6,50,4,9,1,4,4,6,6,4,4,10,5,5,1,14,3,10,3,1,B03,7,2,1,8,2,3,,49,49,1,12,4,120.72978,24.236814,3
1686,66000,387130000C,(04)23274275,(04)23288582,2025,6,5,17,42,臺中市,大雅區,0,0,0,6,,,30,,,,,,,,,,,,,,9,,,,,B03,,,1,,1,,,78,78,1,13,4,120.632955,24.219194,3
1687,66000,387130000C,(04)23274275,(04)23288582,2025,6,5,17,49,臺中市,西屯區,0,1,0,7,1,6,50,4,1,1,5,4,6,6,1,1,8,4,5,1,17,3,10,5,4,C03,7,6,1,10,2,12,,11,11,1,13,4,120.655359,24.158092,2
1688,66000,387130000C,(04)23274275,(04)23288582,2025,6,5,17,49,臺中市,烏日區,0,1,0,6,3,6,40,3,1,1,5,4,6,6,4,4,1,5,3,1,16,3,10,3,1,B03,7,5,1,8,2,6,,47,47,1,6,4,120.587575,24.113315,2
1689,66000,387130000C,(04)23274275,(04)23288582,2025,6,5,17,52,臺中市,沙鹿區,0,0,0,7,,,40,,,,,,,,,,,,,,12,,,,,B03,,,1,,2,,,40,40,1,5,4,120.55765,24.211566,3
1690,66000,387130000C,(04)23274275,(04)23288582,2025,6,5,17,53,臺中市,東區,0,0,0,5,,,50,,,,,,,,,,,,,,,,,,,B03,,,1,,1,,,11,11,1,12,4,120.69714,24.13319,3
1691,66000,387130000C,(04)23274275,(04)23288582,2025,6,5,17,54,臺中市,霧峰區,0,1,0,5,2,6,50,11,9,1,4,4,6,6,4,4,5,5,5,1,12,2,8,1,1,C03,7,9,1,10,2,14,,1,1,1,13,4,120.689745,24.070404,2
1692,66000,387130000C,(04)23274275,(04)23288582,2025,6,5,17,55,臺中市,太平區,0,1,0,5,2,6,50,13,9,1,4,4,6,6,4,4,5,5,5,1,12,2,7,1,1,C03,7,9,1,10,2,14,,42,42,1,6,4,120.734192,24.144247,2
1693,66000,387130000C,(04)23274275,(04)23288582,2025,6,5,17,56,臺中市,南屯區,0,0,0,7,,,50,,,,,,,,,,,,,,12,,,,,B03,,,1,,2,,,84,84,1,12,4,120.627524,24.138296,3
1694,66000,387130000C,(04)23274275,(04)23288582,2025,6,5,18,0,臺中市,西屯區,0,1,0,7,2,6,50,4,1,1,5,4,6,6,1,1,10,5,5,2,12,3,10,3,1,B03,7,9,1,8,2,2,,8,8,1,12,4,120.656546,24.163449,2