序號,縣市別代碼,機關代碼,市話,傳真,年,月,日,時,分,縣市,區,死亡數量,受傷數量,2-30,天候,道路照明設備,道路類別,道路速限,道路型態,事故位置,路面鋪裝,路面狀態,路面缺陷,障礙物,視距,號誌種類,號誌動作,分向設施,快車道或一般車道間,快慢車道間,路面邊線,事故類型及型態,受傷程度,主要傷處,保護裝備,行動電話或功能裝置,當事者區分(類別),車輛用途,當事者行動狀態,駕照狀態,駕照種類,飲酒情形,車輛撞擊部位最初,車輛撞擊部位其他,肇事因素個別,肇事因素主要,肇事逃逸,職業,共享經濟或外送平台,GPS座標X,GPS座標Y,事故類別
1695,66000,387130000C,(04)23274275,(04)23288582,2025,6,5,18,1,臺中市,沙鹿區,0,0,0,7,,,50,,,,,,,,,,,,,,17,,,,,B02,,,1,,2,,,59,59,1,6,4,120.572275,24.194688,3
1696,66000,387130000C,(04)23274275,(04)23288582,2025,6,5,18,6,臺中市,南屯區,0,1,0,6,2,6,50,13,7,1,5,4,6,6,4,4,1,4,4,2,13,3,10,3,1,B03,7,9,3,19,1,5,,84,84,1,6,4,120.626866,24.145254,2
1697,66000,387130000C,(04)23274275,(04)23288582,2025,6,5,18,8,臺中市,太平區,0,0,0,7,,2,80,,,,,,,,,,,,,,13,,,,,B03,,,1,,2,,,7,7,1,12,4,120.714272,24.148696,3
1698,66000,387130000C,(04)23274275,(04)23288582,2025,6,5,18,17,臺中市,西屯區,0,0,0,5,1,6,50,4,2,1,4,4,6,6,2,1,9,4,5,2,12,,,,,C03,,,1,,2,,,7,7,1,13,4,120.606473,24.192739,3
1699,66000,387130000C,(04)23274275,(04)23288582,2025,6,5,18,26,臺中市,北屯區,0,1,0,5,1,6,50,4,1,1,4,4,6,6,2,1,10,5,5,2,16,3,10,3,1,B03,7,5,1,8,2,5,,26,26,1,12,4,120.690407,24.185539,2
1700,66000,387130000C,(04)23274275,(04)23288582,2025,6,5,18,29,臺中市,西屯區,0,0,0,6,,,50,,,,,,,,,,,,,,12,,,,,B03,,,1,,2,,,20,20,1,12,4,120.665062,24.16682,3
1701,66000,387130000C,(04)23274275,(04)23288582,2025,6,5,18,30,臺中市,西屯區,0,0,0,6,,,50,,,,,,,,,,,,,,13,,,,,B03,,,1,,1,,,59,59,1,12,4,120.615509,24.189234,3
1702,66000,387130000C,(04)23274275,(04)23288582,2025,6,5,18,31,臺中市,大里區,0,1,0,5,3,6,50,5,2,1,4,4,6,6,2,1,5,5,4,2,17,2,8,1,1,C03,7,6,1,10,2,14,,84,84,1,13,4,120.683814,24.10078,2
1703,66000,387130000C,(04)23274275,(04)23288582,2025,6,5,18,35,臺中市,霧峰區,0,1,0,5,2,6,50,4,1,1,4,4,6,6,1,1,5,5,5,2,16,3,10,5,4,B12,7,6,1,8,2,8,,84,84,1,12,4,120.684369,24.050891,2
1704,66000,387130000C,(04)23274275,(04)23288582,2025,6,5,18,36,臺中市,西屯區,0,0,0,7,,,30,,,,,,,,,,,,,,,,,,,B03,,,1,,9,,,84,84,1,12,4,120.66339,24.175947,3
1705,66000,387130000C,(04)23274275,(04)23288582,2025,6,5,18,42,臺中市,北屯區,0,0,0,5,,,40,,,,,,,,,,,,,,14,,,,,B03,,,1,,2,,,49,49,1,6,4,120.730136,24.161205,3
1706,66000,387130000C,(04)23274275,(04)23288582,2025,6,5,18,42,臺中市,大里區,0,0,0,5,,,50,,,,,,,,,,,,,,17,,,,,B03,,,1,,2,,,35,35,1,12,4,120.688331,24.101622,3
1707,66000,387130000C,(04)23274275,(04)23288582,2025,6,5,18,42,臺中市,豐原區,0,1,0,6,2,6,50,4,2,1,5,4,6,6,4,4,5,5,5,2,12,3,10,3,1,B03,7,1,1,8,2,4,,51,51,1,12,4,120.713102,24.249196,2
1708,66000,387130000C,(04)23274275,(04)23288582,2025,6,5,18,47,臺中市,南屯區,0,0,0,7,,,50,,,,,,,,,,,,,,13,,,,,B02,,,1,,1,,,7,7,1,12,4,120.643508,24.138212,4
1709,66000,387130000C,(04)23274275,(04)23288582,2025,6,5,18,51,臺中市,東區,0,0,0,5,,,50,,,,,,,,,,,,,,17,,,,,,,,,,,,,85,85,1,,,120.690203,24.12893,4
1710,66000,387130000C,(04)23274275,(04)23288582,2025,6,5,18,51,臺中市,南屯區,0,0,0,7,,,50,,,,,,,,,,,,,,,,,,,B03,,,1,,9,,,50,50,2,13,4,120.637838,24.138419,3
1711,66000,387130000C,(04)23274275,(04)23288582,2025,6,5,18,59,臺中市,霧峰區,0,0,0,5,,,80,,,,,,,,,,,,,,,,,,,B03,,,1,,1,,,7,7,1,6,4,120.685301,24.075067,3
1712,66000,387130000C,(04)23274275,(04)23288582,2025,6,5,19,1,臺中市,霧峰區,0,0,0,5,,,50,,,,,,,,,,,,,,17,,,,,B03,,,1,,2,,,7,7,1,6,4,120.708179,24.076675,3
1713,66000,387130000C,(04)23274275,(04)23288582,2025,6,5,19,5,臺中市,沙鹿區,0,1,0,6,1,6,50,13,8,1,5,4,6,6,4,4,1,4,4,2,18,2,8,2,1,C03,7,9,1,10,2,14,,84,84,1,6,4,120.568498,24.224549,2
1714,66000,387130000C,(04)23274275,(04)23288582,2025,6,5,19,8,臺中市,南屯區,0,2,0,7,2,6,50,13,9,1,5,4,6,6,4,4,5,4,5,2,17,2,9,2,1,C03,7,1,1,10,2,11,,51,51,1,12,4,120.610111,24.133336,2
1715,66000,387130000C,(04)23274275,(04)23288582,2025,6,5,19,12,臺中市,北區,0,0,0,5,,,50,,,,,,,,,,,,,,14,,,,,B03,,,1,,1,,,49,49,1,13,4,120.68051,24.153873,3
1716,66000,387130000C,(04)23274275,(04)23288582,2025,6,5,19,12,臺中市,南區,0,0,0,5,,,50,,,,,,,,,,,,,,17,,,,,B03,,,1,,2,,,76,76,1,6,4,120.684013,24.122061,3
1717,66000,387130000C,(04)23274275,(04)23288582,2025,6,5,19,19,臺中市,南屯區,0,0,0,6,,,50,,,,,,,,,,,,,,13,,,,,C03,,,1,,1,,,7,7,1,12,4,120.646233,24.128017,3
1718,66000,387130000C,(04)23274275,(04)23288582,2025,6,5,19,19,臺中市,豐原區,0,0,0,5,,,50,,,,,,,,,,,,,,13,,,,,B03,,,1,,2,,,7,7,1,6,4,120.713091,24.262174,3
1719,66000,387130000C,(04)23274275,(04)23288582,2025,6,5,19,21,臺中市,大里區,0,0,0,5,,,40,,,,,,,,,,,,,,14,,,,,B12,,,1,,2,,,49,49,1,13,4,120.692685,24.103613,3
1720,66000,387130000C,(04)23274275,(04)23288582,2025,6,5,19,23,臺中市,大里區,0,0,0,5,,,50,,,,,,,,,,,,,,17,,,,,B03,,,1,,2,,,84,84,1,12,4,120.677647,24.104003,3
1721,66000,387130000C,(04)23274275,(04)23288582,2025,6,5,19,28,臺中市,西屯區,0,0,0,7,,,50,,,,,,,,,,,,,,17,,,,,C03,,,1,,1,,,45,45,1,13,4,120.644927,24.182309,3
1722,66000,387130000C,(04)23274275,(04)23288582,2025,6,5,19,30,臺中市,北區,0,1,0,5,1,6,50,4,9,1,4,4,6,6,1,1,5,5,5,2,18,2,9,1,1,C03,7,15,1,10,2,15,,84,84,1,12,4,120.683403,24.148307,2
1723,66000,387130000C,(04)23274275,(04)23288582,2025,6,5,19,38,臺中市,東區,0,1,0,5,1,6,50,4,19,1,4,4,6,6,2,1,10,5,5,2,3,3,10,3,1,B03,7,6,1,8,2,1,,10,10,1,12,4,120.692483,24.147958,2
1724,66000,387130000C,(04)23274275,(04)23288582,2025,6,5,19,40,臺中市,南屯區,0,2,0,6,1,6,50,3,1,1,5,4,6,6,1,1,1,5,5,2,16,2,8,2,1,C03,7,9,1,10,2,11,,21,21,1,6,4,120.61005,24.155108,2
1725,66000,387130000C,(04)23274275,(04)23288582,2025,6,5,19,41,臺中市,西區,0,0,0,7,,,50,,,,,,,,,,,,,,,,,,,C03,,,1,,1,,,20,20,1,6,4,120.655135,24.142556,3
1726,66000,387130000C,(04)23274275,(04)23288582,2025,6,5,19,42,臺中市,西屯區,0,1,0,7,1,6,30,3,1,1,5,4,6,6,4,4,10,5,5,2,16,3,10,5,4,B03,7,6,1,8,2,4,,13,13,1,12,4,120.641826,24.202032,2
1727,66000,387130000C,(04)23274275,(04)23288582,2025,6,5,19,43,臺中市,西屯區,0,0,0,6,,,30,,,,,,,,,,,,,,30,,,,,B13,,,1,,2,,,43,43,1,12,4,120.647124,24.175145,3
1728,66000,387130000C,(04)23274275,(04)23288582,2025,6,5,19,52,臺中市,西屯區,0,1,0,7,2,6,50,3,1,1,5,4,6,6,4,4,5,5,5,2,17,3,10,3,1,B03,7,6,1,8,2,1,,84,84,1,12,4,120.666219,24.175224,2
1729,66000,387130000C,(04)23274275,(04)23288582,2025,6,5,19,53,臺中市,西屯區,0,1,0,6,1,6,50,3,2,1,5,4,6,6,2,1,9,5,5,2,13,2,9,2,1,C03,7,9,1,10,2,11,,58,58,1,12,4,120.61422,24.176189,2
1730,66000,387130000C,(04)23274275,(04)23288582,2025,6,5,19,56,臺中市,中區,0,1,0,5,2,6,50,3,1,1,4,4,6,6,1,1,10,5,5,2,17,3,10,5,4,B03,7,5,1,8,2,8,,11,11,1,12,4,120.6684,24.153074,2
1731,66000,387130000C,(04)23274275,(04)23288582,2025,6,5,20,1,臺中市,北屯區,0,0,0,5,,,40,,,,,,,,,,,,,,9,,,,,C03,,,1,10,1,,,84,84,1,12,4,120.683726,24.172042,3
1732,66000,387130000C,(04)23274275,(04)23288582,2025,6,5,20,2,臺中市,南屯區,0,1,0,7,2,6,30,4,1,1,5,4,6,6,4,4,9,5,5,2,17,3,10,3,1,B01,7,6,1,8,2,1,,14,14,1,12,4,120.639165,24.150025,2
1733,66000,387130000C,(04)23274275,(04)23288582,2025,6,5,20,4,臺中市,大里區,0,0,0,5,,,30,,,,,,,,,,,,,,12,,,,,B03,,,1,,2,,,8,8,1,13,4,120.665708,24.106981,3
1734,66000,387130000C,(04)23274275,(04)23288582,2025,6,5,20,10,臺中市,西屯區,0,0,0,7,,,50,,,,,,,,,,,,,,13,,,,,B03,,,1,,1,,,59,59,1,13,4,120.638339,24.177315,4
1735,66000,387130000C,(04)23274275,(04)23288582,2025,6,5,20,11,臺中市,西屯區,0,1,0,7,1,6,50,3,1,1,5,4,6,6,4,4,8,4,5,1,13,3,10,5,4,B02,7,6,1,8,1,1,,59,59,1,13,4,120.649216,24.171255,2
1736,66000,387130000C,(04)23274275,(04)23288582,2025,6,5,20,12,臺中市,霧峰區,0,1,0,7,1,6,60,5,4,1,4,4,6,6,1,1,3,4,5,1,12,3,10,5,4,A41,7,1,1,1,2,2,,25,25,1,12,4,120.696738,24.069876,2
1737,66000,387130000C,(04)23274275,(04)23288582,2025,6,5,20,13,臺中市,豐原區,0,2,0,5,1,6,50,13,8,1,4,4,6,6,1,1,1,4,4,1,18,2,9,1,1,C03,7,9,1,10,2,14,,84,84,1,13,4,120.739278,24.262451,2
1738,66000,387130000C,(04)23274275,(04)23288582,2025,6,5,20,18,臺中市,龍井區,0,0,0,6,1,6,30,13,9,1,4,4,6,6,4,4,10,5,5,2,14,3,10,3,1,B03,7,2,1,8,1,1,,49,49,1,6,4,120.586705,24.184207,3
1739,66000,387130000C,(04)23274275,(04)23288582,2025,6,5,20,19,臺中市,大里區,0,1,0,5,1,6,30,3,9,1,4,4,6,6,4,4,10,5,5,2,11,3,10,3,1,B03,7,5,1,8,2,8,,14,14,1,6,4,120.712326,24.086412,2
1740,66000,387130000C,(04)23274275,(04)23288582,2025,6,5,20,20,臺中市,豐原區,0,0,0,7,,,30,,,,,,,,,,,,,,,,,,,B12,,,1,,9,,,84,84,1,12,4,120.724169,24.247863,3
1741,66000,387130000C,(04)23274275,(04)23288582,2025,6,5,20,23,臺中市,南屯區,0,0,0,7,,,50,,,,,,,,,,,,,,17,,,,,B03,,,1,,1,,,84,84,1,12,4,120.622641,24.144617,3
1742,66000,387130000C,(04)23274275,(04)23288582,2025,6,5,20,30,臺中市,北屯區,0,1,0,5,2,6,50,13,7,1,4,4,6,6,4,4,5,4,4,2,17,3,10,3,1,B03,7,3,1,8,2,8,,50,50,1,12,4,120.693337,24.167344,2
1743,66000,387130000C,(04)23274275,(04)23288582,2025,6,5,20,37,臺中市,南屯區,0,1,0,7,1,6,50,13,8,1,5,4,6,6,4,4,1,4,1,2,12,2,9,2,2,C03,7,8,3,19,2,14,,40,40,1,12,4,120.62272,24.141352,2
1744,66000,387130000C,(04)23274275,(04)23288582,2025,6,5,20,44,臺中市,西區,0,0,0,7,,,40,,,,,,,,,,,,,,17,,,,,B03,,,1,,2,,,40,40,1,12,4,120.659687,24.157317,3
1745,66000,387130000C,(04)23274275,(04)23288582,2025,6,5,20,48,臺中市,北屯區,0,1,0,6,1,6,50,13,7,1,4,4,6,6,4,4,5,5,4,2,3,2,7,6,5,H01,8,18,7,21,10,17,,95,95,1,12,5,120.696545,24.180337,2
1746,66000,387130000C,(04)23274275,(04)23288582,2025,6,5,20,53,臺中市,南區,0,0,0,5,,,50,,,,,,,,,,,,,,14,,,,,B03,,,1,,2,,,49,49,1,6,4,120.657888,24.116511,3
1747,66000,387130000C,(04)23274275,(04)23288582,2025,6,5,20,58,臺中市,北區,0,0,0,5,,,50,,,,,,,,,,,,,,14,,,,,B02,,,1,,1,,,84,84,1,12,4,120.685669,24.154219,3
1748,66000,387130000C,(04)23274275,(04)23288582,2025,6,5,21,0,臺中市,西屯區,0,0,0,7,,,50,,,,,,,,,,,,,,17,,,,,B03,,,1,,2,,,59,59,1,12,4,120.647548,24.174132,3
1749,66000,387130000C,(04)23274275,(04)23288582,2025,6,5,21,15,臺中市,西區,0,0,0,7,,,40,,,,,,,,,,,,,,,,,,,B03,,,1,,2,,,84,84,1,12,4,120.665228,24.149628,3
1750,66000,387130000C,(04)23274275,(04)23288582,2025,6,5,21,27,臺中市,大里區,0,1,0,7,1,6,50,13,9,1,4,4,6,6,1,1,3,4,5,2,18,2,9,5,4,C03,7,15,1,10,2,16,,84,84,1,12,4,120.690969,24.091978,2
1751,66000,387130000C,(04)23274275,(04)23288582,2025,6,5,21,34,臺中市,大甲區,0,0,0,5,,,40,,,,,,,,,,,,,,13,,,,,C03,,,3,,1,,,7,7,1,6,4,120.617941,24.341983,3
1752,66000,387130000C,(04)23274275,(04)23288582,2025,6,5,21,38,臺中市,豐原區,0,1,0,6,1,6,50,4,1,1,5,4,6,6,4,4,10,5,4,2,15,3,10,1,1,C03,7,9,1,10,9,12,,12,12,1,12,4,120.718837,24.250564,2
1753,66000,387130000C,(04)23274275,(04)23288582,2025,6,5,21,39,臺中市,西屯區,0,1,0,6,1,6,50,3,2,1,4,4,6,6,4,4,9,5,4,2,16,3,10,5,4,B02,7,1,1,8,2,1,,51,51,1,13,4,120.593526,24.180414,2
1754,66000,387130000C,(04)23274275,(04)23288582,2025,6,5,21,43,臺中市,南屯區,0,0,0,7,,,50,,,,,,,,,,,,,,17,,,,,B12,,,1,,2,,,78,78,1,6,4,120.635723,24.150445,3
1755,66000,387130000C,(04)23274275,(04)23288582,2025,6,5,22,0,臺中市,龍井區,0,0,0,7,,,30,,,,,,,,,,,,,,14,,,,,B03,,,1,,9,,,49,49,1,12,4,120.586878,24.184396,3
1756,66000,387130000C,(04)23274275,(04)23288582,2025,6,5,22,3,臺中市,北區,0,1,0,6,1,6,50,13,9,1,4,4,6,6,4,4,3,4,4,2,18,2,9,1,1,C03,7,9,1,10,2,12,,84,84,1,12,4,120.685775,24.16287,2
1757,66000,387130000C,(04)23274275,(04)23288582,2025,6,5,22,23,臺中市,北區,0,1,0,5,1,6,50,18,9,1,4,4,6,6,4,4,5,5,5,2,30,2,9,1,1,C03,7,9,1,10,2,15,,84,84,1,12,4,120.675465,24.164167,2
1758,66000,387130000C,(04)23274275,(04)23288582,2025,6,5,22,27,臺中市,北屯區,0,1,0,5,1,6,50,13,9,1,4,4,6,6,4,4,5,4,5,2,28,2,9,1,1,C03,7,9,1,10,2,11,,84,84,1,13,4,120.718301,24.189143,2
1759,66000,387130000C,(04)23274275,(04)23288582,2025,6,5,22,30,臺中市,龍井區,0,2,0,5,1,6,50,4,1,1,4,4,6,6,2,1,10,5,5,2,16,2,9,2,1,C03,7,9,3,19,2,14,,6,6,1,6,4,120.58409,24.182019,2
1760,66000,387130000C,(04)23274275,(04)23288582,2025,6,5,22,52,臺中市,西區,0,1,0,6,1,6,40,3,1,1,4,4,6,6,4,4,10,5,5,1,30,2,9,5,4,C03,7,5,1,10,2,12,,84,84,1,12,4,120.661587,24.155869,2
1761,66000,387130000C,(04)23274275,(04)23288582,2025,6,5,22,53,臺中市,中區,0,1,0,7,1,6,50,13,9,1,5,4,6,6,4,4,5,2,5,2,17,3,10,3,1,B03,7,1,2,19,2,8,,51,51,1,12,4,120.676115,24.145144,2
1762,66000,387130000C,(04)23274275,(04)23288582,2025,6,5,22,56,臺中市,西屯區,0,0,0,7,,,50,,,,,,,,,,,,,,13,,,,,C03,,,1,,1,,,59,59,1,12,4,120.643003,24.176992,3
1763,66000,387130000C,(04)23274275,(04)23288582,2025,6,5,22,58,臺中市,豐原區,0,0,0,5,,,50,,,,,,,,,,,,,,12,,,,,B03,,,1,,2,,,47,47,1,12,4,120.709429,24.253418,3
1764,66000,387130000C,(04)23274275,(04)23288582,2025,6,5,23,6,臺中市,北屯區,0,0,0,5,,,40,,,,,,,,,,,,,,13,,,,,B03,,,1,,1,,,84,84,1,12,4,120.718953,24.162005,3
1765,66000,387130000C,(04)23274275,(04)23288582,2025,6,5,23,24,臺中市,后里區,0,0,0,7,1,5,50,13,9,1,5,4,6,6,4,4,5,5,5,1,11,3,10,3,1,B03,7,9,1,8,2,2,,49,49,1,12,4,120.671516,24.309947,3
1766,66000,387130000C,(04)23274275,(04)23288582,2025,6,5,23,30,臺中市,烏日區,0,0,0,7,,,50,,,,,,,,,,,,,,17,,,,,B03,,,1,,9,,,87,87,1,6,4,120.621935,24.106322,3
1767,66000,387130000C,(04)23274275,(04)23288582,2025,6,5,23,35,臺中市,東區,0,1,0,6,1,6,50,4,1,1,4,4,6,6,3,1,10,5,5,2,18,2,9,2,1,C03,7,9,1,10,2,14,,5,5,1,13,4,120.696518,24.127215,2
1768,66000,387130000C,(04)23274275,(04)23288582,2025,6,5,23,52,臺中市,北屯區,0,1,0,6,1,6,50,4,19,1,4,4,6,6,2,1,10,5,5,2,3,3,10,3,1,B03,7,5,1,8,2,5,,10,10,1,6,4,120.685498,24.172177,2
1769,66000,387130000C,(04)23274275,(04)23288582,2025,6,6,0,3,臺中市,西屯區,0,2,0,7,1,6,40,13,8,1,5,4,6,6,4,4,10,4,4,2,16,3,10,3,1,B03,7,5,1,8,2,5,,47,47,1,10,4,120.626097,24.177867,2
1770,66000,387130000C,(04)23274275,(04)23288582,2025,6,6,0,9,臺中市,大肚區,0,0,0,6,,,50,,,,,,,,,,,,,,12,,,,,B03,,,1,,2,,,8,8,1,6,4,120.576361,24.169622,3
1771,66000,387130000C,(04)23274275,(04)23288582,2025,6,6,0,42,臺中市,西屯區,0,2,0,7,1,6,50,4,1,1,5,4,6,6,4,4,5,5,5,2,15,2,9,5,4,C03,7,9,1,10,2,11,,15,15,1,12,2,120.667152,24.177108,2
1772,66000,387130000C,(04)23274275,(04)23288582,2025,6,6,1,21,臺中市,西屯區,0,0,0,7,,,50,,,,,,,,,,,,,,12,,,,,B03,,,1,,2,,,84,84,1,12,4,120.616453,24.181572,3
1773,66000,387130000C,(04)23274275,(04)23288582,2025,6,6,1,50,臺中市,東區,0,0,0,6,,,50,,,,,,,,,,,,,,,,,,,B03,,,6,,2,,,4,4,1,13,4,120.701286,24.136581,3
1774,66000,387130000C,(04)23274275,(04)23288582,2025,6,6,2,0,臺中市,東區,0,0,0,7,1,6,50,4,1,1,5,4,6,6,1,1,5,4,5,2,14,3,10,3,1,B03,7,2,1,8,1,3,,49,49,1,12,4,120.706027,24.142738,3
1775,66000,387130000C,(04)23274275,(04)23288582,2025,6,6,2,55,臺中市,龍井區,0,1,0,6,1,6,50,11,9,1,4,4,6,6,4,4,9,4,5,2,18,2,9,2,1,C03,7,9,4,19,8,12,,8,8,1,13,4,120.574042,24.194841,2
1776,66000,387130000C,(04)23274275,(04)23288582,2025,6,6,4,29,臺中市,西屯區,0,2,0,5,1,6,50,4,1,1,4,4,6,6,2,1,10,5,5,2,15,2,9,1,4,C03,7,9,1,10,2,11,,21,21,1,12,4,120.666745,24.171727,2
1777,66000,387130000C,(04)23274275,(04)23288582,2025,6,6,4,30,臺中市,西屯區,0,2,0,5,1,6,50,4,1,1,4,4,6,6,2,1,10,5,5,2,17,3,10,3,4,B03,7,9,1,8,2,8,,59,59,1,12,4,120.666745,24.171727,2
1778,66000,387130000C,(04)23274275,(04)23288582,2025,6,6,5,19,臺中市,沙鹿區,0,1,0,7,1,6,50,13,9,1,4,4,5,6,4,4,4,4,5,2,18,2,9,2,1,C03,7,9,1,10,2,14,,83,83,1,12,4,120.577956,24.202743,2
1779,66000,387130000C,(04)23274275,(04)23288582,2025,6,6,5,54,臺中市,西屯區,0,1,0,7,2,6,40,13,8,1,4,4,6,6,4,4,1,5,1,2,13,2,7,5,4,C03,7,9,1,10,1,11,,59,59,1,12,4,120.622214,24.178963,2
1780,66000,387130000C,(04)23274275,(04)23288582,2025,6,6,6,23,臺中市,太平區,0,1,0,7,3,6,50,4,1,1,4,4,6,6,1,1,10,5,5,2,25,2,9,2,1,C03,7,5,1,11,2,11,,54,54,1,12,4,120.72753,24.126677,2
1781,66000,387130000C,(04)23274275,(04)23288582,2025,6,6,6,33,臺中市,神岡區,0,1,0,6,2,6,30,13,9,1,4,4,6,6,4,4,10,5,5,1,11,2,9,2,1,C03,7,9,1,10,7,12,,53,53,1,13,4,120.691542,24.240937,2
1782,66000,387130000C,(04)23274275,(04)23288582,2025,6,6,6,40,臺中市,西屯區,0,0,0,7,,,40,,,,,,,,,,,,,,13,,,,,B03,,,1,,1,,,59,59,1,10,4,120.660205,24.201313,3
1783,66000,387130000C,(04)23274275,(04)23288582,2025,6,6,6,43,臺中市,石岡區,0,0,0,7,,,70,,,,,,,,,,,,,,13,,,,,B03,,,1,,2,,,7,7,1,13,4,120.808737,24.264983,3
1784,66000,387130000C,(04)23274275,(04)23288582,2025,6,6,6,48,臺中市,西屯區,0,1,0,7,2,6,50,4,1,1,4,4,6,6,1,1,5,4,5,2,18,2,9,2,1,C03,7,5,1,10,2,12,,59,59,1,12,4,120.610803,24.191005,2
1785,66000,387130000C,(04)23274275,(04)23288582,2025,6,6,6,50,臺中市,西屯區,0,1,0,7,2,6,30,4,1,1,4,4,6,6,4,4,10,5,5,2,18,2,9,5,4,C03,7,9,1,10,2,12,,59,59,1,12,4,120.646616,24.198747,2
1786,66000,387130000C,(04)23274275,(04)23288582,2025,6,6,6,51,臺中市,豐原區,0,1,0,5,2,6,50,4,4,1,4,4,6,6,2,1,1,2,5,1,17,2,9,1,1,C03,7,9,1,10,2,11,,84,84,1,12,4,120.723585,24.2445,2
1787,66000,387130000C,(04)23274275,(04)23288582,2025,6,6,7,16,臺中市,東區,0,0,0,7,,,50,,,,,,,,,,,,,,30,,,,,,,,,,,,,119,119,1,,,120.692527,24.131144,3
1788,66000,387130000C,(04)23274275,(04)23288582,2025,6,6,7,23,臺中市,南屯區,0,1,0,7,2,6,50,4,1,1,5,4,6,6,1,1,10,5,5,2,17,2,9,2,1,C02,7,9,3,19,2,14,,84,84,1,12,4,120.647789,24.150775,2
1789,66000,387130000C,(04)23274275,(04)23288582,2025,6,6,7,23,臺中市,豐原區,0,1,0,7,2,6,50,5,1,1,5,4,6,6,1,1,5,4,4,2,18,2,9,2,4,C03,7,9,1,10,2,16,,59,59,1,12,4,120.714654,24.257411,2
1790,66000,387130000C,(04)23274275,(04)23288582,2025,6,6,7,24,臺中市,大肚區,0,0,0,7,,,50,,,,,,,,,,,,,,,,,,,B03,,,1,,2,,,8,8,1,6,4,120.547551,24.151567,3
1791,66000,387130000C,(04)23274275,(04)23288582,2025,6,6,7,24,臺中市,烏日區,0,0,0,7,,,50,,,,,,,,,,,,,,,,,,,B03,,,1,,1,,,39,39,1,8,4,120.650462,24.107898,3
1792,66000,387130000C,(04)23274275,(04)23288582,2025,6,6,7,26,臺中市,大里區,0,0,0,7,,,50,,,,,,,,,,,,,,,,,,,C03,,,1,,2,,,50,50,1,12,4,120.680787,24.109529,3
1793,66000,387130000C,(04)23274275,(04)23288582,2025,6,6,7,28,臺中市,梧棲區,0,0,0,6,,,40,,,,,,,,,,,,,,17,,,,,B12,,,1,,2,,,51,51,1,12,4,120.545773,24.246665,3
1794,66000,387130000C,(04)23274275,(04)23288582,2025,6,6,7,30,臺中市,太平區,0,0,0,7,,,50,,,,,,,,,,,,,,,,,,,A12,,,1,,2,,,40,40,1,12,4,120.713012,24.14558,3
1795,66000,387130000C,(04)23274275,(04)23288582,2025,6,6,7,30,臺中市,東勢區,0,0,0,7,,,60,,,,,,,,,,,,,,13,,,,,B03,,,1,,1,,,7,7,1,13,4,120.816746,24.277985,3
1796,66000,387130000C,(04)23274275,(04)23288582,2025,6,6,7,34,臺中市,龍井區,0,1,0,7,3,6,50,4,1,1,5,4,6,6,1,1,10,5,5,1,17,3,10,2,1,C03,7,6,1,10,2,14,,23,23,1,6,4,120.530062,24.207667,2
1797,66000,387130000C,(04)23274275,(04)23288582,2025,6,6,7,35,臺中市,大甲區,0,1,0,7,3,6,30,13,9,1,5,4,6,6,4,4,10,5,5,1,18,2,9,1,1,C03,7,9,1,10,2,12,,84,84,1,12,4,120.67937,24.375715,2
1798,66000,387130000C,(04)23274275,(04)23288582,2025,6,6,7,43,臺中市,西屯區,0,1,0,6,3,6,50,3,1,1,5,4,6,6,4,4,5,4,4,2,16,3,10,5,4,B03,7,5,1,8,2,2,,14,14,1,12,4,120.651823,24.16673,2
1799,66000,387130000C,(04)23274275,(04)23288582,2025,6,6,7,45,臺中市,南屯區,0,1,0,7,3,6,50,13,7,1,5,4,6,6,4,4,9,5,4,2,18,2,9,1,1,C03,7,9,1,10,2,12,,59,59,1,12,4,120.620884,24.117198,2
1800,66000,387130000C,(04)23274275,(04)23288582,2025,6,6,7,45,臺中市,西屯區,0,2,0,7,2,6,50,13,9,1,5,4,6,6,4,4,9,4,5,2,17,2,9,1,4,C03,7,9,1,10,2,11,,85,85,1,13,4,120.64031,24.185679,2
1801,66000,387130000C,(04)23274275,(04)23288582,2025,6,6,7,46,臺中市,梧棲區,0,1,0,6,2,6,30,13,9,1,5,4,6,6,4,4,10,5,5,1,17,2,9,6,1,F01,7,1,7,21,2,11,,51,51,1,12,4,120.537799,24.228096,2
1802,66000,387130000C,(04)23274275,(04)23288582,2025,6,6,7,48,臺中市,霧峰區,0,2,0,7,2,6,50,3,1,1,5,4,6,6,1,1,10,5,5,2,15,2,9,6,1,F01,7,9,7,21,2,14,,21,21,1,4,4,120.700026,24.074599,2
1803,66000,387130000C,(04)23274275,(04)23288582,2025,6,6,7,48,臺中市,梧棲區,0,1,0,6,3,6,30,13,9,5,5,4,6,6,4,4,10,5,5,2,18,2,9,1,1,C03,7,5,1,10,2,16,,87,87,1,6,4,120.520005,24.229015,2
1804,66000,387130000C,(04)23274275,(04)23288582,2025,6,6,7,49,臺中市,霧峰區,0,1,0,7,3,6,50,3,2,1,5,4,6,6,3,1,1,3,4,1,15,2,8,1,1,C03,7,1,1,10,2,11,,51,51,1,12,4,120.695822,24.017409,2
1805,66000,387130000C,(04)23274275,(04)23288582,2025,6,6,7,55,臺中市,中區,0,1,0,7,3,6,50,13,9,1,5,4,6,6,4,4,5,4,5,2,13,2,9,2,1,C03,7,9,1,10,2,11,,7,7,1,12,4,120.680281,24.138257,2
1806,66000,387130000C,(04)23274275,(04)23288582,2025,6,6,7,55,臺中市,南區,0,1,0,7,2,6,50,13,9,1,5,4,6,6,4,4,9,5,5,2,12,2,9,1,1,F03,7,9,7,21,2,11,,84,84,1,13,4,120.656824,24.107886,2