序號,縣市別代碼,機關代碼,市話,傳真,年,月,日,時,分,縣市,區,死亡數量,受傷數量,2-30,天候,道路照明設備,道路類別,道路速限,道路型態,事故位置,路面鋪裝,路面狀態,路面缺陷,障礙物,視距,號誌種類,號誌動作,分向設施,快車道或一般車道間,快慢車道間,路面邊線,事故類型及型態,受傷程度,主要傷處,保護裝備,行動電話或功能裝置,當事者區分(類別),車輛用途,當事者行動狀態,駕照狀態,駕照種類,飲酒情形,車輛撞擊部位最初,車輛撞擊部位其他,肇事因素個別,肇事因素主要,肇事逃逸,職業,共享經濟或外送平台,GPS座標X,GPS座標Y,事故類別
1807,66000,387130000C,(04)23274275,(04)23288582,2025,6,6,7,55,臺中市,西屯區,0,0,0,7,,,40,,,,,,,,,,,,,,13,,,,,C03,,,1,,1,,,7,7,1,13,4,120.6175,24.181739,3
1808,66000,387130000C,(04)23274275,(04)23288582,2025,6,6,7,56,臺中市,北區,0,3,0,7,2,6,50,3,1,1,5,4,6,6,4,4,10,5,5,2,17,2,9,1,1,C03,7,1,1,10,2,14,,51,51,1,13,4,120.687103,24.156926,2
1809,66000,387130000C,(04)23274275,(04)23288582,2025,6,6,8,0,臺中市,北屯區,0,0,0,7,,,50,,,,,,,,,,,,,,,,,,,B03,,,1,,2,,,84,84,1,12,4,120.692673,24.178626,3
1810,66000,387130000C,(04)23274275,(04)23288582,2025,6,6,8,0,臺中市,石岡區,0,0,0,7,,,50,,,,,,,,,,,,,,17,,,,,B03,,,6,,11,,,86,86,2,13,4,120.776877,24.276511,3
1811,66000,387130000C,(04)23274275,(04)23288582,2025,6,6,8,1,臺中市,豐原區,0,1,0,7,2,6,50,5,4,1,5,4,6,6,1,1,1,2,5,1,17,2,9,1,1,C03,7,9,1,10,2,12,,84,84,1,12,4,120.717377,24.244138,2
1812,66000,387130000C,(04)23274275,(04)23288582,2025,6,6,8,5,臺中市,西屯區,0,0,0,6,,,60,,,,,,,,,,,,,,13,,,,,B03,,,1,,1,,,84,84,1,12,4,120.653379,24.160641,3
1813,66000,387130000C,(04)23274275,(04)23288582,2025,6,6,8,8,臺中市,南屯區,0,1,0,7,3,6,50,13,7,1,5,4,6,6,1,1,1,4,1,2,13,2,7,3,1,B03,7,9,1,8,2,1,,7,7,1,12,4,120.612526,24.150374,2
1814,66000,387130000C,(04)23274275,(04)23288582,2025,6,6,8,11,臺中市,西屯區,0,0,0,7,,,50,,,,,,,,,,,,,,13,,,,,C03,,,1,,1,,,7,7,1,13,4,120.615054,24.188525,3
1815,66000,387130000C,(04)23274275,(04)23288582,2025,6,6,8,15,臺中市,南屯區,0,1,0,7,3,6,40,13,8,1,5,4,6,6,1,1,3,2,3,2,12,2,8,1,1,C03,7,9,1,10,1,12,,84,84,1,12,4,120.598422,24.155204,2
1816,66000,387130000C,(04)23274275,(04)23288582,2025,6,6,8,17,臺中市,東區,0,1,0,7,2,6,50,4,1,1,5,4,6,6,1,1,10,5,5,2,16,3,10,3,1,B03,7,6,1,8,2,2,,11,11,1,13,4,120.701504,24.14022,2
1817,66000,387130000C,(04)23274275,(04)23288582,2025,6,6,8,19,臺中市,霧峰區,0,1,0,7,3,6,50,3,1,1,5,4,6,6,4,4,10,5,5,2,17,2,9,1,1,C03,7,1,1,10,2,14,,51,51,1,12,4,120.699203,24.064369,2
1818,66000,387130000C,(04)23274275,(04)23288582,2025,6,6,8,20,臺中市,太平區,0,0,0,7,,,50,,,,,,,,,,,,,,14,,,,,A41,,,1,,2,,,49,49,1,6,4,120.707499,24.126729,3
1819,66000,387130000C,(04)23274275,(04)23288582,2025,6,6,8,20,臺中市,神岡區,0,1,0,7,3,6,40,5,1,1,5,4,6,6,1,1,5,4,4,2,16,3,10,3,1,B03,7,9,1,8,2,2,,84,84,1,13,4,120.711474,24.257884,2
1820,66000,387130000C,(04)23274275,(04)23288582,2025,6,6,8,21,臺中市,北區,0,0,0,7,2,6,50,13,9,1,5,4,6,6,4,4,3,4,5,2,13,,,,,B03,,,1,,1,,,7,7,1,12,4,120.679165,24.16338,3
1821,66000,387130000C,(04)23274275,(04)23288582,2025,6,6,8,21,臺中市,北區,0,0,0,7,,,50,,,,,,,,,,,,,,17,,,,,B12,,,1,,1,,,78,78,1,13,4,120.686567,24.166836,3
1822,66000,387130000C,(04)23274275,(04)23288582,2025,6,6,8,21,臺中市,東區,0,2,0,7,2,6,50,4,1,1,5,4,6,6,2,1,10,5,5,2,17,2,8,2,1,C03,7,15,1,10,2,11,,84,84,1,12,4,120.706135,24.129789,2
1823,66000,387130000C,(04)23274275,(04)23288582,2025,6,6,8,21,臺中市,后里區,0,1,0,7,2,6,50,13,8,1,5,4,6,6,4,4,1,4,4,1,17,3,10,3,1,B03,7,3,1,8,2,3,,20,20,1,12,4,120.723403,24.312315,2
1824,66000,387130000C,(04)23274275,(04)23288582,2025,6,6,8,21,臺中市,豐原區,0,0,0,7,,,50,,,,,,,,,,,,,,17,,,,,B03,,,1,,2,,,78,78,1,12,4,120.705076,24.246357,3
1825,66000,387130000C,(04)23274275,(04)23288582,2025,6,6,8,23,臺中市,太平區,0,0,0,7,,,30,,,,,,,,,,,,,,,,,,,B03,,,1,,2,,,84,84,1,12,4,120.708369,24.112095,3
1826,66000,387130000C,(04)23274275,(04)23288582,2025,6,6,8,25,臺中市,烏日區,0,0,0,7,,,60,,,,,,,,,,,,,,,,,,,B03,,,1,,2,,,8,8,1,6,4,120.644927,24.109773,3
1827,66000,387130000C,(04)23274275,(04)23288582,2025,6,6,8,26,臺中市,太平區,0,0,0,7,,,50,,,,,,,,,,,,,,13,,,,,B03,,,1,,2,,,84,84,1,12,4,120.70805,24.152776,3
1828,66000,387130000C,(04)23274275,(04)23288582,2025,6,6,8,26,臺中市,清水區,0,1,0,7,3,6,50,4,1,1,5,4,6,6,4,4,9,4,5,2,15,2,9,1,1,C03,7,9,1,10,2,12,,20,20,1,12,4,120.574663,24.269755,2
1829,66000,387130000C,(04)23274275,(04)23288582,2025,6,6,8,27,臺中市,西屯區,0,1,0,7,2,6,30,3,1,1,5,4,6,6,4,4,10,5,5,2,16,2,9,1,1,C03,7,6,1,10,2,11,,14,14,1,13,4,120.642956,24.173119,2
1830,66000,387130000C,(04)23274275,(04)23288582,2025,6,6,8,30,臺中市,龍井區,0,1,0,7,3,6,50,13,9,1,5,4,6,6,4,4,5,5,5,1,17,2,9,2,1,C03,7,9,1,10,2,12,,59,59,1,12,4,120.54542,24.205257,2
1831,66000,387130000C,(04)23274275,(04)23288582,2025,6,6,8,31,臺中市,大雅區,0,3,0,6,1,6,60,3,2,1,5,4,6,6,1,1,5,4,5,1,17,2,9,2,1,C03,7,9,1,9,2,14,,84,84,1,12,4,120.657071,24.230573,2
1832,66000,387130000C,(04)23274275,(04)23288582,2025,6,6,8,34,臺中市,東區,0,2,0,7,3,6,50,4,1,1,5,4,6,6,1,1,10,5,5,2,15,2,9,5,4,C03,7,9,1,10,2,11,,21,21,1,12,4,120.689221,24.140973,2
1833,66000,387130000C,(04)23274275,(04)23288582,2025,6,6,8,34,臺中市,北屯區,0,0,0,7,,,50,,,,,,,,,,,,,,17,,,,,B12,,,1,,2,,,84,84,1,12,4,120.670251,24.173859,3
1834,66000,387130000C,(04)23274275,(04)23288582,2025,6,6,8,37,臺中市,南屯區,0,1,0,7,2,6,50,4,1,1,1,4,6,6,1,1,10,5,5,2,17,3,10,3,1,B03,7,9,1,8,2,2,,59,59,1,12,4,120.637309,24.130189,2
1835,66000,387130000C,(04)23274275,(04)23288582,2025,6,6,8,42,臺中市,北屯區,0,1,0,6,2,6,50,4,7,1,5,4,6,6,2,1,5,5,4,2,18,2,9,2,1,C03,7,9,1,10,2,12,,5,5,1,12,4,120.675209,24.17721,2
1836,66000,387130000C,(04)23274275,(04)23288582,2025,6,6,8,45,臺中市,南區,0,0,0,7,,,50,,,,,,,,,,,,,,13,,,,,B03,,,1,,2,,,84,84,1,13,4,120.66985,24.116083,3
1837,66000,387130000C,(04)23274275,(04)23288582,2025,6,6,8,46,臺中市,北區,0,1,0,7,2,6,50,4,1,1,5,4,6,6,2,1,10,4,5,2,17,3,10,3,1,B03,7,5,1,8,2,2,,47,47,1,13,4,120.675495,24.16578,2
1838,66000,387130000C,(04)23274275,(04)23288582,2025,6,6,8,46,臺中市,烏日區,0,0,0,7,2,6,30,3,1,1,5,4,6,6,4,4,10,5,5,2,12,3,10,3,1,B03,7,9,1,4,2,2,,84,84,1,6,4,120.619963,24.104394,3
1839,66000,387130000C,(04)23274275,(04)23288582,2025,6,6,8,49,臺中市,西區,0,2,0,7,2,6,40,13,8,1,5,4,6,6,3,1,1,4,4,2,13,2,9,1,1,C03,7,12,1,10,2,11,,7,7,1,12,4,120.671205,24.149879,2
1840,66000,387130000C,(04)23274275,(04)23288582,2025,6,6,8,49,臺中市,豐原區,0,1,0,7,2,6,50,3,1,1,5,4,6,6,2,1,5,5,5,2,16,3,10,2,1,C03,7,5,1,10,2,16,,8,8,1,12,4,120.728152,24.244581,2
1841,66000,387130000C,(04)23274275,(04)23288582,2025,6,6,8,50,臺中市,潭子區,0,1,0,7,2,6,60,11,9,1,5,4,6,6,4,4,1,4,5,2,17,2,9,2,1,C03,7,9,1,10,2,11,,84,84,1,12,4,120.71255,24.226047,2
1842,66000,387130000C,(04)23274275,(04)23288582,2025,6,6,8,50,臺中市,潭子區,0,2,0,6,3,6,50,4,1,1,5,4,6,6,3,1,1,4,5,1,17,2,8,2,1,C03,7,6,1,10,2,14,,24,24,1,13,4,120.706176,24.215499,2
1843,66000,387130000C,(04)23274275,(04)23288582,2025,6,6,8,50,臺中市,南區,0,1,0,7,2,6,50,4,1,1,5,4,6,6,1,1,9,4,4,2,17,3,10,3,1,B03,7,11,1,8,2,8,,45,45,1,13,4,120.666256,24.12295,2
1844,66000,387130000C,(04)23274275,(04)23288582,2025,6,6,8,51,臺中市,豐原區,0,1,0,6,2,6,60,4,1,1,5,4,6,6,2,1,1,4,4,2,12,3,10,3,1,B01,7,7,1,4,2,6,,40,40,1,12,4,120.707173,24.237429,2
1845,66000,387130000C,(04)23274275,(04)23288582,2025,6,6,8,52,臺中市,北屯區,0,0,0,6,,3,40,,,,,,,,,,,,,,13,,,,,B03,,,1,,2,,,7,7,1,12,4,120.669698,24.200812,3
1846,66000,387130000C,(04)23274275,(04)23288582,2025,6,6,8,53,臺中市,南屯區,0,0,0,7,3,6,50,13,9,1,5,4,6,6,4,4,3,4,5,2,13,,,,,B12,,,1,,1,,,84,84,1,12,4,120.616286,24.146186,3
1847,66000,387130000C,(04)23274275,(04)23288582,2025,6,6,8,56,臺中市,中區,0,0,0,7,,,50,,,,,,,,,,,,,,,,,,,,,,,,,,,101,101,1,,,120.679881,24.146232,3
1848,66000,387130000C,(04)23274275,(04)23288582,2025,6,6,8,58,臺中市,西屯區,0,0,0,6,3,6,40,13,8,1,5,4,6,6,4,4,1,4,1,2,14,,,,,B03,,,1,6,1,,,49,49,1,12,4,120.640024,24.158002,3
1849,66000,387130000C,(04)23274275,(04)23288582,2025,6,6,8,59,臺中市,西屯區,0,3,0,7,2,6,50,13,7,1,5,4,6,6,4,4,1,4,1,2,13,2,3,3,4,B03,7,9,1,8,2,1,,58,58,1,13,4,120.641734,24.16711,2
1850,66000,387130000C,(04)23274275,(04)23288582,2025,6,6,8,59,臺中市,太平區,0,1,0,7,2,6,50,5,1,1,5,4,6,6,1,1,10,5,5,2,17,3,10,2,1,C03,7,7,1,10,2,13,,40,40,1,12,4,120.724779,24.149643,2
1851,66000,387130000C,(04)23274275,(04)23288582,2025,6,6,9,2,臺中市,龍井區,0,0,0,7,,,40,,,,,,,,,,,,,,,,,,,B03,,,1,,1,,,49,49,1,6,4,120.522905,24.219639,3
1852,66000,387130000C,(04)23274275,(04)23288582,2025,6,6,9,8,臺中市,西區,0,1,0,7,2,6,50,5,1,1,5,4,6,6,1,1,10,5,5,2,13,3,10,3,1,B03,7,5,1,8,2,5,,7,7,1,13,4,120.668775,24.13206,2
1853,66000,387130000C,(04)23274275,(04)23288582,2025,6,6,9,15,臺中市,豐原區,0,2,0,6,2,6,50,5,1,1,5,4,6,6,1,1,5,5,5,1,13,2,9,1,1,C03,7,9,1,10,2,11,,7,7,1,12,4,120.720298,24.249344,2
1854,66000,387130000C,(04)23274275,(04)23288582,2025,6,6,9,16,臺中市,西屯區,0,1,0,7,2,6,50,3,9,1,5,4,6,6,4,4,4,3,5,2,12,3,10,5,4,B03,7,1,1,8,2,1,,51,51,1,13,4,120.629539,24.183759,2
1855,66000,387130000C,(04)23274275,(04)23288582,2025,6,6,9,17,臺中市,北區,0,1,0,7,2,6,50,4,1,1,5,4,6,6,2,1,10,4,5,2,17,2,7,1,1,C03,7,6,1,10,2,14,,39,39,1,12,4,120.673828,24.164822,2
1856,66000,387130000C,(04)23274275,(04)23288582,2025,6,6,9,17,臺中市,南屯區,0,1,0,7,3,6,50,13,9,1,5,4,6,6,4,4,5,4,5,2,12,3,10,3,1,B01,7,5,1,4,2,2,,85,85,1,12,4,120.634212,24.145557,2
1857,66000,387130000C,(04)23274275,(04)23288582,2025,6,6,9,20,臺中市,西屯區,0,0,0,6,,,40,,,,,,,,,,,,,,12,,,,,C03,,,1,,2,,,8,8,1,12,4,120.64219,24.177692,3
1858,66000,387130000C,(04)23274275,(04)23288582,2025,6,6,9,26,臺中市,東區,0,0,0,7,,,50,,,,,,,,,,,,,,17,,,,,C03,,,1,,11,,,85,85,1,12,4,120.686573,24.136622,3
1859,66000,387130000C,(04)23274275,(04)23288582,2025,6,6,9,31,臺中市,西屯區,0,1,0,7,2,6,50,4,1,1,5,4,6,6,2,1,3,4,5,2,16,3,10,5,4,C04,7,5,1,8,2,12,,11,11,1,13,4,120.625002,24.182084,2
1860,66000,387130000C,(04)23274275,(04)23288582,2025,6,6,9,36,臺中市,大里區,0,0,0,6,,,50,,,,,,,,,,,,,,17,,,,,B03,,,1,,9,,,51,51,1,13,4,120.686089,24.113081,3
1861,66000,387130000C,(04)23274275,(04)23288582,2025,6,6,9,40,臺中市,南屯區,0,0,0,7,,,50,,,,,,,,,,,,,,13,,,,,B12,,,1,,1,,,7,7,1,12,4,120.623197,24.140442,3
1862,66000,387130000C,(04)23274275,(04)23288582,2025,6,6,9,43,臺中市,龍井區,0,0,0,7,,,30,,,,,,,,,,,,,,,,,,,C03,,,1,,2,,,12,12,1,12,4,120.586356,24.180561,3
1863,66000,387130000C,(04)23274275,(04)23288582,2025,6,6,9,48,臺中市,烏日區,0,0,0,7,,,50,,,,,,,,,,,,,,,,,,,B03,,,1,,1,,,21,21,1,6,4,120.646122,24.067063,3
1864,66000,387130000C,(04)23274275,(04)23288582,2025,6,6,9,49,臺中市,中區,0,2,0,7,3,6,50,3,1,1,5,4,6,6,4,4,10,5,5,2,16,2,8,2,1,C03,7,6,3,19,9,14,,48,48,2,12,4,120.677787,24.142532,2
1865,66000,387130000C,(04)23274275,(04)23288582,2025,6,6,9,50,臺中市,西區,0,1,0,7,2,6,50,3,2,1,5,4,6,6,4,4,1,4,4,2,17,3,10,3,1,B02,7,5,1,8,2,6,,14,14,1,12,4,120.659948,24.157793,2
1866,66000,387130000C,(04)23274275,(04)23288582,2025,6,6,9,52,臺中市,東區,0,1,0,7,3,6,50,3,1,1,5,4,6,6,1,1,10,5,5,2,18,2,9,5,4,C03,7,9,1,10,2,14,,84,84,1,12,4,120.684998,24.126384,2
1867,66000,387130000C,(04)23274275,(04)23288582,2025,6,6,9,55,臺中市,北屯區,0,1,0,7,2,6,50,11,9,1,5,4,6,6,4,4,1,4,5,2,18,2,9,2,1,C03,7,9,1,10,2,14,,84,84,1,12,4,120.787625,24.205319,2
1868,66000,387130000C,(04)23274275,(04)23288582,2025,6,6,9,57,臺中市,潭子區,0,1,0,6,3,6,40,3,1,1,5,4,6,6,4,4,9,5,5,1,13,2,9,2,1,C03,7,5,1,8,2,12,,7,7,1,13,4,120.693005,24.204914,2
1869,66000,387130000C,(04)23274275,(04)23288582,2025,6,6,9,57,臺中市,西屯區,0,0,0,7,,,50,,,,,,,,,,,,,,,,,,,B03,,,1,,1,,,56,56,1,12,4,120.637291,24.185691,3
1870,66000,387130000C,(04)23274275,(04)23288582,2025,6,6,9,58,臺中市,南區,0,2,0,7,2,6,50,4,1,1,5,4,6,6,2,1,10,5,5,2,12,2,9,1,1,C03,7,1,1,10,2,14,,51,51,1,13,4,120.653659,24.113755,2
1871,66000,387130000C,(04)23274275,(04)23288582,2025,6,6,9,59,臺中市,大里區,0,0,0,7,2,6,50,13,9,1,5,4,6,6,4,4,4,4,5,1,30,,,,,B03,,,1,,2,,,40,40,1,13,4,120.692095,24.101792,3
1872,66000,387130000C,(04)23274275,(04)23288582,2025,6,6,10,1,臺中市,北屯區,0,0,0,7,,,50,,,,,,,,,,,,,,,,,,,A12,,,1,,2,,,58,58,1,6,4,120.695968,24.168462,3
1873,66000,387130000C,(04)23274275,(04)23288582,2025,6,6,10,3,臺中市,北區,0,1,0,7,2,6,50,4,2,1,5,4,6,6,2,1,10,5,5,2,17,3,10,3,1,B03,7,6,1,8,2,2,,11,11,1,13,4,120.684877,24.166931,2
1874,66000,387130000C,(04)23274275,(04)23288582,2025,6,6,10,9,臺中市,中區,0,1,0,7,2,6,50,13,9,1,5,4,6,6,4,4,9,4,5,2,12,3,10,3,1,B03,7,5,1,8,2,6,,84,84,1,12,4,120.676638,24.140969,2
1875,66000,387130000C,(04)23274275,(04)23288582,2025,6,6,10,10,臺中市,清水區,0,0,0,7,3,6,50,3,1,1,5,4,6,6,4,4,5,5,5,1,12,,,,,B03,,,1,,1,,,1,1,1,12,4,120.57217,24.269552,3
1876,66000,387130000C,(04)23274275,(04)23288582,2025,6,6,10,13,臺中市,西屯區,0,0,0,7,,,40,,,,,,,,,,,,,,17,,,,,C03,,,1,,9,,,59,59,1,12,4,120.661303,24.171994,3
1877,66000,387130000C,(04)23274275,(04)23288582,2025,6,6,10,15,臺中市,烏日區,0,0,0,7,2,6,60,13,7,1,5,4,6,6,1,1,1,4,4,1,13,3,10,3,1,B03,7,9,5,19,2,4,1,84,84,1,6,4,120.650092,24.111523,3
1878,66000,387130000C,(04)23274275,(04)23288582,2025,6,6,10,16,臺中市,外埔區,0,0,0,7,2,6,50,13,9,1,5,4,6,6,4,4,1,4,5,1,12,3,10,3,1,B03,7,8,1,8,1,7,,84,84,1,12,4,120.640765,24.339553,3
1879,66000,387130000C,(04)23274275,(04)23288582,2025,6,6,10,23,臺中市,西屯區,0,0,0,6,3,6,50,13,9,1,4,4,6,6,4,4,5,4,5,2,14,,,,,B12,,,1,,2,,,49,49,1,12,4,120.643759,24.200428,3
1880,66000,387130000C,(04)23274275,(04)23288582,2025,6,6,10,26,臺中市,烏日區,0,0,0,7,,,50,,,,,,,,,,,,,,,,,,,B03,,,1,,1,,,49,49,1,6,4,120.647122,24.086068,3
1881,66000,387130000C,(04)23274275,(04)23288582,2025,6,6,10,30,臺中市,西區,0,1,0,7,2,6,50,13,9,1,5,4,6,6,1,1,5,4,5,2,9,3,10,3,1,A02,7,1,1,2,2,15,,84,84,1,13,4,120.660201,24.15084,2
1882,66000,387130000C,(04)23274275,(04)23288582,2025,6,6,10,34,臺中市,潭子區,0,0,0,7,,,50,,,,,,,,,,,,,,,,,,,B03,,,1,,2,,,49,49,1,13,4,120.71122,24.234789,3
1883,66000,387130000C,(04)23274275,(04)23288582,2025,6,6,10,40,臺中市,大雅區,0,0,0,7,,,0,,,,,,,,,,,,,,,,,,,A11,,,1,,2,,,84,84,1,13,4,120.644449,24.204728,3
1884,66000,387130000C,(04)23274275,(04)23288582,2025,6,6,10,40,臺中市,北區,0,0,0,7,,,50,,,,,,,,,,,,,,17,,,,,B12,,,1,,1,,,76,76,1,13,4,120.671193,24.162705,3
1885,66000,387130000C,(04)23274275,(04)23288582,2025,6,6,10,40,臺中市,沙鹿區,0,0,0,7,2,6,40,13,14,1,5,4,6,6,4,,1,3,4,2,14,,,,,B03,,,1,,2,,,49,49,1,12,4,120.558944,24.235924,3
1886,66000,387130000C,(04)23274275,(04)23288582,2025,6,6,10,48,臺中市,神岡區,0,1,0,6,2,6,40,4,1,1,5,4,6,6,1,1,10,5,5,2,17,2,9,2,1,C03,7,6,1,10,2,12,,23,23,1,6,4,120.661146,24.258925,2
1887,66000,387130000C,(04)23274275,(04)23288582,2025,6,6,10,50,臺中市,神岡區,0,0,0,7,,,60,,,,,,,,,,,,,,12,,,,,B03,,,1,,2,,,7,7,1,13,4,120.697921,24.248465,3
1888,66000,387130000C,(04)23274275,(04)23288582,2025,6,6,10,54,臺中市,東區,0,2,0,7,3,6,50,3,2,1,5,4,6,6,4,4,10,4,4,2,16,2,7,2,1,C03,7,5,1,10,2,12,,65,65,1,13,4,120.697781,24.138903,2
1889,66000,387130000C,(04)23274275,(04)23288582,2025,6,6,10,55,臺中市,南屯區,0,2,0,7,2,6,50,3,1,1,5,4,6,6,4,4,10,5,5,2,17,3,10,2,1,C03,7,6,1,10,2,11,,14,14,1,12,4,120.645353,24.153642,2
1890,66000,387130000C,(04)23274275,(04)23288582,2025,6,6,10,58,臺中市,潭子區,0,0,0,7,,,50,,,,,,,,,,,,,,,,,,,A02,,,1,,2,,,59,59,1,12,4,120.722108,24.195406,3
1891,66000,387130000C,(04)23274275,(04)23288582,2025,6,6,11,1,臺中市,北屯區,0,1,0,7,1,6,50,13,8,1,5,4,6,6,4,4,3,4,4,2,13,2,9,1,1,C03,7,9,1,10,2,11,,84,84,1,13,4,120.677494,24.185029,2
1892,66000,387130000C,(04)23274275,(04)23288582,2025,6,6,11,2,臺中市,大肚區,0,1,0,7,2,6,50,13,9,1,5,4,6,6,4,4,9,5,5,1,17,2,9,5,4,F01,7,6,7,21,9,15,,87,87,1,6,4,120.579992,24.168421,2
1893,66000,387130000C,(04)23274275,(04)23288582,2025,6,6,11,3,臺中市,梧棲區,0,0,0,7,,,70,,,,,,,,,,,,,,12,,,,,B03,,,1,,2,,,40,40,1,12,4,120.543003,24.221223,3
1894,66000,387130000C,(04)23274275,(04)23288582,2025,6,6,11,10,臺中市,西區,0,0,0,6,,,30,,,,,,,,,,,,,,14,,,,,B03,,,1,,2,,,49,49,1,12,4,120.661283,24.151425,4
1895,66000,387130000C,(04)23274275,(04)23288582,2025,6,6,11,12,臺中市,西屯區,0,1,0,7,2,6,50,4,8,1,5,4,6,6,1,1,5,4,4,2,17,3,10,1,4,C03,7,6,1,10,2,15,,48,48,1,13,4,120.662786,24.163667,2
1896,66000,387130000C,(04)23274275,(04)23288582,2025,6,6,11,12,臺中市,龍井區,0,0,0,7,,,70,,,,,,,,,,,,,,,,,,,B03,,,1,,2,,,84,84,1,6,4,120.540333,24.210318,3
1897,66000,387130000C,(04)23274275,(04)23288582,2025,6,6,11,20,臺中市,北區,0,0,0,7,,,50,,,,,,,,,,,,,,13,,,,,B03,,,1,,1,,,7,7,1,12,4,120.682804,24.147356,3
1898,66000,387130000C,(04)23274275,(04)23288582,2025,6,6,11,21,臺中市,大雅區,0,1,0,7,2,6,30,4,1,1,5,4,6,6,4,4,10,5,5,1,12,3,10,3,1,B12,7,6,1,8,2,2,,48,48,1,13,4,120.668148,24.22512,2
1899,66000,387130000C,(04)23274275,(04)23288582,2025,6,6,11,21,臺中市,新社區,0,0,0,7,,,50,,,,,,,,,,,,,,13,,,,,C03,,,1,,2,,,7,7,1,13,4,120.797603,24.20279,3
1900,66000,387130000C,(04)23274275,(04)23288582,2025,6,6,11,27,臺中市,北區,0,0,0,7,2,6,50,13,9,1,5,4,6,6,4,4,1,4,5,2,13,,,,,B03,,,1,,1,,,7,7,1,12,4,120.673046,24.162749,3
1901,66000,387130000C,(04)23274275,(04)23288582,2025,6,6,11,29,臺中市,大里區,0,1,0,7,2,6,50,3,1,1,5,4,6,6,4,4,10,5,5,2,17,2,9,2,1,C03,7,9,1,10,2,11,,84,84,1,6,4,120.695406,24.087912,2
1902,66000,387130000C,(04)23274275,(04)23288582,2025,6,6,11,29,臺中市,太平區,0,0,0,6,2,6,50,13,9,1,5,4,6,6,4,4,5,4,5,1,17,3,10,3,1,B12,7,7,1,8,2,2,,40,40,1,6,4,120.712541,24.133608,3
1903,66000,387130000C,(04)23274275,(04)23288582,2025,6,6,11,40,臺中市,北區,0,1,0,7,2,6,50,5,2,1,5,4,6,6,2,1,10,5,5,2,17,3,10,2,1,C03,7,6,1,10,2,13,,84,84,1,13,4,120.674173,24.164632,2
1904,66000,387130000C,(04)23274275,(04)23288582,2025,6,6,11,43,臺中市,北屯區,0,1,0,7,1,6,50,13,9,1,5,4,6,6,4,4,5,4,5,2,12,2,3,3,1,B03,7,9,1,8,2,2,,84,84,1,13,4,120.71869,24.175873,2
1905,66000,387130000C,(04)23274275,(04)23288582,2025,6,6,11,44,臺中市,南區,0,2,0,7,2,6,30,4,1,1,5,4,6,6,3,1,10,5,5,2,15,2,9,2,1,C03,7,9,1,10,2,14,,24,24,1,12,4,120.656502,24.120587,2
1906,66000,387130000C,(04)23274275,(04)23288582,2025,6,6,11,44,臺中市,北屯區,0,1,0,7,2,6,50,4,1,1,5,4,6,6,1,1,10,5,5,2,17,2,9,1,1,C04,7,7,1,10,2,12,,42,42,1,12,4,120.690387,24.185464,2
1907,66000,387130000C,(04)23274275,(04)23288582,2025,6,6,11,44,臺中市,北屯區,0,1,0,7,1,6,50,13,9,1,5,4,6,6,4,4,5,4,5,2,11,2,3,3,1,B03,7,11,1,8,2,1,,39,39,1,13,4,120.718369,24.175864,2
1908,66000,387130000C,(04)23274275,(04)23288582,2025,6,6,11,45,臺中市,南屯區,0,0,0,7,3,6,40,13,8,1,5,4,6,6,,4,5,5,4,2,12,,,,,B03,,,1,,1,,,8,8,1,12,4,120.614405,24.143535,3
1909,66000,387130000C,(04)23274275,(04)23288582,2025,6,6,11,45,臺中市,北屯區,0,0,0,7,,,50,,,,,,,,,,,,,,9,,,,,B03,,,1,,2,,,8,8,1,6,4,120.679198,24.179426,3
1910,66000,387130000C,(04)23274275,(04)23288582,2025,6,6,11,45,臺中市,太平區,0,2,0,6,2,6,50,4,1,1,5,4,6,6,3,1,5,5,4,1,16,2,9,1,1,C03,7,15,1,10,2,12,,20,20,1,6,4,120.727679,24.149944,2
1911,66000,387130000C,(04)23274275,(04)23288582,2025,6,6,11,45,臺中市,太平區,0,0,0,7,,,50,,,,,,,,,,,,,,,,,,,B03,,,1,,1,,,51,51,1,12,4,120.72516,24.143463,3
1912,66000,387130000C,(04)23274275,(04)23288582,2025,6,6,11,48,臺中市,中區,0,1,0,7,2,6,50,13,9,1,5,4,6,6,4,4,5,4,5,2,17,2,1,1,1,C03,7,1,1,10,2,11,,51,51,1,12,4,120.680894,24.141475,2
1913,66000,387130000C,(04)23274275,(04)23288582,2025,6,6,11,48,臺中市,西屯區,0,3,0,7,2,6,60,13,7,1,5,4,6,6,4,4,1,4,1,2,13,2,1,3,1,B13,7,9,1,8,2,1,,7,7,1,12,4,120.632378,24.170079,2
1914,66000,387130000C,(04)23274275,(04)23288582,2025,6,6,11,50,臺中市,南屯區,0,0,0,7,,,50,,,,,,,,,,,,,,17,,,,,C03,,,1,,1,,,84,84,1,12,4,120.649756,24.155406,3
1915,66000,387130000C,(04)23274275,(04)23288582,2025,6,6,11,51,臺中市,中區,0,1,0,7,2,6,50,13,9,1,5,4,6,6,4,4,5,4,5,2,12,2,9,1,1,C03,7,9,3,19,2,14,,42,42,1,6,4,120.67707,24.140183,2
1916,66000,387130000C,(04)23274275,(04)23288582,2025,6,6,11,52,臺中市,南區,0,2,0,7,2,6,50,4,1,1,4,4,6,6,2,1,10,5,5,2,12,2,8,1,1,C03,7,9,1,10,2,12,,8,8,1,12,4,120.663975,24.124812,2
1917,66000,387130000C,(04)23274275,(04)23288582,2025,6,6,11,55,臺中市,東區,0,0,0,7,,,50,,,,,,,,,,,,,,13,,,,,B03,,,1,,1,,,84,84,1,12,4,120.69273,24.125617,3