序號,縣市別代碼,機關代碼,市話,傳真,年,月,日,時,分,縣市,區,死亡數量,受傷數量,2-30,天候,道路照明設備,道路類別,道路速限,道路型態,事故位置,路面鋪裝,路面狀態,路面缺陷,障礙物,視距,號誌種類,號誌動作,分向設施,快車道或一般車道間,快慢車道間,路面邊線,事故類型及型態,受傷程度,主要傷處,保護裝備,行動電話或功能裝置,當事者區分(類別),車輛用途,當事者行動狀態,駕照狀態,駕照種類,飲酒情形,車輛撞擊部位最初,車輛撞擊部位其他,肇事因素個別,肇事因素主要,肇事逃逸,職業,共享經濟或外送平台,GPS座標X,GPS座標Y,事故類別
1918,66000,387130000C,(04)23274275,(04)23288582,2025,6,6,11,55,臺中市,后里區,0,0,0,7,2,6,50,13,14,1,5,4,6,6,4,4,9,5,4,1,17,3,10,3,1,B03,7,11,1,8,2,2,,84,84,1,12,4,120.691715,24.313975,3
1919,66000,387130000C,(04)23274275,(04)23288582,2025,6,6,11,56,臺中市,北區,0,0,0,7,,,50,,,,,,,,,,,,,,17,,,,,C03,,,1,,2,,,84,84,1,13,4,120.673429,24.16551,3
1920,66000,387130000C,(04)23274275,(04)23288582,2025,6,6,11,57,臺中市,北區,0,2,0,7,2,6,30,4,1,1,5,4,6,6,4,4,5,5,5,2,17,2,9,5,1,C03,7,9,1,10,2,12,,15,15,1,13,4,120.668189,24.153848,2
1921,66000,387130000C,(04)23274275,(04)23288582,2025,6,6,11,58,臺中市,北區,0,2,0,7,2,6,40,4,1,1,5,4,6,6,2,1,3,4,4,2,17,2,8,1,1,C03,7,5,1,10,2,12,,47,47,1,12,4,120.674082,24.164808,2
1922,66000,387130000C,(04)23274275,(04)23288582,2025,6,6,11,58,臺中市,西屯區,0,0,0,7,,,50,,,,,,,,,,,,,,12,,,,,B03,,,1,,1,,,8,,1,13,4,120.603998,24.186064,3
1923,66000,387130000C,(04)23274275,(04)23288582,2025,6,6,12,0,臺中市,北屯區,0,0,0,7,,,50,,,,,,,,,,,,,,,,,,,B03,,,1,,1,,,84,84,1,12,4,120.666055,24.178323,3
1924,66000,387130000C,(04)23274275,(04)23288582,2025,6,6,12,11,臺中市,南區,0,0,0,7,,,50,,,,,,,,,,,,,,13,,,,,B03,,,1,,1,,,84,84,1,13,4,120.666208,24.114167,3
1925,66000,387130000C,(04)23274275,(04)23288582,2025,6,6,12,16,臺中市,西屯區,0,1,0,7,2,6,30,4,1,1,5,4,6,6,2,1,10,5,5,2,17,2,9,1,1,C03,7,6,1,10,2,14,,48,48,1,13,4,120.642607,24.190738,2
1926,66000,387130000C,(04)23274275,(04)23288582,2025,6,6,12,17,臺中市,西區,0,0,0,7,,,50,,,,,,,,,,,,,,16,,,,,B03,,,1,,1,,,11,11,1,12,4,120.666736,24.141216,3
1927,66000,387130000C,(04)23274275,(04)23288582,2025,6,6,12,26,臺中市,西屯區,0,2,0,7,2,6,50,5,1,1,5,4,6,6,1,1,3,4,4,2,15,2,9,2,1,C03,7,1,1,10,2,11,,84,84,1,12,2,120.659747,24.193325,2
1928,66000,387130000C,(04)23274275,(04)23288582,2025,6,6,12,30,臺中市,北屯區,0,0,0,7,,,50,,,,,,,,,,,,,,,,,,,B03,,,1,,1,,,84,84,1,6,4,120.685255,24.200814,3
1929,66000,387130000C,(04)23274275,(04)23288582,2025,6,6,12,30,臺中市,西屯區,0,0,0,6,3,6,50,4,2,1,5,4,6,6,1,1,1,3,5,2,12,,,,,C03,,,1,,1,,,7,7,1,12,4,120.649612,24.162879,3
1930,66000,387130000C,(04)23274275,(04)23288582,2025,6,6,12,30,臺中市,太平區,0,0,0,7,,,50,,,,,,,,,,,,,,,,,,,B03,,,1,,2,,,11,11,1,12,4,120.732563,24.115475,3
1931,66000,387130000C,(04)23274275,(04)23288582,2025,6,6,12,33,臺中市,太平區,0,2,0,6,2,6,50,4,1,1,5,4,6,6,1,1,5,5,5,1,17,2,9,1,1,C03,7,1,1,10,2,14,,51,51,1,6,4,120.723633,24.105561,2
1932,66000,387130000C,(04)23274275,(04)23288582,2025,6,6,12,34,臺中市,南屯區,0,0,0,7,,,50,,,,,,,,,,,,,,,,,,,B03,,,1,,1,,,84,84,1,12,4,120.631468,24.12499,3
1933,66000,387130000C,(04)23274275,(04)23288582,2025,6,6,12,39,臺中市,西區,0,1,0,7,2,6,50,4,1,1,5,4,6,6,1,1,9,4,5,2,18,2,9,1,1,C03,7,9,1,10,2,11,,84,84,1,12,4,120.670485,24.133675,2
1934,66000,387130000C,(04)23274275,(04)23288582,2025,6,6,12,40,臺中市,梧棲區,0,0,0,7,,,50,,,,,,,,,,,,,,12,,,,,B03,,,1,,1,,,8,8,1,12,4,120.537565,24.244915,3
1935,66000,387130000C,(04)23274275,(04)23288582,2025,6,6,12,41,臺中市,北屯區,0,1,0,6,2,6,50,13,7,1,5,4,6,6,4,4,5,5,4,2,12,3,10,3,1,B02,7,1,1,8,2,4,,51,51,1,12,4,120.689851,24.183711,2
1936,66000,387130000C,(04)23274275,(04)23288582,2025,6,6,12,41,臺中市,清水區,0,1,0,7,3,6,50,13,9,1,5,4,6,6,4,4,9,4,5,2,16,3,10,3,1,B03,7,9,1,8,2,5,,20,20,1,12,4,120.57671,24.270761,2
1937,66000,387130000C,(04)23274275,(04)23288582,2025,6,6,12,47,臺中市,太平區,0,0,0,7,,,50,,,,,,,,,,,,,,,,,,,B12,,,1,,2,,,84,84,1,12,4,120.707337,24.159083,3
1938,66000,387130000C,(04)23274275,(04)23288582,2025,6,6,12,48,臺中市,烏日區,0,0,0,7,2,6,40,13,9,1,5,4,6,6,4,4,5,5,5,1,20,3,10,3,1,A12,7,1,1,5,2,2,,84,84,1,6,4,120.636484,24.090939,3
1939,66000,387130000C,(04)23274275,(04)23288582,2025,6,6,12,55,臺中市,大里區,0,1,0,5,3,6,50,3,1,1,4,4,6,6,4,4,10,5,5,1,16,2,9,1,1,C03,7,11,1,10,2,14,,45,45,1,12,4,120.697292,24.08368,2
1940,66000,387130000C,(04)23274275,(04)23288582,2025,6,6,13,0,臺中市,潭子區,0,0,0,7,,,,,,,,,,,,,,,,,,,,,,,,,,,,,,86,86,1,,,120.708923,24.233468,3
1941,66000,387130000C,(04)23274275,(04)23288582,2025,6,6,13,13,臺中市,烏日區,0,0,0,7,,,50,,,,,,,,,,,,,,,,,,,B03,,,1,,2,,,84,84,1,6,4,120.592098,24.137299,3
1942,66000,387130000C,(04)23274275,(04)23288582,2025,6,6,13,15,臺中市,沙鹿區,0,0,0,7,,,50,,,,,,,,,,,,,,17,,,,,B03,,,1,,1,,,51,51,1,6,4,120.56112,24.237974,3
1943,66000,387130000C,(04)23274275,(04)23288582,2025,6,6,13,18,臺中市,太平區,0,0,0,6,2,6,30,13,9,1,5,4,6,6,4,4,10,5,5,2,14,3,10,3,1,B03,7,2,1,8,2,7,,49,49,1,6,4,120.713674,24.106192,3
1944,66000,387130000C,(04)23274275,(04)23288582,2025,6,6,13,19,臺中市,梧棲區,0,0,0,7,2,6,70,13,7,1,5,4,6,6,2,1,1,4,1,1,13,3,10,3,1,A31,7,9,1,1,5,3,,53,53,1,12,4,120.524691,24.25378,3
1945,66000,387130000C,(04)23274275,(04)23288582,2025,6,6,13,20,臺中市,北區,0,0,0,7,,,50,,,,,,,,,,,,,,12,,,,,B03,,,1,,1,,,40,40,1,13,4,120.665463,24.162665,3
1946,66000,387130000C,(04)23274275,(04)23288582,2025,6,6,13,20,臺中市,太平區,0,0,0,7,,,30,,,,,,,,,,,,,,,,,,,A12,,,1,,2,,,84,84,1,12,4,120.737319,24.155946,3
1947,66000,387130000C,(04)23274275,(04)23288582,2025,6,6,13,21,臺中市,太平區,0,1,0,6,2,6,30,4,1,1,5,4,6,6,4,4,10,5,5,2,16,3,10,3,1,B03,7,6,1,8,2,5,,14,14,1,6,4,120.708796,24.154686,2
1948,66000,387130000C,(04)23274275,(04)23288582,2025,6,6,13,22,臺中市,西屯區,0,0,0,7,,,50,,,,,,,,,,,,,,12,,,,,B03,,,1,,1,,,8,8,1,13,4,120.654421,24.164485,3
1949,66000,387130000C,(04)23274275,(04)23288582,2025,6,6,13,24,臺中市,南屯區,0,0,0,7,,,50,,,,,,,,,,,,,,16,,,,,C03,,,1,,2,,,21,21,1,6,4,120.633946,24.146191,3
1950,66000,387130000C,(04)23274275,(04)23288582,2025,6,6,13,24,臺中市,大甲區,0,0,0,7,,,50,,,,,,,,,,,,,,,,,,,B03,,,1,,2,,,7,7,1,6,4,120.622631,24.342402,3
1951,66000,387130000C,(04)23274275,(04)23288582,2025,6,6,13,24,臺中市,豐原區,0,0,0,7,,,50,,,,,,,,,,,,,,15,,,,,C03,,,1,,2,,,21,21,1,6,4,120.722562,24.246057,3
1952,66000,387130000C,(04)23274275,(04)23288582,2025,6,6,13,25,臺中市,東區,0,1,0,7,2,6,50,5,1,1,5,4,6,6,1,1,10,5,5,2,16,3,10,3,1,B03,7,6,1,8,1,8,,11,11,1,13,4,120.706307,24.148609,2
1953,66000,387130000C,(04)23274275,(04)23288582,2025,6,6,13,25,臺中市,西屯區,0,1,0,7,2,6,50,4,1,1,5,4,6,6,2,1,4,3,5,2,16,2,6,5,4,C03,7,6,1,10,2,13,,48,48,1,13,4,120.645096,24.178816,2
1954,66000,387130000C,(04)23274275,(04)23288582,2025,6,6,13,25,臺中市,大里區,0,0,0,5,,,80,,,,,,,,,,,,,,17,,,,,B12,,,1,,1,,,40,40,1,12,4,120.690704,24.098029,3
1955,66000,387130000C,(04)23274275,(04)23288582,2025,6,6,13,25,臺中市,清水區,0,1,0,7,3,6,50,4,1,1,5,4,6,6,1,1,1,4,5,1,16,3,10,3,1,B03,7,5,1,8,2,2,,38,38,1,12,4,120.564612,24.27129,2
1956,66000,387130000C,(04)23274275,(04)23288582,2025,6,6,13,30,臺中市,大里區,0,0,0,5,,,50,,,,,,,,,,,,,,,,,,,B12,,,1,,1,,,49,49,1,6,4,120.708904,24.0882,3
1957,66000,387130000C,(04)23274275,(04)23288582,2025,6,6,13,31,臺中市,西區,0,0,0,7,,,40,,,,,,,,,,,,,,,,,,,B03,,,1,,1,,,8,8,1,6,4,120.660424,24.15842,3
1958,66000,387130000C,(04)23274275,(04)23288582,2025,6,6,13,37,臺中市,豐原區,0,0,0,6,,,50,,,,,,,,,,,,,,12,,,,,B03,,,1,,2,,,8,8,1,13,4,120.749545,24.268486,3
1959,66000,387130000C,(04)23274275,(04)23288582,2025,6,6,13,40,臺中市,南屯區,0,0,0,7,,,50,,,,,,,,,,,,,,,,,,,B03,,,1,,2,,,49,49,1,12,4,120.634968,24.148295,3
1960,66000,387130000C,(04)23274275,(04)23288582,2025,6,6,13,42,臺中市,烏日區,0,0,0,7,,,30,,,,,,,,,,,,,,,,,,,C03,,,1,,9,,,41,41,1,6,4,120.636181,24.077458,3
1961,66000,387130000C,(04)23274275,(04)23288582,2025,6,6,13,47,臺中市,東勢區,0,0,0,7,,,60,,,,,,,,,,,,,,17,,,,,B03,,,1,,1,,,8,8,1,12,4,120.811472,24.303926,3
1962,66000,387130000C,(04)23274275,(04)23288582,2025,6,6,13,50,臺中市,南屯區,0,0,0,7,2,6,50,4,1,1,5,4,6,6,2,1,5,4,4,2,14,3,10,3,1,B03,7,2,1,8,4,3,,49,49,1,12,4,120.635854,24.147657,3
1963,66000,387130000C,(04)23274275,(04)23288582,2025,6,6,13,58,臺中市,北屯區,0,0,0,7,,,50,,,,,,,,,,,,,,,,,,,B03,,,1,,1,,,50,50,1,12,4,120.666334,24.190814,3
1964,66000,387130000C,(04)23274275,(04)23288582,2025,6,6,14,1,臺中市,西屯區,0,0,0,7,,,50,,,,,,,,,,,,,,13,,,,,B03,,,1,,1,,,59,59,1,13,4,120.629267,24.205145,3
1965,66000,387130000C,(04)23274275,(04)23288582,2025,6,6,14,1,臺中市,烏日區,0,0,0,7,2,6,50,3,1,1,5,4,6,6,1,1,1,4,5,2,12,3,10,3,1,B03,7,6,1,8,1,5,,84,84,1,6,4,120.616844,24.116186,3
1966,66000,387130000C,(04)23274275,(04)23288582,2025,6,6,14,2,臺中市,西屯區,0,2,0,7,2,6,70,13,7,1,5,4,6,6,4,4,1,4,1,2,13,2,9,3,1,B03,7,14,3,19,2,1,,56,56,1,12,4,120.618335,24.181642,2
1967,66000,387130000C,(04)23274275,(04)23288582,2025,6,6,14,12,臺中市,潭子區,0,0,0,7,,,50,,,,,,,,,,,,,,,,,,,C03,,,2,,2,,,39,39,1,13,4,120.703999,24.21377,3
1968,66000,387130000C,(04)23274275,(04)23288582,2025,6,6,14,14,臺中市,南屯區,0,1,0,7,2,6,50,4,2,1,5,4,6,6,2,1,1,5,5,2,13,2,8,2,1,C03,7,9,1,10,1,11,,7,7,1,6,4,120.623141,24.145201,2
1969,66000,387130000C,(04)23274275,(04)23288582,2025,6,6,14,20,臺中市,大里區,0,0,0,7,,,50,,,,,,,,,,,,,,,,,,,B03,,,1,,2,,,7,7,1,12,4,120.681211,24.104689,3
1970,66000,387130000C,(04)23274275,(04)23288582,2025,6,6,14,21,臺中市,南區,0,0,0,7,,,1,,,,,,,,,,,,,,30,,,,,,,,,,,,,119,119,1,,,120.682238,24.122132,3
1971,66000,387130000C,(04)23274275,(04)23288582,2025,6,6,14,24,臺中市,大里區,0,1,0,7,2,6,60,13,8,1,5,4,6,6,4,4,1,4,4,1,17,3,10,3,1,B03,7,1,1,8,2,7,,51,51,1,13,4,120.678854,24.103952,2
1972,66000,387130000C,(04)23274275,(04)23288582,2025,6,6,14,32,臺中市,中區,0,1,0,7,2,6,50,13,9,1,5,4,6,6,4,4,5,4,5,2,12,3,10,3,1,B03,7,7,1,8,2,2,6,40,40,1,12,4,120.678575,24.141165,2
1973,66000,387130000C,(04)23274275,(04)23288582,2025,6,6,14,34,臺中市,南屯區,0,1,0,7,2,6,50,4,1,1,5,4,6,6,1,1,10,5,5,2,17,3,10,3,1,B03,7,5,1,8,2,6,,47,47,1,12,4,120.626551,24.151663,2
1974,66000,387130000C,(04)23274275,(04)23288582,2025,6,6,14,34,臺中市,北屯區,0,0,0,7,,3,80,,,,,,,,,,,,,,,,,,,B12,,,1,,2,,,7,7,1,6,4,120.674749,24.200956,3
1975,66000,387130000C,(04)23274275,(04)23288582,2025,6,6,14,35,臺中市,西屯區,0,2,0,7,2,6,50,13,9,1,5,4,6,6,4,4,1,5,5,2,3,2,9,2,1,C03,7,9,1,10,2,11,,6,6,1,12,4,120.650056,24.171621,2
1976,66000,387130000C,(04)23274275,(04)23288582,2025,6,6,14,37,臺中市,南區,0,1,0,7,2,6,50,4,1,1,5,4,6,6,2,1,10,5,5,2,16,3,10,3,1,B03,7,5,1,8,2,5,,22,22,1,12,4,120.678225,24.133514,2
1977,66000,387130000C,(04)23274275,(04)23288582,2025,6,6,14,40,臺中市,北區,0,0,0,7,,,50,,,,,,,,,,,,,,13,,,,,C03,,,1,,1,,,84,84,1,13,4,120.686075,24.15464,4
1978,66000,387130000C,(04)23274275,(04)23288582,2025,6,6,14,41,臺中市,中區,0,1,0,7,2,6,50,4,1,1,5,4,6,6,2,1,10,5,5,2,16,3,10,5,1,C03,7,6,1,10,2,14,,48,48,1,6,4,120.680565,24.147038,2
1979,66000,387130000C,(04)23274275,(04)23288582,2025,6,6,14,45,臺中市,大里區,0,0,0,7,,,50,,,,,,,,,,,,,,12,,,,,B12,,,1,,2,,,8,8,1,13,4,120.695702,24.104226,3
1980,66000,387130000C,(04)23274275,(04)23288582,2025,6,6,14,47,臺中市,大里區,0,3,0,7,3,6,50,4,2,1,5,4,6,6,1,1,5,5,4,1,13,2,8,1,1,C03,7,9,1,10,2,11,,59,59,1,12,4,120.70329,24.089966,2
1981,66000,387130000C,(04)23274275,(04)23288582,2025,6,6,14,52,臺中市,龍井區,0,0,0,6,,,50,,,,,,,,,,,,,,16,,,,,C03,,,3,,2,,,45,45,1,6,4,120.585377,24.185763,3
1982,66000,387130000C,(04)23274275,(04)23288582,2025,6,6,15,1,臺中市,南區,0,0,0,7,,,50,,,,,,,,,,,,,,16,,,,,B03,,,1,,1,,,20,20,1,6,4,120.662634,24.11848,3
1983,66000,387130000C,(04)23274275,(04)23288582,2025,6,6,15,2,臺中市,豐原區,0,2,0,6,2,6,50,13,9,1,5,4,6,6,4,4,5,5,5,1,12,2,8,1,1,C03,7,1,1,10,2,11,,51,51,1,12,4,120.723378,24.240111,2
1984,66000,387130000C,(04)23274275,(04)23288582,2025,6,6,15,5,臺中市,大里區,0,0,0,7,,,80,,,,,,,,,,,,,,13,,,,,B03,,,1,,2,,,40,40,1,13,4,120.690704,24.098029,3
1985,66000,387130000C,(04)23274275,(04)23288582,2025,6,6,15,10,臺中市,烏日區,0,0,0,7,2,6,50,13,9,1,5,4,6,6,4,4,10,5,5,2,12,3,10,3,1,B03,7,9,1,8,1,2,,8,8,1,6,4,120.626314,24.102622,3
1986,66000,387130000C,(04)23274275,(04)23288582,2025,6,6,15,15,臺中市,西屯區,0,0,0,7,,,60,,,,,,,,,,,,,,,,,,,B03,,,1,,2,,,84,84,1,12,4,120.653004,24.160839,3
1987,66000,387130000C,(04)23274275,(04)23288582,2025,6,6,15,23,臺中市,大里區,0,0,0,7,,,50,,,,,,,,,,,,,,17,,,,,B03,,,1,,2,,,8,8,1,12,4,120.680839,24.104518,3
1988,66000,387130000C,(04)23274275,(04)23288582,2025,6,6,15,30,臺中市,外埔區,0,0,0,5,3,5,40,13,9,1,4,4,6,6,4,1,10,5,5,2,25,3,10,3,1,B03,7,3,1,8,1,5,5,84,84,1,13,4,120.654685,24.329228,3
1989,66000,387130000C,(04)23274275,(04)23288582,2025,6,6,15,31,臺中市,西屯區,0,0,0,7,,,50,,,,,,,,,,,,,,14,,,,,B12,,,1,,2,,,49,49,1,13,4,120.667574,24.177231,3
1990,66000,387130000C,(04)23274275,(04)23288582,2025,6,6,15,37,臺中市,西屯區,0,0,0,5,,,50,,,,,,,,,,,,,,17,,,,,C03,,,1,,1,,,40,40,1,13,4,120.606299,24.161641,3
1991,66000,387130000C,(04)23274275,(04)23288582,2025,6,6,15,39,臺中市,南區,0,1,0,7,2,6,50,4,1,1,5,4,6,6,2,1,10,5,5,2,16,3,10,3,1,B03,7,5,1,8,2,2,,47,47,1,12,4,120.657713,24.133331,2
1992,66000,387130000C,(04)23274275,(04)23288582,2025,6,6,15,43,臺中市,清水區,0,2,0,7,2,6,50,13,9,1,5,4,6,6,4,4,8,3,4,1,17,2,9,1,1,C04,7,1,1,11,2,14,,51,51,1,12,4,120.564511,24.268353,2
1993,66000,387130000C,(04)23274275,(04)23288582,2025,6,6,15,47,臺中市,西屯區,0,1,0,7,2,6,50,3,1,1,5,4,6,6,4,4,10,5,5,2,16,3,10,5,4,B03,7,5,1,8,2,8,,12,12,1,12,4,120.646183,24.18639,2
1994,66000,387130000C,(04)23274275,(04)23288582,2025,6,6,15,51,臺中市,西屯區,0,0,0,7,,,60,,,,,,,,,,,,,,,,,,,B03,,,1,,1,,,7,7,1,12,4,120.650179,24.166809,3
1995,66000,387130000C,(04)23274275,(04)23288582,2025,6,6,15,52,臺中市,大甲區,0,0,0,7,,,60,,,,,,,,,,,,,,,,,,,B03,,,1,,1,,,84,84,1,12,4,120.617415,24.346579,3
1996,66000,387130000C,(04)23274275,(04)23288582,2025,6,6,15,54,臺中市,大里區,0,0,0,7,,,25,,,,,,,,,,,,,,13,,,,,B03,,,1,,2,,,7,7,1,13,4,120.697314,24.111087,3
1997,66000,387130000C,(04)23274275,(04)23288582,2025,6,6,15,55,臺中市,西屯區,0,0,0,7,,,30,,,,,,,,,,,,,,,,,,,B03,,,1,,2,,,47,47,1,12,4,120.617857,24.177071,3
1998,66000,387130000C,(04)23274275,(04)23288582,2025,6,6,15,58,臺中市,東區,0,1,0,7,2,6,50,13,8,1,5,4,6,6,4,4,3,4,4,2,17,2,9,1,1,C03,7,9,1,10,2,11,,84,84,1,12,4,120.694281,24.150929,2
1999,66000,387130000C,(04)23274275,(04)23288582,2025,6,6,15,59,臺中市,西屯區,0,1,0,7,2,6,50,13,7,1,5,4,6,6,4,4,1,4,4,2,13,2,9,5,4,C03,7,9,1,10,2,11,,59,59,1,12,4,120.636661,24.155,2
2000,66000,387130000C,(04)23274275,(04)23288582,2025,6,6,16,2,臺中市,大里區,0,1,0,7,2,6,30,4,1,1,5,4,6,6,4,4,10,5,5,2,17,3,10,3,1,B03,7,9,1,8,2,5,,20,20,1,6,4,120.694345,24.079992,2
2001,66000,387130000C,(04)23274275,(04)23288582,2025,6,6,16,2,臺中市,太平區,0,0,0,7,,,80,,,,,,,,,,,,,,17,,,,,B03,,,1,,2,,,40,40,1,12,4,120.714272,24.148696,3
2002,66000,387130000C,(04)23274275,(04)23288582,2025,6,6,16,5,臺中市,中區,0,0,0,7,,,50,,,,,,,,,,,,,,12,,,,,B01,,,1,,9,,,8,8,1,12,4,120.683665,24.138151,3
2003,66000,387130000C,(04)23274275,(04)23288582,2025,6,6,16,6,臺中市,西屯區,0,1,0,6,2,6,60,3,1,1,4,4,6,6,1,1,5,4,4,2,17,2,9,2,1,C03,7,9,1,10,2,12,,87,87,1,12,4,120.635349,24.169426,2
2004,66000,387130000C,(04)23274275,(04)23288582,2025,6,6,16,6,臺中市,沙鹿區,0,0,0,7,,,60,,,,,,,,,,,,,,,,,,,A31,,,1,,1,,,40,40,1,6,4,120.574875,24.252878,3
2005,66000,387130000C,(04)23274275,(04)23288582,2025,6,6,16,7,臺中市,西屯區,0,1,0,7,2,6,40,13,8,1,5,4,6,6,4,4,1,4,4,1,17,2,9,5,4,C03,7,9,1,10,2,12,,59,59,1,13,4,120.636502,24.161032,2
2006,66000,387130000C,(04)23274275,(04)23288582,2025,6,6,16,7,臺中市,大里區,0,0,0,7,,,50,,,,,,,,,,,,,,16,,,,,B03,,,1,,2,,,40,40,1,13,4,120.69701,24.111196,3
2007,66000,387130000C,(04)23274275,(04)23288582,2025,6,6,16,10,臺中市,西區,0,0,0,7,,,50,,,,,,,,,,,,,,13,,,,,C02,,,1,,1,,,7,7,1,12,4,120.658368,24.157721,3
2008,66000,387130000C,(04)23274275,(04)23288582,2025,6,6,16,10,臺中市,大甲區,0,0,0,7,,,50,,,,,,,,,,,,,,,,,,,B03,,,1,,2,,,20,20,1,6,4,120.619952,24.353009,3
2009,66000,387130000C,(04)23274275,(04)23288582,2025,6,6,16,12,臺中市,北屯區,0,1,0,7,2,6,50,3,1,1,5,4,6,6,4,4,10,5,5,2,16,2,8,1,1,C03,7,9,1,10,2,14,,84,84,1,12,4,120.668437,24.187926,2
2010,66000,387130000C,(04)23274275,(04)23288582,2025,6,6,16,14,臺中市,南屯區,0,0,0,7,3,6,40,13,17,1,5,4,6,6,4,4,10,5,5,2,13,,,,,B03,,,1,,1,,,7,7,1,12,4,120.621618,24.134699,3
2011,66000,387130000C,(04)23274275,(04)23288582,2025,6,6,16,18,臺中市,西區,0,0,0,7,,,50,,,,,,,,,,,,,,17,,,,,B03,,,1,,1,,,51,51,1,12,4,120.657597,24.149394,3
2012,66000,387130000C,(04)23274275,(04)23288582,2025,6,6,16,22,臺中市,烏日區,0,0,0,7,2,6,50,13,7,1,5,4,6,6,4,4,5,4,4,2,13,3,10,3,1,B03,7,9,1,7,2,1,,84,84,1,6,4,120.607297,24.110044,3
2013,66000,387130000C,(04)23274275,(04)23288582,2025,6,6,16,25,臺中市,北區,0,1,0,7,2,6,50,5,1,1,5,4,6,6,2,1,1,4,5,2,12,3,10,1,1,C03,7,9,1,10,2,12,,84,84,1,13,4,120.686514,24.154718,2
2014,66000,387130000C,(04)23274275,(04)23288582,2025,6,6,16,30,臺中市,南屯區,0,0,0,7,,,50,,,,,,,,,,,,,,12,,,,,B03,,,1,,2,,,50,50,1,12,4,120.639809,24.148752,3
2015,66000,387130000C,(04)23274275,(04)23288582,2025,6,6,16,36,臺中市,霧峰區,0,0,0,7,,,50,,,,,,,,,,,,,,16,,,,,B03,,,1,,2,,,11,11,1,12,4,120.693115,24.03799,3
2016,66000,387130000C,(04)23274275,(04)23288582,2025,6,6,16,37,臺中市,大里區,0,0,0,7,2,6,50,13,7,1,5,4,6,6,4,4,5,5,4,1,13,,,,,B03,,,1,,1,,,84,84,1,6,4,120.714986,24.094343,3
2017,66000,387130000C,(04)23274275,(04)23288582,2025,6,6,16,37,臺中市,豐原區,0,0,0,7,,,50,,,,,,,,,,,,,,17,,,,,B03,,,1,,2,,,84,84,1,12,4,120.723758,24.245179,3
2018,66000,387130000C,(04)23274275,(04)23288582,2025,6,6,16,39,臺中市,東勢區,0,1,0,7,2,6,50,13,9,1,5,4,6,6,1,1,8,5,5,1,13,2,9,1,1,C03,7,9,1,10,2,11,,7,7,1,12,4,120.829627,24.253321,2
2019,66000,387130000C,(04)23274275,(04)23288582,2025,6,6,16,41,臺中市,東區,0,0,0,7,,,50,,,,,,,,,,,,,,,,,,,B12,,,1,,2,,,7,7,1,6,4,120.693229,24.147833,3
2020,66000,387130000C,(04)23274275,(04)23288582,2025,6,6,16,43,臺中市,北屯區,0,0,0,7,,,50,,,,,,,,,,,,,,13,,,,,B03,,,1,,1,,,7,7,1,6,4,120.676931,24.185523,3
2021,66000,387130000C,(04)23274275,(04)23288582,2025,6,6,16,43,臺中市,烏日區,0,1,0,7,3,6,50,5,1,1,5,4,6,6,1,1,5,2,5,1,16,3,10,3,1,B03,7,5,1,8,2,5,,47,47,1,6,4,120.637437,24.096761,2
2022,66000,387130000C,(04)23274275,(04)23288582,2025,6,6,16,45,臺中市,大肚區,0,1,0,6,2,6,50,13,14,1,5,4,6,6,4,4,1,4,5,1,18,2,9,1,1,C03,7,9,5,19,6,14,,6,6,1,6,4,120.575805,24.118875,2
2023,66000,387130000C,(04)23274275,(04)23288582,2025,6,6,16,47,臺中市,南屯區,0,0,0,7,,,50,,,,,,,,,,,,,,,,,,,C03,,,3,,2,,,84,84,1,6,4,120.644315,24.134918,3
2024,66000,387130000C,(04)23274275,(04)23288582,2025,6,6,16,50,臺中市,大里區,0,1,0,7,2,6,50,13,9,1,5,4,6,6,4,4,5,5,5,1,17,3,10,5,4,C03,7,11,3,19,2,13,,39,39,1,13,4,120.703598,24.097067,2
2025,66000,387130000C,(04)23274275,(04)23288582,2025,6,6,16,50,臺中市,外埔區,0,0,0,7,2,6,50,13,14,1,5,4,6,6,4,4,5,5,4,1,17,3,10,3,1,B03,7,3,1,8,1,6,,50,50,1,12,4,120.654746,24.330226,3
2026,66000,387130000C,(04)23274275,(04)23288582,2025,6,6,16,51,臺中市,西屯區,0,1,0,7,2,6,50,4,1,1,5,4,6,6,2,1,10,5,5,2,12,3,10,5,4,C03,7,9,3,19,2,12,,42,42,1,13,4,120.624471,24.178735,2
2027,66000,387130000C,(04)23274275,(04)23288582,2025,6,6,16,52,臺中市,東區,0,0,0,7,,,50,,,,,,,,,,,,,,13,,,,,B03,,,1,,1,,,84,84,1,12,4,120.698696,24.131936,3
2028,66000,387130000C,(04)23274275,(04)23288582,2025,6,6,16,53,臺中市,北屯區,0,1,0,7,2,6,50,3,1,1,5,4,6,6,4,4,3,3,5,2,16,3,10,3,1,B03,7,5,1,8,2,5,,84,84,1,13,4,120.696568,24.170721,2
2029,66000,387130000C,(04)23274275,(04)23288582,2025,6,6,16,56,臺中市,太平區,0,1,0,7,2,6,50,4,1,1,5,4,6,6,4,4,5,4,5,1,16,3,10,3,1,B03,7,11,1,8,2,5,,45,45,1,12,4,120.703277,24.150846,2
2030,66000,387130000C,(04)23274275,(04)23288582,2025,6,6,16,58,臺中市,南屯區,0,0,0,7,,,50,,,,,,,,,,,,,,14,,,,,B03,,,1,,1,,,49,49,1,6,4,120.651581,24.140376,3
2031,66000,387130000C,(04)23274275,(04)23288582,2025,6,6,17,0,臺中市,清水區,0,0,0,7,3,6,50,13,9,1,5,4,6,6,4,4,5,5,5,1,13,,,,,B03,,,1,,2,,,7,7,1,12,4,120.557845,24.266662,3