序號,縣市別代碼,機關代碼,市話,傳真,年,月,日,時,分,縣市,區,死亡數量,受傷數量,2-30,天候,道路照明設備,道路類別,道路速限,道路型態,事故位置,路面鋪裝,路面狀態,路面缺陷,障礙物,視距,號誌種類,號誌動作,分向設施,快車道或一般車道間,快慢車道間,路面邊線,事故類型及型態,受傷程度,主要傷處,保護裝備,行動電話或功能裝置,當事者區分(類別),車輛用途,當事者行動狀態,駕照狀態,駕照種類,飲酒情形,車輛撞擊部位最初,車輛撞擊部位其他,肇事因素個別,肇事因素主要,肇事逃逸,職業,共享經濟或外送平台,GPS座標X,GPS座標Y,事故類別
2032,66000,387130000C,(04)23274275,(04)23288582,2025,6,6,17,0,臺中市,后里區,0,0,0,5,,,40,,,,,,,,,,,,,,15,,,,,C03,,,1,,1,,,21,21,1,12,4,120.706358,24.306795,3
2033,66000,387130000C,(04)23274275,(04)23288582,2025,6,6,17,0,臺中市,豐原區,0,0,0,7,,,50,,,,,,,,,,,,,,12,,,,,B03,,,1,,2,,,20,20,1,6,4,120.713782,24.255799,4
2034,66000,387130000C,(04)23274275,(04)23288582,2025,6,6,17,6,臺中市,大肚區,0,1,0,7,2,6,50,13,8,1,5,4,6,6,4,4,1,4,4,1,17,3,10,3,1,B12,7,1,1,8,2,6,,51,51,1,6,4,120.554866,24.129889,2
2035,66000,387130000C,(04)23274275,(04)23288582,2025,6,6,17,12,臺中市,大里區,0,2,0,7,2,6,50,3,1,1,5,4,6,6,4,4,10,5,5,2,17,2,9,1,1,C03,7,6,1,10,2,11,,14,14,1,12,4,120.666942,24.108875,2
2036,66000,387130000C,(04)23274275,(04)23288582,2025,6,6,17,13,臺中市,北區,0,0,0,7,,,50,,,,,,,,,,,,,,13,,,,,B03,,,1,,2,,,7,7,1,13,4,120.684946,24.153043,3
2037,66000,387130000C,(04)23274275,(04)23288582,2025,6,6,17,13,臺中市,西屯區,0,2,0,7,2,6,30,13,9,1,5,4,6,6,4,4,10,5,5,2,10,2,9,5,4,C03,7,9,1,10,2,11,,59,59,1,13,4,120.614551,24.16897,2
2038,66000,387130000C,(04)23274275,(04)23288582,2025,6,6,17,13,臺中市,大里區,0,0,0,7,,,50,,,,,,,,,,,,,,,,,,,B03,,,1,,2,,,84,84,1,13,4,120.695416,24.096894,3
2039,66000,387130000C,(04)23274275,(04)23288582,2025,6,6,17,15,臺中市,南區,0,0,0,7,,,50,,,,,,,,,,,,,,,,,,,B03,,,1,,1,,,40,40,1,6,4,120.664334,24.124728,3
2040,66000,387130000C,(04)23274275,(04)23288582,2025,6,6,17,17,臺中市,北區,0,2,0,7,2,6,50,3,1,1,5,4,6,6,1,1,10,5,5,2,17,2,9,1,1,C04,7,6,1,10,2,13,,42,42,1,13,4,120.673651,24.159219,2
2041,66000,387130000C,(04)23274275,(04)23288582,2025,6,6,17,20,臺中市,南屯區,0,0,0,7,,,50,,,,,,,,,,,,,,2,,,,,C03,,,1,,1,,,59,59,1,12,4,120.616984,24.159367,3
2042,66000,387130000C,(04)23274275,(04)23288582,2025,6,6,17,22,臺中市,大甲區,0,2,0,7,3,6,50,4,9,1,5,4,6,6,4,4,5,4,5,1,17,2,9,1,1,C03,7,1,1,10,2,11,,12,12,1,12,4,120.618961,24.34651,2
2043,66000,387130000C,(04)23274275,(04)23288582,2025,6,6,17,23,臺中市,中區,0,0,0,7,,,50,,,,,,,,,,,,,,,,,,,A12,,,1,,11,,,84,84,1,12,4,120.6684,24.153074,3
2044,66000,387130000C,(04)23274275,(04)23288582,2025,6,6,17,25,臺中市,北區,0,2,0,7,2,6,50,4,2,1,5,4,6,6,1,1,1,4,4,2,13,2,9,1,1,C03,7,9,1,10,2,11,,7,7,1,12,4,120.675489,24.159461,2
2045,66000,387130000C,(04)23274275,(04)23288582,2025,6,6,17,25,臺中市,南區,0,0,0,7,,,50,,,,,,,,,,,,,,17,,,,,B03,,,1,,1,,,85,85,1,12,4,120.657569,24.11811,4
2046,66000,387130000C,(04)23274275,(04)23288582,2025,6,6,17,25,臺中市,豐原區,0,0,0,7,,,50,,,,,,,,,,,,,,17,,,,,B03,,,1,,2,,,58,58,1,13,4,120.732867,24.246644,3
2047,66000,387130000C,(04)23274275,(04)23288582,2025,6,6,17,26,臺中市,潭子區,0,1,0,7,3,6,30,3,1,1,5,4,6,6,4,4,5,5,5,2,17,3,10,3,1,B03,7,6,1,8,2,4,,14,14,1,13,4,120.721454,24.204045,2
2048,66000,387130000C,(04)23274275,(04)23288582,2025,6,6,17,26,臺中市,西屯區,0,1,0,7,2,6,50,4,2,1,5,4,6,6,1,1,10,5,5,2,14,2,1,5,4,B03,7,2,1,8,2,3,,49,49,1,12,4,120.636025,24.176017,2
2049,66000,387130000C,(04)23274275,(04)23288582,2025,6,6,17,27,臺中市,潭子區,0,1,0,6,3,3,80,13,9,1,5,4,6,6,4,4,2,4,5,1,13,2,9,2,1,C02,7,9,1,9,2,11,,7,7,1,13,4,120.715227,24.199793,2
2050,66000,387130000C,(04)23274275,(04)23288582,2025,6,6,17,28,臺中市,大雅區,0,0,0,6,,,0,,,,,,,,,,,,,,,,,,,C03,,,1,,1,,,49,49,1,13,4,120.650318,24.219453,3
2051,66000,387130000C,(04)23274275,(04)23288582,2025,6,6,17,28,臺中市,西屯區,0,0,0,7,,,60,,,,,,,,,,,,,,,,,,,C03,,,1,,2,,,84,84,1,12,4,120.662021,24.200598,3
2052,66000,387130000C,(04)23274275,(04)23288582,2025,6,6,17,30,臺中市,清水區,0,1,0,7,3,6,60,4,1,1,5,4,6,6,1,1,1,4,4,1,17,3,10,3,1,B02,7,6,1,8,2,1,,48,48,1,12,4,120.552895,24.296217,2
2053,66000,387130000C,(04)23274275,(04)23288582,2025,6,6,17,31,臺中市,南屯區,0,2,0,7,2,6,50,4,1,1,5,4,6,6,2,1,5,4,4,2,16,3,10,3,1,B03,7,6,1,8,2,5,,11,11,1,12,4,120.634095,24.158268,2
2054,66000,387130000C,(04)23274275,(04)23288582,2025,6,6,17,33,臺中市,東區,0,2,0,7,2,6,50,13,12,1,5,4,6,6,4,4,5,5,4,2,17,2,8,1,1,F03,7,1,7,21,2,13,,51,51,1,12,4,120.709488,24.149056,2
2055,66000,387130000C,(04)23274275,(04)23288582,2025,6,6,17,39,臺中市,南屯區,0,2,0,7,2,6,50,13,9,1,5,4,6,6,1,1,5,2,5,2,13,2,9,2,1,C03,7,9,1,10,2,11,,7,7,1,6,4,120.622269,24.14031,2
2056,66000,387130000C,(04)23274275,(04)23288582,2025,6,6,17,40,臺中市,東區,0,0,0,7,,,50,,,,,,,,,,,,,,,,,,,,,,,,,,,86,86,1,,,120.688484,24.135263,3
2057,66000,387130000C,(04)23274275,(04)23288582,2025,6,6,17,42,臺中市,東區,0,0,0,7,,,50,,,,,,,,,,,,,,13,,,,,B03,,,1,,1,,,7,7,1,12,4,120.687722,24.136879,3
2058,66000,387130000C,(04)23274275,(04)23288582,2025,6,6,17,42,臺中市,南區,0,1,0,7,3,6,50,13,9,1,5,4,6,6,4,4,5,5,5,2,17,3,10,5,4,B03,7,9,1,8,2,5,,84,84,1,6,4,120.681592,24.129445,2
2059,66000,387130000C,(04)23274275,(04)23288582,2025,6,6,17,42,臺中市,大里區,0,1,0,7,2,6,50,13,9,1,5,4,6,6,4,4,9,5,5,1,16,2,9,5,4,F03,7,1,7,21,2,11,,51,51,1,12,4,120.707017,24.087209,2
2060,66000,387130000C,(04)23274275,(04)23288582,2025,6,6,17,43,臺中市,西屯區,0,0,0,7,,,50,,,,,,,,,,,,,,,,,,,B03,,,1,,1,,,59,59,1,12,4,120.665451,24.167775,3
2061,66000,387130000C,(04)23274275,(04)23288582,2025,6,6,17,45,臺中市,大里區,0,1,0,7,3,6,50,4,2,1,5,4,6,6,1,1,5,5,4,1,12,2,5,2,1,C03,7,8,1,10,2,14,,40,40,1,13,4,120.676305,24.101696,2
2062,66000,387130000C,(04)23274275,(04)23288582,2025,6,6,17,47,臺中市,北屯區,0,0,0,7,,,50,,,,,,,,,,,,,,12,,,,,B03,,,1,,9,,,8,8,2,6,4,120.686052,24.177068,3
2063,66000,387130000C,(04)23274275,(04)23288582,2025,6,6,17,54,臺中市,北屯區,0,1,0,7,2,6,50,4,1,1,5,4,6,6,2,1,3,4,5,2,15,3,10,3,1,B03,7,9,1,8,2,6,,84,84,1,13,4,120.661932,24.189474,2
2064,66000,387130000C,(04)23274275,(04)23288582,2025,6,6,17,55,臺中市,北區,0,1,0,7,2,6,50,13,9,1,5,4,6,6,4,4,5,4,5,2,17,3,10,5,1,B03,7,2,1,8,2,4,,49,49,1,13,4,120.678763,24.167875,2
2065,66000,387130000C,(04)23274275,(04)23288582,2025,6,6,17,56,臺中市,大里區,0,0,0,7,,,50,,,,,,,,,,,,,,17,,,,,B03,,,1,,2,,,49,49,1,12,4,120.685188,24.106967,3
2066,66000,387130000C,(04)23274275,(04)23288582,2025,6,6,17,57,臺中市,外埔區,0,1,0,7,2,6,50,11,9,1,5,4,6,6,4,4,5,5,5,1,30,,,,,,,,,,,,,119,119,1,,,120.631568,24.33413,2
2067,66000,387130000C,(04)23274275,(04)23288582,2025,6,6,17,59,臺中市,北區,0,0,0,7,,,50,,,,,,,,,,,,,,13,,,,,B03,,,1,,2,,,59,59,1,13,4,120.684895,24.161908,3
2068,66000,387130000C,(04)23274275,(04)23288582,2025,6,6,17,59,臺中市,烏日區,0,0,0,7,,,50,,,,,,,,,,,,,,,,,,,B03,,,1,,2,,,40,40,1,12,4,120.618852,24.11078,3
2069,66000,387130000C,(04)23274275,(04)23288582,2025,6,6,18,0,臺中市,南區,0,0,0,7,,,50,,,,,,,,,,,,,,13,,,,,B12,,,1,,1,,,7,7,1,12,4,120.656325,24.129618,3
2070,66000,387130000C,(04)23274275,(04)23288582,2025,6,6,18,0,臺中市,北屯區,0,0,0,7,,,50,,,,,,,,,,,,,,16,,,,,B03,,,1,,1,,,14,14,1,6,4,120.663979,24.200782,4
2071,66000,387130000C,(04)23274275,(04)23288582,2025,6,6,18,0,臺中市,北屯區,0,1,0,7,3,6,50,13,9,1,5,4,6,6,4,4,1,4,5,2,13,2,9,3,1,B03,7,9,1,8,2,8,,59,59,1,6,4,120.685671,24.178107,2
2072,66000,387130000C,(04)23274275,(04)23288582,2025,6,6,18,0,臺中市,豐原區,0,1,0,6,2,6,50,4,2,1,5,4,6,6,1,1,3,4,4,1,12,3,10,3,1,B03,7,5,1,8,2,2,,11,11,1,12,4,120.74639,24.265774,2
2073,66000,387130000C,(04)23274275,(04)23288582,2025,6,6,18,5,臺中市,南屯區,0,0,0,7,,,50,,,,,,,,,,,,,,,,,,,B03,,,1,,1,,,2,2,1,13,4,120.653242,24.129509,3
2074,66000,387130000C,(04)23274275,(04)23288582,2025,6,6,18,5,臺中市,沙鹿區,0,0,0,7,,,50,,,,,,,,,,,,,,,,,,,B03,,,1,,1,,,40,40,1,6,4,120.568188,24.225995,3
2075,66000,387130000C,(04)23274275,(04)23288582,2025,6,6,18,6,臺中市,豐原區,0,0,0,7,,,50,,,,,,,,,,,,,,16,,,,,B03,,,1,,2,,,11,11,1,12,4,120.700868,24.249244,3
2076,66000,387130000C,(04)23274275,(04)23288582,2025,6,6,18,10,臺中市,南區,0,1,0,7,3,6,50,4,1,1,5,4,6,6,2,1,5,5,5,2,12,2,9,2,1,C03,7,9,1,10,2,14,,5,5,1,6,4,120.653331,24.126539,2
2077,66000,387130000C,(04)23274275,(04)23288582,2025,6,6,18,11,臺中市,北屯區,0,0,0,7,,,50,,,,,,,,,,,,,,13,,,,,B03,,,5,,1,,,7,7,1,13,4,120.719585,24.163093,3
2078,66000,387130000C,(04)23274275,(04)23288582,2025,6,6,18,11,臺中市,烏日區,0,1,0,7,2,6,50,4,1,1,5,4,6,6,1,1,5,4,4,1,16,3,10,3,1,B03,7,5,1,8,2,2,,11,11,1,6,4,120.649129,24.093503,2
2079,66000,387130000C,(04)23274275,(04)23288582,2025,6,6,18,12,臺中市,西屯區,0,0,0,7,,,50,,,,,,,,,,,,,,13,,,,,B03,,,1,,1,,,59,59,1,13,4,120.646573,24.165094,3
2080,66000,387130000C,(04)23274275,(04)23288582,2025,6,6,18,12,臺中市,西屯區,0,2,0,7,2,6,50,4,1,1,5,4,6,6,1,1,5,4,5,2,3,2,9,1,1,C03,7,9,1,10,2,11,,21,21,1,12,4,120.622599,24.174955,2
2081,66000,387130000C,(04)23274275,(04)23288582,2025,6,6,18,13,臺中市,西屯區,0,0,0,7,,,50,,,,,,,,,,,,,,17,,,,,C03,,,1,,1,,,59,59,1,13,4,120.60551,24.193105,3
2082,66000,387130000C,(04)23274275,(04)23288582,2025,6,6,18,14,臺中市,西區,0,1,0,7,2,6,50,13,7,1,5,4,6,6,4,4,3,4,4,2,13,2,9,1,1,C03,7,9,1,10,2,11,,5,5,1,6,4,120.672461,24.146774,2
2083,66000,387130000C,(04)23274275,(04)23288582,2025,6,6,18,14,臺中市,南屯區,0,0,0,7,,,50,,,,,,,,,,,,,,13,,,,,B03,,,1,,1,,,7,7,1,6,4,120.649605,24.146798,3
2084,66000,387130000C,(04)23274275,(04)23288582,2025,6,6,18,14,臺中市,北屯區,0,0,0,7,,3,40,,,,,,,,,,,,,,13,,,,,B03,,,1,,1,,,59,59,1,6,4,120.721014,24.174134,3
2085,66000,387130000C,(04)23274275,(04)23288582,2025,6,6,18,23,臺中市,大里區,0,1,0,7,1,6,50,3,2,1,5,4,6,6,4,4,5,5,4,2,16,2,9,1,1,C03,7,6,3,19,2,14,,14,14,1,13,4,120.68047,24.109063,2
2086,66000,387130000C,(04)23274275,(04)23288582,2025,6,6,18,26,臺中市,東區,0,1,0,7,2,6,50,13,8,1,5,4,6,6,4,4,9,5,4,2,17,3,10,1,1,C03,7,6,1,10,2,12,,20,20,1,12,4,120.703207,24.138567,2
2087,66000,387130000C,(04)23274275,(04)23288582,2025,6,6,18,26,臺中市,北屯區,0,2,0,7,1,6,50,3,1,1,5,4,6,6,4,4,10,5,5,2,17,2,9,1,1,C03,7,1,1,10,2,14,,51,51,1,12,4,120.705401,24.166666,2
2088,66000,387130000C,(04)23274275,(04)23288582,2025,6,6,18,26,臺中市,西屯區,0,0,0,7,,,50,,,,,,,,,,,,,,13,,,,,C03,,,1,,1,,,7,7,1,12,4,120.650297,24.163835,3
2089,66000,387130000C,(04)23274275,(04)23288582,2025,6,6,18,30,臺中市,大里區,0,1,0,7,2,6,50,3,2,1,5,4,6,6,1,1,5,5,5,1,18,2,7,5,4,C03,7,15,5,19,2,14,,85,85,1,13,4,120.686333,24.08855,2
2090,66000,387130000C,(04)23274275,(04)23288582,2025,6,6,18,30,臺中市,豐原區,0,0,0,6,2,6,50,13,9,1,5,4,6,6,4,4,10,5,5,1,11,3,10,3,1,B03,7,9,1,8,9,8,,8,8,1,12,4,120.74693,24.274502,3
2091,66000,387130000C,(04)23274275,(04)23288582,2025,6,6,18,32,臺中市,烏日區,0,1,0,7,1,6,50,4,2,1,5,4,6,6,2,1,5,5,4,2,13,2,8,1,1,C03,7,12,1,10,2,11,12,7,7,1,6,4,120.625628,24.110487,2
2092,66000,387130000C,(04)23274275,(04)23288582,2025,6,6,18,34,臺中市,中區,0,1,0,7,2,6,50,13,9,1,5,4,6,6,4,4,5,4,5,1,16,3,10,3,1,B01,7,3,1,4,2,2,,50,50,1,13,4,120.677058,24.144812,2
2093,66000,387130000C,(04)23274275,(04)23288582,2025,6,6,18,35,臺中市,南區,0,1,0,7,1,6,50,4,1,1,5,4,6,6,2,1,10,5,5,2,12,3,10,3,1,B03,7,9,3,19,2,5,,39,39,1,12,4,120.65524,24.115101,2
2094,66000,387130000C,(04)23274275,(04)23288582,2025,6,6,18,40,臺中市,大甲區,0,0,0,7,,,50,,,,,,,,,,,,,,,,,,,B03,,,1,,2,,,8,8,1,6,4,120.617394,24.350307,3
2095,66000,387130000C,(04)23274275,(04)23288582,2025,6,6,18,45,臺中市,南屯區,0,1,0,7,1,6,50,13,9,1,5,4,6,6,1,1,3,4,5,2,12,2,9,1,1,C03,7,9,1,10,2,14,,84,84,1,12,4,120.646964,24.150828,2
2096,66000,387130000C,(04)23274275,(04)23288582,2025,6,6,18,45,臺中市,沙鹿區,0,1,0,7,1,6,50,4,1,1,5,4,6,6,4,4,10,5,5,2,16,4,11,1,1,C03,7,6,1,10,2,14,,12,12,1,5,4,120.575345,24.214943,2
2097,66000,387130000C,(04)23274275,(04)23288582,2025,6,6,18,48,臺中市,南區,0,0,0,7,,,30,,,,,,,,,,,,,,,,,,,B03,,,1,,1,,,49,49,1,6,4,120.680712,24.120622,3
2098,66000,387130000C,(04)23274275,(04)23288582,2025,6,6,18,49,臺中市,烏日區,0,0,0,7,,,50,,,,,,,,,,,,,,14,,,,,B03,,,1,,1,,,49,49,1,6,4,120.622413,24.108387,3
2099,66000,387130000C,(04)23274275,(04)23288582,2025,6,6,18,51,臺中市,北屯區,0,0,0,7,,,50,,,,,,,,,,,,,,17,,,,,B03,,,1,8,2,,,35,35,1,12,4,120.685407,24.172317,3
2100,66000,387130000C,(04)23274275,(04)23288582,2025,6,6,18,52,臺中市,南屯區,0,0,0,7,,,50,,,,,,,,,,,,,,13,,,,,B03,,,1,,1,,,7,7,1,12,4,120.646561,24.135853,3
2101,66000,387130000C,(04)23274275,(04)23288582,2025,6,6,18,59,臺中市,南屯區,0,0,0,7,,,50,,,,,,,,,,,,,,,,,,,C03,,,1,,1,,,40,40,1,6,4,120.646469,24.125381,3
2102,66000,387130000C,(04)23274275,(04)23288582,2025,6,6,19,14,臺中市,北屯區,0,1,0,7,1,6,50,4,1,1,5,4,6,6,2,1,10,5,5,2,13,3,10,3,1,B03,7,9,1,8,2,1,,7,7,1,6,4,120.683537,24.1736,2
2103,66000,387130000C,(04)23274275,(04)23288582,2025,6,6,19,14,臺中市,霧峰區,0,1,0,7,1,6,40,4,1,1,5,4,6,6,1,1,10,5,5,2,16,3,10,3,1,B03,7,6,1,8,2,5,,11,11,1,6,4,120.709285,24.080698,2
2104,66000,387130000C,(04)23274275,(04)23288582,2025,6,6,19,14,臺中市,沙鹿區,0,0,0,7,,,50,,,,,,,,,,,,,,17,,,,,B03,,,1,,1,,,8,8,1,6,4,120.561608,24.242902,3
2105,66000,387130000C,(04)23274275,(04)23288582,2025,6,6,19,17,臺中市,西區,0,1,0,7,1,6,50,4,1,1,5,4,6,6,2,1,10,5,5,2,14,3,10,3,1,B03,7,2,1,8,2,3,,49,49,1,12,4,120.653088,24.150718,2
2106,66000,387130000C,(04)23274275,(04)23288582,2025,6,6,19,24,臺中市,潭子區,0,1,0,7,1,6,50,13,9,1,5,4,6,6,4,4,1,4,5,2,13,2,7,2,1,C03,7,9,1,10,2,11,,7,7,1,12,4,120.710747,24.203507,2
2107,66000,387130000C,(04)23274275,(04)23288582,2025,6,6,19,25,臺中市,西屯區,0,0,0,7,,,50,,,,,,,,,,,,,,,,,,,C03,,,1,,9,,,8,8,1,12,4,120.626876,24.200742,3
2108,66000,387130000C,(04)23274275,(04)23288582,2025,6,6,19,26,臺中市,北屯區,0,1,0,7,1,6,50,4,1,1,5,4,6,6,1,1,10,5,5,2,16,3,10,3,1,B03,7,5,1,8,2,5,,11,11,1,6,4,120.719661,24.180149,2
2109,66000,387130000C,(04)23274275,(04)23288582,2025,6,6,19,26,臺中市,后里區,0,0,0,7,1,6,40,13,8,1,5,4,6,6,4,4,9,4,4,2,13,3,10,3,1,A42,7,9,1,8,1,1,,50,50,1,12,4,120.718243,24.302464,3
2110,66000,387130000C,(04)23274275,(04)23288582,2025,6,6,19,35,臺中市,霧峰區,0,0,0,7,,,30,,,,,,,,,,,,,,17,,,,,B03,,,1,,2,,,84,84,1,12,4,120.693986,24.049286,3
2111,66000,387130000C,(04)23274275,(04)23288582,2025,6,6,19,48,臺中市,北區,0,0,0,7,,,50,,,,,,,,,,,,,,12,,,,,B03,,,1,,1,,,40,40,1,13,4,120.689875,24.158181,3
2112,66000,387130000C,(04)23274275,(04)23288582,2025,6,6,19,49,臺中市,清水區,0,2,0,7,1,6,50,13,9,1,5,4,6,6,4,4,8,3,4,1,17,2,9,1,1,C03,7,6,1,10,2,14,,48,48,1,12,4,120.554728,24.282057,2
2113,66000,387130000C,(04)23274275,(04)23288582,2025,6,6,19,49,臺中市,后里區,0,2,0,7,1,6,40,4,1,1,5,4,6,6,4,4,9,4,4,1,16,2,9,1,1,C03,7,6,1,10,2,12,,14,14,1,12,4,120.720306,24.309185,2
2114,66000,387130000C,(04)23274275,(04)23288582,2025,6,6,20,5,臺中市,霧峰區,0,0,0,7,,6,50,,,,,,,,,,,,,,17,,,,,B03,,,1,8,2,,,84,84,1,13,4,120.69784,24.063176,3
2115,66000,387130000C,(04)23274275,(04)23288582,2025,6,6,20,6,臺中市,西區,0,0,0,7,,,50,,,,,,,,,,,,,,,,,,,C03,,,1,,1,,,84,84,1,6,4,120.660211,24.146732,3
2116,66000,387130000C,(04)23274275,(04)23288582,2025,6,6,20,7,臺中市,西區,0,0,0,7,,,50,,,,,,,,,,,,,,,,,,,C03,,,1,,1,,,84,84,1,12,4,120.665216,24.149068,3
2117,66000,387130000C,(04)23274275,(04)23288582,2025,6,6,20,10,臺中市,烏日區,0,0,0,7,,,50,,,,,,,,,,,,,,17,,,,,C03,,,1,,2,,,50,50,1,6,4,120.63486,24.106913,3
2118,66000,387130000C,(04)23274275,(04)23288582,2025,6,6,20,17,臺中市,北屯區,0,1,0,7,1,6,50,13,7,1,5,4,6,6,4,4,1,4,1,2,13,3,10,3,1,B03,7,9,1,8,2,1,,7,7,1,12,4,120.720113,24.164702,2
2119,66000,387130000C,(04)23274275,(04)23288582,2025,6,6,20,20,臺中市,西屯區,0,0,0,7,,,60,,,,,,,,,,,,,,,,,,,B03,,,1,,1,,,40,40,1,12,4,120.647847,24.196114,3
2120,66000,387130000C,(04)23274275,(04)23288582,2025,6,6,20,22,臺中市,西區,0,1,0,7,1,6,50,4,2,1,5,4,6,6,2,1,5,4,5,1,12,3,10,2,1,C03,7,8,1,10,2,13,,40,40,1,13,2,120.664513,24.146681,2
2121,66000,387130000C,(04)23274275,(04)23288582,2025,6,6,20,22,臺中市,西屯區,0,0,0,7,,,60,,,,,,,,,,,,,,,,,,,B03,,,1,,1,,,87,87,1,12,4,120.645545,24.172416,3
2122,66000,387130000C,(04)23274275,(04)23288582,2025,6,6,20,23,臺中市,沙鹿區,0,0,0,7,,,50,,,,,,,,,,,,,,13,,,,,B03,,,1,,1,,,7,7,1,6,4,120.564695,24.241194,3
2123,66000,387130000C,(04)23274275,(04)23288582,2025,6,6,20,24,臺中市,大甲區,0,0,0,7,,,70,,,,,,,,,,,,,,,,,,,B03,,,1,,1,,,59,59,1,6,4,120.65129,24.388308,3
2124,66000,387130000C,(04)23274275,(04)23288582,2025,6,6,20,41,臺中市,南屯區,0,1,0,7,1,6,50,4,1,1,5,4,6,6,2,1,5,2,4,2,11,3,10,5,4,B03,7,6,1,8,2,2,,11,11,1,13,4,120.649991,24.13204,2
2125,66000,387130000C,(04)23274275,(04)23288582,2025,6,6,20,42,臺中市,烏日區,0,1,0,7,1,6,50,4,1,1,5,4,6,6,1,1,10,5,5,2,16,2,9,2,1,C03,7,4,1,10,2,12,,1,1,1,6,4,120.618084,24.105754,2
2126,66000,387130000C,(04)23274275,(04)23288582,2025,6,6,20,47,臺中市,沙鹿區,0,1,0,7,1,6,50,4,1,1,5,4,6,6,1,1,10,5,5,2,17,2,9,2,1,C03,7,1,1,10,2,14,,51,51,1,5,4,120.570678,24.216538,2
2127,66000,387130000C,(04)23274275,(04)23288582,2025,6,6,20,50,臺中市,北屯區,0,0,0,7,,,50,,,,,,,,,,,,,,14,,,,,B01,,,1,,2,,,49,49,1,13,4,120.707259,24.187765,3
2128,66000,387130000C,(04)23274275,(04)23288582,2025,6,6,20,50,臺中市,北屯區,0,0,0,7,,,50,,,,,,,,,,,,,,12,,,,,B03,,,1,,1,,,47,47,1,6,4,120.703731,24.160616,3
2129,66000,387130000C,(04)23274275,(04)23288582,2025,6,6,20,50,臺中市,大肚區,0,0,0,7,,,50,,,,,,,,,,,,,,12,,,,,C03,,,1,,10,,,85,85,1,6,4,120.545101,24.150763,3
2130,66000,387130000C,(04)23274275,(04)23288582,2025,6,6,20,51,臺中市,南區,0,2,0,7,1,6,50,4,1,1,5,4,6,6,2,1,5,5,5,2,16,2,9,2,1,C03,7,1,1,10,2,14,,51,51,1,6,4,120.68111,24.124257,2
2131,66000,387130000C,(04)23274275,(04)23288582,2025,6,6,20,57,臺中市,潭子區,0,0,0,7,,,50,,,,,,,,,,,,,,11,,,,,B03,,,1,,1,,,8,8,1,12,4,120.696587,24.204502,3
2132,66000,387130000C,(04)23274275,(04)23288582,2025,6,6,20,57,臺中市,西屯區,0,0,0,7,,,50,,,,,,,,,,,,,,13,,,,,B03,,,1,,2,,,59,59,1,13,4,120.645375,24.172222,3
2133,66000,387130000C,(04)23274275,(04)23288582,2025,6,6,21,4,臺中市,北屯區,0,1,0,7,1,6,50,4,1,1,5,4,6,6,1,1,10,5,5,2,16,3,10,3,1,B03,7,6,1,8,2,5,,11,11,1,6,4,120.710695,24.182214,2
2134,66000,387130000C,(04)23274275,(04)23288582,2025,6,6,21,4,臺中市,北屯區,0,2,0,7,1,6,50,13,7,1,5,4,6,6,4,4,9,5,4,2,17,2,9,1,1,C03,7,1,1,10,2,11,,51,51,1,12,4,120.683063,24.171139,2
2135,66000,387130000C,(04)23274275,(04)23288582,2025,6,6,21,10,臺中市,北區,0,1,0,7,2,6,50,4,1,1,5,4,6,6,1,1,10,5,5,2,17,2,8,1,1,C03,7,6,1,10,2,13,,8,8,1,13,4,120.666325,24.15921,2
2136,66000,387130000C,(04)23274275,(04)23288582,2025,6,6,21,12,臺中市,大里區,0,1,0,7,1,6,50,4,1,1,5,4,6,6,1,1,10,5,5,1,13,2,9,1,1,C03,7,9,1,10,2,11,,59,59,1,6,4,120.700406,24.0889,2
2137,66000,387130000C,(04)23274275,(04)23288582,2025,6,6,21,29,臺中市,西區,0,0,0,7,,,50,,,,,,,,,,,,,,,,,,,B03,,,1,,2,,,84,84,1,12,4,120.661699,24.150845,3
2138,66000,387130000C,(04)23274275,(04)23288582,2025,6,6,21,44,臺中市,西屯區,0,1,0,7,1,6,50,5,1,1,5,4,6,6,1,1,10,5,5,2,13,2,7,5,4,C03,7,9,1,10,2,12,,7,7,1,12,4,120.660102,24.164309,2
2139,66000,387130000C,(04)23274275,(04)23288582,2025,6,6,22,1,臺中市,南屯區,0,0,0,7,,3,50,,,,,,,,,,,,,,,,,,,B03,,,1,,1,,,59,59,1,12,4,120.621618,24.134699,3
2140,66000,387130000C,(04)23274275,(04)23288582,2025,6,6,22,7,臺中市,南屯區,0,1,0,7,1,6,50,13,8,1,5,4,6,6,4,4,1,4,1,2,16,3,10,3,1,B03,7,5,1,8,2,5,,20,20,1,6,4,120.623007,24.147854,2
2141,66000,387130000C,(04)23274275,(04)23288582,2025,6,6,22,8,臺中市,西區,0,1,0,7,1,6,50,4,4,1,5,4,6,6,1,1,1,2,5,2,13,3,10,3,1,B03,7,9,1,8,2,5,,84,84,1,12,4,120.656661,24.139889,2
2142,66000,387130000C,(04)23274275,(04)23288582,2025,6,6,22,8,臺中市,北屯區,0,0,0,7,,,50,,,,,,,,,,,,,,12,,,,,B03,,,1,,2,,,8,8,1,6,4,120.70613,24.168886,3
2143,66000,387130000C,(04)23274275,(04)23288582,2025,6,6,22,12,臺中市,后里區,0,3,0,7,1,6,40,4,1,1,5,4,6,6,1,1,5,4,5,2,15,2,9,1,1,C03,7,9,2,19,2,12,,85,85,1,12,4,120.691901,24.317896,2