序號,縣市別代碼,機關代碼,市話,傳真,年,月,日,時,分,縣市,區,死亡數量,受傷數量,2-30,天候,道路照明設備,道路類別,道路速限,道路型態,事故位置,路面鋪裝,路面狀態,路面缺陷,障礙物,視距,號誌種類,號誌動作,分向設施,快車道或一般車道間,快慢車道間,路面邊線,事故類型及型態,受傷程度,主要傷處,保護裝備,行動電話或功能裝置,當事者區分(類別),車輛用途,當事者行動狀態,駕照狀態,駕照種類,飲酒情形,車輛撞擊部位最初,車輛撞擊部位其他,肇事因素個別,肇事因素主要,肇事逃逸,職業,共享經濟或外送平台,GPS座標X,GPS座標Y,事故類別
2144,66000,387130000C,(04)23274275,(04)23288582,2025,6,6,22,14,臺中市,西屯區,0,1,0,7,1,6,50,4,1,1,5,4,6,6,1,1,3,4,5,2,16,2,9,1,1,C03,7,9,1,10,2,14,,84,84,1,12,4,120.661043,24.171538,2
2145,66000,387130000C,(04)23274275,(04)23288582,2025,6,6,22,14,臺中市,西屯區,0,1,0,7,1,6,60,4,1,1,5,4,6,6,2,1,1,4,1,2,15,2,9,2,1,C03,7,9,1,10,2,11,,87,87,1,12,4,120.653258,24.160817,2
2146,66000,387130000C,(04)23274275,(04)23288582,2025,6,6,22,15,臺中市,北區,0,0,0,7,,,,,,,,,,,,,,,,,28,,,,,,,,,,,,,118,118,1,,,120.68134,24.152752,3
2147,66000,387130000C,(04)23274275,(04)23288582,2025,6,6,22,16,臺中市,西屯區,0,0,0,7,,,40,,,,,,,,,,,,,,13,,,,,B03,,,1,,1,,,58,58,1,13,4,120.63822,24.169548,3
2148,66000,387130000C,(04)23274275,(04)23288582,2025,6,6,22,22,臺中市,西屯區,0,0,0,7,,,30,,,,,,,,,,,,,,13,,,,,B03,,,1,,1,,,59,59,1,13,4,120.653257,24.176106,3
2149,66000,387130000C,(04)23274275,(04)23288582,2025,6,6,22,23,臺中市,南屯區,0,0,0,7,,,50,,,,,,,,,,,,,,,,,,,B03,,,1,,2,,,51,51,1,13,4,120.648703,24.148226,3
2150,66000,387130000C,(04)23274275,(04)23288582,2025,6,6,22,24,臺中市,太平區,0,0,0,7,1,6,50,,,,,,,,,,,,,,,,,,,B03,,,1,,1,1,,7,7,1,12,4,120.712267,24.14439,3
2151,66000,387130000C,(04)23274275,(04)23288582,2025,6,6,22,35,臺中市,大里區,0,2,0,7,1,6,50,3,1,1,5,4,6,6,4,4,5,5,5,1,16,2,9,5,4,C03,7,1,1,10,2,14,,51,51,1,12,4,120.701413,24.088789,2
2152,66000,387130000C,(04)23274275,(04)23288582,2025,6,6,22,45,臺中市,清水區,0,0,0,7,1,6,50,5,3,1,5,4,6,6,1,1,,3,4,1,16,,,,,B03,,,1,,1,,,51,51,1,12,4,120.581216,24.281959,3
2153,66000,387130000C,(04)23274275,(04)23288582,2025,6,6,22,47,臺中市,南區,0,0,0,7,,,50,,,,,,,,,,,,,,,,,,,B01,,,1,,2,,,7,7,1,6,4,120.661826,24.113253,3
2154,66000,387130000C,(04)23274275,(04)23288582,2025,6,6,22,47,臺中市,太平區,0,1,0,7,1,6,50,13,8,1,5,4,6,6,4,4,5,4,4,1,17,2,9,2,1,C03,7,9,1,10,2,11,,84,84,1,13,4,120.712228,24.149865,2
2155,66000,387130000C,(04)23274275,(04)23288582,2025,6,6,22,49,臺中市,北屯區,0,1,0,7,1,6,30,13,9,1,5,4,6,6,4,4,10,5,5,2,30,2,9,2,1,C03,7,9,1,10,2,14,,87,87,1,13,4,120.665284,24.185297,2
2156,66000,387130000C,(04)23274275,(04)23288582,2025,6,6,22,50,臺中市,北區,0,0,0,7,,,,,,,,,,,,,,,,,,,,,,,,,,,,,,119,119,1,,,120.683898,24.161115,3
2157,66000,387130000C,(04)23274275,(04)23288582,2025,6,6,23,5,臺中市,豐原區,0,2,0,7,1,6,50,4,1,1,5,4,6,6,3,1,10,5,5,2,15,2,9,1,1,F03,7,9,7,21,2,14,,24,24,1,12,4,120.71864,24.238098,2
2158,66000,387130000C,(04)23274275,(04)23288582,2025,6,6,23,13,臺中市,西屯區,0,1,0,7,1,6,50,5,1,1,5,4,6,6,2,1,9,5,4,2,15,2,9,5,4,C03,7,9,1,10,2,11,,21,21,1,13,4,120.660102,24.164309,2
2159,66000,387130000C,(04)23274275,(04)23288582,2025,6,6,23,42,臺中市,北區,0,1,0,7,1,6,50,3,1,1,5,4,6,6,4,4,10,5,5,2,16,3,10,3,1,B03,7,5,1,8,2,4,,12,12,1,12,4,120.687264,24.146163,2
2160,66000,387130000C,(04)23274275,(04)23288582,2025,6,6,23,49,臺中市,大里區,0,1,0,7,1,6,50,3,9,1,5,4,6,6,4,4,4,4,5,1,17,2,9,1,1,F03,7,9,7,21,8,11,,53,53,1,6,4,120.720131,24.09878,2
2161,66000,387130000C,(04)23274275,(04)23288582,2025,6,7,0,23,臺中市,龍井區,0,0,0,7,,,30,,,,,,,,,,,,,,17,,,,,B03,,,3,,2,,,59,59,1,6,4,120.548198,24.183515,3
2162,66000,387130000C,(04)23274275,(04)23288582,2025,6,7,1,3,臺中市,北屯區,0,1,0,7,2,6,50,13,9,1,5,4,6,6,4,4,1,2,5,2,13,2,9,1,1,C03,7,9,5,19,2,11,,84,84,1,12,4,120.685705,24.171505,2
2163,66000,387130000C,(04)23274275,(04)23288582,2025,6,7,1,7,臺中市,太平區,0,0,0,7,,,50,,,,,,,,,,,,,,,,,,,B03,,,1,,2,,,39,39,1,12,4,120.716236,24.148718,3
2164,66000,387130000C,(04)23274275,(04)23288582,2025,6,7,1,42,臺中市,大甲區,0,0,0,7,,,50,,,,,,,,,,,,,,12,,,,,B03,,,3,,1,,,51,51,1,6,4,120.643115,24.406649,3
2165,66000,387130000C,(04)23274275,(04)23288582,2025,6,7,2,26,臺中市,北屯區,0,0,0,7,,,50,,,,,,,,,,,,,,14,,,,,B03,,,1,,1,,,49,49,1,12,4,120.687491,24.188243,3
2166,66000,387130000C,(04)23274275,(04)23288582,2025,6,7,5,12,臺中市,中區,0,1,0,7,2,6,50,4,1,1,5,4,6,6,1,1,10,5,5,2,16,3,10,3,1,B03,7,6,1,8,2,6,,23,23,1,12,4,120.681699,24.144503,2
2167,66000,387130000C,(04)23274275,(04)23288582,2025,6,7,6,3,臺中市,烏日區,0,0,0,7,,,50,,,,,,,,,,,,,,15,,,,,A04,,,1,,1,,,15,15,1,6,4,120.612551,24.10867,3
2168,66000,387130000C,(04)23274275,(04)23288582,2025,6,7,6,27,臺中市,大里區,0,1,0,7,1,6,40,4,1,1,5,4,6,6,1,1,10,5,5,1,18,2,9,1,1,C03,7,9,1,10,2,12,,87,87,1,12,4,120.697312,24.11119,2
2169,66000,387130000C,(04)23274275,(04)23288582,2025,6,7,6,33,臺中市,北區,0,1,0,7,3,6,50,18,9,1,5,4,6,6,1,1,5,5,5,2,17,2,9,1,1,C03,7,9,1,10,2,11,,7,7,1,12,4,120.690596,24.157261,2
2170,66000,387130000C,(04)23274275,(04)23288582,2025,6,7,6,47,臺中市,神岡區,0,0,0,7,,,50,,,,,,,,,,,,,,20,,,,,B12,,,1,,9,,,49,49,1,12,4,120.695738,24.250022,3
2171,66000,387130000C,(04)23274275,(04)23288582,2025,6,7,6,56,臺中市,北區,0,2,0,7,2,9,50,3,1,1,5,4,6,6,4,4,10,5,5,2,17,2,8,1,1,C03,7,1,1,10,2,11,,51,51,1,12,4,120.679955,24.157581,2
2172,66000,387130000C,(04)23274275,(04)23288582,2025,6,7,7,0,臺中市,大里區,0,1,0,7,2,6,50,3,2,1,5,4,6,6,4,4,10,5,5,2,25,2,1,3,1,B03,7,9,5,19,2,8,,84,84,1,6,4,120.696275,24.082682,2
2173,66000,387130000C,(04)23274275,(04)23288582,2025,6,7,7,11,臺中市,烏日區,0,1,0,7,3,6,60,13,9,1,5,4,6,6,4,4,1,2,5,1,12,3,10,3,1,B03,7,14,1,8,2,2,,87,87,1,8,4,120.633927,24.106126,2
2174,66000,387130000C,(04)23274275,(04)23288582,2025,6,7,7,14,臺中市,南屯區,0,1,0,7,2,6,50,13,7,1,5,4,6,6,4,4,5,5,4,2,16,3,10,1,1,C03,7,6,1,10,2,14,,39,39,1,12,4,120.60912,24.129303,2
2175,66000,387130000C,(04)23274275,(04)23288582,2025,6,7,7,17,臺中市,烏日區,0,0,0,6,2,6,60,13,9,1,5,4,6,6,4,4,1,4,5,1,12,3,10,1,1,C03,7,9,1,10,1,15,,8,8,1,6,4,120.633816,24.105987,3
2176,66000,387130000C,(04)23274275,(04)23288582,2025,6,7,7,28,臺中市,大甲區,0,0,0,7,,,40,,,,,,,,,,,,,,,,,,,C03,,,1,,2,,,4,4,1,12,4,120.619395,24.340558,4
2177,66000,387130000C,(04)23274275,(04)23288582,2025,6,7,7,33,臺中市,霧峰區,0,0,0,7,,,30,,,,,,,,,,,,,,,,,,,B03,,,1,,2,,,76,76,1,13,4,120.696839,24.066405,3
2178,66000,387130000C,(04)23274275,(04)23288582,2025,6,7,7,33,臺中市,烏日區,0,0,0,7,,,50,,,,,,,,,,,,,,17,,,,,B03,,,1,,9,,,8,8,1,6,4,120.63286,24.105414,3
2179,66000,387130000C,(04)23274275,(04)23288582,2025,6,7,7,41,臺中市,沙鹿區,0,0,0,7,,,50,,,,,,,,,,,,,,,,,,,B03,,,1,,2,,,8,8,1,13,4,120.560259,24.240903,3
2180,66000,387130000C,(04)23274275,(04)23288582,2025,6,7,7,43,臺中市,南區,0,2,0,7,2,6,50,4,1,1,5,4,6,6,4,4,10,5,5,2,15,2,9,1,1,C03,7,9,1,10,2,11,,15,15,1,12,4,120.656036,24.126602,2
2181,66000,387130000C,(04)23274275,(04)23288582,2025,6,7,7,44,臺中市,龍井區,0,0,0,7,,,30,,,,,,,,,,,,,,,,,,,B03,,,1,,2,,,20,20,1,6,4,120.527868,24.191325,3
2182,66000,387130000C,(04)23274275,(04)23288582,2025,6,7,7,46,臺中市,西屯區,0,1,0,7,2,6,50,13,7,1,5,4,6,6,4,4,3,1,4,2,13,2,8,2,1,C03,7,9,1,10,2,14,,7,7,1,12,4,120.63911,24.165063,2
2183,66000,387130000C,(04)23274275,(04)23288582,2025,6,7,7,50,臺中市,后里區,0,0,0,7,2,6,50,3,2,1,5,4,6,6,4,4,9,5,5,1,14,3,10,3,1,B03,7,2,1,8,2,7,,49,49,1,12,4,120.72753,24.309199,3
2184,66000,387130000C,(04)23274275,(04)23288582,2025,6,7,8,0,臺中市,西屯區,0,1,0,7,2,6,40,13,8,1,5,4,6,6,4,4,1,5,1,1,13,2,9,1,1,C03,7,9,1,10,2,11,,7,7,1,12,4,120.623521,24.179262,2
2185,66000,387130000C,(04)23274275,(04)23288582,2025,6,7,8,2,臺中市,西屯區,0,1,0,7,2,6,50,4,1,1,5,4,6,6,1,1,10,5,5,2,14,2,9,1,4,C03,7,2,1,10,1,13,,49,49,1,13,4,120.64456,24.202866,2
2186,66000,387130000C,(04)23274275,(04)23288582,2025,6,7,8,9,臺中市,大雅區,0,0,0,7,,,30,,,,,,,,,,,,,,22,,,,,B03,,,1,,2,,,8,8,1,13,4,120.634671,24.217882,3
2187,66000,387130000C,(04)23274275,(04)23288582,2025,6,7,8,10,臺中市,大里區,0,0,0,7,,,30,,,,,,,,,,,,,,9,,,,,B03,,,1,,1,,,87,87,1,12,4,120.710952,24.085634,3
2188,66000,387130000C,(04)23274275,(04)23288582,2025,6,7,8,12,臺中市,太平區,0,1,0,7,3,6,50,13,9,1,5,4,6,6,4,4,9,5,5,2,3,2,9,6,5,H01,8,16,7,21,10,17,,95,95,1,12,5,120.725767,24.152087,2
2189,66000,387130000C,(04)23274275,(04)23288582,2025,6,7,8,14,臺中市,豐原區,0,1,0,7,2,6,50,3,1,1,5,4,6,6,1,1,10,5,5,2,16,3,10,3,1,B03,7,5,1,8,2,2,,11,11,1,13,4,120.74572,24.262555,2
2190,66000,387130000C,(04)23274275,(04)23288582,2025,6,7,8,17,臺中市,南屯區,0,1,0,7,2,6,50,4,1,1,5,4,6,6,1,1,10,5,5,2,17,3,10,3,1,B03,7,6,1,8,2,5,,11,11,1,12,4,120.653109,24.133304,2
2191,66000,387130000C,(04)23274275,(04)23288582,2025,6,7,8,18,臺中市,北屯區,0,1,0,7,2,6,50,4,1,1,5,4,6,6,2,1,10,5,5,2,16,3,10,3,1,B03,7,5,1,8,2,5,,84,84,1,12,4,120.720953,24.169893,2
2192,66000,387130000C,(04)23274275,(04)23288582,2025,6,7,8,22,臺中市,南區,0,0,0,7,,,50,,,,,,,,,,,,,,12,,,,,B12,,,1,,1,,,84,84,1,13,4,120.657909,24.116981,3
2193,66000,387130000C,(04)23274275,(04)23288582,2025,6,7,8,30,臺中市,大肚區,0,1,0,7,2,6,50,3,2,1,5,4,6,6,4,4,10,5,5,2,14,2,9,3,1,B03,7,2,1,8,2,7,,49,49,1,6,4,120.555737,24.143461,2
2194,66000,387130000C,(04)23274275,(04)23288582,2025,6,7,8,32,臺中市,太平區,0,2,0,7,3,6,50,13,12,1,5,4,6,6,4,4,5,2,4,1,3,2,9,6,5,H01,8,16,7,21,10,17,,95,95,1,6,5,120.718015,24.1487,2
2195,66000,387130000C,(04)23274275,(04)23288582,2025,6,7,8,32,臺中市,龍井區,0,0,0,7,,,50,,,,,,,,,,,,,,,,,,,B03,,,1,,1,,,20,20,1,6,4,120.561296,24.199293,3
2196,66000,387130000C,(04)23274275,(04)23288582,2025,6,7,8,38,臺中市,沙鹿區,0,1,0,7,2,6,30,13,9,1,4,4,6,6,4,4,10,5,5,2,16,3,10,3,1,B12,7,1,1,5,2,8,,51,51,1,12,4,120.574898,24.231925,2
2197,66000,387130000C,(04)23274275,(04)23288582,2025,6,7,8,43,臺中市,霧峰區,0,0,0,7,,,40,,,,,,,,,,,,,,,,,,,B03,,,1,,2,,,59,59,1,13,4,120.662789,24.073551,3
2198,66000,387130000C,(04)23274275,(04)23288582,2025,6,7,8,45,臺中市,西區,0,1,0,7,3,6,50,13,9,1,5,4,6,6,4,4,5,4,5,2,17,2,9,1,1,C03,7,9,1,10,2,11,,84,84,1,12,4,120.653416,24.154881,2
2199,66000,387130000C,(04)23274275,(04)23288582,2025,6,7,8,46,臺中市,西屯區,0,1,0,7,2,6,50,3,1,1,5,4,6,6,1,1,10,5,5,2,16,2,9,5,1,C03,7,9,1,10,2,14,,7,7,1,12,4,120.659001,24.171068,2
2200,66000,387130000C,(04)23274275,(04)23288582,2025,6,7,8,48,臺中市,清水區,0,1,0,7,3,6,40,5,1,1,5,4,6,6,4,4,1,4,5,1,17,3,10,3,1,B03,7,11,1,8,2,2,5,39,39,1,12,4,120.568192,24.270364,2
2201,66000,387130000C,(04)23274275,(04)23288582,2025,6,7,8,49,臺中市,北屯區,0,0,0,7,,,50,,,,,,,,,,,,,,,,,,,B03,,,1,,9,,,58,58,1,6,4,120.661534,24.190443,3
2202,66000,387130000C,(04)23274275,(04)23288582,2025,6,7,8,52,臺中市,西屯區,0,1,0,7,2,6,30,3,1,1,5,4,6,6,4,4,10,5,5,2,18,2,9,1,1,C03,7,6,1,10,2,14,,6,6,1,12,4,120.63783,24.203621,2
2203,66000,387130000C,(04)23274275,(04)23288582,2025,6,7,8,53,臺中市,太平區,0,0,0,7,,,50,,,,,,,,,,,,,,,,,,,B03,,,1,,2,,,20,20,1,12,4,120.725642,24.145881,3
2204,66000,387130000C,(04)23274275,(04)23288582,2025,6,7,8,57,臺中市,烏日區,0,1,0,7,3,6,30,13,9,1,5,4,6,6,4,4,10,5,5,2,16,3,10,3,1,B03,7,6,1,8,2,5,,20,20,1,6,4,120.604047,24.115714,2
2205,66000,387130000C,(04)23274275,(04)23288582,2025,6,7,8,58,臺中市,神岡區,0,1,0,7,1,6,30,13,9,1,5,4,6,6,4,4,10,5,5,1,12,3,10,3,1,B03,7,1,1,8,2,5,,51,51,1,12,4,120.689984,24.275511,2
2206,66000,387130000C,(04)23274275,(04)23288582,2025,6,7,9,0,臺中市,南屯區,0,1,0,7,3,6,40,4,1,1,5,4,6,6,1,1,5,5,4,2,15,3,10,1,1,F03,7,9,7,21,2,11,,85,85,1,12,4,120.609704,24.138493,2
2207,66000,387130000C,(04)23274275,(04)23288582,2025,6,7,9,0,臺中市,霧峰區,0,0,0,7,,,50,,,,,,,,,,,,,,,,,,,A12,,,1,,2,,,84,84,1,6,4,120.699481,24.075735,3
2208,66000,387130000C,(04)23274275,(04)23288582,2025,6,7,9,2,臺中市,大里區,0,2,0,7,3,6,30,11,9,1,5,4,6,5,4,4,10,5,5,2,10,2,9,1,1,C03,7,9,1,10,2,11,,41,41,1,6,4,120.695088,24.115938,2
2209,66000,387130000C,(04)23274275,(04)23288582,2025,6,7,9,5,臺中市,大肚區,0,0,0,7,,,50,,,,,,,,,,,,,,,,,,,C03,,,1,,2,,,7,7,1,12,4,120.57591,24.162668,3
2210,66000,387130000C,(04)23274275,(04)23288582,2025,6,7,9,7,臺中市,南屯區,0,0,0,7,,,50,,,,,,,,,,,,,,30,,,,,A11,,,1,,2,,,40,40,1,6,4,120.639898,24.141388,3
2211,66000,387130000C,(04)23274275,(04)23288582,2025,6,7,9,17,臺中市,大里區,0,1,0,7,2,6,50,13,9,1,5,4,6,6,4,4,1,4,5,1,18,2,9,1,1,C03,7,9,1,10,2,14,,85,85,1,13,4,120.680119,24.107998,2
2212,66000,387130000C,(04)23274275,(04)23288582,2025,6,7,9,19,臺中市,神岡區,0,0,0,7,,,30,,,,,,,,,,,,,,25,,,,,A12,,,1,,2,,,8,8,1,13,4,120.663691,24.258146,3
2213,66000,387130000C,(04)23274275,(04)23288582,2025,6,7,9,28,臺中市,北區,0,0,0,7,,,50,,,,,,,,,,,,,,14,,,,,B03,,,1,,1,,,84,84,1,13,4,120.682266,24.161188,3
2214,66000,387130000C,(04)23274275,(04)23288582,2025,6,7,9,30,臺中市,大里區,0,1,0,7,3,6,40,13,14,1,5,4,6,6,1,3,5,5,4,1,21,2,9,1,1,C03,7,9,3,19,8,11,,84,84,1,12,4,120.709688,24.094527,2
2215,66000,387130000C,(04)23274275,(04)23288582,2025,6,7,9,33,臺中市,北屯區,0,0,0,7,,,50,,,,,,,,,,,,,,16,,,,,B03,,,1,,1,,,45,45,1,12,4,120.723061,24.174084,3
2216,66000,387130000C,(04)23274275,(04)23288582,2025,6,7,9,46,臺中市,沙鹿區,0,2,0,7,2,6,50,3,1,1,5,4,6,6,1,1,5,4,4,2,17,3,10,3,1,B03,7,6,1,8,2,2,,11,11,1,13,4,120.559035,24.23486,2
2217,66000,387130000C,(04)23274275,(04)23288582,2025,6,7,9,46,臺中市,東勢區,0,1,0,7,2,6,50,3,1,1,5,4,6,6,1,1,10,5,5,2,17,2,9,5,4,C03,7,9,3,19,2,13,,84,84,1,13,4,120.833131,24.247098,2
2218,66000,387130000C,(04)23274275,(04)23288582,2025,6,7,9,48,臺中市,烏日區,0,0,0,7,2,6,40,13,17,1,5,4,6,6,4,4,1,5,5,1,13,3,10,3,1,B03,7,9,1,8,1,1,,59,59,1,6,4,120.61764,24.11819,3
2219,66000,387130000C,(04)23274275,(04)23288582,2025,6,7,9,50,臺中市,太平區,0,1,0,7,3,6,40,11,8,1,5,4,6,6,4,4,5,5,4,2,18,2,9,1,1,C03,7,9,1,10,2,12,,59,59,1,12,4,120.716997,24.148505,2
2220,66000,387130000C,(04)23274275,(04)23288582,2025,6,7,9,50,臺中市,太平區,0,2,0,7,3,6,30,4,1,1,5,4,6,6,4,4,10,5,5,2,15,2,8,1,1,C03,7,9,1,10,2,11,,15,15,1,6,4,120.719849,24.122323,2
2221,66000,387130000C,(04)23274275,(04)23288582,2025,6,7,9,51,臺中市,大里區,0,0,0,7,,,30,,,,,,,,,,,,,,,,,,,A11,,,1,,1,,,49,49,1,13,4,120.689381,24.091551,3
2222,66000,387130000C,(04)23274275,(04)23288582,2025,6,7,9,55,臺中市,南屯區,0,1,0,7,2,6,50,4,1,1,5,4,6,6,4,4,5,5,4,2,15,3,10,3,1,B03,7,9,1,8,2,8,,12,12,1,13,4,120.650736,24.130772,2
2223,66000,387130000C,(04)23274275,(04)23288582,2025,6,7,9,55,臺中市,西屯區,0,0,0,7,,,50,,,,,,,,,,,,,,17,,,,,B03,,,1,,1,,,59,59,1,13,4,120.624761,24.206697,3
2224,66000,387130000C,(04)23274275,(04)23288582,2025,6,7,9,56,臺中市,大里區,0,0,0,7,2,6,30,13,9,1,5,4,6,6,4,4,10,5,5,2,17,,,,,B03,,,1,,2,,,8,8,1,13,4,120.688997,24.096155,3
2225,66000,387130000C,(04)23274275,(04)23288582,2025,6,7,9,57,臺中市,大里區,0,2,0,7,2,6,30,3,1,1,5,4,6,6,4,4,10,5,5,1,16,2,8,1,1,C03,7,6,1,10,2,12,,20,20,1,6,4,120.695641,24.119533,2
2226,66000,387130000C,(04)23274275,(04)23288582,2025,6,7,9,59,臺中市,南區,0,0,0,7,,,50,,,,,,,,,,,,,,13,,,,,B03,,,1,,1,,,7,7,1,13,4,120.670599,24.126516,3
2227,66000,387130000C,(04)23274275,(04)23288582,2025,6,7,10,0,臺中市,北屯區,0,0,0,7,,,50,,,,,,,,,,,,,,12,,,,,B03,,,1,,1,,,50,50,1,12,4,120.683914,24.181109,3
2228,66000,387130000C,(04)23274275,(04)23288582,2025,6,7,10,4,臺中市,西區,0,0,0,7,,,,,,,,,,,,,,,,,17,,,,,,,,,,,,,86,86,1,,,120.668424,24.131375,3
2229,66000,387130000C,(04)23274275,(04)23288582,2025,6,7,10,4,臺中市,西屯區,0,2,0,7,3,6,50,4,1,1,5,4,6,6,2,1,10,5,5,2,9,2,9,6,5,H01,8,18,7,21,10,17,,96,96,1,13,5,120.644974,24.181789,2
2230,66000,387130000C,(04)23274275,(04)23288582,2025,6,7,10,5,臺中市,霧峰區,0,0,0,7,,,60,,,,,,,,,,,,,,12,,,,,B03,,,1,,2,,,40,40,1,13,4,120.658151,24.085948,3
2231,66000,387130000C,(04)23274275,(04)23288582,2025,6,7,10,8,臺中市,西屯區,0,1,0,7,2,6,0,18,21,4,5,4,6,6,4,4,10,5,5,2,17,3,10,3,1,B12,7,9,3,19,2,5,,84,84,1,12,4,120.61659,24.182209,2
2232,66000,387130000C,(04)23274275,(04)23288582,2025,6,7,10,12,臺中市,沙鹿區,0,1,0,6,2,6,50,13,7,1,5,4,6,6,4,4,1,4,4,2,13,2,9,1,1,C03,7,9,1,10,2,11,,7,7,1,12,4,120.562182,24.23362,2
2233,66000,387130000C,(04)23274275,(04)23288582,2025,6,7,10,15,臺中市,西屯區,0,1,0,7,2,6,50,13,9,1,5,4,6,6,4,4,5,5,5,2,16,3,10,1,1,C03,7,1,3,19,2,14,,51,51,1,12,4,120.652029,24.16674,2
2234,66000,387130000C,(04)23274275,(04)23288582,2025,6,7,10,15,臺中市,霧峰區,0,1,0,7,2,6,50,13,7,1,5,4,6,6,4,4,5,5,4,1,17,2,9,6,1,F01,7,9,7,21,2,14,,84,84,1,13,4,120.699003,24.066,2
2235,66000,387130000C,(04)23274275,(04)23288582,2025,6,7,10,17,臺中市,大里區,0,1,0,7,2,6,50,4,1,1,5,4,6,6,1,1,5,5,4,2,16,3,10,1,1,C03,7,6,1,10,2,14,,85,85,1,6,4,120.69229,24.111234,2
2236,66000,387130000C,(04)23274275,(04)23288582,2025,6,7,10,18,臺中市,豐原區,0,0,0,7,,,50,,,,,,,,,,,,,,17,,,,,B03,,,1,,2,,,59,59,1,12,4,120.71487,24.249616,3
2237,66000,387130000C,(04)23274275,(04)23288582,2025,6,7,10,27,臺中市,西屯區,0,2,0,7,3,6,50,4,1,1,5,4,6,6,4,4,5,4,5,2,16,2,9,2,4,C03,7,6,1,10,2,11,,11,11,1,12,4,120.645472,24.175895,2
2238,66000,387130000C,(04)23274275,(04)23288582,2025,6,7,10,28,臺中市,東區,0,0,0,7,,,50,,,,,,,,,,,,,,12,,,,,C03,,,1,,1,,,40,40,1,12,4,120.683962,24.125112,3
2239,66000,387130000C,(04)23274275,(04)23288582,2025,6,7,10,30,臺中市,霧峰區,0,1,0,7,3,6,50,13,9,1,5,4,6,6,1,1,10,4,5,2,17,2,9,1,1,C03,7,7,1,10,2,12,,40,40,1,12,4,120.662784,24.072113,2
2240,66000,387130000C,(04)23274275,(04)23288582,2025,6,7,10,31,臺中市,太平區,0,1,0,7,2,6,50,3,2,1,5,4,6,6,2,1,5,4,5,2,16,2,7,1,1,C03,7,6,1,10,2,14,,36,36,1,12,4,120.704791,24.1613,2
2241,66000,387130000C,(04)23274275,(04)23288582,2025,6,7,10,38,臺中市,北屯區,0,1,0,7,2,6,50,4,1,1,5,4,6,6,4,4,10,5,5,2,15,2,8,2,1,C03,7,9,1,10,2,11,,15,15,1,12,4,120.698687,24.166387,2
2242,66000,387130000C,(04)23274275,(04)23288582,2025,6,7,10,44,臺中市,西區,0,0,0,7,,,50,,,,,,,,,,,,,,,,,,,C03,,,1,,1,,,84,84,1,12,4,120.672552,24.131775,3
2243,66000,387130000C,(04)23274275,(04)23288582,2025,6,7,10,45,臺中市,北屯區,0,0,0,7,,,50,,,,,,,,,,,,,,13,,,,,B03,,,7,,10,,,84,84,1,6,4,120.685698,24.180191,3
2244,66000,387130000C,(04)23274275,(04)23288582,2025,6,7,10,50,臺中市,中區,0,0,0,7,,,50,,,,,,,,,,,,,,13,,,,,B02,,,1,,1,,,84,84,1,12,4,120.680303,24.143388,3
2245,66000,387130000C,(04)23274275,(04)23288582,2025,6,7,10,50,臺中市,北屯區,0,1,0,7,2,6,50,13,9,1,5,4,6,6,4,4,5,4,5,2,12,3,10,3,1,B02,7,15,1,8,2,5,,65,65,1,12,4,120.740019,24.177822,2
2246,66000,387130000C,(04)23274275,(04)23288582,2025,6,7,10,50,臺中市,梧棲區,0,0,0,7,,,50,,,,,,,,,,,,,,12,,,,,B03,,,1,,2,,,84,84,1,12,4,120.525736,24.224928,3
2247,66000,387130000C,(04)23274275,(04)23288582,2025,6,7,10,56,臺中市,豐原區,0,1,0,7,2,6,50,5,1,1,5,4,6,6,1,1,5,5,5,1,16,2,7,1,1,C03,7,4,1,10,2,14,,84,84,1,12,4,120.72951,24.243668,2
2248,66000,387130000C,(04)23274275,(04)23288582,2025,6,7,10,57,臺中市,西區,0,0,0,7,,,50,,,,,,,,,,,,,,13,,,,,B03,,,1,,1,,,7,7,1,12,4,120.675851,24.133206,3
2249,66000,387130000C,(04)23274275,(04)23288582,2025,6,7,10,58,臺中市,西區,0,0,0,7,,,50,,,,,,,,,,,,,,,,,,,B03,,,1,,1,,,49,49,1,6,4,120.659207,24.153547,3
2250,66000,387130000C,(04)23274275,(04)23288582,2025,6,7,10,59,臺中市,龍井區,0,1,0,7,2,6,50,4,2,1,5,4,6,6,4,4,5,5,5,1,17,2,9,5,4,C03,7,9,1,10,2,15,,82,82,1,12,4,120.594771,24.189387,2
2251,66000,387130000C,(04)23274275,(04)23288582,2025,6,7,11,0,臺中市,西屯區,0,3,0,7,2,6,50,13,9,1,5,4,6,6,4,4,5,4,5,2,12,3,10,3,4,B03,7,9,1,8,1,2,,8,8,1,13,4,120.617755,24.188005,2
2252,66000,387130000C,(04)23274275,(04)23288582,2025,6,7,11,1,臺中市,西屯區,0,0,0,7,,,50,,,,,,,,,,,,,,11,,,,,B03,,,1,,2,,,59,59,1,12,4,120.644963,24.171753,3
2253,66000,387130000C,(04)23274275,(04)23288582,2025,6,7,11,5,臺中市,東區,0,3,0,7,3,6,50,4,1,1,5,4,6,6,1,1,10,5,5,2,13,2,8,5,4,C03,7,5,1,10,2,11,,7,7,1,12,4,120.708099,24.133837,2
2254,66000,387130000C,(04)23274275,(04)23288582,2025,6,7,11,7,臺中市,烏日區,0,0,0,7,,,40,,,,,,,,,,,,,,,,,,,B03,,,1,,1,,,7,7,1,12,4,120.617962,24.117683,3
2255,66000,387130000C,(04)23274275,(04)23288582,2025,6,7,11,7,臺中市,烏日區,0,0,0,7,2,6,40,13,17,1,5,4,6,6,4,4,1,5,5,1,13,3,10,3,1,B03,7,9,1,6,1,1,,7,7,1,6,4,120.617709,24.118077,3