序號,縣市別代碼,機關代碼,市話,傳真,年,月,日,時,分,縣市,區,死亡數量,受傷數量,2-30,天候,道路照明設備,道路類別,道路速限,道路型態,事故位置,路面鋪裝,路面狀態,路面缺陷,障礙物,視距,號誌種類,號誌動作,分向設施,快車道或一般車道間,快慢車道間,路面邊線,事故類型及型態,受傷程度,主要傷處,保護裝備,行動電話或功能裝置,當事者區分(類別),車輛用途,當事者行動狀態,駕照狀態,駕照種類,飲酒情形,車輛撞擊部位最初,車輛撞擊部位其他,肇事因素個別,肇事因素主要,肇事逃逸,職業,共享經濟或外送平台,GPS座標X,GPS座標Y,事故類別
2256,66000,387130000C,(04)23274275,(04)23288582,2025,6,7,11,9,臺中市,西屯區,0,1,0,7,2,6,30,4,1,1,5,4,6,6,4,4,10,5,5,2,15,2,9,1,1,C03,7,9,1,8,2,12,,15,15,1,12,4,120.666153,24.171773,2
2257,66000,387130000C,(04)23274275,(04)23288582,2025,6,7,11,10,臺中市,南屯區,0,0,0,7,,,50,,,,,,,,,,,,,,,,,,,B03,,,1,,2,,,50,50,1,12,4,120.615802,24.14994,3
2258,66000,387130000C,(04)23274275,(04)23288582,2025,6,7,11,11,臺中市,西屯區,0,0,0,7,,,50,,,,,,,,,,,,,,17,,,,,B11,,,1,,1,,,49,49,1,13,4,120.616252,24.188661,3
2259,66000,387130000C,(04)23274275,(04)23288582,2025,6,7,11,14,臺中市,北屯區,0,1,0,7,2,6,30,4,1,1,5,4,6,6,3,1,10,5,5,2,15,2,9,2,1,C03,7,9,1,10,2,14,,24,24,1,6,4,120.683326,24.197126,2
2260,66000,387130000C,(04)23274275,(04)23288582,2025,6,7,11,16,臺中市,北區,0,1,0,7,2,6,50,4,1,1,5,4,6,6,2,1,10,5,5,2,17,2,9,1,1,C03,7,9,1,10,2,15,,4,4,1,12,4,120.676738,24.165089,2
2261,66000,387130000C,(04)23274275,(04)23288582,2025,6,7,11,22,臺中市,大雅區,0,1,0,7,2,6,50,4,1,1,5,4,6,6,4,4,5,4,5,1,15,3,10,3,1,B03,7,9,1,8,2,2,,6,6,1,13,4,120.648639,24.226707,2
2262,66000,387130000C,(04)23274275,(04)23288582,2025,6,7,11,23,臺中市,龍井區,0,1,0,7,2,6,50,13,9,1,5,4,6,6,4,4,5,5,5,1,17,2,5,5,4,C03,7,1,1,10,2,13,,51,51,1,12,4,120.580125,24.17503,2
2263,66000,387130000C,(04)23274275,(04)23288582,2025,6,7,11,26,臺中市,北區,0,0,0,7,,,50,,,,,,,,,,,,,,17,,,,,B03,,,6,,1,,,85,85,1,13,4,120.675055,24.16219,4
2264,66000,387130000C,(04)23274275,(04)23288582,2025,6,7,11,28,臺中市,南區,0,0,0,7,,,50,,,,,,,,,,,,,,14,,,,,B03,,,1,,1,,,49,49,1,13,4,120.656899,24.11921,3
2265,66000,387130000C,(04)23274275,(04)23288582,2025,6,7,11,29,臺中市,南屯區,0,2,0,7,3,6,50,4,1,1,5,4,6,6,1,1,5,5,5,2,16,2,9,1,1,C03,7,6,1,10,2,12,,11,11,1,12,4,120.633618,24.141396,2
2266,66000,387130000C,(04)23274275,(04)23288582,2025,6,7,11,30,臺中市,西屯區,0,0,0,7,,,50,,,,,,,,,,,,,,17,,,,,B03,,,1,,1,,,50,50,1,12,4,120.630364,24.161505,3
2267,66000,387130000C,(04)23274275,(04)23288582,2025,6,7,11,32,臺中市,西屯區,0,2,0,7,3,6,50,4,4,1,5,4,6,6,1,1,10,5,5,2,13,2,9,5,4,C03,7,9,1,10,2,11,,59,59,1,13,4,120.632637,24.170216,2
2268,66000,387130000C,(04)23274275,(04)23288582,2025,6,7,11,33,臺中市,西屯區,0,0,0,7,,,50,,,,,,,,,,,,,,12,,,,,B03,,,1,,1,,,40,40,1,12,4,120.653258,24.160817,3
2269,66000,387130000C,(04)23274275,(04)23288582,2025,6,7,11,35,臺中市,北區,0,2,0,7,3,6,50,13,9,1,5,4,6,6,4,4,1,4,5,1,17,3,10,3,1,B03,7,13,1,8,2,4,,76,76,1,13,4,120.684078,24.162876,2
2270,66000,387130000C,(04)23274275,(04)23288582,2025,6,7,11,39,臺中市,潭子區,0,2,0,7,3,6,30,13,9,1,5,4,6,6,4,4,10,5,5,2,17,2,7,2,1,C03,7,1,1,10,2,11,,51,51,1,13,4,120.715275,24.227363,2
2271,66000,387130000C,(04)23274275,(04)23288582,2025,6,7,11,39,臺中市,西屯區,0,1,0,7,2,6,50,4,1,1,5,4,6,6,1,1,10,5,5,2,17,2,9,1,4,C03,7,11,1,10,2,13,,45,45,1,13,4,120.611718,24.187008,2
2272,66000,387130000C,(04)23274275,(04)23288582,2025,6,7,11,40,臺中市,西屯區,0,0,0,7,,,50,,,,,,,,,,,,,,13,,,,,B12,,,1,,1,,,59,59,1,12,4,120.619298,24.168434,3
2273,66000,387130000C,(04)23274275,(04)23288582,2025,6,7,11,40,臺中市,西屯區,0,1,0,7,2,6,50,4,1,1,5,4,6,6,1,1,5,5,4,2,17,3,10,3,1,B03,7,15,3,19,2,1,,59,59,1,12,4,120.635989,24.169183,2
2274,66000,387130000C,(04)23274275,(04)23288582,2025,6,7,11,41,臺中市,南屯區,0,2,0,7,3,6,50,4,1,1,5,4,6,6,2,1,10,5,5,2,17,2,9,5,4,C03,7,15,1,10,2,12,,41,41,1,6,4,120.612764,24.13896,2
2275,66000,387130000C,(04)23274275,(04)23288582,2025,6,7,11,45,臺中市,豐原區,0,2,0,7,3,6,30,11,9,1,3,4,6,6,4,4,10,5,5,2,18,2,9,5,4,C03,7,9,1,10,2,16,,84,84,1,12,4,120.760521,24.244776,2
2276,66000,387130000C,(04)23274275,(04)23288582,2025,6,7,11,46,臺中市,北屯區,0,1,0,7,3,6,50,13,7,1,5,4,6,6,4,4,9,4,4,1,16,2,9,2,1,C03,7,9,1,10,2,11,,1,1,1,12,4,120.668102,24.178333,2
2277,66000,387130000C,(04)23274275,(04)23288582,2025,6,7,11,46,臺中市,西屯區,0,1,0,7,2,6,30,13,9,1,5,4,6,6,4,4,5,5,5,2,16,3,10,5,4,C03,7,1,1,10,2,11,,51,51,1,13,4,120.66412,24.174703,2
2278,66000,387130000C,(04)23274275,(04)23288582,2025,6,7,11,48,臺中市,西區,0,0,0,7,,,50,,,,,,,,,,,,,,13,,,,,C03,,,1,,1,,,7,7,1,12,4,120.657063,24.150722,4
2279,66000,387130000C,(04)23274275,(04)23288582,2025,6,7,11,48,臺中市,西屯區,0,0,0,7,,,50,,,,,,,,,,,,,,13,,,,,B03,,,1,,1,,,59,59,1,13,4,120.619318,24.168511,3
2280,66000,387130000C,(04)23274275,(04)23288582,2025,6,7,11,52,臺中市,潭子區,0,0,0,7,,,60,,,,,,,,,,,,,,,,,,,B03,,,1,,2,,,40,40,1,13,4,120.707829,24.227629,3
2281,66000,387130000C,(04)23274275,(04)23288582,2025,6,7,11,55,臺中市,北屯區,0,2,0,7,3,6,50,3,1,1,5,4,6,6,4,4,10,5,5,2,16,3,10,2,1,C03,7,4,1,10,2,13,,85,85,1,12,4,120.690758,24.163808,2
2282,66000,387130000C,(04)23274275,(04)23288582,2025,6,7,11,56,臺中市,西屯區,0,0,0,7,,,50,,,,,,,,,,,,,,13,,,,,B03,,,1,,2,,,7,7,1,12,4,120.646718,24.155828,3
2283,66000,387130000C,(04)23274275,(04)23288582,2025,6,7,11,57,臺中市,沙鹿區,0,1,0,7,2,6,30,13,7,1,5,4,6,6,4,4,5,4,4,2,17,3,10,3,1,B03,7,2,1,8,2,3,,49,49,1,13,4,120.5561,24.236601,2
2284,66000,387130000C,(04)23274275,(04)23288582,2025,6,7,11,58,臺中市,豐原區,0,2,0,7,2,6,30,13,9,1,5,4,6,6,4,4,10,5,5,2,11,2,9,1,1,C03,7,9,1,10,2,12,,41,41,1,12,4,120.719705,24.255382,2
2285,66000,387130000C,(04)23274275,(04)23288582,2025,6,7,12,1,臺中市,北區,0,3,0,7,2,6,50,4,4,1,5,4,6,6,2,1,10,5,4,1,17,2,9,1,1,C03,7,6,1,10,2,15,,48,48,1,13,4,120.682197,24.158928,2
2286,66000,387130000C,(04)23274275,(04)23288582,2025,6,7,12,3,臺中市,北區,0,1,0,7,2,6,50,4,1,1,5,4,6,6,2,1,5,4,5,2,17,3,10,3,1,B03,7,5,1,8,2,6,,47,47,1,12,4,120.684396,24.142316,2
2287,66000,387130000C,(04)23274275,(04)23288582,2025,6,7,12,5,臺中市,大雅區,0,0,0,7,,,60,,,,,,,,,,,,,,12,,,,,B03,,,1,,2,,,84,84,1,13,4,120.645417,24.22513,3
2288,66000,387130000C,(04)23274275,(04)23288582,2025,6,7,12,11,臺中市,東區,0,0,0,7,,,50,,,,,,,,,,,,,,13,,,,,B03,,,1,,1,,,7,7,1,13,4,120.708614,24.14069,3
2289,66000,387130000C,(04)23274275,(04)23288582,2025,6,7,12,14,臺中市,南區,0,1,0,7,2,6,50,13,9,1,5,4,6,6,4,4,5,2,5,2,13,2,9,2,1,C02,7,9,1,9,1,11,,7,7,1,13,4,120.659055,24.126091,2
2290,66000,387130000C,(04)23274275,(04)23288582,2025,6,7,12,14,臺中市,烏日區,0,1,0,7,2,6,30,4,1,1,5,4,6,6,4,4,10,5,5,2,15,2,9,1,1,C03,7,9,3,19,2,11,,12,12,1,6,4,120.635027,24.11043,2
2291,66000,387130000C,(04)23274275,(04)23288582,2025,6,7,12,16,臺中市,西屯區,0,0,0,7,,,50,,,,,,,,,,,,,,,,,,,C03,,,1,,1,,,40,40,1,12,4,120.647433,24.174014,3
2292,66000,387130000C,(04)23274275,(04)23288582,2025,6,7,12,16,臺中市,大里區,0,1,0,7,2,6,50,4,1,1,5,4,6,6,1,1,5,5,4,2,16,3,10,1,1,C03,7,9,2,19,2,11,,85,85,1,13,4,120.6894,24.118363,2
2293,66000,387130000C,(04)23274275,(04)23288582,2025,6,7,12,18,臺中市,東區,0,1,0,7,2,6,50,4,1,1,5,4,6,6,1,1,10,5,5,2,16,3,10,1,1,F03,7,5,7,21,2,13,,87,87,1,12,4,120.69714,24.13319,2
2294,66000,387130000C,(04)23274275,(04)23288582,2025,6,7,12,18,臺中市,豐原區,0,0,0,7,2,6,50,13,8,1,5,4,6,6,2,2,8,5,4,2,12,3,10,3,1,B03,7,9,1,8,9,2,,8,8,1,12,4,120.71536,24.24834,3
2295,66000,387130000C,(04)23274275,(04)23288582,2025,6,7,12,19,臺中市,后里區,0,0,0,7,,,30,,,,,,,,,,,,,,,,,,,B03,,,1,,2,,,14,14,1,12,4,120.719649,24.311406,3
2296,66000,387130000C,(04)23274275,(04)23288582,2025,6,7,12,26,臺中市,北區,0,1,0,7,2,6,50,3,2,1,5,4,6,6,2,1,10,5,5,2,12,3,10,3,1,B03,7,5,1,8,2,2,,11,11,1,13,4,120.686481,24.147541,2
2297,66000,387130000C,(04)23274275,(04)23288582,2025,6,7,12,36,臺中市,西區,0,0,0,7,,,50,,,,,,,,,,,,,,17,,,,,C03,,,1,,1,,,7,7,1,12,4,120.665757,24.140083,3
2298,66000,387130000C,(04)23274275,(04)23288582,2025,6,7,12,38,臺中市,龍井區,0,0,0,7,,,30,,,,,,,,,,,,,,,,,,,B03,,,1,,2,,,59,59,1,6,4,120.523859,24.208663,3
2299,66000,387130000C,(04)23274275,(04)23288582,2025,6,7,12,38,臺中市,大肚區,0,2,0,7,2,6,50,3,1,1,5,4,6,6,2,1,10,5,5,2,16,2,8,1,1,C03,7,11,1,10,2,12,,23,23,1,6,4,120.545281,24.151213,2
2300,66000,387130000C,(04)23274275,(04)23288582,2025,6,7,12,38,臺中市,沙鹿區,0,1,0,7,2,6,50,4,1,1,5,4,6,6,1,1,5,5,5,2,18,2,9,1,1,C03,7,5,1,10,2,12,,59,59,1,13,4,120.560635,24.236038,2
2301,66000,387130000C,(04)23274275,(04)23288582,2025,6,7,12,41,臺中市,西屯區,0,0,0,7,3,6,50,13,2,1,5,4,,6,1,1,5,5,5,2,13,,,,,B03,,,1,,1,,,7,7,1,12,4,120.664916,24.166635,3
2302,66000,387130000C,(04)23274275,(04)23288582,2025,6,7,12,43,臺中市,西屯區,0,1,0,6,2,6,50,4,1,1,5,4,6,6,3,1,10,5,5,2,15,2,9,1,4,C03,7,9,1,10,2,12,,24,24,1,13,4,120.640385,24.18365,2
2303,66000,387130000C,(04)23274275,(04)23288582,2025,6,7,12,46,臺中市,東區,0,0,0,7,,,50,,,,,,,,,,,,,,13,,,,,B03,,,1,,1,,,84,84,1,12,4,120.690415,24.131231,3
2304,66000,387130000C,(04)23274275,(04)23288582,2025,6,7,12,47,臺中市,北區,0,0,0,7,,,30,,,,,,,,,,,,,,16,,,,,B03,,,1,,1,,,14,14,1,13,4,120.679252,24.162576,3
2305,66000,387130000C,(04)23274275,(04)23288582,2025,6,7,12,48,臺中市,北屯區,0,0,0,7,,,50,,,,,,,,,,,,,,,,,,,B03,,,1,,1,,,84,84,1,12,4,120.705841,24.173022,3
2306,66000,387130000C,(04)23274275,(04)23288582,2025,6,7,13,0,臺中市,北區,0,0,0,7,,,50,,,,,,,,,,,,,,17,,,,,B01,,,1,,1,,,59,59,1,12,4,120.680949,24.15816,3
2307,66000,387130000C,(04)23274275,(04)23288582,2025,6,7,13,1,臺中市,烏日區,0,1,0,7,2,6,50,3,2,1,5,4,6,6,4,4,9,5,5,1,30,2,9,5,4,C03,7,9,1,10,2,12,,87,87,1,6,2,120.622102,24.10706,2
2308,66000,387130000C,(04)23274275,(04)23288582,2025,6,7,13,3,臺中市,豐原區,0,1,0,7,2,6,50,4,1,1,5,4,6,6,4,4,5,5,5,1,16,3,10,5,4,B03,7,5,1,8,2,5,,84,84,1,12,4,120.717826,24.249569,2
2309,66000,387130000C,(04)23274275,(04)23288582,2025,6,7,13,9,臺中市,潭子區,0,0,0,7,,,50,,,,,,,,,,,,,,,,,,,C03,,,1,,2,,,48,48,2,13,4,120.707407,24.211169,3
2310,66000,387130000C,(04)23274275,(04)23288582,2025,6,7,13,10,臺中市,西區,0,0,0,7,,,50,,,,,,,,,,,,,,13,,,,,B03,,,1,,2,,,84,84,1,12,4,120.656782,24.139642,3
2311,66000,387130000C,(04)23274275,(04)23288582,2025,6,7,13,11,臺中市,北區,0,1,0,7,2,6,50,4,2,1,5,4,6,6,2,1,10,5,5,2,12,3,10,1,1,C03,7,9,1,10,2,11,,84,84,1,13,4,120.674507,24.162862,2
2312,66000,387130000C,(04)23274275,(04)23288582,2025,6,7,13,14,臺中市,北區,0,3,0,7,3,6,50,3,1,1,5,4,6,6,1,1,1,2,5,2,17,2,9,2,1,C03,7,10,1,10,2,11,,59,59,1,12,4,120.680976,24.163174,2
2313,66000,387130000C,(04)23274275,(04)23288582,2025,6,7,13,15,臺中市,大甲區,0,0,0,7,,,50,,,,,,,,,,,,,,,,,,,B03,,,1,,1,,,49,49,1,6,4,120.622631,24.342402,3
2314,66000,387130000C,(04)23274275,(04)23288582,2025,6,7,13,16,臺中市,南區,0,0,0,7,,,50,,,,,,,,,,,,,,13,,,,,C01,,,1,,1,,,7,7,1,13,4,120.660395,24.123758,3
2315,66000,387130000C,(04)23274275,(04)23288582,2025,6,7,13,17,臺中市,北屯區,0,0,0,7,,,50,,,,,,,,,,,,,,,,,,,B02,,,1,,2,,,11,11,1,6,4,120.694672,24.16561,3
2316,66000,387130000C,(04)23274275,(04)23288582,2025,6,7,13,19,臺中市,西區,0,0,0,7,,,40,,,,,,,,,,,,,,,,,,,,,,,,,,,86,86,1,,,120.667466,24.141977,3
2317,66000,387130000C,(04)23274275,(04)23288582,2025,6,7,13,19,臺中市,東勢區,0,2,0,7,2,6,30,13,9,1,5,4,6,6,4,4,10,5,5,1,27,2,1,3,1,B03,7,9,1,8,2,1,,55,55,1,12,4,120.878255,24.236919,2
2318,66000,387130000C,(04)23274275,(04)23288582,2025,6,7,13,28,臺中市,豐原區,0,0,0,7,,,50,,,,,,,,,,,,,,13,,,,,B03,,,1,,2,,,82,82,1,12,4,120.705789,24.252265,4
2319,66000,387130000C,(04)23274275,(04)23288582,2025,6,7,13,33,臺中市,北區,0,1,0,7,2,6,50,13,9,1,5,4,6,6,4,4,5,5,5,2,17,2,9,1,1,C03,7,1,1,10,2,14,,51,51,1,13,4,120.68771,24.15207,2
2320,66000,387130000C,(04)23274275,(04)23288582,2025,6,7,13,35,臺中市,北區,0,0,0,6,,,50,,,,,,,,,,,,,,13,,,,,B03,,,1,,1,,,7,7,1,12,4,120.67414,24.163545,3
2321,66000,387130000C,(04)23274275,(04)23288582,2025,6,7,13,37,臺中市,龍井區,0,0,0,7,,,30,,,,,,,,,,,,,,,,,,,B12,,,1,,2,,,8,8,1,6,4,120.576274,24.182259,3
2322,66000,387130000C,(04)23274275,(04)23288582,2025,6,7,13,39,臺中市,西區,0,1,0,7,2,6,50,4,1,1,5,4,6,6,4,4,10,5,5,2,17,3,10,1,1,C03,7,6,1,10,2,12,,14,14,1,12,4,120.660287,24.151482,2
2323,66000,387130000C,(04)23274275,(04)23288582,2025,6,7,13,40,臺中市,南區,0,0,0,7,,,50,,,,,,,,,,,,,,14,,,,,B02,,,1,,2,,,49,49,1,13,4,120.648211,24.118852,3
2324,66000,387130000C,(04)23274275,(04)23288582,2025,6,7,13,42,臺中市,西屯區,0,0,0,7,,,80,,,,,,,,,,,,,,13,,,,,B03,,,1,,1,,,7,7,1,12,4,120.633372,24.173065,3
2325,66000,387130000C,(04)23274275,(04)23288582,2025,6,7,13,43,臺中市,大甲區,0,1,0,7,2,6,40,4,9,1,5,4,6,6,4,4,6,3,5,1,15,2,9,1,1,C03,7,9,1,10,2,11,,15,15,1,12,4,120.620836,24.346083,2
2326,66000,387130000C,(04)23274275,(04)23288582,2025,6,7,13,44,臺中市,北區,0,1,0,7,2,6,50,3,9,1,5,4,6,6,4,4,8,3,5,2,12,3,10,3,1,B03,7,5,1,8,2,2,,20,20,1,13,4,120.681204,24.156005,2
2327,66000,387130000C,(04)23274275,(04)23288582,2025,6,7,13,49,臺中市,石岡區,0,2,0,7,2,6,50,4,1,1,5,4,6,6,3,1,10,5,5,2,16,2,6,1,1,C03,7,6,1,10,2,12,,11,11,1,12,4,120.775435,24.276643,2
2328,66000,387130000C,(04)23274275,(04)23288582,2025,6,7,13,56,臺中市,西屯區,0,0,0,7,,,40,,,,,,,,,,,,,,12,,,,,B03,,,1,,1,,,8,8,1,12,4,120.645678,24.164574,3
2329,66000,387130000C,(04)23274275,(04)23288582,2025,6,7,14,1,臺中市,北區,0,0,0,7,,,50,,,,,,,,,,,,,,13,,,,,B03,,,1,,1,,,84,84,1,12,4,120.682683,24.145935,3
2330,66000,387130000C,(04)23274275,(04)23288582,2025,6,7,14,1,臺中市,西屯區,0,3,0,7,2,6,30,4,1,1,5,4,6,6,4,4,10,5,5,1,15,2,9,1,1,C03,7,9,1,10,2,11,,12,12,1,12,4,120.644425,24.179678,2
2331,66000,387130000C,(04)23274275,(04)23288582,2025,6,7,14,1,臺中市,大里區,0,0,0,7,,,50,,,,,,,,,,,,,,15,,,,,B03,,,1,,1,,,12,12,1,13,4,120.699932,24.108989,3
2332,66000,387130000C,(04)23274275,(04)23288582,2025,6,7,14,2,臺中市,西屯區,0,0,0,7,,,80,,,,,,,,,,,,,,13,,,,,C01,,,1,,2,,,7,7,1,13,4,120.629938,24.165647,3
2333,66000,387130000C,(04)23274275,(04)23288582,2025,6,7,14,3,臺中市,南區,0,1,0,7,2,6,50,4,1,1,5,4,6,6,4,4,10,5,5,2,15,2,9,1,1,C03,7,9,1,10,2,12,,15,15,1,12,4,120.654339,24.124266,2
2334,66000,387130000C,(04)23274275,(04)23288582,2025,6,7,14,3,臺中市,南區,0,0,0,7,,,50,,,,,,,,,,,,,,9,,,,,H04,,,7,,10,,,109,109,1,13,5,120.679182,24.123955,4
2335,66000,387130000C,(04)23274275,(04)23288582,2025,6,7,14,4,臺中市,西區,0,0,0,7,,,50,,,,,,,,,,,,,,17,,,,,B03,,,1,,1,,,76,76,1,12,4,120.66582,24.152331,3
2336,66000,387130000C,(04)23274275,(04)23288582,2025,6,7,14,9,臺中市,南屯區,0,0,0,7,,,50,,,,,,,,,,,,,,,,,,,B03,,,1,,1,,,84,84,1,13,4,120.643944,24.129064,3
2337,66000,387130000C,(04)23274275,(04)23288582,2025,6,7,14,9,臺中市,龍井區,0,0,0,7,,,50,,,,,,,,,,,,,,,,,,,A41,,,1,,2,,,49,49,1,6,4,120.516083,24.213275,3
2338,66000,387130000C,(04)23274275,(04)23288582,2025,6,7,14,12,臺中市,大肚區,0,1,0,7,2,6,50,4,1,1,5,4,6,6,1,1,10,5,5,2,16,3,10,3,1,B03,7,6,1,8,2,6,,11,11,1,6,4,120.561241,24.12534,2
2339,66000,387130000C,(04)23274275,(04)23288582,2025,6,7,14,14,臺中市,西屯區,0,0,0,7,,,40,,,,,,,,,,,,,,,,,,,C03,,,1,,9,,,7,7,1,12,4,120.643344,24.170436,3
2340,66000,387130000C,(04)23274275,(04)23288582,2025,6,7,14,22,臺中市,南屯區,0,0,0,7,,,50,,,,,,,,,,,,,,,,,,,B03,,,1,,2,,,84,84,1,12,4,120.61454,24.147933,3
2341,66000,387130000C,(04)23274275,(04)23288582,2025,6,7,14,22,臺中市,東勢區,0,0,0,7,,,50,,,,,,,,,,,,,,17,,,,,B03,,,1,,2,,,45,45,1,12,4,120.858203,24.160527,3
2342,66000,387130000C,(04)23274275,(04)23288582,2025,6,7,14,23,臺中市,南屯區,0,0,0,7,,,40,,,,,,,,,,,,,,17,,,,,B02,,,1,,1,,,51,51,1,6,4,120.647969,24.153779,3
2343,66000,387130000C,(04)23274275,(04)23288582,2025,6,7,14,23,臺中市,西屯區,0,0,0,7,3,6,50,13,9,1,5,4,6,6,4,4,5,5,4,2,9,,,,,C03,,,1,,1,,,55,55,1,12,4,120.623495,24.184176,3
2344,66000,387130000C,(04)23274275,(04)23288582,2025,6,7,14,23,臺中市,清水區,0,1,0,7,3,6,50,3,1,1,5,4,6,6,4,4,1,4,4,2,16,3,10,3,1,B03,7,5,1,8,2,5,2,20,20,1,12,4,120.570844,24.259424,2
2345,66000,387130000C,(04)23274275,(04)23288582,2025,6,7,14,24,臺中市,西區,0,0,0,7,,,50,,,,,,,,,,,,,,16,,,,,B03,,,1,,1,,,11,11,1,12,4,120.669812,24.149577,3
2346,66000,387130000C,(04)23274275,(04)23288582,2025,6,7,14,24,臺中市,南屯區,0,1,0,7,2,6,60,3,1,1,5,4,6,6,1,1,7,2,5,2,16,3,10,3,1,B03,7,6,1,8,2,8,,11,11,1,12,4,120.648375,24.13478,2
2347,66000,387130000C,(04)23274275,(04)23288582,2025,6,7,14,26,臺中市,大甲區,0,1,0,7,3,6,50,4,1,1,5,4,6,6,1,1,10,5,5,2,17,3,10,3,1,B03,7,9,1,8,2,4,,21,21,1,6,4,120.649844,24.391807,2
2348,66000,387130000C,(04)23274275,(04)23288582,2025,6,7,14,27,臺中市,烏日區,0,0,0,7,,,50,,,,,,,,,,,,,,14,,,,,B03,,,1,,1,,,49,49,1,12,4,120.615419,24.114451,3
2349,66000,387130000C,(04)23274275,(04)23288582,2025,6,7,14,30,臺中市,南屯區,0,0,0,7,3,6,30,13,9,1,5,4,6,6,4,4,10,5,5,2,30,,,,,B03,,,1,,1,,,87,87,1,12,4,120.605503,24.13865,3
2350,66000,387130000C,(04)23274275,(04)23288582,2025,6,7,14,30,臺中市,沙鹿區,0,0,0,7,,,50,,,,,,,,,,,,,,,,,,,B03,,,1,,2,,,8,8,1,12,4,120.562862,24.236086,3
2351,66000,387130000C,(04)23274275,(04)23288582,2025,6,7,14,30,臺中市,豐原區,0,0,0,7,,,50,,,,,,,,,,,,,,17,,,,,C03,,,1,,9,,,7,7,1,12,4,120.72704,24.254037,3
2352,66000,387130000C,(04)23274275,(04)23288582,2025,6,7,14,31,臺中市,西屯區,0,1,0,7,2,6,50,13,9,1,5,4,6,6,4,4,5,5,4,2,9,2,9,5,1,C03,7,9,1,10,2,12,,84,84,1,12,4,120.643563,24.176242,2
2353,66000,387130000C,(04)23274275,(04)23288582,2025,6,7,14,32,臺中市,東勢區,0,1,0,7,3,6,60,3,1,1,5,4,6,6,1,1,9,5,5,2,10,3,10,5,4,B03,7,9,1,8,2,5,,25,25,1,12,4,120.837906,24.226318,2
2354,66000,387130000C,(04)23274275,(04)23288582,2025,6,7,14,36,臺中市,西屯區,0,2,0,7,2,6,50,4,1,1,5,4,6,6,1,1,10,5,5,2,15,2,9,1,4,C03,7,9,1,10,2,12,,85,85,1,13,4,120.63471,24.169578,2
2355,66000,387130000C,(04)23274275,(04)23288582,2025,6,7,14,47,臺中市,南區,0,0,0,7,,,50,,,,,,,,,,,,,,17,,,,,B02,,,1,,2,,,84,84,1,12,4,120.671202,24.122034,3
2356,66000,387130000C,(04)23274275,(04)23288582,2025,6,7,14,56,臺中市,北區,0,1,0,7,2,6,50,13,9,1,5,4,6,6,4,4,5,4,5,2,17,2,9,1,1,C03,7,1,1,10,2,14,,51,51,1,13,4,120.670376,24.167093,2
2357,66000,387130000C,(04)23274275,(04)23288582,2025,6,7,15,2,臺中市,中區,0,0,0,7,,,50,,,,,,,,,,,,,,13,,,,,B03,,,1,,2,,,84,84,1,12,4,120.684022,24.138535,3
2358,66000,387130000C,(04)23274275,(04)23288582,2025,6,7,15,5,臺中市,潭子區,0,1,0,7,2,6,50,4,1,1,5,4,6,6,4,4,10,5,5,2,15,2,9,2,1,C03,7,9,1,10,2,11,,12,12,1,12,2,120.701752,24.188282,2
2359,66000,387130000C,(04)23274275,(04)23288582,2025,6,7,15,5,臺中市,中區,0,1,0,7,2,6,50,13,9,1,5,4,6,6,1,1,5,4,5,2,18,2,9,1,1,C03,7,9,1,10,2,12,,84,84,1,12,4,120.6802,24.137997,2
2360,66000,387130000C,(04)23274275,(04)23288582,2025,6,7,15,5,臺中市,太平區,0,0,0,7,,,80,,,,,,,,,,,,,,13,,,,,B03,,,3,,2,,,7,7,1,6,4,120.710725,24.141557,3
2361,66000,387130000C,(04)23274275,(04)23288582,2025,6,7,15,9,臺中市,沙鹿區,0,0,0,7,,,50,,,,,,,,,,,,,,,,,,,B03,,,1,,2,,,7,7,1,13,4,120.600346,24.255637,3
2362,66000,387130000C,(04)23274275,(04)23288582,2025,6,7,15,10,臺中市,霧峰區,0,1,0,7,3,6,60,13,7,1,5,4,6,6,1,1,1,3,4,1,13,3,10,3,1,A04,7,9,1,2,2,5,1,59,59,1,12,4,120.696116,24.024071,2
2363,66000,387130000C,(04)23274275,(04)23288582,2025,6,7,15,11,臺中市,西屯區,0,0,0,7,,,50,,,,,,,,,,,,,,13,,,,,A04,,,1,,1,,,7,7,1,6,4,120.636692,24.171105,3
2364,66000,387130000C,(04)23274275,(04)23288582,2025,6,7,15,14,臺中市,西屯區,0,0,0,7,,,50,,,,,,,,,,,,,,,,,,,B03,,,1,,1,,,84,84,1,12,4,120.611886,24.185279,3
2365,66000,387130000C,(04)23274275,(04)23288582,2025,6,7,15,14,臺中市,西屯區,0,1,0,7,2,6,50,3,2,1,5,4,1,6,4,4,3,4,5,2,29,2,9,1,1,C03,7,9,1,10,2,11,,84,84,1,12,4,120.626503,24.177658,2
2366,66000,387130000C,(04)23274275,(04)23288582,2025,6,7,15,15,臺中市,豐原區,0,0,0,7,,,50,,,,,,,,,,,,,,17,,,,,B03,,,1,,2,,,51,51,1,13,4,120.719614,24.24172,3
2367,66000,387130000C,(04)23274275,(04)23288582,2025,6,7,15,16,臺中市,南區,0,3,0,7,3,6,40,4,1,1,5,4,6,6,1,1,10,5,5,2,15,2,9,1,1,C03,7,9,1,10,2,12,,21,21,1,6,4,120.675184,24.124492,2
2368,66000,387130000C,(04)23274275,(04)23288582,2025,6,7,15,27,臺中市,大里區,0,0,0,7,2,6,60,13,14,1,5,4,6,6,4,4,1,4,4,1,17,,,,,B03,,,1,,2,,,56,56,1,6,4,120.695802,24.087787,3