序號,縣市別代碼,機關代碼,市話,傳真,年,月,日,時,分,縣市,區,死亡數量,受傷數量,2-30,天候,道路照明設備,道路類別,道路速限,道路型態,事故位置,路面鋪裝,路面狀態,路面缺陷,障礙物,視距,號誌種類,號誌動作,分向設施,快車道或一般車道間,快慢車道間,路面邊線,事故類型及型態,受傷程度,主要傷處,保護裝備,行動電話或功能裝置,當事者區分(類別),車輛用途,當事者行動狀態,駕照狀態,駕照種類,飲酒情形,車輛撞擊部位最初,車輛撞擊部位其他,肇事因素個別,肇事因素主要,肇事逃逸,職業,共享經濟或外送平台,GPS座標X,GPS座標Y,事故類別
2483,66000,387130000C,(04)23274275,(04)23288582,2025,6,7,20,55,臺中市,潭子區,0,0,0,7,,,50,,,,,,,,,,,,,,,,,,,B03,,,1,,2,,,58,58,1,12,4,120.70359,24.201162,4
2484,66000,387130000C,(04)23274275,(04)23288582,2025,6,7,20,55,臺中市,西區,0,0,0,7,,,50,,,,,,,,,,,,,,,,,,,B03,,,1,,1,,,84,84,1,12,4,120.657267,24.149861,3
2485,66000,387130000C,(04)23274275,(04)23288582,2025,6,7,20,55,臺中市,北區,0,1,0,7,1,6,50,4,1,1,5,4,6,6,1,1,1,4,4,2,16,3,10,1,1,C03,7,6,2,19,2,11,,36,36,1,12,4,120.677376,24.153925,2
2486,66000,387130000C,(04)23274275,(04)23288582,2025,6,7,20,58,臺中市,南屯區,0,1,0,7,1,6,50,13,9,1,5,4,6,6,4,4,5,5,5,2,17,2,9,1,1,C03,7,9,1,10,2,14,,7,7,1,12,4,120.610911,24.138362,2
2487,66000,387130000C,(04)23274275,(04)23288582,2025,6,7,21,1,臺中市,東區,0,3,0,7,1,6,30,4,2,1,5,4,6,6,4,4,10,5,5,2,11,2,9,1,1,C03,7,9,5,19,2,14,,41,41,1,12,4,120.686844,24.132506,2
2488,66000,387130000C,(04)23274275,(04)23288582,2025,6,7,21,4,臺中市,外埔區,0,0,0,7,1,6,40,13,8,1,5,4,6,6,4,4,5,4,4,2,14,3,10,3,1,B12,7,2,1,8,7,3,,49,49,1,12,4,120.651882,24.330822,3
2489,66000,387130000C,(04)23274275,(04)23288582,2025,6,7,21,24,臺中市,外埔區,0,0,0,7,1,6,30,13,9,1,5,4,6,6,4,4,10,5,5,1,17,3,10,3,1,B12,7,9,1,8,7,2,,8,8,1,12,4,120.649554,24.326382,3
2490,66000,387130000C,(04)23274275,(04)23288582,2025,6,7,21,27,臺中市,龍井區,0,0,0,6,,,30,,,,,,,,,,,,,,14,,,,,B03,,,1,,2,,,49,49,1,6,4,120.595224,24.187992,3
2491,66000,387130000C,(04)23274275,(04)23288582,2025,6,7,21,32,臺中市,太平區,0,0,0,7,,,30,,,,,,,,,,,,,,17,,,,,B03,,,1,,2,,,84,84,1,12,4,120.733666,24.118263,3
2492,66000,387130000C,(04)23274275,(04)23288582,2025,6,7,22,5,臺中市,南區,0,1,0,7,1,6,50,4,1,1,5,4,6,6,1,1,10,5,5,2,12,3,10,3,1,B03,7,7,1,8,2,6,,40,40,1,6,4,120.661819,24.130996,2
2493,66000,387130000C,(04)23274275,(04)23288582,2025,6,7,22,5,臺中市,烏日區,0,0,0,7,,,30,,,,,,,,,,,,,,9,,,,,B03,,,1,,1,,,8,8,1,6,4,120.638781,24.103177,3
2494,66000,387130000C,(04)23274275,(04)23288582,2025,6,7,22,12,臺中市,西屯區,0,1,0,7,1,6,50,3,1,1,5,4,6,6,3,1,5,5,4,2,17,2,9,1,1,C04,7,15,1,8,2,12,,20,20,1,12,4,120.647774,24.166957,2
2495,66000,387130000C,(04)23274275,(04)23288582,2025,6,7,22,23,臺中市,西區,0,0,0,6,,,50,,,,,,,,,,,,,,,,,,,B02,,,1,,2,,,84,84,1,13,4,120.672083,24.145006,3
2496,66000,387130000C,(04)23274275,(04)23288582,2025,6,7,22,30,臺中市,潭子區,0,2,0,7,1,6,50,13,9,1,5,4,5,6,4,4,1,4,5,1,12,2,7,2,1,C03,7,9,1,10,2,16,,8,8,1,12,4,120.702307,24.194828,2
2497,66000,387130000C,(04)23274275,(04)23288582,2025,6,7,22,30,臺中市,和平區,0,0,0,7,,,30,,,,,,,,,,,,,,16,,,,,B03,,,3,,2,,,15,15,1,12,4,120.999247,24.19771,3
2498,66000,387130000C,(04)23274275,(04)23288582,2025,6,7,22,32,臺中市,北區,0,3,0,7,1,6,50,18,9,1,5,4,6,6,1,1,5,4,4,2,17,2,9,1,1,C03,7,9,1,10,2,11,,7,7,1,12,4,120.672319,24.144596,2
2499,66000,387130000C,(04)23274275,(04)23288582,2025,6,7,22,49,臺中市,北屯區,0,0,0,7,,,,,,,,,,,,,,,,,,,,,,,,,,,,,,119,119,1,,,120.694451,24.164716,3
2500,66000,387130000C,(04)23274275,(04)23288582,2025,6,7,22,50,臺中市,北區,0,0,0,7,,,50,,,,,,,,,,,,,,,,,,,B03,,,1,,1,,,51,51,1,12,4,120.69432,24.161226,3
2501,66000,387130000C,(04)23274275,(04)23288582,2025,6,7,22,52,臺中市,西區,0,0,0,7,,,50,,,,,,,,,,,,,,,,,,,B03,,,1,,1,,,50,50,1,13,4,120.660268,24.153371,3
2502,66000,387130000C,(04)23274275,(04)23288582,2025,6,7,22,56,臺中市,大雅區,0,0,0,7,,,0,,,,,,,,,,,,,,,,,,,B03,,,1,,2,,,51,51,1,13,4,120.645263,24.225553,3
2503,66000,387130000C,(04)23274275,(04)23288582,2025,6,7,23,10,臺中市,后里區,0,1,0,7,1,6,50,3,1,1,5,4,6,6,1,1,4,4,4,1,16,3,10,3,1,B03,7,5,1,8,2,2,,11,11,1,12,4,120.709398,24.311033,2
2504,66000,387130000C,(04)23274275,(04)23288582,2025,6,7,23,12,臺中市,太平區,0,1,0,7,1,6,50,3,1,1,5,4,6,6,1,1,10,5,5,2,16,3,10,3,1,B03,7,6,1,8,11,4,,1,1,2,13,4,120.718358,24.104045,2
2505,66000,387130000C,(04)23274275,(04)23288582,2025,6,7,23,20,臺中市,南屯區,0,0,0,7,,,50,,,,,,,,,,,,,,,,,,,B03,,,1,,1,,,58,58,1,6,4,120.608206,24.150886,3
2506,66000,387130000C,(04)23274275,(04)23288582,2025,6,7,23,20,臺中市,烏日區,0,1,0,7,2,6,50,4,1,1,5,4,6,6,2,1,1,4,5,1,17,2,9,1,1,C03,7,5,3,19,2,14,,84,84,1,6,4,120.641582,24.109037,2
2507,66000,387130000C,(04)23274275,(04)23288582,2025,6,7,23,23,臺中市,東區,0,0,0,7,,,30,,,,,,,,,,,,,,15,,,,,C03,,,1,,2,,,20,20,1,12,4,120.698613,24.144586,3
2508,66000,387130000C,(04)23274275,(04)23288582,2025,6,7,23,30,臺中市,沙鹿區,0,0,0,7,,,30,,,,,,,,,,,,,,17,,,,,B12,,,1,,2,,,51,51,1,13,4,120.555047,24.230097,3
2509,66000,387130000C,(04)23274275,(04)23288582,2025,6,7,23,40,臺中市,北屯區,0,1,0,7,2,6,50,5,9,1,5,4,6,6,1,1,10,5,5,2,16,3,10,5,4,B03,7,6,1,8,1,8,,11,11,1,12,4,120.730184,24.176958,2
2510,66000,387130000C,(04)23274275,(04)23288582,2025,6,7,23,43,臺中市,霧峰區,0,1,0,7,1,6,50,3,1,1,5,4,6,6,3,1,10,5,5,2,28,,,,,,,,,,,,,118,118,1,,,120.69388,24.034172,2
2511,66000,387130000C,(04)23274275,(04)23288582,2025,6,7,23,49,臺中市,大里區,0,1,0,7,1,6,40,4,2,1,5,2,6,6,1,1,10,5,5,1,18,2,9,1,1,C03,7,9,1,10,2,12,,84,84,1,12,4,120.69697,24.111126,2
2512,66000,387130000C,(04)23274275,(04)23288582,2025,6,8,0,2,臺中市,新社區,0,1,0,6,1,6,50,11,9,1,5,4,6,6,4,4,8,5,5,1,28,,,,,,,,,,,,,118,118,1,,,120.83562,24.171328,2
2513,66000,387130000C,(04)23274275,(04)23288582,2025,6,8,0,18,臺中市,豐原區,0,1,0,7,1,6,30,4,1,1,5,4,6,6,1,1,10,5,5,2,12,3,10,5,4,B03,7,5,1,8,2,6,,84,84,1,13,4,120.70714,24.237845,2
2514,66000,387130000C,(04)23274275,(04)23288582,2025,6,8,0,48,臺中市,北區,0,0,0,7,,,50,,,,,,,,,,,,,,17,,,,,B03,,,1,,9,,,58,58,1,13,4,120.697535,24.160343,3
2515,66000,387130000C,(04)23274275,(04)23288582,2025,6,8,0,56,臺中市,東區,0,1,0,7,1,6,50,3,1,1,5,4,6,6,4,4,10,5,5,2,16,2,9,2,1,C03,7,6,1,10,2,11,,12,12,1,6,4,120.707009,24.131788,2
2516,66000,387130000C,(04)23274275,(04)23288582,2025,6,8,1,14,臺中市,太平區,0,1,0,7,1,6,50,4,1,1,5,4,6,6,2,1,10,5,5,2,16,2,9,2,1,C03,7,9,3,19,2,11,,21,21,1,12,4,120.715435,24.147547,2
2517,66000,387130000C,(04)23274275,(04)23288582,2025,6,8,1,20,臺中市,西屯區,0,1,0,7,1,6,50,3,1,1,5,4,6,6,3,1,9,4,5,2,13,2,9,5,4,C03,7,8,1,10,2,13,,40,40,1,13,4,120.627891,24.184107,2
2518,66000,387130000C,(04)23274275,(04)23288582,2025,6,8,1,20,臺中市,西屯區,0,0,0,7,,,30,,,,,,,,,,,,,,17,,,,,B03,,,1,,2,,,49,49,1,12,4,120.649456,24.183213,3
2519,66000,387130000C,(04)23274275,(04)23288582,2025,6,8,1,30,臺中市,北屯區,0,0,0,7,,,,,,,,,,,,,,,,,17,,,,,,,,,,,,,118,118,1,,,120.666803,24.180192,3
2520,66000,387130000C,(04)23274275,(04)23288582,2025,6,8,1,43,臺中市,西屯區,0,0,0,7,,,50,,,,,,,,,,,,,,14,,,,,B03,,,1,,1,,,49,49,1,12,4,120.641299,24.182382,3
2521,66000,387130000C,(04)23274275,(04)23288582,2025,6,8,2,22,臺中市,豐原區,0,0,0,7,,,30,,,,,,,,,,,,,,12,,,,,B03,,,1,,2,,,84,84,1,13,4,120.732921,24.249805,3
2522,66000,387130000C,(04)23274275,(04)23288582,2025,6,8,2,35,臺中市,西屯區,0,0,0,7,1,6,50,4,8,1,5,4,6,6,1,1,3,4,4,2,17,3,10,5,4,B03,7,6,1,8,2,5,,59,59,1,12,4,120.63911,24.165096,3
2523,66000,387130000C,(04)23274275,(04)23288582,2025,6,8,2,35,臺中市,霧峰區,0,0,0,7,,6,30,,,,,,,,,,,,,,17,,,,,B12,,,1,8,2,,,84,84,1,13,4,120.711696,24.07158,3
2524,66000,387130000C,(04)23274275,(04)23288582,2025,6,8,3,30,臺中市,西屯區,0,0,0,7,1,6,50,13,8,1,5,4,6,6,4,4,9,4,4,2,12,,,,,C03,,,1,,10,,,87,87,1,13,4,120.646251,24.180465,3
2525,66000,387130000C,(04)23274275,(04)23288582,2025,6,8,4,59,臺中市,西區,0,0,0,7,,,50,,,,,,,,,,,,,,,,,,,B02,,,1,,10,,,77,77,1,12,4,120.663264,24.147651,3
2526,66000,387130000C,(04)23274275,(04)23288582,2025,6,8,6,26,臺中市,太平區,0,1,0,7,2,6,50,3,8,1,5,4,6,6,4,4,5,5,4,2,17,2,9,2,1,C03,7,9,3,19,7,11,,53,53,1,12,4,120.709569,24.123656,2
2527,66000,387130000C,(04)23274275,(04)23288582,2025,6,8,6,40,臺中市,清水區,0,1,0,7,3,6,30,13,9,1,5,4,6,6,4,4,10,5,5,1,12,4,11,2,1,C03,7,1,1,10,2,14,,54,54,1,12,4,120.551179,24.298223,2
2528,66000,387130000C,(04)23274275,(04)23288582,2025,6,8,6,45,臺中市,北屯區,0,1,0,7,2,6,50,5,1,1,5,4,6,6,1,1,10,5,5,2,16,3,10,5,4,B03,7,5,1,4,2,2,,65,65,1,12,4,120.6863,24.188214,2
2529,66000,387130000C,(04)23274275,(04)23288582,2025,6,8,6,50,臺中市,北屯區,0,1,0,7,2,6,50,4,2,1,5,4,6,6,1,1,1,4,5,2,25,2,9,1,1,C03,7,9,3,19,4,11,,53,53,1,12,4,120.740814,24.178345,2
2530,66000,387130000C,(04)23274275,(04)23288582,2025,6,8,6,55,臺中市,南屯區,0,2,0,7,2,6,50,4,2,1,5,4,6,6,4,4,5,4,5,2,17,2,9,2,1,C03,7,9,1,10,2,12,,13,13,1,12,4,120.655141,24.143227,2
2531,66000,387130000C,(04)23274275,(04)23288582,2025,6,8,6,56,臺中市,大里區,0,1,0,7,2,6,50,3,2,1,5,4,6,6,1,1,3,4,4,1,12,3,10,3,1,B03,7,6,1,8,2,5,,84,84,1,13,4,120.692946,24.090637,2
2532,66000,387130000C,(04)23274275,(04)23288582,2025,6,8,7,0,臺中市,和平區,0,0,0,7,,,30,,,,,,,,,,,,,,2,3,10,3,1,B03,7,4,1,8,2,4,,34,34,1,7,4,121.019594,24.209413,4
2533,66000,387130000C,(04)23274275,(04)23288582,2025,6,8,7,3,臺中市,潭子區,0,0,0,7,,,50,,,,,,,,,,,,,,11,,,,,A05,,,1,,2,,,58,58,1,13,4,120.696671,24.194182,3
2534,66000,387130000C,(04)23274275,(04)23288582,2025,6,8,7,10,臺中市,霧峰區,0,1,0,7,2,6,30,4,1,1,5,4,6,6,4,4,10,5,5,1,15,2,9,2,1,C03,7,9,1,10,2,11,,12,12,1,13,4,120.685724,24.055637,2
2535,66000,387130000C,(04)23274275,(04)23288582,2025,6,8,7,13,臺中市,清水區,0,1,0,7,3,6,50,13,9,1,5,4,6,6,4,4,9,4,5,2,17,3,10,5,1,B03,7,15,1,8,2,4,,76,76,1,12,4,120.576801,24.268872,2
2536,66000,387130000C,(04)23274275,(04)23288582,2025,6,8,7,14,臺中市,太平區,0,1,0,7,2,6,30,3,1,1,5,4,6,6,4,4,10,5,5,2,17,2,9,2,1,C03,7,9,1,10,2,11,,12,12,1,12,4,120.722087,24.107462,2
2537,66000,387130000C,(04)23274275,(04)23288582,2025,6,8,7,18,臺中市,烏日區,0,0,0,7,,,50,,,,,,,,,,,,,,13,,,,,C03,,,1,,1,,,7,7,1,6,4,120.634166,24.106398,3
2538,66000,387130000C,(04)23274275,(04)23288582,2025,6,8,7,37,臺中市,東勢區,0,0,0,7,,,50,,,,,,,,,,,,,,12,,,,,B03,,,1,,1,,,50,50,1,13,4,120.82878,24.256067,3
2539,66000,387130000C,(04)23274275,(04)23288582,2025,6,8,7,41,臺中市,中區,0,1,0,7,2,6,50,4,4,1,5,4,6,6,2,1,5,2,5,2,12,3,10,1,1,C03,7,9,1,10,2,14,,84,84,1,6,4,120.67988,24.137919,2
2540,66000,387130000C,(04)23274275,(04)23288582,2025,6,8,7,42,臺中市,大里區,0,2,0,7,2,6,50,13,8,1,5,4,6,6,4,4,5,5,4,1,16,2,9,2,1,C03,7,7,1,10,2,12,,40,40,1,13,4,120.703087,24.090728,2
2541,66000,387130000C,(04)23274275,(04)23288582,2025,6,8,7,45,臺中市,北屯區,0,0,0,7,,3,40,,,,,,,,,,,,,,9,,,,,B03,,,1,,2,,,40,40,1,6,4,120.678419,24.200788,3
2542,66000,387130000C,(04)23274275,(04)23288582,2025,6,8,8,0,臺中市,東區,0,1,0,7,2,6,50,13,9,1,5,4,6,6,4,4,5,4,5,2,16,3,10,3,1,B03,7,11,1,7,1,2,,45,45,1,12,4,120.687795,24.139727,2
2543,66000,387130000C,(04)23274275,(04)23288582,2025,6,8,8,0,臺中市,豐原區,0,1,0,7,3,6,50,13,7,1,5,4,6,6,4,4,5,5,4,2,18,2,9,5,4,C03,7,9,1,10,9,12,,84,84,1,12,4,120.70568,24.252768,2
2544,66000,387130000C,(04)23274275,(04)23288582,2025,6,8,8,4,臺中市,大里區,0,2,0,7,2,6,50,13,7,1,5,4,6,6,1,1,1,4,4,1,13,2,8,2,1,C03,7,9,1,10,2,11,,58,58,1,13,4,120.687554,24.086311,2
2545,66000,387130000C,(04)23274275,(04)23288582,2025,6,8,8,20,臺中市,烏日區,0,1,0,7,2,6,30,13,9,1,5,4,6,6,4,4,10,5,5,1,14,3,10,5,4,B01,7,2,1,1,2,3,,49,49,1,12,4,120.611732,24.11713,2
2546,66000,387130000C,(04)23274275,(04)23288582,2025,6,8,8,25,臺中市,大里區,0,0,0,7,,,50,,,,,,,,,,,,,,14,,,,,B03,,,1,,2,,,49,49,1,13,4,120.679297,24.112643,3
2547,66000,387130000C,(04)23274275,(04)23288582,2025,6,8,8,31,臺中市,大雅區,0,1,0,7,2,6,30,3,2,1,5,4,6,6,4,4,10,5,5,1,16,2,9,1,1,F03,7,9,7,21,2,14,,84,84,1,13,4,120.670568,24.237096,2
2548,66000,387130000C,(04)23274275,(04)23288582,2025,6,8,9,5,臺中市,北區,0,3,0,7,2,6,50,4,1,1,5,4,6,6,2,1,1,5,5,2,17,2,9,2,1,C03,7,6,3,19,1,11,,36,36,1,6,4,120.694338,24.153666,2
2549,66000,387130000C,(04)23274275,(04)23288582,2025,6,8,9,7,臺中市,大里區,0,0,0,7,,,30,,,,,,,,,,,,,,17,,,,,A01,,,1,,2,,,8,8,1,6,4,120.698306,24.106073,3
2550,66000,387130000C,(04)23274275,(04)23288582,2025,6,8,9,11,臺中市,霧峰區,0,1,0,7,2,6,50,3,2,1,5,4,6,6,4,4,5,5,5,1,16,2,9,2,1,C04,7,5,1,10,2,12,,12,12,1,13,4,120.700798,24.06657,2
2551,66000,387130000C,(04)23274275,(04)23288582,2025,6,8,9,12,臺中市,龍井區,0,1,0,7,3,6,30,4,1,1,5,4,6,6,4,4,10,5,5,2,15,2,6,1,1,C03,7,9,1,10,2,11,,20,20,1,6,4,120.520585,24.211841,2
2552,66000,387130000C,(04)23274275,(04)23288582,2025,6,8,9,18,臺中市,北屯區,0,1,0,7,2,6,50,4,1,1,5,4,6,6,3,1,10,5,5,2,15,3,10,3,1,B03,7,9,1,8,2,1,,24,24,1,12,4,120.682438,24.177854,2
2553,66000,387130000C,(04)23274275,(04)23288582,2025,6,8,9,23,臺中市,大甲區,0,1,0,7,2,6,40,4,9,1,5,4,6,6,4,4,6,3,5,1,15,3,10,3,1,B03,7,9,1,8,2,8,,12,12,1,12,4,120.620662,24.349469,2
2554,66000,387130000C,(04)23274275,(04)23288582,2025,6,8,9,30,臺中市,大甲區,0,0,0,7,,,50,,,,,,,,,,,,,,,,,,,B03,,,1,,2,,,7,7,1,12,4,120.623638,24.34459,3
2555,66000,387130000C,(04)23274275,(04)23288582,2025,6,8,9,36,臺中市,北屯區,0,1,0,7,2,6,50,3,1,1,5,4,6,6,1,1,1,5,5,2,17,3,10,3,1,B03,7,5,1,8,2,2,,84,84,1,12,4,120.668672,24.178276,2
2556,66000,387130000C,(04)23274275,(04)23288582,2025,6,8,9,40,臺中市,東區,0,0,0,7,,,50,,,,,,,,,,,,,,13,,,,,C03,,,1,,1,,,84,84,1,12,4,120.687997,24.133553,3
2557,66000,387130000C,(04)23274275,(04)23288582,2025,6,8,9,40,臺中市,北屯區,0,1,0,7,3,6,50,4,1,1,5,4,6,6,1,1,10,5,5,2,16,3,10,3,1,B03,7,5,1,8,2,2,,11,11,1,6,4,120.704454,24.164862,2
2558,66000,387130000C,(04)23274275,(04)23288582,2025,6,8,9,45,臺中市,東區,0,0,0,7,,,50,,,,,,,,,,,,,,13,,,,,C03,,,1,,2,,,84,84,1,12,4,120.694346,24.140931,3
2559,66000,387130000C,(04)23274275,(04)23288582,2025,6,8,9,45,臺中市,南屯區,0,0,0,7,,,40,,,,,,,,,,,,,,14,,,,,B03,,,1,,1,,,49,49,1,6,4,120.599144,24.149796,3
2560,66000,387130000C,(04)23274275,(04)23288582,2025,6,8,9,51,臺中市,西屯區,0,0,0,7,,,50,,,,,,,,,,,,,,,,,,,B03,,,1,,2,,,51,51,1,12,4,120.647757,24.173218,3
2561,66000,387130000C,(04)23274275,(04)23288582,2025,6,8,9,57,臺中市,霧峰區,0,0,0,7,,,50,,,,,,,,,,,,,,13,,,,,B03,,,1,,2,,,7,7,1,13,4,120.714641,24.075019,3
2562,66000,387130000C,(04)23274275,(04)23288582,2025,6,8,10,2,臺中市,大里區,0,0,0,7,,,50,,,,,,,,,,,,,,14,,,,,B03,,,1,,1,,,49,49,1,6,4,120.689718,24.113419,3
2563,66000,387130000C,(04)23274275,(04)23288582,2025,6,8,10,4,臺中市,北屯區,0,0,0,7,,,50,,,,,,,,,,,,,,,,,,,B03,,,1,,2,,,45,45,1,12,4,120.718857,24.172654,3
2564,66000,387130000C,(04)23274275,(04)23288582,2025,6,8,10,10,臺中市,西屯區,0,0,0,7,3,6,30,13,9,1,5,4,6,6,1,1,1,5,5,2,13,,,,,B01,,,1,,2,,,7,7,1,12,4,120.641103,24.173546,3
2565,66000,387130000C,(04)23274275,(04)23288582,2025,6,8,10,11,臺中市,新社區,0,1,0,7,2,6,40,11,9,1,5,4,6,6,4,4,5,5,5,1,10,2,9,1,1,C03,7,4,1,10,2,11,,4,4,1,12,4,120.829507,24.16776,2
2566,66000,387130000C,(04)23274275,(04)23288582,2025,6,8,10,20,臺中市,東區,0,1,0,7,2,6,50,4,1,1,5,4,6,6,2,1,5,4,5,2,12,2,9,2,1,C03,7,6,1,10,2,13,,85,85,1,13,4,120.692395,24.139415,2
2567,66000,387130000C,(04)23274275,(04)23288582,2025,6,8,10,20,臺中市,北屯區,0,0,0,7,,,50,,,,,,,,,,,,,,,,,,,C03,,,1,,1,,,7,7,1,12,4,120.702551,24.186494,3
2568,66000,387130000C,(04)23274275,(04)23288582,2025,6,8,10,20,臺中市,大甲區,0,0,0,7,,,40,,,,,,,,,,,,,,,,,,,B03,,,1,,1,,,7,7,1,12,4,120.614844,24.351052,4
2569,66000,387130000C,(04)23274275,(04)23288582,2025,6,8,10,22,臺中市,潭子區,0,0,0,7,,,50,,,,,,,,,,,,,,11,,,,,B03,,,1,,2,,,8,8,1,13,4,120.697355,24.205038,3
2570,66000,387130000C,(04)23274275,(04)23288582,2025,6,8,10,30,臺中市,東區,0,1,0,7,2,6,50,4,4,1,5,4,6,6,2,1,10,5,5,2,13,3,10,3,1,B12,7,9,1,8,2,5,,84,84,1,12,4,120.699578,24.147997,2
2571,66000,387130000C,(04)23274275,(04)23288582,2025,6,8,10,35,臺中市,西屯區,0,1,0,7,2,6,50,4,1,1,5,4,6,6,1,1,5,4,4,2,16,3,10,3,1,B03,7,5,1,8,2,5,,47,47,1,12,4,120.640807,24.155435,2
2572,66000,387130000C,(04)23274275,(04)23288582,2025,6,8,10,39,臺中市,烏日區,0,1,0,7,2,6,30,3,1,1,5,4,6,6,4,4,10,5,5,2,12,2,9,2,1,C03,7,6,1,10,2,14,,48,48,1,12,4,120.643067,24.055331,2
2573,66000,387130000C,(04)23274275,(04)23288582,2025,6,8,10,41,臺中市,太平區,0,0,0,7,,,50,,,,,,,,,,,,,,16,,,,,C03,,,1,,2,,,20,20,1,12,4,120.719885,24.121204,3
2574,66000,387130000C,(04)23274275,(04)23288582,2025,6,8,10,50,臺中市,大甲區,0,0,0,7,,,50,,,,,,,,,,,,,,,,,,,B03,,,1,,1,,,49,49,1,12,4,120.626098,24.348807,3
2575,66000,387130000C,(04)23274275,(04)23288582,2025,6,8,10,51,臺中市,北區,0,0,0,7,,,50,,,,,,,,,,,,,,17,,,,,C03,,,1,,1,,,4,4,1,13,4,120.686788,24.161428,3
2576,66000,387130000C,(04)23274275,(04)23288582,2025,6,8,10,51,臺中市,霧峰區,0,0,0,7,,,40,,,,,,,,,,,,,,,,,,,B03,,,1,,2,,,58,58,1,13,4,120.717345,24.071783,3
2577,66000,387130000C,(04)23274275,(04)23288582,2025,6,8,10,57,臺中市,南區,0,0,0,7,,,50,,,,,,,,,,,,,,23,,,,,B03,,,1,,2,,,84,84,1,12,4,120.679286,24.119037,3
2578,66000,387130000C,(04)23274275,(04)23288582,2025,6,8,10,58,臺中市,大里區,0,0,0,7,,,50,,,,,,,,,,,,,,12,,,,,B03,,,1,,2,,,40,40,1,6,4,120.674377,24.114616,3
2579,66000,387130000C,(04)23274275,(04)23288582,2025,6,8,11,0,臺中市,大里區,0,1,0,7,2,6,50,4,1,1,5,4,6,6,4,4,5,5,5,2,16,3,10,3,1,B02,7,5,1,8,2,5,,14,14,1,13,4,120.69123,24.089559,2
2580,66000,387130000C,(04)23274275,(04)23288582,2025,6,8,11,4,臺中市,西區,0,1,0,7,2,6,50,13,9,1,5,4,6,6,4,4,5,4,5,2,13,2,9,1,1,C03,7,9,1,10,2,13,,84,84,1,6,4,120.65753,24.146679,2
2581,66000,387130000C,(04)23274275,(04)23288582,2025,6,8,11,8,臺中市,南屯區,0,1,0,7,2,6,50,4,2,1,5,4,6,6,2,1,1,4,4,2,13,2,9,2,1,C03,7,9,1,10,2,11,,7,7,1,13,4,120.628306,24.144782,2
2582,66000,387130000C,(04)23274275,(04)23288582,2025,6,8,11,8,臺中市,后里區,0,0,0,7,2,6,50,5,2,1,5,4,6,6,1,1,5,4,5,1,17,3,10,3,1,B03,7,6,1,8,1,4,,84,84,1,12,4,120.685351,24.31501,3
2583,66000,387130000C,(04)23274275,(04)23288582,2025,6,8,11,15,臺中市,后里區,0,1,0,7,2,6,50,13,9,1,5,4,6,6,4,4,9,5,5,2,17,2,9,2,1,C03,7,9,3,19,2,11,,84,84,1,12,4,120.720196,24.307698,2
2584,66000,387130000C,(04)23274275,(04)23288582,2025,6,8,11,16,臺中市,大里區,0,1,0,7,2,6,50,4,1,1,5,4,6,6,2,1,5,5,5,1,15,2,7,1,1,C03,7,9,1,10,2,11,,21,21,1,6,4,120.680947,24.115167,2
2585,66000,387130000C,(04)23274275,(04)23288582,2025,6,8,11,18,臺中市,西區,0,2,0,7,3,6,50,13,9,1,5,4,6,6,4,4,5,5,5,2,17,2,9,1,1,C03,7,5,1,10,2,11,,84,84,1,12,4,120.662009,24.144428,2
2586,66000,387130000C,(04)23274275,(04)23288582,2025,6,8,11,19,臺中市,北區,0,1,0,7,2,6,50,3,2,1,5,4,6,6,4,4,10,5,5,2,13,2,9,1,1,C03,7,6,1,10,2,11,,59,59,1,13,4,120.686058,24.149215,2
2587,66000,387130000C,(04)23274275,(04)23288582,2025,6,8,11,20,臺中市,大雅區,0,1,0,7,1,6,30,13,9,1,5,4,6,6,4,4,10,5,5,2,17,3,10,3,1,B01,7,9,1,4,2,8,,84,84,1,13,4,120.650718,24.220797,2
2588,66000,387130000C,(04)23274275,(04)23288582,2025,6,8,11,20,臺中市,北區,0,1,0,7,2,6,50,4,4,1,5,4,6,6,1,1,1,5,5,2,17,3,10,5,4,B01,7,9,1,4,2,5,,84,84,1,13,4,120.687394,24.155536,2
2589,66000,387130000C,(04)23274275,(04)23288582,2025,6,8,11,20,臺中市,南屯區,0,0,0,7,,,50,,,,,,,,,,,,,,,,,,,C03,,,1,,2,,,84,84,1,12,4,120.651202,24.154142,3
2590,66000,387130000C,(04)23274275,(04)23288582,2025,6,8,11,24,臺中市,南區,0,3,0,7,3,6,50,3,1,1,5,4,6,6,1,1,10,5,5,2,13,2,2,5,4,C03,7,7,1,10,2,12,,39,39,1,12,4,120.652279,24.112742,2
2591,66000,387130000C,(04)23274275,(04)23288582,2025,6,8,11,32,臺中市,龍井區,0,0,0,7,,,30,,,,,,,,,,,,,,,,,,,B03,,,1,,1,,,41,41,1,6,4,120.547879,24.185981,3
2592,66000,387130000C,(04)23274275,(04)23288582,2025,6,8,11,32,臺中市,豐原區,0,1,0,7,2,6,50,4,2,1,5,4,6,6,1,1,1,2,4,1,16,2,8,1,1,C03,7,11,1,10,2,12,,23,23,1,13,4,120.720107,24.236844,2
2593,66000,387130000C,(04)23274275,(04)23288582,2025,6,8,11,38,臺中市,沙鹿區,0,0,0,7,,,30,,,,,,,,,,,,,,16,,,,,B03,,,1,,2,,,14,14,1,6,4,120.574611,24.210954,3
2594,66000,387130000C,(04)23274275,(04)23288582,2025,6,8,11,41,臺中市,北屯區,0,0,0,7,,,50,,,,,,,,,,,,,,11,,,,,B02,,,1,,9,,,39,39,2,6,4,120.726563,24.176323,3