序號,縣市別代碼,機關代碼,市話,傳真,年,月,日,時,分,縣市,區,死亡數量,受傷數量,2-30,天候,道路照明設備,道路類別,道路速限,道路型態,事故位置,路面鋪裝,路面狀態,路面缺陷,障礙物,視距,號誌種類,號誌動作,分向設施,快車道或一般車道間,快慢車道間,路面邊線,事故類型及型態,受傷程度,主要傷處,保護裝備,行動電話或功能裝置,當事者區分(類別),車輛用途,當事者行動狀態,駕照狀態,駕照種類,飲酒情形,車輛撞擊部位最初,車輛撞擊部位其他,肇事因素個別,肇事因素主要,肇事逃逸,職業,共享經濟或外送平台,GPS座標X,GPS座標Y,事故類別
2595,66000,387130000C,(04)23274275,(04)23288582,2025,6,8,11,43,臺中市,太平區,0,3,0,7,3,6,50,13,8,1,5,4,6,6,4,4,1,5,1,2,12,2,9,6,1,F01,7,15,7,21,2,12,,42,42,1,12,4,120.717325,24.15805,2
2596,66000,387130000C,(04)23274275,(04)23288582,2025,6,8,11,52,臺中市,大肚區,0,2,0,7,2,6,30,11,9,1,5,4,6,6,4,4,10,5,5,1,11,2,9,1,1,C03,7,9,1,10,2,11,,6,6,1,6,4,120.554035,24.145044,2
2597,66000,387130000C,(04)23274275,(04)23288582,2025,6,8,11,53,臺中市,大甲區,0,2,0,7,3,6,50,4,1,1,5,4,6,6,1,1,10,5,5,2,17,2,9,1,1,C03,7,6,1,10,2,14,,84,84,1,6,4,120.619227,24.348571,2
2598,66000,387130000C,(04)23274275,(04)23288582,2025,6,8,11,54,臺中市,北區,0,2,0,7,2,6,40,4,1,1,5,4,6,6,1,1,10,5,5,2,15,2,9,5,4,C03,7,9,1,10,3,12,,21,21,1,13,4,120.663442,24.162742,2
2599,66000,387130000C,(04)23274275,(04)23288582,2025,6,8,11,56,臺中市,東勢區,0,1,0,7,3,6,50,13,9,1,5,4,6,6,4,4,9,5,5,1,12,2,9,5,4,C03,7,9,3,19,2,14,,8,8,1,12,4,120.82819,24.257511,2
2600,66000,387130000C,(04)23274275,(04)23288582,2025,6,8,11,59,臺中市,南區,0,0,0,7,,,50,,,,,,,,,,,,,,12,,,,,C03,,,1,,1,,,84,84,1,13,4,120.658056,24.125577,3
2601,66000,387130000C,(04)23274275,(04)23288582,2025,6,8,12,3,臺中市,西區,0,0,0,7,,,50,,,,,,,,,,,,,,,,,,,B03,,,1,,2,,,84,84,1,13,4,120.659974,24.150114,3
2602,66000,387130000C,(04)23274275,(04)23288582,2025,6,8,12,8,臺中市,北屯區,0,0,0,7,,,50,,,,,,,,,,,,,,14,,,,,B03,,,1,,2,,,49,49,1,12,4,120.694204,24.200634,3
2603,66000,387130000C,(04)23274275,(04)23288582,2025,6,8,12,18,臺中市,西區,0,0,0,7,,,50,,,,,,,,,,,,,,,,,,,B03,,,1,,1,,,85,85,1,6,4,120.658036,24.151022,3
2604,66000,387130000C,(04)23274275,(04)23288582,2025,6,8,12,19,臺中市,西區,0,2,0,7,2,6,50,4,1,1,5,4,6,6,2,1,10,5,5,2,17,3,10,3,1,B02,7,11,1,8,2,3,,11,11,1,12,4,120.660207,24.152541,2
2605,66000,387130000C,(04)23274275,(04)23288582,2025,6,8,12,20,臺中市,北區,0,2,0,7,2,6,50,13,7,1,5,4,6,6,4,4,1,4,4,2,13,3,10,3,1,B03,7,7,1,8,2,6,,84,84,1,12,4,120.670024,24.157147,2
2606,66000,387130000C,(04)23274275,(04)23288582,2025,6,8,12,24,臺中市,南屯區,0,0,0,7,,,50,,,,,,,,,,,,,,,,,,,C03,,,1,,9,,,59,59,1,12,4,120.614991,24.144741,3
2607,66000,387130000C,(04)23274275,(04)23288582,2025,6,8,12,26,臺中市,大里區,0,2,0,7,2,6,30,4,1,1,5,4,6,6,4,4,10,5,5,2,15,3,10,2,1,C03,7,9,1,8,2,12,,15,15,1,12,4,120.707331,24.085552,2
2608,66000,387130000C,(04)23274275,(04)23288582,2025,6,8,12,34,臺中市,南區,0,1,0,7,2,6,50,13,9,1,5,4,6,6,4,4,10,5,5,2,17,3,10,3,1,B03,7,11,1,8,2,16,,45,45,1,12,4,120.666062,24.117652,2
2609,66000,387130000C,(04)23274275,(04)23288582,2025,6,8,12,36,臺中市,南屯區,0,0,0,7,,,50,,,,,,,,,,,,,,14,,,,,B03,,,1,,2,,,50,50,1,6,4,120.610287,24.135639,3
2610,66000,387130000C,(04)23274275,(04)23288582,2025,6,8,12,36,臺中市,豐原區,0,1,0,7,2,6,50,3,1,1,5,4,6,6,4,4,10,5,5,2,16,3,10,5,4,B03,7,11,1,8,2,4,,45,45,1,7,4,120.716187,24.251634,2
2611,66000,387130000C,(04)23274275,(04)23288582,2025,6,8,12,40,臺中市,梧棲區,0,1,0,7,3,6,70,13,14,1,5,4,6,6,4,4,1,4,1,1,16,3,10,3,1,B03,7,1,1,8,2,8,,51,51,1,6,4,120.558416,24.2567,2
2612,66000,387130000C,(04)23274275,(04)23288582,2025,6,8,12,41,臺中市,烏日區,0,0,0,7,,,50,,,,,,,,,,,,,,13,,,,,B03,,,1,,1,,,7,7,1,12,4,120.610644,24.105602,3
2613,66000,387130000C,(04)23274275,(04)23288582,2025,6,8,12,42,臺中市,豐原區,0,0,0,7,,,50,,,,,,,,,,,,,,13,,,,,B03,,,1,,2,,,58,58,1,13,4,120.732867,24.246644,3
2614,66000,387130000C,(04)23274275,(04)23288582,2025,6,8,12,49,臺中市,清水區,0,0,0,7,3,6,70,4,2,1,5,4,6,6,1,1,1,4,1,1,13,3,10,3,1,A41,7,9,1,1,4,5,,59,59,1,12,4,120.552015,24.293875,3
2615,66000,387130000C,(04)23274275,(04)23288582,2025,6,8,12,52,臺中市,東區,0,3,0,7,2,6,50,3,1,1,5,4,6,6,2,1,10,5,5,2,16,2,9,2,1,C03,7,6,1,10,2,12,,48,48,1,12,4,120.692721,24.136869,2
2616,66000,387130000C,(04)23274275,(04)23288582,2025,6,8,12,55,臺中市,北屯區,0,1,0,7,3,6,30,4,1,1,5,4,6,6,4,4,10,5,5,2,15,2,9,2,1,C03,7,9,1,10,2,12,,12,12,1,6,4,120.715879,24.172423,2
2617,66000,387130000C,(04)23274275,(04)23288582,2025,6,8,13,6,臺中市,清水區,0,0,0,7,,,70,,,,,,,,,,,,,,,,,,,B03,,,1,,2,,,40,40,1,12,4,120.552289,24.293688,3
2618,66000,387130000C,(04)23274275,(04)23288582,2025,6,8,13,9,臺中市,豐原區,0,0,0,7,,,50,,,,,,,,,,,,,,17,,,,,B03,,,1,,1,,,82,82,1,12,4,120.72443,24.254713,3
2619,66000,387130000C,(04)23274275,(04)23288582,2025,6,8,13,18,臺中市,北屯區,0,0,0,7,,,50,,,,,,,,,,,,,,,,,,,A11,,,1,,1,,,7,7,1,12,4,120.733586,24.17694,3
2620,66000,387130000C,(04)23274275,(04)23288582,2025,6,8,13,20,臺中市,南區,0,0,0,7,,,50,,,,,,,,,,,,,,,,,,,B03,,,1,,9,,,85,85,1,13,4,120.682956,24.12944,3
2621,66000,387130000C,(04)23274275,(04)23288582,2025,6,8,13,27,臺中市,西區,0,0,0,7,,,50,,,,,,,,,,,,,,17,,,,,B03,,,1,,1,,,51,51,1,12,4,120.658945,24.146806,3
2622,66000,387130000C,(04)23274275,(04)23288582,2025,6,8,13,27,臺中市,北屯區,0,0,0,7,,,50,,,,,,,,,,,,,,,,,,,B03,,,1,,1,,,84,84,1,12,4,120.682558,24.191865,3
2623,66000,387130000C,(04)23274275,(04)23288582,2025,6,8,13,27,臺中市,西屯區,0,1,0,7,2,6,30,13,9,5,5,4,6,6,4,4,10,5,5,2,11,3,10,3,1,B03,7,9,1,8,2,16,,8,8,1,12,4,120.638158,24.18216,2
2624,66000,387130000C,(04)23274275,(04)23288582,2025,6,8,13,30,臺中市,西屯區,0,0,0,7,,,50,,,,,,,,,,,,,,13,,,,,B03,,,1,,1,,,7,7,1,12,4,120.610985,24.18448,3
2625,66000,387130000C,(04)23274275,(04)23288582,2025,6,8,13,39,臺中市,梧棲區,0,1,0,7,3,6,70,3,1,1,5,4,6,6,1,1,10,5,5,2,16,2,9,3,1,B03,7,9,1,8,2,4,,21,21,1,6,4,120.556701,24.24265,2
2626,66000,387130000C,(04)23274275,(04)23288582,2025,6,8,13,43,臺中市,西屯區,0,2,0,7,2,6,50,4,1,1,5,4,6,6,2,1,3,4,5,1,16,3,10,1,1,C03,7,5,1,10,2,12,,8,8,1,12,4,120.655126,24.176037,2
2627,66000,387130000C,(04)23274275,(04)23288582,2025,6,8,13,47,臺中市,大雅區,0,1,0,7,2,6,60,13,8,1,5,4,6,6,4,4,1,4,4,2,18,2,9,1,1,C03,7,9,1,10,2,12,,84,84,1,12,4,120.649836,24.213336,2
2628,66000,387130000C,(04)23274275,(04)23288582,2025,6,8,13,47,臺中市,北區,0,0,0,7,,,50,,,,,,,,,,,,,,12,,,,,B03,,,1,,2,,,40,40,1,12,4,120.684135,24.149994,3
2629,66000,387130000C,(04)23274275,(04)23288582,2025,6,8,13,52,臺中市,大雅區,0,1,0,7,1,6,30,4,2,1,5,4,6,6,4,4,10,5,5,2,17,3,10,3,1,B03,7,9,1,8,2,16,,85,85,1,13,4,120.650169,24.232605,2
2630,66000,387130000C,(04)23274275,(04)23288582,2025,6,8,13,59,臺中市,后里區,0,0,0,7,2,6,50,3,9,1,5,4,6,6,1,1,1,2,4,1,13,3,10,3,1,B03,7,9,1,8,2,1,,84,84,1,12,4,120.722448,24.302929,3
2631,66000,387130000C,(04)23274275,(04)23288582,2025,6,8,14,1,臺中市,南屯區,0,0,0,7,,,50,,,,,,,,,,,,,,13,,,,,B03,,,1,,1,,,84,84,1,13,4,120.649899,24.150584,3
2632,66000,387130000C,(04)23274275,(04)23288582,2025,6,8,14,1,臺中市,豐原區,0,0,0,7,,,50,,,,,,,,,,,,,,13,,,,,B03,,,1,,2,,,59,59,1,13,4,120.749904,24.269093,3
2633,66000,387130000C,(04)23274275,(04)23288582,2025,6,8,14,3,臺中市,西區,0,0,0,7,,,50,,,,,,,,,,,,,,17,,,,,B03,,,1,,1,,,84,84,1,12,4,120.660289,24.147181,3
2634,66000,387130000C,(04)23274275,(04)23288582,2025,6,8,14,16,臺中市,潭子區,0,1,0,7,2,6,60,13,8,1,5,4,6,6,4,4,1,4,4,1,13,3,10,2,1,C03,7,9,1,10,2,11,,84,84,1,12,4,120.707594,24.22706,2
2635,66000,387130000C,(04)23274275,(04)23288582,2025,6,8,14,20,臺中市,太平區,0,2,0,7,2,6,50,5,1,1,5,4,6,6,1,1,10,5,5,2,17,3,10,3,1,B03,7,6,1,8,2,2,,11,11,1,12,4,120.724779,24.149643,2
2636,66000,387130000C,(04)23274275,(04)23288582,2025,6,8,14,21,臺中市,太平區,0,1,0,7,3,6,50,5,1,1,5,4,6,6,1,1,10,5,5,2,17,2,9,2,1,C03,7,9,1,10,2,14,,85,85,1,12,4,120.724578,24.149713,2
2637,66000,387130000C,(04)23274275,(04)23288582,2025,6,8,14,21,臺中市,烏日區,0,1,0,7,1,6,50,13,8,1,4,4,6,6,4,4,1,4,1,1,30,2,8,1,1,C03,7,9,1,10,2,12,,84,84,1,6,4,120.618772,24.112638,2
2638,66000,387130000C,(04)23274275,(04)23288582,2025,6,8,14,24,臺中市,豐原區,0,1,0,7,2,6,50,13,9,1,5,4,6,6,1,1,4,2,5,1,17,2,9,1,1,F03,7,9,7,21,2,14,11,84,84,1,13,4,120.722687,24.235924,2
2639,66000,387130000C,(04)23274275,(04)23288582,2025,6,8,14,26,臺中市,南屯區,0,1,0,7,2,6,50,4,1,1,5,4,6,6,2,1,8,3,4,1,17,3,10,3,1,A42,7,5,1,8,2,6,,47,47,1,12,4,120.637876,24.148751,2
2640,66000,387130000C,(04)23274275,(04)23288582,2025,6,8,14,29,臺中市,南區,0,1,0,7,2,6,30,4,1,1,5,4,6,6,4,4,10,5,5,2,15,3,10,1,1,C03,7,9,2,19,2,12,,15,15,1,13,4,120.654409,24.125297,2
2641,66000,387130000C,(04)23274275,(04)23288582,2025,6,8,14,32,臺中市,大里區,0,0,0,7,,,50,,,,,,,,,,,,,,12,,,,,B03,,,1,,2,,,8,8,1,13,4,120.683543,24.104325,3
2642,66000,387130000C,(04)23274275,(04)23288582,2025,6,8,14,35,臺中市,新社區,0,1,0,7,3,6,40,11,9,1,4,4,6,6,4,4,10,5,5,1,20,2,8,5,4,C01,7,9,1,9,2,11,,84,84,1,13,4,120.873128,24.156448,2
2643,66000,387130000C,(04)23274275,(04)23288582,2025,6,8,14,38,臺中市,霧峰區,0,2,0,7,3,6,50,4,1,1,5,4,6,6,4,4,10,5,5,2,16,2,8,1,1,C03,7,9,1,10,2,14,,84,84,1,12,4,120.697438,24.064378,2
2644,66000,387130000C,(04)23274275,(04)23288582,2025,6,8,14,47,臺中市,南屯區,0,0,0,7,,,50,,,,,,,,,,,,,,10,,,,,C03,,,1,,1,,,59,59,1,12,2,120.639785,24.139076,3
2645,66000,387130000C,(04)23274275,(04)23288582,2025,6,8,14,50,臺中市,大雅區,0,1,0,7,1,6,50,3,2,1,5,4,6,6,4,4,5,5,5,1,17,2,9,1,1,C03,7,4,1,10,2,16,12,34,34,1,13,4,120.603899,24.231656,2
2646,66000,387130000C,(04)23274275,(04)23288582,2025,6,8,14,50,臺中市,西屯區,0,0,0,7,,,0,,,,,,,,,,,,,,17,,,,,C03,,,1,,1,,,51,51,1,13,4,120.622196,24.183449,3
2647,66000,387130000C,(04)23274275,(04)23288582,2025,6,8,14,51,臺中市,南屯區,0,0,0,7,,,50,,,,,,,,,,,,,,13,,,,,B03,,,1,,1,,,7,7,1,6,4,120.609707,24.138486,3
2648,66000,387130000C,(04)23274275,(04)23288582,2025,6,8,14,53,臺中市,西區,0,0,0,7,,,50,,,,,,,,,,,,,,,,,,,C03,,,1,,1,,,7,7,1,13,4,120.683719,24.140077,3
2649,66000,387130000C,(04)23274275,(04)23288582,2025,6,8,14,56,臺中市,石岡區,0,0,0,7,,,50,,,,,,,,,,,,,,,,,,,B03,,,1,,2,,,34,34,1,12,4,120.772793,24.269224,3
2650,66000,387130000C,(04)23274275,(04)23288582,2025,6,8,14,58,臺中市,西區,0,0,0,7,,,50,,,,,,,,,,,,,,17,,,,,B03,,,1,,1,,,15,15,1,12,4,120.659278,24.155898,3
2651,66000,387130000C,(04)23274275,(04)23288582,2025,6,8,14,58,臺中市,北區,0,2,0,7,3,6,50,4,1,1,5,4,6,6,1,1,10,5,5,2,16,3,10,3,1,B03,7,6,1,8,2,2,,11,11,1,12,4,120.685495,24.153498,2
2652,66000,387130000C,(04)23274275,(04)23288582,2025,6,8,15,8,臺中市,西屯區,0,0,0,7,,,30,,,,,,,,,,,,,,16,,,,,C03,,,1,,1,,,24,24,1,12,4,120.646462,24.178825,4
2653,66000,387130000C,(04)23274275,(04)23288582,2025,6,8,15,8,臺中市,大肚區,0,2,0,7,2,6,30,4,1,1,5,4,6,6,3,1,10,5,5,2,15,2,8,1,1,C03,7,9,5,19,2,14,,24,24,1,12,4,120.545198,24.148948,2
2654,66000,387130000C,(04)23274275,(04)23288582,2025,6,8,15,13,臺中市,龍井區,0,1,0,7,3,6,30,13,9,1,5,4,6,6,4,4,10,5,5,1,18,2,1,6,1,F01,7,9,7,21,5,14,,59,59,1,6,4,120.545599,24.201955,2
2655,66000,387130000C,(04)23274275,(04)23288582,2025,6,8,15,16,臺中市,南區,0,0,0,7,,,50,,,,,,,,,,,,,,,,,,,B03,,,1,,2,,,7,7,1,13,4,120.678261,24.13243,3
2656,66000,387130000C,(04)23274275,(04)23288582,2025,6,8,15,16,臺中市,南區,0,0,0,7,,,50,,,,,,,,,,,,,,14,,,,,B03,,,1,,1,,,49,49,1,6,4,120.684497,24.122825,3
2657,66000,387130000C,(04)23274275,(04)23288582,2025,6,8,15,24,臺中市,大雅區,0,1,0,7,2,6,60,13,9,1,5,4,6,6,4,4,1,4,5,1,17,2,9,4,1,F03,7,9,7,21,7,14,,53,53,1,12,4,120.645772,24.225003,2
2658,66000,387130000C,(04)23274275,(04)23288582,2025,6,8,15,25,臺中市,烏日區,0,0,0,7,,,50,,,,,,,,,,,,,,9,,,,,B03,,,1,,1,,,45,45,1,6,4,120.634468,24.105841,3
2659,66000,387130000C,(04)23274275,(04)23288582,2025,6,8,15,30,臺中市,南區,0,1,0,7,3,6,50,4,9,1,5,4,6,6,4,4,5,5,5,2,16,3,10,5,4,C03,7,5,1,10,2,12,,20,20,1,6,4,120.662848,24.126533,2
2660,66000,387130000C,(04)23274275,(04)23288582,2025,6,8,15,39,臺中市,西區,0,1,0,7,2,6,30,13,9,1,5,4,6,6,4,4,10,5,5,2,17,2,9,1,1,C04,7,11,1,11,2,11,,45,45,1,6,4,120.657267,24.149861,2
2661,66000,387130000C,(04)23274275,(04)23288582,2025,6,8,15,39,臺中市,北屯區,0,0,0,7,,,50,,,,,,,,,,,,,,,,,,,B03,,,1,,9,,,7,7,1,12,4,120.685873,24.182161,3
2662,66000,387130000C,(04)23274275,(04)23288582,2025,6,8,15,43,臺中市,大里區,0,0,0,7,,,50,,,,,,,,,,,,,,13,,,,,B03,,,1,,2,,,59,59,1,13,4,120.694642,24.096449,3
2663,66000,387130000C,(04)23274275,(04)23288582,2025,6,8,15,49,臺中市,東區,0,1,0,7,2,6,50,18,24,2,5,4,6,6,4,4,10,5,5,2,18,2,9,6,1,F01,7,9,7,21,2,15,,84,84,1,12,4,120.692441,24.140098,2
2664,66000,387130000C,(04)23274275,(04)23288582,2025,6,8,15,50,臺中市,太平區,0,0,0,7,,,30,,,,,,,,,,,,,,,,,,,H04,,,7,,2,,,98,98,1,12,5,120.720682,24.120072,3
2665,66000,387130000C,(04)23274275,(04)23288582,2025,6,8,16,0,臺中市,北區,0,0,0,7,,,50,,,,,,,,,,,,,,,,,,,B03,,,1,,10,,,87,87,1,13,4,120.689119,24.159745,3
2666,66000,387130000C,(04)23274275,(04)23288582,2025,6,8,16,0,臺中市,東區,0,1,0,7,2,6,50,4,1,1,5,4,6,6,1,1,9,4,4,2,30,2,9,1,1,C03,7,9,1,10,2,16,,87,87,1,12,4,120.698033,24.147964,2
2667,66000,387130000C,(04)23274275,(04)23288582,2025,6,8,16,4,臺中市,大里區,0,1,0,7,3,6,50,4,1,1,5,4,6,6,1,1,10,5,5,2,13,3,10,3,1,B03,7,12,5,19,2,3,,65,65,1,12,4,120.709682,24.110932,2
2668,66000,387130000C,(04)23274275,(04)23288582,2025,6,8,16,10,臺中市,大雅區,0,0,0,7,,,50,,,,,,,,,,,,,,,,,,,B03,,,1,,2,,,51,51,1,13,4,120.647013,24.226015,3
2669,66000,387130000C,(04)23274275,(04)23288582,2025,6,8,16,10,臺中市,南屯區,0,1,0,7,2,6,50,13,9,1,5,4,6,6,4,4,9,5,5,2,3,3,10,3,1,B03,7,9,1,8,9,1,,10,10,1,12,4,120.639115,24.137897,2
2670,66000,387130000C,(04)23274275,(04)23288582,2025,6,8,16,11,臺中市,北區,0,0,0,7,,,50,,,,,,,,,,,,,,13,,,,,B03,,,1,,2,,,84,84,1,13,4,120.672284,24.170039,3
2671,66000,387130000C,(04)23274275,(04)23288582,2025,6,8,16,14,臺中市,北區,0,2,0,7,3,6,50,4,2,1,5,4,6,6,4,4,5,4,4,2,16,2,9,5,4,F01,7,6,7,21,2,14,,11,11,1,13,4,120.678687,24.159177,2
2672,66000,387130000C,(04)23274275,(04)23288582,2025,6,8,16,15,臺中市,北區,0,0,0,7,,,50,,,,,,,,,,,,,,17,,,,,C03,,,1,,1,,,8,8,1,13,4,120.686249,24.153259,3
2673,66000,387130000C,(04)23274275,(04)23288582,2025,6,8,16,17,臺中市,西區,0,1,0,7,3,9,50,13,9,1,5,4,6,6,4,4,5,4,5,2,17,3,10,3,1,B03,7,5,1,8,2,5,,84,84,1,12,4,120.653194,24.150601,2
2674,66000,387130000C,(04)23274275,(04)23288582,2025,6,8,16,19,臺中市,北區,0,0,0,7,,,50,,,,,,,,,,,,,,13,,,,,B03,,,1,,1,,,84,84,1,12,4,120.687484,24.16321,3
2675,66000,387130000C,(04)23274275,(04)23288582,2025,6,8,16,25,臺中市,西區,0,1,0,7,2,6,50,4,1,1,5,4,6,6,1,1,10,5,5,2,12,3,10,2,1,C03,7,5,1,10,2,12,,47,47,1,12,4,120.675551,24.138747,2
2676,66000,387130000C,(04)23274275,(04)23288582,2025,6,8,16,26,臺中市,北區,0,1,0,7,2,6,50,4,1,1,5,4,6,6,1,1,10,5,5,2,23,2,9,5,4,B02,7,6,1,2,2,8,,84,84,1,12,4,120.678313,24.163112,2
2677,66000,387130000C,(04)23274275,(04)23288582,2025,6,8,16,29,臺中市,龍井區,0,1,0,7,3,6,30,4,1,1,5,4,6,6,4,4,10,5,5,2,15,2,1,3,1,B03,7,9,1,8,2,2,,20,20,1,6,4,120.543601,24.186524,2
2678,66000,387130000C,(04)23274275,(04)23288582,2025,6,8,16,38,臺中市,西屯區,0,1,0,7,2,6,60,3,1,1,5,4,6,6,4,4,5,4,5,2,16,2,9,2,1,C03,7,6,1,10,2,11,,84,84,1,12,4,120.620799,24.186917,2
2679,66000,387130000C,(04)23274275,(04)23288582,2025,6,8,16,43,臺中市,太平區,0,0,0,7,,,50,,,,,,,,,,,,,,13,,,,,B03,,,1,,2,,,84,84,1,12,4,120.733243,24.13479,3
2680,66000,387130000C,(04)23274275,(04)23288582,2025,6,8,16,44,臺中市,西屯區,0,0,0,7,,,50,,,,,,,,,,,,,,,,,,,B03,,,1,,1,,,8,8,1,12,4,120.635172,24.179435,3
2681,66000,387130000C,(04)23274275,(04)23288582,2025,6,8,16,44,臺中市,龍井區,0,0,0,7,,,50,,,,,,,,,,,,,,,,,,,B12,,,1,,9,,,50,50,1,6,4,120.561318,24.192559,3
2682,66000,387130000C,(04)23274275,(04)23288582,2025,6,8,16,46,臺中市,南屯區,0,0,0,7,,,50,,,,,,,,,,,,,,13,,,,,B03,,,1,,1,,,84,84,1,13,4,120.625851,24.148729,3
2683,66000,387130000C,(04)23274275,(04)23288582,2025,6,8,16,46,臺中市,北屯區,0,1,0,7,2,6,40,4,4,1,5,4,6,6,2,1,5,5,4,2,13,2,9,1,1,C03,7,9,1,10,2,11,,7,7,1,12,4,120.676132,24.195406,2
2684,66000,387130000C,(04)23274275,(04)23288582,2025,6,8,16,46,臺中市,大里區,0,0,0,7,,,80,,,,,,,,,,,,,,13,,,,,B03,,,1,,1,,,7,7,1,12,4,120.690704,24.098029,3
2685,66000,387130000C,(04)23274275,(04)23288582,2025,6,8,16,46,臺中市,沙鹿區,0,0,0,7,,,50,,,,,,,,,,,,,,16,,,,,B03,,,1,,1,,,51,51,1,6,4,120.558592,24.235937,3
2686,66000,387130000C,(04)23274275,(04)23288582,2025,6,8,16,49,臺中市,西屯區,0,0,0,7,,,30,,,,,,,,,,,,,,12,,,,,B03,,,1,,2,,,51,51,1,12,4,120.617437,24.179153,3
2687,66000,387130000C,(04)23274275,(04)23288582,2025,6,8,16,52,臺中市,石岡區,0,3,0,7,2,8,30,4,1,1,5,4,6,6,4,4,9,5,5,1,17,2,9,1,4,C03,7,6,1,10,2,11,,20,20,1,12,4,120.785353,24.274634,2
2688,66000,387130000C,(04)23274275,(04)23288582,2025,6,8,16,54,臺中市,外埔區,0,0,0,7,2,6,50,4,1,1,5,4,6,6,1,1,5,5,5,1,13,3,10,2,1,C03,7,9,1,10,1,11,,7,7,1,12,4,120.664664,24.332296,3
2689,66000,387130000C,(04)23274275,(04)23288582,2025,6,8,16,57,臺中市,南區,0,1,0,7,3,6,50,3,9,1,5,4,6,6,2,1,5,2,5,2,18,2,9,2,1,C03,7,6,1,10,2,16,,84,84,1,13,4,120.657352,24.113138,2
2690,66000,387130000C,(04)23274275,(04)23288582,2025,6,8,17,3,臺中市,北屯區,0,0,0,7,,,50,,,,,,,,,,,,,,,,,,,B03,,,1,,1,,,7,7,1,13,4,120.719543,24.181938,3
2691,66000,387130000C,(04)23274275,(04)23288582,2025,6,8,17,8,臺中市,大甲區,0,0,0,7,,,50,,,,,,,,,,,,,,,,,,,C03,,,1,,2,,,7,7,1,12,4,120.627748,24.346823,3
2692,66000,387130000C,(04)23274275,(04)23288582,2025,6,8,17,14,臺中市,南屯區,0,0,0,7,,,50,,,,,,,,,,,,,,13,,,,,B02,,,1,,2,,,7,7,1,12,4,120.649991,24.13204,3
2693,66000,387130000C,(04)23274275,(04)23288582,2025,6,8,17,15,臺中市,太平區,0,2,0,7,3,6,50,4,1,1,5,4,6,6,1,1,5,4,5,2,16,2,9,2,1,C03,7,9,1,10,2,14,,21,21,1,12,4,120.700571,24.147974,2
2694,66000,387130000C,(04)23274275,(04)23288582,2025,6,8,17,18,臺中市,西屯區,0,0,0,7,,,40,,,,,,,,,,,,,,13,,,,,B13,,,1,,1,,,59,59,1,12,4,120.63897,24.169001,3
2695,66000,387130000C,(04)23274275,(04)23288582,2025,6,8,17,19,臺中市,南區,0,0,0,7,,,50,,,,,,,,,,,,,,16,,,,,B03,,,1,,1,,,47,47,1,6,4,120.668594,24.114535,3
2696,66000,387130000C,(04)23274275,(04)23288582,2025,6,8,17,20,臺中市,西區,0,0,0,7,,,50,,,,,,,,,,,,,,,,,,,F01,,,7,,2,,,8,8,1,12,4,120.6704,24.135466,3
2697,66000,387130000C,(04)23274275,(04)23288582,2025,6,8,17,22,臺中市,潭子區,0,1,0,7,2,6,50,13,9,1,5,4,6,6,4,4,10,4,5,1,18,2,9,2,1,C03,7,9,1,10,2,12,,58,58,1,12,4,120.710111,24.200705,2
2698,66000,387130000C,(04)23274275,(04)23288582,2025,6,8,17,23,臺中市,北區,0,0,0,7,,,50,,,,,,,,,,,,,,15,,,,,C03,,,1,,2,,,12,12,1,12,4,120.697563,24.154087,3
2699,66000,387130000C,(04)23274275,(04)23288582,2025,6,8,17,23,臺中市,北屯區,0,0,0,7,,,50,,,,,,,,,,,,,,,,,,,B03,,,1,,9,,,7,7,1,12,4,120.693172,24.171196,3
2700,66000,387130000C,(04)23274275,(04)23288582,2025,6,8,17,29,臺中市,北屯區,0,1,0,7,3,6,50,3,1,1,5,4,6,6,2,1,10,5,5,2,15,3,10,2,1,C03,7,9,5,10,2,11,,21,21,1,12,4,120.68348,24.201308,2
2701,66000,387130000C,(04)23274275,(04)23288582,2025,6,8,17,29,臺中市,西屯區,0,2,0,7,2,6,40,4,1,1,5,4,6,6,1,1,5,5,4,2,16,2,9,5,4,C03,7,5,1,10,2,12,,11,11,1,12,4,120.662572,24.163561,2
2702,66000,387130000C,(04)23274275,(04)23288582,2025,6,8,17,30,臺中市,北區,0,0,0,7,,,50,,,,,,,,,,,,,,,,,,,B03,,,1,,9,,,7,7,1,12,4,120.699839,24.154087,3
2703,66000,387130000C,(04)23274275,(04)23288582,2025,6,8,17,30,臺中市,沙鹿區,0,2,0,7,3,6,40,13,8,1,5,4,6,6,4,4,1,4,4,2,14,3,10,3,1,B12,7,2,1,8,2,7,,49,49,1,13,4,120.567773,24.227246,2
2704,66000,387130000C,(04)23274275,(04)23288582,2025,6,8,17,33,臺中市,北區,0,1,0,7,2,6,50,3,1,1,5,4,6,6,4,4,10,4,5,2,17,3,10,5,4,B03,7,6,1,8,2,1,,14,14,1,12,4,120.68784,24.152286,2
2705,66000,387130000C,(04)23274275,(04)23288582,2025,6,8,17,36,臺中市,北屯區,0,2,0,7,3,6,50,13,9,1,5,4,6,6,4,4,5,4,5,2,17,3,10,1,1,C03,7,6,5,10,2,13,,39,39,1,13,4,120.700977,24.169896,2
2706,66000,387130000C,(04)23274275,(04)23288582,2025,6,8,17,40,臺中市,烏日區,0,1,0,7,2,6,30,3,1,1,5,4,6,6,4,4,10,5,5,2,17,3,10,5,4,B02,7,9,1,8,2,8,,13,13,1,12,4,120.643222,24.077556,2
2707,66000,387130000C,(04)23274275,(04)23288582,2025,6,8,17,43,臺中市,北屯區,0,1,0,7,2,6,50,4,2,1,5,4,6,6,2,1,3,4,4,2,16,4,11,5,4,C03,7,4,6,20,11,14,,1,1,1,12,4,120.72147,24.162428,2