序號,縣市別代碼,機關代碼,市話,傳真,年,月,日,時,分,縣市,區,死亡數量,受傷數量,2-30,天候,道路照明設備,道路類別,道路速限,道路型態,事故位置,路面鋪裝,路面狀態,路面缺陷,障礙物,視距,號誌種類,號誌動作,分向設施,快車道或一般車道間,快慢車道間,路面邊線,事故類型及型態,受傷程度,主要傷處,保護裝備,行動電話或功能裝置,當事者區分(類別),車輛用途,當事者行動狀態,駕照狀態,駕照種類,飲酒情形,車輛撞擊部位最初,車輛撞擊部位其他,肇事因素個別,肇事因素主要,肇事逃逸,職業,共享經濟或外送平台,GPS座標X,GPS座標Y,事故類別
2708,66000,387130000C,(04)23274275,(04)23288582,2025,6,8,17,50,臺中市,北區,0,0,0,7,,,50,,,,,,,,,,,,,,23,,,,,B03,,,1,,2,,,59,59,1,13,4,120.671782,24.171712,3
2709,66000,387130000C,(04)23274275,(04)23288582,2025,6,8,17,50,臺中市,太平區,0,1,0,7,2,6,40,4,1,1,5,4,6,6,4,4,10,5,5,2,15,2,9,2,1,C03,7,9,1,10,2,12,,15,15,1,7,4,120.720168,24.129278,2
2710,66000,387130000C,(04)23274275,(04)23288582,2025,6,8,17,51,臺中市,西屯區,0,0,0,7,,,50,,,,,,,,,,,,,,16,,,,,B03,,,1,,1,,,11,11,1,13,4,120.638929,24.182262,4
2711,66000,387130000C,(04)23274275,(04)23288582,2025,6,8,17,59,臺中市,太平區,0,1,0,7,3,6,50,13,9,1,5,4,6,6,4,4,5,5,4,1,16,2,8,2,1,C03,7,9,1,10,2,14,,84,84,1,12,4,120.722986,24.131706,2
2712,66000,387130000C,(04)23274275,(04)23288582,2025,6,8,18,0,臺中市,梧棲區,0,1,0,7,3,6,40,3,1,1,5,4,6,6,1,1,10,5,5,2,16,2,8,1,1,C03,7,5,2,19,2,11,,20,20,1,6,4,120.532672,24.251437,2
2713,66000,387130000C,(04)23274275,(04)23288582,2025,6,8,18,3,臺中市,西屯區,0,0,0,7,,,30,,,,,,,,,,,,,,11,,,,,C03,,,1,,2,,,59,59,1,13,4,120.656021,24.165408,3
2714,66000,387130000C,(04)23274275,(04)23288582,2025,6,8,18,5,臺中市,神岡區,0,2,0,7,3,6,30,13,9,1,5,4,6,6,4,4,10,5,5,1,12,2,9,1,1,C03,7,4,1,10,2,11,,1,1,1,13,4,120.684186,24.260411,2
2715,66000,387130000C,(04)23274275,(04)23288582,2025,6,8,18,20,臺中市,烏日區,0,2,0,7,1,6,50,3,1,1,5,4,6,6,4,4,10,5,5,2,16,3,10,3,1,B03,7,6,4,19,8,1,,11,11,1,6,4,120.631329,24.108977,2
2716,66000,387130000C,(04)23274275,(04)23288582,2025,6,8,18,24,臺中市,大雅區,0,0,0,7,,,50,,,,,,,,,,,,,,,,,,,C03,,,1,,1,,,47,47,1,13,4,120.653545,24.221255,4
2717,66000,387130000C,(04)23274275,(04)23288582,2025,6,8,18,32,臺中市,北屯區,0,0,0,7,,,40,,,,,,,,,,,,,,,,,,,B03,,,1,,2,,,51,51,1,13,4,120.686306,24.186899,3
2718,66000,387130000C,(04)23274275,(04)23288582,2025,6,8,18,34,臺中市,西屯區,0,1,0,7,1,6,50,4,1,1,5,4,6,6,2,1,10,5,5,2,16,2,5,1,1,C03,7,6,1,10,2,13,12,48,48,1,12,4,120.624956,24.180805,2
2719,66000,387130000C,(04)23274275,(04)23288582,2025,6,8,18,40,臺中市,南區,0,1,0,7,3,6,50,4,9,1,5,4,6,6,2,1,5,5,5,2,18,2,9,5,4,C03,7,5,1,10,2,11,,84,84,1,6,4,120.664334,24.124728,2
2720,66000,387130000C,(04)23274275,(04)23288582,2025,6,8,18,43,臺中市,西區,0,2,0,7,1,6,50,3,1,1,5,4,6,6,4,4,10,5,5,2,3,2,9,1,1,C03,7,9,1,10,2,11,,6,6,1,12,4,120.673367,24.138845,2
2721,66000,387130000C,(04)23274275,(04)23288582,2025,6,8,18,53,臺中市,北屯區,0,0,0,7,,,30,,,,,,,,,,,,,,,,,,,B03,,,1,,2,,,49,49,1,12,4,120.755293,24.166961,3
2722,66000,387130000C,(04)23274275,(04)23288582,2025,6,8,18,55,臺中市,梧棲區,0,0,0,7,,,70,,,,,,,,,,,,,,13,,,,,B03,,,1,,2,,,7,7,1,6,4,120.555982,24.251089,3
2723,66000,387130000C,(04)23274275,(04)23288582,2025,6,8,18,58,臺中市,潭子區,0,1,0,7,2,6,50,3,1,1,5,4,6,6,4,4,1,4,4,1,16,3,10,3,1,B03,7,1,1,8,2,8,,51,51,1,12,4,120.703948,24.216003,2
2724,66000,387130000C,(04)23274275,(04)23288582,2025,6,8,18,59,臺中市,西屯區,0,1,0,7,1,6,50,4,1,1,5,4,6,6,2,1,1,4,5,2,16,3,10,3,1,B03,7,6,1,8,2,2,,11,11,1,12,4,120.598515,24.204659,2
2725,66000,387130000C,(04)23274275,(04)23288582,2025,6,8,19,6,臺中市,北屯區,0,0,0,7,,,50,,,,,,,,,,,,,,,,,,,B03,,,1,,2,,,49,49,1,12,4,120.732539,24.166714,3
2726,66000,387130000C,(04)23274275,(04)23288582,2025,6,8,19,8,臺中市,霧峰區,0,3,0,7,1,6,50,4,1,1,5,4,6,6,2,1,10,5,5,2,16,2,8,3,1,B03,7,9,1,8,2,8,,21,21,1,13,4,120.695205,24.05961,2
2727,66000,387130000C,(04)23274275,(04)23288582,2025,6,8,19,17,臺中市,潭子區,0,0,0,7,,,30,,,,,,,,,,,,,,,,,,,B03,,,1,,2,,,45,45,1,13,4,120.700369,24.191205,3
2728,66000,387130000C,(04)23274275,(04)23288582,2025,6,8,19,18,臺中市,大里區,0,1,0,6,1,6,50,4,1,1,5,4,6,6,4,4,10,5,5,2,15,3,10,3,1,B03,7,9,1,8,2,5,,15,15,1,12,4,120.695447,24.101303,2
2729,66000,387130000C,(04)23274275,(04)23288582,2025,6,8,19,29,臺中市,南屯區,0,1,0,6,1,6,50,3,1,1,5,4,6,6,3,1,10,5,5,2,12,2,9,5,4,B03,7,7,1,10,2,5,1,40,40,1,6,4,120.638664,24.118989,2
2730,66000,387130000C,(04)23274275,(04)23288582,2025,6,8,19,30,臺中市,西屯區,0,0,0,7,,,50,,,,,,,,,,,,,,,,,,,B03,,,1,,1,,,7,7,1,11,4,120.625804,24.181957,3
2731,66000,387130000C,(04)23274275,(04)23288582,2025,6,8,19,40,臺中市,北區,0,0,0,7,,,50,,,,,,,,,,,,,,15,,,,,C03,,,1,,2,,,20,20,1,12,4,120.671833,24.168897,3
2732,66000,387130000C,(04)23274275,(04)23288582,2025,6,8,19,42,臺中市,潭子區,0,1,0,7,1,6,50,13,9,1,5,4,6,6,4,4,5,5,5,1,17,3,10,2,1,C03,7,11,1,10,9,16,,39,39,2,12,4,120.710646,24.202499,2
2733,66000,387130000C,(04)23274275,(04)23288582,2025,6,8,19,42,臺中市,西屯區,0,0,0,7,,,50,,,,,,,,,,,,,,12,,,,,B03,,,1,,2,,,40,40,1,12,4,120.594959,24.190926,3
2734,66000,387130000C,(04)23274275,(04)23288582,2025,6,8,19,44,臺中市,西區,0,1,0,7,1,6,50,3,1,1,5,4,6,6,1,1,10,5,5,2,16,3,10,3,1,B02,7,6,1,8,2,5,2,11,11,1,12,4,120.665322,24.143259,2
2735,66000,387130000C,(04)23274275,(04)23288582,2025,6,8,19,46,臺中市,西屯區,0,0,0,7,,,30,,,,,,,,,,,,,,14,,,,,B03,,,1,,1,,,49,49,1,13,4,120.645715,24.177917,4
2736,66000,387130000C,(04)23274275,(04)23288582,2025,6,8,19,48,臺中市,東區,0,0,0,7,,,30,,,,,,,,,,,,,,,,,,,B03,,,1,,9,,,84,84,1,13,4,120.693582,24.141764,3
2737,66000,387130000C,(04)23274275,(04)23288582,2025,6,8,19,49,臺中市,太平區,0,1,0,7,1,6,50,5,4,1,5,4,6,6,1,1,5,2,4,2,17,3,10,5,4,B03,7,9,1,8,2,5,,39,39,1,12,4,120.703152,24.14814,2
2738,66000,387130000C,(04)23274275,(04)23288582,2025,6,8,19,50,臺中市,南區,0,0,0,7,,,50,,,,,,,,,,,,,,13,,,,,B03,,,1,,1,,,84,84,1,12,4,120.6572,24.130827,3
2739,66000,387130000C,(04)23274275,(04)23288582,2025,6,8,20,9,臺中市,西屯區,0,0,0,7,,,30,,,,,,,,,,,,,,11,,,,,B03,,,1,,1,,,8,8,1,12,4,120.648773,24.176018,3
2740,66000,387130000C,(04)23274275,(04)23288582,2025,6,8,20,14,臺中市,沙鹿區,0,0,0,7,,,50,,,,,,,,,,,,,,14,,,,,B03,,,1,,1,,,49,49,1,13,4,120.556616,24.222373,3
2741,66000,387130000C,(04)23274275,(04)23288582,2025,6,8,20,19,臺中市,梧棲區,0,0,0,7,,,30,,,,,,,,,,,,,,20,,,,,B03,,,1,,2,,,59,59,1,6,4,120.529211,24.251659,3
2742,66000,387130000C,(04)23274275,(04)23288582,2025,6,8,20,23,臺中市,太平區,0,2,0,6,1,6,50,13,8,1,5,4,6,6,4,4,5,4,4,1,13,2,8,1,1,C03,7,9,1,10,2,11,,7,7,1,13,4,120.728597,24.149974,2
2743,66000,387130000C,(04)23274275,(04)23288582,2025,6,8,20,30,臺中市,南區,0,0,0,7,,,,,,,,,,,,,,,,,17,,,,,,,,,,,,,119,119,1,,,120.682623,24.125221,4
2744,66000,387130000C,(04)23274275,(04)23288582,2025,6,8,20,31,臺中市,烏日區,0,1,0,7,1,6,50,4,1,1,5,4,6,6,4,4,5,4,5,2,15,2,9,1,1,C03,7,9,1,10,2,13,,15,15,1,5,4,120.61262,24.108668,2
2745,66000,387130000C,(04)23274275,(04)23288582,2025,6,8,20,32,臺中市,豐原區,0,1,0,7,2,6,50,13,8,1,5,4,6,6,4,4,10,4,4,1,13,2,9,2,1,C03,7,9,1,10,2,11,,59,59,1,13,4,120.730884,24.257831,2
2746,66000,387130000C,(04)23274275,(04)23288582,2025,6,8,20,45,臺中市,西屯區,0,0,0,7,,,50,,,,,,,,,,,,,,17,,,,,,,,,,,,,119,119,1,,,120.647851,24.170677,4
2747,66000,387130000C,(04)23274275,(04)23288582,2025,6,8,20,54,臺中市,大里區,0,1,0,7,3,6,50,4,2,1,5,4,6,6,2,1,3,4,3,1,16,3,10,5,4,B03,7,5,1,8,2,2,,38,38,1,13,4,120.687725,24.094825,2
2748,66000,387130000C,(04)23274275,(04)23288582,2025,6,8,20,55,臺中市,大雅區,0,2,0,7,1,6,50,13,9,1,5,4,6,6,4,4,5,5,4,1,17,2,7,1,1,F03,7,9,7,21,2,11,,84,84,1,13,4,120.649762,24.222173,2
2749,66000,387130000C,(04)23274275,(04)23288582,2025,6,8,20,58,臺中市,潭子區,0,0,0,7,,,50,,,,,,,,,,,,,,,,,,,B03,,,1,,2,,,40,40,1,13,4,120.702931,24.200802,3
2750,66000,387130000C,(04)23274275,(04)23288582,2025,6,8,21,18,臺中市,大里區,0,0,0,6,3,6,50,13,7,1,5,4,6,6,4,4,5,4,4,1,14,,,,,B03,,,1,,1,,,84,84,1,12,4,120.679226,24.109267,3
2751,66000,387130000C,(04)23274275,(04)23288582,2025,6,8,21,18,臺中市,沙鹿區,0,0,0,7,,,50,,,,,,,,,,,,,,,,,,,B03,,,1,,2,,,50,50,1,12,4,120.574386,24.228209,3
2752,66000,387130000C,(04)23274275,(04)23288582,2025,6,8,21,45,臺中市,西屯區,0,0,0,7,,,50,,,,,,,,,,,,,,12,,,,,B03,,,1,,1,,,59,59,1,12,4,120.657326,24.196679,3
2753,66000,387130000C,(04)23274275,(04)23288582,2025,6,8,21,48,臺中市,霧峰區,0,1,0,7,1,6,50,3,2,1,5,4,6,6,4,4,10,5,5,2,18,2,9,1,1,C03,7,5,1,10,2,12,,84,84,1,12,4,120.710775,24.072819,2
2754,66000,387130000C,(04)23274275,(04)23288582,2025,6,8,21,56,臺中市,太平區,0,1,0,7,1,6,50,3,2,1,5,4,6,6,4,4,5,5,4,2,12,2,8,2,1,C03,7,9,3,19,2,14,,84,84,1,12,4,120.702272,24.147966,2
2755,66000,387130000C,(04)23274275,(04)23288582,2025,6,8,22,5,臺中市,清水區,0,1,0,7,1,6,50,5,1,1,5,4,6,6,3,1,5,5,5,2,17,4,11,2,1,C03,7,5,1,10,2,11,,39,39,1,12,4,120.552999,24.282534,2
2756,66000,387130000C,(04)23274275,(04)23288582,2025,6,8,22,7,臺中市,西屯區,0,2,0,7,1,6,60,3,1,1,5,4,6,6,4,4,5,4,4,2,16,2,9,2,1,C03,7,6,1,10,2,12,,14,14,1,12,4,120.617807,24.186001,2
2757,66000,387130000C,(04)23274275,(04)23288582,2025,6,8,22,11,臺中市,太平區,0,0,0,7,,,50,,,,,,,,,,,,,,17,,,,,B03,,,1,,2,,,84,84,1,12,4,120.733243,24.141971,3
2758,66000,387130000C,(04)23274275,(04)23288582,2025,6,8,22,12,臺中市,豐原區,0,1,0,7,2,6,50,3,1,1,5,4,6,6,4,4,10,5,5,1,18,2,9,5,4,C03,7,9,1,10,2,16,,6,6,1,13,4,120.720761,24.250032,2
2759,66000,387130000C,(04)23274275,(04)23288582,2025,6,8,22,28,臺中市,北區,0,0,0,7,1,6,50,4,2,1,5,4,6,6,1,1,3,2,5,2,13,3,10,5,4,B03,7,9,1,8,6,1,,84,84,1,13,4,120.674227,24.164647,3
2760,66000,387130000C,(04)23274275,(04)23288582,2025,6,8,22,30,臺中市,西屯區,0,0,0,7,,,50,,,,,,,,,,,,,,,,,,,B03,,,1,,1,,,7,7,1,12,4,120.657382,24.163178,3
2761,66000,387130000C,(04)23274275,(04)23288582,2025,6,8,22,35,臺中市,西區,0,2,0,7,1,6,50,4,1,1,5,4,6,6,3,1,10,5,5,2,18,2,9,1,1,C03,7,9,1,10,2,12,,84,84,1,13,4,120.670016,24.148314,2
2762,66000,387130000C,(04)23274275,(04)23288582,2025,6,8,22,47,臺中市,西屯區,0,1,0,7,3,6,50,3,2,1,5,3,6,6,4,4,4,3,5,1,18,2,9,2,4,C03,7,9,1,10,2,11,,87,87,1,12,4,120.624852,24.179903,2
2763,66000,387130000C,(04)23274275,(04)23288582,2025,6,8,23,3,臺中市,大甲區,0,1,0,7,1,6,30,11,9,1,5,4,6,6,4,4,10,5,5,2,18,2,9,1,1,C03,7,9,3,19,8,14,,59,59,1,6,4,120.619377,24.343769,2
2764,66000,387130000C,(04)23274275,(04)23288582,2025,6,8,23,57,臺中市,北區,0,1,0,7,1,6,50,4,19,1,5,4,6,6,2,1,10,5,5,2,3,2,9,6,5,H01,8,16,7,21,10,17,,96,96,1,12,5,120.67508,24.166954,2
2765,66000,387130000C,(04)23274275,(04)23288582,2025,6,9,0,25,臺中市,南屯區,0,1,0,6,1,6,50,12,9,1,5,4,6,6,4,4,5,5,5,2,18,2,9,2,1,C03,7,9,1,10,9,14,,84,84,1,12,4,120.581689,24.143148,2
2766,66000,387130000C,(04)23274275,(04)23288582,2025,6,9,0,42,臺中市,西屯區,0,0,0,7,,,50,,,,,,,,,,,,,,16,,,,,B03,,,1,,2,,,47,47,1,12,4,120.645096,24.178816,3
2767,66000,387130000C,(04)23274275,(04)23288582,2025,6,9,1,25,臺中市,北區,0,0,0,7,,,50,,,,,,,,,,,,,,17,,,,,C03,,,1,,2,,,39,39,1,13,4,120.676891,24.162905,3
2768,66000,387130000C,(04)23274275,(04)23288582,2025,6,9,1,36,臺中市,大里區,0,1,0,7,1,6,50,13,7,1,5,4,6,6,4,4,1,4,4,1,23,2,3,3,1,B03,7,9,1,10,2,8,,54,54,1,12,4,120.689513,24.076055,2
2769,66000,387130000C,(04)23274275,(04)23288582,2025,6,9,1,40,臺中市,西屯區,0,1,0,7,1,6,50,13,9,1,5,4,6,6,4,4,3,3,5,2,17,2,8,2,4,C03,7,9,1,10,2,12,,59,59,1,13,4,120.660018,24.171173,2
2770,66000,387130000C,(04)23274275,(04)23288582,2025,6,9,2,12,臺中市,西屯區,0,0,0,7,,,30,,,,,,,,,,,,,,17,,,,,B03,,,1,,2,,,84,84,1,12,4,120.636698,24.193595,3
2771,66000,387130000C,(04)23274275,(04)23288582,2025,6,9,2,49,臺中市,西屯區,0,1,0,7,1,6,0,13,21,1,5,4,6,6,4,4,10,5,5,2,18,2,9,2,4,C03,7,9,1,10,2,12,,82,82,1,13,4,120.59536,24.182008,2
2772,66000,387130000C,(04)23274275,(04)23288582,2025,6,9,5,3,臺中市,北屯區,0,1,0,7,2,6,50,13,9,1,5,4,6,6,4,4,10,5,5,2,27,2,1,5,4,B02,7,9,1,8,8,1,,59,59,1,12,4,120.748858,24.197749,2
2773,66000,387130000C,(04)23274275,(04)23288582,2025,6,9,5,31,臺中市,北屯區,0,2,0,7,2,6,50,4,1,1,5,4,6,6,1,1,10,5,5,2,13,3,10,5,4,B03,7,7,3,19,2,5,,84,84,1,12,4,120.719329,24.181973,2
2774,66000,387130000C,(04)23274275,(04)23288582,2025,6,9,5,50,臺中市,大雅區,0,1,0,7,1,6,60,13,9,1,5,4,6,6,4,4,1,5,5,1,17,3,10,3,1,B12,7,15,1,8,2,4,,76,76,1,13,4,120.650019,24.211626,2
2775,66000,387130000C,(04)23274275,(04)23288582,2025,6,9,5,57,臺中市,大雅區,0,1,0,7,1,6,50,13,9,1,5,4,6,6,4,4,5,5,5,1,20,2,9,1,1,C03,7,9,1,10,2,12,,8,8,1,13,4,120.669493,24.214146,2
2776,66000,387130000C,(04)23274275,(04)23288582,2025,6,9,6,0,臺中市,中區,0,0,0,7,,,50,,,,,,,,,,,,,,,,,,,C03,,,1,,1,,,84,84,1,13,4,120.677321,24.140301,3
2777,66000,387130000C,(04)23274275,(04)23288582,2025,6,9,6,13,臺中市,沙鹿區,0,1,0,7,2,6,40,13,8,1,5,4,6,6,4,4,1,5,5,1,17,3,10,2,1,C03,7,15,1,10,2,16,,84,84,1,6,4,120.570228,24.23567,2
2778,66000,387130000C,(04)23274275,(04)23288582,2025,6,9,6,27,臺中市,神岡區,0,2,0,7,1,6,50,3,1,1,5,4,6,6,4,4,10,5,5,1,12,2,9,1,1,C03,7,8,1,10,2,11,,84,84,1,12,4,120.709226,24.259315,2
2779,66000,387130000C,(04)23274275,(04)23288582,2025,6,9,6,30,臺中市,南屯區,0,1,0,7,1,6,50,13,9,1,5,4,6,6,4,4,9,5,5,2,17,3,10,3,1,B03,7,1,1,8,2,1,,51,51,1,6,4,120.636972,24.148006,2
2780,66000,387130000C,(04)23274275,(04)23288582,2025,6,9,6,50,臺中市,東區,0,0,0,7,,,50,,,,,,,,,,,,,,17,,,,,,,,,,,,,86,86,1,,,120.690953,24.140049,3
2781,66000,387130000C,(04)23274275,(04)23288582,2025,6,9,6,50,臺中市,西屯區,0,1,0,7,2,6,50,3,1,1,5,4,6,6,2,1,10,5,5,2,12,2,8,1,1,C03,7,6,1,10,2,16,,7,7,1,13,4,120.613992,24.174798,2
2782,66000,387130000C,(04)23274275,(04)23288582,2025,6,9,6,52,臺中市,南屯區,0,1,0,7,2,6,50,13,9,1,5,4,6,6,4,4,1,3,5,2,30,2,9,2,4,C03,7,9,1,10,2,11,14,84,84,1,13,4,120.646489,24.138537,2
2783,66000,387130000C,(04)23274275,(04)23288582,2025,6,9,7,5,臺中市,清水區,0,1,0,7,3,6,50,3,1,1,5,4,6,6,3,1,5,4,5,2,16,2,7,6,1,F01,7,6,7,21,9,14,,14,14,1,12,4,120.552348,24.261099,2
2784,66000,387130000C,(04)23274275,(04)23288582,2025,6,9,7,9,臺中市,太平區,0,0,0,7,,,50,,,,,,,,,,,,,,17,,,,,C03,,,1,,2,,,50,50,1,6,4,120.723936,24.146211,3
2785,66000,387130000C,(04)23274275,(04)23288582,2025,6,9,7,9,臺中市,神岡區,0,1,0,7,2,6,50,13,7,1,5,4,6,6,4,4,5,5,4,1,12,2,9,1,1,C03,7,9,1,10,2,11,,8,8,1,12,4,120.672306,24.255192,2
2786,66000,387130000C,(04)23274275,(04)23288582,2025,6,9,7,10,臺中市,西屯區,0,0,0,7,,,50,,,,,,,,,,,,,,17,,,,,B03,,,1,,2,,,50,50,1,11,4,120.6187,24.178266,3
2787,66000,387130000C,(04)23274275,(04)23288582,2025,6,9,7,12,臺中市,南屯區,0,0,0,7,,,50,,,,,,,,,,,,,,13,,,,,C03,,,1,,1,,,7,7,1,12,4,120.61524,24.147704,3
2788,66000,387130000C,(04)23274275,(04)23288582,2025,6,9,7,19,臺中市,太平區,0,1,0,7,3,6,50,4,1,1,5,4,6,6,1,1,5,5,5,1,13,2,9,2,1,C03,7,9,1,10,2,11,,84,84,1,12,4,120.721502,24.119897,2
2789,66000,387130000C,(04)23274275,(04)23288582,2025,6,9,7,20,臺中市,大雅區,0,0,0,7,,,40,,,,,,,,,,,,,,,,,,,C03,,,1,,2,,,7,7,1,13,4,120.648913,24.218033,3
2790,66000,387130000C,(04)23274275,(04)23288582,2025,6,9,7,20,臺中市,神岡區,0,2,0,7,1,6,60,13,7,1,5,4,6,6,4,4,1,5,4,1,12,2,9,1,1,C03,7,8,1,10,2,13,,84,84,1,12,4,120.690972,24.230397,2
2791,66000,387130000C,(04)23274275,(04)23288582,2025,6,9,7,23,臺中市,太平區,0,2,0,7,1,6,50,3,1,1,5,4,1,6,1,1,10,5,5,2,16,2,9,1,1,C03,7,9,1,10,2,11,12,84,84,1,6,4,120.718491,24.129163,2
2792,66000,387130000C,(04)23274275,(04)23288582,2025,6,9,7,27,臺中市,霧峰區,0,0,0,7,,,50,,,,,,,,,,,,,,,,,,,B03,,,1,,1,,,7,7,1,6,4,120.683365,24.050315,3
2793,66000,387130000C,(04)23274275,(04)23288582,2025,6,9,7,30,臺中市,南屯區,0,1,0,7,2,6,50,4,1,1,5,4,6,6,1,1,9,4,4,2,13,2,9,1,1,C03,7,9,1,10,2,11,,7,7,1,12,4,120.609591,24.155152,2
2794,66000,387130000C,(04)23274275,(04)23288582,2025,6,9,7,33,臺中市,潭子區,0,0,0,7,,,60,,,,,,,,,,,,,,13,,,,,B03,,,1,,2,,,7,7,1,13,4,120.703999,24.203456,3
2795,66000,387130000C,(04)23274275,(04)23288582,2025,6,9,7,34,臺中市,北屯區,0,1,0,7,3,6,50,4,1,1,5,4,6,6,2,1,10,5,5,2,13,4,11,5,4,C03,7,9,6,20,11,11,,7,7,1,6,4,120.685696,24.170617,2
2796,66000,387130000C,(04)23274275,(04)23288582,2025,6,9,7,36,臺中市,西屯區,0,1,0,7,2,6,30,13,9,1,5,4,6,6,4,4,10,5,5,2,13,2,4,2,1,C03,7,9,1,10,1,11,,7,7,1,12,4,120.642641,24.204903,2
2797,66000,387130000C,(04)23274275,(04)23288582,2025,6,9,7,37,臺中市,大里區,0,1,0,7,2,6,40,13,9,1,5,4,6,6,4,4,5,5,5,2,13,2,9,2,1,C03,7,9,3,19,2,11,,7,7,1,13,4,120.705753,24.10195,2
2798,66000,387130000C,(04)23274275,(04)23288582,2025,6,9,7,38,臺中市,大雅區,0,0,0,7,,,50,,,,,,,,,,,,,,,,,,,B03,,,1,,1,,,7,7,1,12,4,120.650288,24.221764,3
2799,66000,387130000C,(04)23274275,(04)23288582,2025,6,9,7,40,臺中市,大肚區,0,1,0,7,3,6,50,3,1,1,5,4,6,6,3,1,10,5,5,2,16,3,10,3,1,B03,7,6,1,8,2,2,,11,11,1,6,4,120.542382,24.166901,2
2800,66000,387130000C,(04)23274275,(04)23288582,2025,6,9,7,44,臺中市,豐原區,0,0,0,7,,,60,,,,,,,,,,,,,,,,,,,B03,,,1,,2,,,7,7,1,13,4,120.717776,24.250102,3
2801,66000,387130000C,(04)23274275,(04)23288582,2025,6,9,7,45,臺中市,東區,0,2,0,7,2,6,50,3,1,1,5,4,6,6,4,4,10,5,5,2,13,2,9,2,1,C03,7,9,1,10,2,12,,7,7,1,12,4,120.702713,24.128236,2
2802,66000,387130000C,(04)23274275,(04)23288582,2025,6,9,7,45,臺中市,南屯區,0,1,0,7,2,6,40,13,8,1,5,4,6,6,4,4,1,4,4,2,17,3,10,3,1,B03,7,1,1,8,2,3,,51,51,1,13,4,120.637194,24.152354,2
2803,66000,387130000C,(04)23274275,(04)23288582,2025,6,9,7,45,臺中市,北屯區,0,1,0,7,3,6,50,13,7,1,5,4,6,6,4,4,9,5,4,2,18,2,9,2,1,C03,7,9,1,10,2,11,,84,84,1,6,4,120.661151,24.18272,2
2804,66000,387130000C,(04)23274275,(04)23288582,2025,6,9,7,45,臺中市,西屯區,0,1,0,7,1,6,40,4,1,1,5,4,6,6,2,1,10,5,5,2,16,3,10,3,1,B03,7,5,1,8,2,2,,20,20,1,12,4,120.641479,24.182273,2
2805,66000,387130000C,(04)23274275,(04)23288582,2025,6,9,7,49,臺中市,西屯區,0,1,0,7,2,6,50,3,1,1,5,4,6,6,1,1,5,5,5,2,16,2,8,2,1,C03,7,1,1,10,2,14,,51,51,1,11,4,120.65031,24.178101,2
2806,66000,387130000C,(04)23274275,(04)23288582,2025,6,9,7,50,臺中市,潭子區,0,1,0,7,2,6,50,5,1,1,5,4,6,6,1,1,5,4,5,2,16,3,10,3,1,B03,7,6,1,8,2,2,,11,11,1,13,4,120.690237,24.211984,2
2807,66000,387130000C,(04)23274275,(04)23288582,2025,6,9,7,50,臺中市,豐原區,0,1,0,7,2,6,60,13,9,1,5,4,6,6,4,4,1,4,4,1,17,3,10,5,4,B03,7,1,1,4,2,7,,51,51,1,13,4,120.729586,24.265239,2
2808,66000,387130000C,(04)23274275,(04)23288582,2025,6,9,7,51,臺中市,東區,0,0,0,7,,,50,,,,,,,,,,,,,,13,,,,,B03,,,3,,2,,,7,7,1,12,4,120.702163,24.144609,3
2809,66000,387130000C,(04)23274275,(04)23288582,2025,6,9,7,53,臺中市,西區,0,0,0,7,,,50,,,,,,,,,,,,,,9,,,,,C02,,,1,,2,,,84,84,1,12,4,120.667933,24.141737,3
2810,66000,387130000C,(04)23274275,(04)23288582,2025,6,9,7,54,臺中市,潭子區,0,0,0,7,,,30,,,,,,,,,,,,,,15,,,,,B03,,,1,,2,,,14,14,1,13,4,120.719241,24.207477,3
2811,66000,387130000C,(04)23274275,(04)23288582,2025,6,9,7,56,臺中市,太平區,0,1,0,7,3,6,50,4,2,1,5,4,6,6,1,1,5,4,5,2,13,3,10,3,1,B01,7,9,1,4,2,1,,84,84,1,6,4,120.705272,24.148383,2
2812,66000,387130000C,(04)23274275,(04)23288582,2025,6,9,7,57,臺中市,北區,0,1,0,7,3,6,50,13,7,1,5,4,6,6,4,4,3,5,4,2,18,2,9,5,4,C03,7,9,1,10,8,14,,53,53,1,13,4,120.680164,24.152191,2
2813,66000,387130000C,(04)23274275,(04)23288582,2025,6,9,8,1,臺中市,西屯區,0,0,0,7,,,50,,,,,,,,,,,,,,12,,,,,C03,,,1,,1,,,20,20,1,12,4,120.602333,24.159358,3
2814,66000,387130000C,(04)23274275,(04)23288582,2025,6,9,8,4,臺中市,東區,0,2,0,7,3,6,50,4,1,1,5,4,6,6,1,1,10,5,5,2,16,2,1,5,4,B03,7,6,1,8,2,2,,11,11,1,12,4,120.699655,24.144697,2
2815,66000,387130000C,(04)23274275,(04)23288582,2025,6,9,8,6,臺中市,西屯區,0,0,0,7,,,50,,,,,,,,,,,,,,13,,,,,C03,,,1,,1,,,58,58,1,13,4,120.657002,24.168872,3
2816,66000,387130000C,(04)23274275,(04)23288582,2025,6,9,8,6,臺中市,龍井區,0,0,0,7,,,50,,,,,,,,,,,,,,,,,,,B03,,,1,,2,,,35,35,1,6,4,120.514072,24.198408,3
2817,66000,387130000C,(04)23274275,(04)23288582,2025,6,9,8,7,臺中市,北屯區,0,0,0,7,,,50,,,,,,,,,,,,,,,,,,,B03,,,1,,1,,,8,8,1,12,4,120.704061,24.182914,3
2818,66000,387130000C,(04)23274275,(04)23288582,2025,6,9,8,10,臺中市,北屯區,0,0,0,7,,3,80,,,,,,,,,,,,,,,,,,,B03,,,1,,1,,,7,7,1,12,4,120.722463,24.188326,3