序號,縣市別代碼,機關代碼,市話,傳真,年,月,日,時,分,縣市,區,死亡數量,受傷數量,2-30,天候,道路照明設備,道路類別,道路速限,道路型態,事故位置,路面鋪裝,路面狀態,路面缺陷,障礙物,視距,號誌種類,號誌動作,分向設施,快車道或一般車道間,快慢車道間,路面邊線,事故類型及型態,受傷程度,主要傷處,保護裝備,行動電話或功能裝置,當事者區分(類別),車輛用途,當事者行動狀態,駕照狀態,駕照種類,飲酒情形,車輛撞擊部位最初,車輛撞擊部位其他,肇事因素個別,肇事因素主要,肇事逃逸,職業,共享經濟或外送平台,GPS座標X,GPS座標Y,事故類別
2819,66000,387130000C,(04)23274275,(04)23288582,2025,6,9,8,14,臺中市,南屯區,0,0,0,7,,,50,,,,,,,,,,,,,,,,,,,C03,,,1,,1,,,59,59,1,12,4,120.610103,24.142415,3
2820,66000,387130000C,(04)23274275,(04)23288582,2025,6,9,8,16,臺中市,大里區,0,1,0,7,2,6,50,3,1,1,5,4,6,6,1,1,10,5,5,2,13,3,10,1,1,C03,7,5,1,10,2,11,13,7,7,1,12,4,120.699468,24.106075,2
2821,66000,387130000C,(04)23274275,(04)23288582,2025,6,9,8,17,臺中市,大里區,0,1,0,7,3,6,30,3,2,1,5,4,6,6,4,4,10,5,5,1,16,3,10,1,1,C03,7,6,1,10,2,14,,84,84,1,13,4,120.666185,24.10462,2
2822,66000,387130000C,(04)23274275,(04)23288582,2025,6,9,8,17,臺中市,大里區,0,0,0,7,,,50,,,,,,,,,,,,,,,,,,,,,,,,,,,119,119,1,,,120.701194,24.100033,3
2823,66000,387130000C,(04)23274275,(04)23288582,2025,6,9,8,17,臺中市,神岡區,0,0,0,7,,,50,,,,,,,,,,,,,,16,,,,,B03,,,1,,2,,,47,47,1,12,4,120.676856,24.242392,3
2824,66000,387130000C,(04)23274275,(04)23288582,2025,6,9,8,21,臺中市,新社區,0,1,0,7,2,6,40,3,1,1,5,4,6,6,3,1,8,4,5,1,12,3,10,3,1,B03,7,8,1,8,2,8,,12,12,1,12,4,120.806138,24.237699,2
2825,66000,387130000C,(04)23274275,(04)23288582,2025,6,9,8,24,臺中市,梧棲區,0,1,0,7,3,6,50,4,1,1,5,4,6,6,4,4,10,5,5,2,16,2,9,1,1,C03,7,9,1,8,2,11,,12,12,1,6,4,120.532971,24.25836,2
2826,66000,387130000C,(04)23274275,(04)23288582,2025,6,9,8,25,臺中市,大雅區,0,1,0,7,1,6,30,13,9,1,5,4,6,6,4,4,10,5,5,2,10,3,10,3,1,B03,7,9,1,8,2,1,,41,41,1,13,4,120.647241,24.223848,2
2827,66000,387130000C,(04)23274275,(04)23288582,2025,6,9,8,30,臺中市,北區,0,0,0,7,,,40,,,,,,,,,,,,,,17,,,,,C03,,,1,,2,,,59,59,1,12,4,120.673008,24.16827,3
2828,66000,387130000C,(04)23274275,(04)23288582,2025,6,9,8,30,臺中市,北區,0,1,0,7,2,6,50,4,1,1,5,4,6,6,1,1,10,5,5,2,12,2,9,5,4,C03,7,15,1,10,2,14,,42,42,1,13,4,120.679236,24.167033,2
2829,66000,387130000C,(04)23274275,(04)23288582,2025,6,9,8,31,臺中市,西屯區,0,0,0,7,,,50,,,,,,,,,,,,,,16,,,,,C03,,,1,,1,,,48,48,1,12,4,120.660077,24.174409,3
2830,66000,387130000C,(04)23274275,(04)23288582,2025,6,9,8,34,臺中市,西區,0,0,0,7,,,50,,,,,,,,,,,,,,17,,,,,B12,,,1,,2,,,51,51,1,12,4,120.661234,24.150701,3
2831,66000,387130000C,(04)23274275,(04)23288582,2025,6,9,8,34,臺中市,南區,0,0,0,7,,,50,,,,,,,,,,,,,,17,,,,,B03,,,1,,2,,,84,84,1,12,4,120.669901,24.111892,3
2832,66000,387130000C,(04)23274275,(04)23288582,2025,6,9,8,34,臺中市,大里區,0,2,0,7,3,6,50,3,2,1,5,4,6,6,4,4,5,5,5,2,13,2,9,1,1,C03,7,9,1,10,2,11,,7,7,1,13,4,120.695612,24.110964,2
2833,66000,387130000C,(04)23274275,(04)23288582,2025,6,9,8,35,臺中市,東區,0,0,0,7,,,50,,,,,,,,,,,,,,12,,,,,B12,,,1,,1,,,84,84,1,12,4,120.693186,24.140503,3
2834,66000,387130000C,(04)23274275,(04)23288582,2025,6,9,8,35,臺中市,南屯區,0,0,0,7,,,30,,,,,,,,,,,,,,14,,,,,B12,,,1,,1,,,49,49,1,12,4,120.638704,24.13833,3
2835,66000,387130000C,(04)23274275,(04)23288582,2025,6,9,8,40,臺中市,北屯區,0,0,0,7,,,50,,,,,,,,,,,,,,12,,,,,B12,,,1,,1,,,84,84,1,6,4,120.700543,24.17829,3
2836,66000,387130000C,(04)23274275,(04)23288582,2025,6,9,8,43,臺中市,南區,0,1,0,7,2,6,50,13,9,1,5,4,6,6,4,4,1,4,5,2,17,3,10,3,1,B12,7,13,1,4,2,4,,76,76,1,12,4,120.66659,24.118989,2
2837,66000,387130000C,(04)23274275,(04)23288582,2025,6,9,8,43,臺中市,大肚區,0,0,0,7,,,50,,,,,,,,,,,,,,13,,,,,B03,,,1,,1,,,59,59,1,6,4,120.557773,24.127102,3
2838,66000,387130000C,(04)23274275,(04)23288582,2025,6,9,8,44,臺中市,清水區,0,1,0,7,3,6,60,3,1,1,5,4,6,6,2,1,1,4,5,1,16,3,10,3,1,B03,7,5,1,8,2,2,,11,11,1,12,4,120.541872,24.262639,2
2839,66000,387130000C,(04)23274275,(04)23288582,2025,6,9,8,52,臺中市,烏日區,0,0,0,7,,,50,,,,,,,,,,,,,,13,,,,,B03,,,1,,2,,,7,7,1,6,4,120.64828,24.083883,3
2840,66000,387130000C,(04)23274275,(04)23288582,2025,6,9,8,55,臺中市,西屯區,0,2,0,7,2,6,50,3,1,1,5,4,6,6,1,1,10,5,5,2,13,2,9,1,1,C03,7,9,1,10,2,11,,84,84,1,12,4,120.655678,24.172447,2
2841,66000,387130000C,(04)23274275,(04)23288582,2025,6,9,8,57,臺中市,西屯區,0,2,0,7,2,6,30,4,1,1,5,4,6,6,4,4,10,5,5,1,15,2,9,1,1,C03,7,9,1,10,2,11,,12,12,1,12,4,120.6413,24.170925,2
2842,66000,387130000C,(04)23274275,(04)23288582,2025,6,9,9,0,臺中市,南屯區,0,1,0,7,2,6,50,4,1,1,5,4,6,6,1,1,9,4,3,2,11,3,10,3,1,B03,7,6,1,8,2,2,,11,11,1,12,4,120.640739,24.148775,2
2843,66000,387130000C,(04)23274275,(04)23288582,2025,6,9,9,0,臺中市,北屯區,0,2,0,7,3,6,40,4,2,1,5,4,6,6,2,1,10,5,5,2,13,3,10,2,1,C03,7,9,1,10,2,12,,7,7,1,6,4,120.717837,24.163194,2
2844,66000,387130000C,(04)23274275,(04)23288582,2025,6,9,9,0,臺中市,北屯區,0,0,0,7,,,30,,,,,,,,,,,,,,14,,,,,B12,,,1,,1,,,49,49,1,6,4,120.718631,24.177369,3
2845,66000,387130000C,(04)23274275,(04)23288582,2025,6,9,9,5,臺中市,北區,0,1,0,7,2,6,50,4,2,1,5,4,6,6,2,1,10,5,5,2,9,2,9,2,1,C03,7,6,1,10,2,14,,84,84,1,13,4,120.685568,24.156019,2
2846,66000,387130000C,(04)23274275,(04)23288582,2025,6,9,9,9,臺中市,北屯區,0,1,0,7,2,6,50,13,7,1,5,4,6,6,4,4,1,4,4,2,12,2,9,2,1,C03,7,9,1,10,2,11,,84,84,1,12,4,120.691983,24.162466,2
2847,66000,387130000C,(04)23274275,(04)23288582,2025,6,9,9,10,臺中市,北區,0,0,0,7,,,50,,,,,,,,,,,,,,17,,,,,C03,,,1,,1,,,84,84,1,13,4,120.681936,24.154357,3
2848,66000,387130000C,(04)23274275,(04)23288582,2025,6,9,9,15,臺中市,清水區,0,0,0,7,,,30,,,,,,,,,,,,,,,,,,,B12,,,1,,1,,,49,49,1,12,4,120.575727,24.268336,3
2849,66000,387130000C,(04)23274275,(04)23288582,2025,6,9,9,20,臺中市,烏日區,0,0,0,7,,,30,,,,,,,,,,,,,,17,,,,,B02,,,1,,2,,,50,50,1,6,4,120.636949,24.110061,3
2850,66000,387130000C,(04)23274275,(04)23288582,2025,6,9,9,21,臺中市,北區,0,0,0,7,3,6,50,18,24,1,5,4,6,6,4,4,10,5,5,2,30,,,,,B03,,,3,,2,,,59,59,1,13,4,120.68136,24.15068,4
2851,66000,387130000C,(04)23274275,(04)23288582,2025,6,9,9,25,臺中市,西屯區,0,1,0,7,2,6,50,5,1,1,5,4,6,6,1,1,3,2,5,2,16,2,9,2,1,C04,7,9,1,10,2,11,,21,21,1,12,4,120.651916,24.206279,2
2852,66000,387130000C,(04)23274275,(04)23288582,2025,6,9,9,26,臺中市,西屯區,0,0,0,7,,,30,,,,,,,,,,,,,,14,,,,,B03,,,1,,1,,,49,49,1,12,4,120.639475,24.159844,3
2853,66000,387130000C,(04)23274275,(04)23288582,2025,6,9,9,30,臺中市,北區,0,0,0,7,,,50,,,,,,,,,,,,,,17,,,,,B03,,,1,,2,,,50,50,1,13,4,120.669083,24.155734,3
2854,66000,387130000C,(04)23274275,(04)23288582,2025,6,9,9,30,臺中市,南屯區,0,1,0,7,2,6,40,13,17,1,5,4,6,6,4,4,10,5,5,2,12,3,10,3,1,B03,7,9,1,8,2,2,,8,8,1,12,4,120.623483,24.149099,2
2855,66000,387130000C,(04)23274275,(04)23288582,2025,6,9,9,30,臺中市,神岡區,0,2,0,7,1,6,50,13,9,1,5,4,6,6,4,4,9,5,5,1,12,2,9,1,1,C03,7,9,1,10,2,11,,87,87,1,12,4,120.671549,24.257354,2
2856,66000,387130000C,(04)23274275,(04)23288582,2025,6,9,9,37,臺中市,北區,0,1,0,7,2,6,50,13,9,1,5,4,6,6,1,1,5,5,5,2,17,2,9,5,4,C03,7,15,1,10,2,14,,42,42,1,13,4,120.682108,24.15482,2
2857,66000,387130000C,(04)23274275,(04)23288582,2025,6,9,9,43,臺中市,大里區,0,1,0,7,2,6,40,4,1,1,5,4,6,6,4,4,10,5,5,2,14,3,10,3,1,B03,7,2,1,8,2,3,,49,49,1,12,4,120.68973,24.118489,2
2858,66000,387130000C,(04)23274275,(04)23288582,2025,6,9,9,48,臺中市,西屯區,0,0,0,7,,,70,,,,,,,,,,,,,,13,,,,,A11,,,1,,1,,,7,7,1,12,4,120.624383,24.178531,3
2859,66000,387130000C,(04)23274275,(04)23288582,2025,6,9,9,50,臺中市,南區,0,1,0,7,3,6,50,3,2,1,5,4,6,6,1,1,10,4,5,2,13,3,10,5,4,C03,7,9,1,10,2,12,,7,7,1,12,4,120.679394,24.122376,2
2860,66000,387130000C,(04)23274275,(04)23288582,2025,6,9,9,52,臺中市,西區,0,0,0,7,,,30,,,,,,,,,,,,,,15,,,,,C03,,,1,,1,,,12,12,1,12,4,120.656817,24.154677,3
2861,66000,387130000C,(04)23274275,(04)23288582,2025,6,9,9,52,臺中市,烏日區,0,0,0,7,,,50,,,,,,,,,,,,,,,,,,,B03,,,1,,2,,,84,84,1,13,4,120.643831,24.082155,3
2862,66000,387130000C,(04)23274275,(04)23288582,2025,6,9,9,55,臺中市,北區,0,2,0,7,3,9,50,4,1,1,5,4,6,6,2,1,10,5,5,2,17,2,9,5,4,C03,7,9,1,10,2,12,,21,21,1,13,4,120.669188,24.155209,2
2863,66000,387130000C,(04)23274275,(04)23288582,2025,6,9,10,1,臺中市,南屯區,0,0,0,7,3,6,50,13,8,1,5,4,6,6,4,4,5,4,4,2,17,,,,,B03,,,1,,2,,,84,84,1,12,4,120.635304,24.151745,3
2864,66000,387130000C,(04)23274275,(04)23288582,2025,6,9,10,5,臺中市,南屯區,0,0,0,7,,,50,,,,,,,,,,,,,,14,,,,,B12,,,1,,1,,,49,49,1,12,4,120.633966,24.144789,3
2865,66000,387130000C,(04)23274275,(04)23288582,2025,6,9,10,10,臺中市,潭子區,0,0,0,7,,,50,,,,,,,,,,,,,,11,,,,,B03,,,1,,2,,,8,8,1,13,4,120.704562,24.219469,3
2866,66000,387130000C,(04)23274275,(04)23288582,2025,6,9,10,12,臺中市,神岡區,0,1,0,6,2,6,30,4,1,1,5,4,6,6,4,4,10,5,5,2,15,3,10,3,1,B03,7,9,1,8,2,5,,12,12,1,12,4,120.678271,24.247531,2
2867,66000,387130000C,(04)23274275,(04)23288582,2025,6,9,10,13,臺中市,西屯區,0,1,0,7,2,6,50,13,9,1,5,4,6,6,4,4,5,4,5,2,19,2,2,5,4,B03,7,9,1,10,2,5,,55,55,1,12,4,120.653883,24.195414,2
2868,66000,387130000C,(04)23274275,(04)23288582,2025,6,9,10,17,臺中市,北區,0,0,0,7,,,50,,,,,,,,,,,,,,17,,,,,B03,,,1,,2,,,40,40,1,13,4,120.686072,24.163219,3
2869,66000,387130000C,(04)23274275,(04)23288582,2025,6,9,10,20,臺中市,北屯區,0,0,0,7,,,50,,,,,,,,,,,,,,17,,,,,B03,,,1,,11,,,51,51,1,12,4,120.718735,24.173064,3
2870,66000,387130000C,(04)23274275,(04)23288582,2025,6,9,10,23,臺中市,潭子區,0,0,0,7,,,30,,,,,,,,,,,,,,,,,,,B11,,,1,,2,,,8,8,1,13,4,120.729008,24.215767,3
2871,66000,387130000C,(04)23274275,(04)23288582,2025,6,9,10,26,臺中市,霧峰區,0,0,0,7,,,30,,,,,,,,,,,,,,,,,,,B03,,,1,,2,,,8,8,1,6,4,120.673812,24.051411,3
2872,66000,387130000C,(04)23274275,(04)23288582,2025,6,9,10,29,臺中市,東區,0,1,0,7,3,6,50,13,9,1,5,4,6,6,4,4,5,4,5,2,12,2,9,1,1,C03,7,8,3,19,2,13,,40,40,1,12,4,120.69251,24.135787,2
2873,66000,387130000C,(04)23274275,(04)23288582,2025,6,9,10,33,臺中市,潭子區,0,0,0,7,,,30,,,,,,,,,,,,,,17,,,,,C03,,,1,,2,,,56,56,1,13,4,120.711845,24.206323,3
2874,66000,387130000C,(04)23274275,(04)23288582,2025,6,9,10,35,臺中市,西區,0,1,0,7,3,6,30,4,9,1,5,4,6,6,4,4,10,5,5,2,8,3,10,1,1,F03,7,9,7,21,2,11,,85,85,1,12,4,120.660898,24.150182,2
2875,66000,387130000C,(04)23274275,(04)23288582,2025,6,9,10,36,臺中市,北屯區,0,1,0,7,3,6,50,5,1,1,5,4,6,6,2,1,10,5,5,2,12,3,10,3,1,B03,7,5,1,8,2,2,,39,39,1,6,4,120.686539,24.188672,2
2876,66000,387130000C,(04)23274275,(04)23288582,2025,6,9,10,43,臺中市,大肚區,0,0,0,7,,,50,,,,,,,,,,,,,,12,,,,,A12,,,1,,2,,,8,8,1,6,4,120.547239,24.144864,3
2877,66000,387130000C,(04)23274275,(04)23288582,2025,6,9,10,45,臺中市,西屯區,0,0,0,7,,,30,,,,,,,,,,,,,,17,,,,,B12,,,1,,2,,,8,8,1,12,4,120.634434,24.172074,3
2878,66000,387130000C,(04)23274275,(04)23288582,2025,6,9,10,45,臺中市,太平區,0,2,0,7,3,6,50,13,9,1,5,4,6,6,4,4,5,5,4,1,13,2,1,3,2,B12,7,9,1,8,2,1,,62,62,1,12,4,120.729171,24.104081,2
2879,66000,387130000C,(04)23274275,(04)23288582,2025,6,9,10,46,臺中市,大雅區,0,1,0,7,3,6,30,3,2,1,5,4,6,6,4,4,10,5,5,2,17,3,10,3,1,B03,7,2,1,8,2,3,,49,49,1,12,4,120.677714,24.21415,2
2880,66000,387130000C,(04)23274275,(04)23288582,2025,6,9,10,48,臺中市,南區,0,1,0,7,2,6,50,3,1,1,5,4,6,6,4,4,10,5,5,2,16,2,9,1,1,C03,7,1,1,10,2,14,,51,51,1,12,4,120.673703,24.129744,2
2881,66000,387130000C,(04)23274275,(04)23288582,2025,6,9,10,50,臺中市,潭子區,0,0,0,7,,,50,,,,,,,,,,,,,,,,,,,B03,,,1,,2,,,21,21,1,13,4,120.706031,24.200805,3
2882,66000,387130000C,(04)23274275,(04)23288582,2025,6,9,10,52,臺中市,北區,0,0,0,7,,,40,,,,,,,,,,,,,,17,,,,,B03,,,1,,1,,,50,50,1,13,4,120.677078,24.154217,3
2883,66000,387130000C,(04)23274275,(04)23288582,2025,6,9,10,52,臺中市,梧棲區,0,1,0,7,3,6,50,4,1,1,5,4,6,3,4,4,10,5,5,2,15,2,9,1,1,C03,7,9,1,10,2,11,,15,15,1,6,4,120.533625,24.258126,2
2884,66000,387130000C,(04)23274275,(04)23288582,2025,6,9,11,3,臺中市,大雅區,0,0,0,7,,,60,,,,,,,,,,,,,,,,,,,B03,,,1,,2,,,40,40,1,13,4,120.645745,24.225066,3
2885,66000,387130000C,(04)23274275,(04)23288582,2025,6,9,11,4,臺中市,南區,0,0,0,7,,,30,,,,,,,,,,,,,,30,,,,,,,,,,,,,119,119,1,,,120.669471,24.117317,3
2886,66000,387130000C,(04)23274275,(04)23288582,2025,6,9,11,6,臺中市,霧峰區,0,0,0,7,,,50,,,,,,,,,,,,,,,,,,,B03,,,1,,1,,,84,84,1,13,4,120.695953,24.065768,3
2887,66000,387130000C,(04)23274275,(04)23288582,2025,6,9,11,10,臺中市,北屯區,0,1,0,7,2,6,50,4,1,1,5,4,6,6,2,1,10,5,5,2,12,2,8,2,1,C04,7,9,1,10,2,11,,7,7,1,12,4,120.664286,24.185459,2
2888,66000,387130000C,(04)23274275,(04)23288582,2025,6,9,11,11,臺中市,南屯區,0,0,0,7,,,30,,,,,,,,,,,,,,,,,,,B12,,,1,,1,,,49,49,1,12,4,120.612497,24.13764,3
2889,66000,387130000C,(04)23274275,(04)23288582,2025,6,9,11,14,臺中市,潭子區,0,0,0,7,,,30,,,,,,,,,,,,,,14,,,,,B12,,,1,,2,,,49,49,1,13,4,120.698292,24.213785,3
2890,66000,387130000C,(04)23274275,(04)23288582,2025,6,9,11,16,臺中市,北屯區,0,0,0,7,,,50,,,,,,,,,,,,,,30,,,,,,,,,,,,,119,119,1,,,120.694113,24.170259,3
2891,66000,387130000C,(04)23274275,(04)23288582,2025,6,9,11,23,臺中市,西屯區,0,0,0,7,,,50,,,,,,,,,,,,,,13,,,,,B13,,,1,,1,,,7,7,1,12,4,120.635879,24.181852,3
2892,66000,387130000C,(04)23274275,(04)23288582,2025,6,9,11,27,臺中市,西屯區,0,1,0,7,1,6,50,13,9,1,5,4,1,6,4,4,10,4,5,2,12,3,10,3,1,B03,7,9,1,8,2,5,,84,84,1,12,4,120.620759,24.186743,2
2893,66000,387130000C,(04)23274275,(04)23288582,2025,6,9,11,33,臺中市,大里區,0,1,0,7,2,6,50,5,1,1,5,4,6,6,4,4,1,5,5,2,17,3,10,1,1,C03,7,9,1,10,2,11,,4,4,1,6,4,120.71453,24.095422,2
2894,66000,387130000C,(04)23274275,(04)23288582,2025,6,9,11,37,臺中市,北區,0,2,0,7,2,6,30,3,2,5,5,4,6,6,4,4,10,5,5,2,17,2,9,2,1,C03,7,9,1,10,1,11,,20,20,1,13,4,120.681631,24.159516,2
2895,66000,387130000C,(04)23274275,(04)23288582,2025,6,9,11,38,臺中市,南屯區,0,0,0,7,,,50,,,,,,,,,,,,,,,,,,,B03,,,1,,1,,,59,59,1,12,4,120.64893,24.132665,3
2896,66000,387130000C,(04)23274275,(04)23288582,2025,6,9,11,43,臺中市,北區,0,2,0,7,2,6,50,5,2,1,5,4,6,6,3,1,10,5,5,2,17,2,9,2,1,C03,7,9,1,10,2,14,,7,7,1,13,4,120.697678,24.155231,2
2897,66000,387130000C,(04)23274275,(04)23288582,2025,6,9,11,45,臺中市,沙鹿區,0,1,0,7,2,6,50,13,9,1,5,4,6,6,4,4,5,5,5,1,17,4,11,2,1,C03,7,1,1,10,2,12,,39,39,1,6,4,120.566327,24.236415,2
2898,66000,387130000C,(04)23274275,(04)23288582,2025,6,9,11,45,臺中市,大甲區,0,1,0,7,3,6,50,3,1,1,5,4,6,6,4,4,10,5,5,2,18,2,9,1,1,C03,7,9,1,10,2,11,,7,7,1,6,4,120.620343,24.341945,2
2899,66000,387130000C,(04)23274275,(04)23288582,2025,6,9,11,50,臺中市,西區,0,0,0,7,,,50,,,,,,,,,,,,,,17,,,,,C03,,,1,,2,,,39,39,1,12,4,120.664133,24.14895,3
2900,66000,387130000C,(04)23274275,(04)23288582,2025,6,9,11,55,臺中市,西屯區,0,1,0,7,2,6,50,4,1,1,5,4,6,6,2,1,10,5,5,1,16,3,10,3,1,B03,7,5,1,8,2,5,,41,41,1,12,4,120.625002,24.182084,2
2901,66000,387130000C,(04)23274275,(04)23288582,2025,6,9,11,59,臺中市,霧峰區,0,1,0,7,2,6,40,13,12,1,5,4,6,6,2,1,1,5,5,1,16,2,9,1,1,C03,7,9,1,10,2,14,12,84,84,1,13,4,120.663497,24.083823,2
2902,66000,387130000C,(04)23274275,(04)23288582,2025,6,9,12,0,臺中市,北屯區,0,1,0,7,3,6,50,13,9,1,5,4,3,6,4,4,9,5,5,2,17,2,9,2,1,C01,7,1,1,9,1,11,,51,51,1,6,4,120.709523,24.181321,2
2903,66000,387130000C,(04)23274275,(04)23288582,2025,6,9,12,0,臺中市,梧棲區,0,1,0,7,2,6,50,4,1,1,5,4,6,6,2,1,10,5,5,2,16,3,10,2,1,C03,7,9,1,10,2,12,,21,21,1,12,4,120.530243,24.260993,2
2904,66000,387130000C,(04)23274275,(04)23288582,2025,6,9,12,4,臺中市,北屯區,0,0,0,7,,,40,,,,,,,,,,,,,,14,,,,,B12,,,1,8,1,,,49,49,1,6,4,120.667067,24.180768,3
2905,66000,387130000C,(04)23274275,(04)23288582,2025,6,9,12,13,臺中市,大雅區,0,1,0,7,1,6,50,3,2,1,5,4,6,6,1,1,5,5,5,1,17,3,10,1,2,C04,7,7,1,10,2,12,,40,40,1,12,4,120.653494,24.222319,2
2906,66000,387130000C,(04)23274275,(04)23288582,2025,6,9,12,14,臺中市,龍井區,0,0,0,7,2,6,50,13,9,1,5,4,6,6,4,4,10,5,5,1,14,3,10,3,1,B03,7,2,1,8,1,3,,49,49,1,6,4,120.58897,24.181003,3
2907,66000,387130000C,(04)23274275,(04)23288582,2025,6,9,12,15,臺中市,西屯區,0,0,0,7,,,40,,,,,,,,,,,,,,13,,,,,B12,,,1,,1,,,7,7,1,12,4,120.629004,24.163845,3
2908,66000,387130000C,(04)23274275,(04)23288582,2025,6,9,12,15,臺中市,龍井區,0,1,0,7,3,6,30,13,9,1,4,4,6,6,4,4,10,5,5,2,13,2,9,1,1,C03,7,9,3,19,2,11,,7,7,1,6,4,120.522102,24.197379,2
2909,66000,387130000C,(04)23274275,(04)23288582,2025,6,9,12,19,臺中市,北區,0,0,0,7,,,50,,,,,,,,,,,,,,14,,,,,B03,,,1,,9,,,49,49,2,13,4,120.670548,24.169819,3
2910,66000,387130000C,(04)23274275,(04)23288582,2025,6,9,12,20,臺中市,南屯區,0,2,0,7,3,6,50,13,7,1,5,4,6,6,4,4,5,5,4,2,16,2,9,1,1,C03,7,6,1,10,1,14,,39,39,1,12,4,120.616146,24.153052,2
2911,66000,387130000C,(04)23274275,(04)23288582,2025,6,9,12,20,臺中市,西屯區,0,0,0,7,,,40,,,,,,,,,,,,,,14,,,,,A12,,,1,,1,,,78,78,1,12,4,120.642433,24.176976,3
2912,66000,387130000C,(04)23274275,(04)23288582,2025,6,9,12,24,臺中市,大安區,0,1,0,7,2,6,60,4,9,1,5,4,6,6,1,1,6,4,5,1,12,3,10,3,1,B03,7,5,1,8,2,5,,11,11,1,12,4,120.60191,24.368109,2
2913,66000,387130000C,(04)23274275,(04)23288582,2025,6,9,12,25,臺中市,西屯區,0,4,0,7,2,6,40,3,1,1,5,4,6,6,1,1,1,5,1,2,13,2,9,2,1,C03,7,9,1,10,2,14,,7,7,1,5,4,120.614123,24.183851,2
2914,66000,387130000C,(04)23274275,(04)23288582,2025,6,9,12,28,臺中市,北區,0,1,0,7,3,6,50,13,24,1,5,4,6,6,4,4,3,4,4,2,17,2,9,5,4,C03,7,15,1,10,2,14,,40,40,1,13,4,120.673885,24.164445,2
2915,66000,387130000C,(04)23274275,(04)23288582,2025,6,9,12,28,臺中市,大里區,0,0,0,7,,,80,,,,,,,,,,,,,,12,,,,,B11,,,1,,2,,,40,40,1,13,4,120.690704,24.098029,3
2916,66000,387130000C,(04)23274275,(04)23288582,2025,6,9,12,30,臺中市,西屯區,0,0,0,7,,,50,,,,,,,,,,,,,,13,,,,,B12,,,1,,1,,,7,7,1,12,4,120.664726,24.178119,3
2917,66000,387130000C,(04)23274275,(04)23288582,2025,6,9,12,38,臺中市,霧峰區,0,0,0,7,,,50,,,,,,,,,,,,,,,,,,,B03,,,1,,2,,,50,50,1,13,4,120.696121,24.065724,3
2918,66000,387130000C,(04)23274275,(04)23288582,2025,6,9,12,45,臺中市,南屯區,0,0,0,7,,,40,,,,,,,,,,,,,,12,,,,,B03,,,1,,2,,,8,8,1,12,4,120.649613,24.153858,3
2919,66000,387130000C,(04)23274275,(04)23288582,2025,6,9,12,47,臺中市,北區,0,0,0,7,,,50,,,,,,,,,,,,,,13,,,,,C04,,,1,,2,,,7,7,1,13,4,120.675464,24.155732,3
2920,66000,387130000C,(04)23274275,(04)23288582,2025,6,9,12,54,臺中市,西屯區,0,1,0,7,2,6,40,3,1,1,5,4,6,6,2,1,10,5,5,2,16,3,10,5,4,B03,7,5,1,8,2,2,,11,11,1,12,4,120.614143,24.185299,2
2921,66000,387130000C,(04)23274275,(04)23288582,2025,6,9,12,57,臺中市,大里區,0,1,0,7,2,6,50,4,2,1,5,4,6,6,1,1,3,4,4,1,17,3,10,3,1,A11,7,1,1,3,2,8,,51,51,1,12,4,120.679841,24.115802,2
2922,66000,387130000C,(04)23274275,(04)23288582,2025,6,9,13,0,臺中市,南屯區,0,0,0,7,3,6,50,13,9,1,5,4,6,6,1,1,5,5,5,2,12,,,,,C03,,,1,,1,,,20,20,1,12,4,120.64264,24.151114,3
2923,66000,387130000C,(04)23274275,(04)23288582,2025,6,9,13,2,臺中市,南區,0,1,0,7,2,6,50,4,1,1,5,4,6,6,2,1,10,5,5,2,16,3,10,3,1,B03,7,5,1,8,2,2,,11,11,1,12,4,120.684933,24.129583,2
2924,66000,387130000C,(04)23274275,(04)23288582,2025,6,9,13,10,臺中市,西區,0,0,0,7,,,50,,,,,,,,,,,,,,,,,,,B12,,,1,,1,,,49,49,1,13,4,120.653863,24.152323,3
2925,66000,387130000C,(04)23274275,(04)23288582,2025,6,9,13,16,臺中市,南區,0,1,0,7,2,6,40,13,8,1,5,4,6,6,4,4,1,4,4,2,13,2,9,1,1,C03,7,9,3,19,2,11,,7,7,1,12,4,120.651455,24.119637,2
2926,66000,387130000C,(04)23274275,(04)23288582,2025,6,9,13,21,臺中市,清水區,0,0,0,7,,,70,,,,,,,,,,,,,,13,,,,,B03,,,1,,2,,,7,7,1,13,4,120.58577,24.288399,3
2927,66000,387130000C,(04)23274275,(04)23288582,2025,6,9,13,25,臺中市,北區,0,0,0,7,,,50,,,,,,,,,,,,,,14,,,,,B03,,,1,,1,,,49,49,1,12,4,120.692385,24.155066,3
2928,66000,387130000C,(04)23274275,(04)23288582,2025,6,9,13,28,臺中市,烏日區,0,1,0,7,3,6,50,3,2,1,5,4,6,6,1,1,1,4,4,2,13,3,10,3,1,A02,7,9,1,2,2,1,,84,84,1,6,4,120.641715,24.11538,2
2929,66000,387130000C,(04)23274275,(04)23288582,2025,6,9,13,32,臺中市,南區,0,3,0,7,3,6,50,3,2,1,5,4,6,6,1,1,10,5,5,2,13,2,9,5,4,C03,7,9,1,10,2,14,,84,84,1,12,2,120.679394,24.122376,2
2930,66000,387130000C,(04)23274275,(04)23288582,2025,6,9,13,35,臺中市,東區,0,0,0,7,,,50,,,,,,,,,,,,,,16,,,,,,,,,,,,,86,86,1,,,120.689572,24.134278,4
2931,66000,387130000C,(04)23274275,(04)23288582,2025,6,9,13,41,臺中市,后里區,0,1,0,7,3,6,50,13,9,1,5,4,6,6,4,4,9,5,5,1,17,2,9,6,1,F02,7,9,7,21,2,12,,58,58,1,3,4,120.728804,24.307106,2