序號,縣市別代碼,機關代碼,市話,傳真,年,月,日,時,分,縣市,區,死亡數量,受傷數量,2-30,天候,道路照明設備,道路類別,道路速限,道路型態,事故位置,路面鋪裝,路面狀態,路面缺陷,障礙物,視距,號誌種類,號誌動作,分向設施,快車道或一般車道間,快慢車道間,路面邊線,事故類型及型態,受傷程度,主要傷處,保護裝備,行動電話或功能裝置,當事者區分(類別),車輛用途,當事者行動狀態,駕照狀態,駕照種類,飲酒情形,車輛撞擊部位最初,車輛撞擊部位其他,肇事因素個別,肇事因素主要,肇事逃逸,職業,共享經濟或外送平台,GPS座標X,GPS座標Y,事故類別
3044,66000,387130000C,(04)23274275,(04)23288582,2025,6,9,17,26,臺中市,南屯區,0,0,0,7,,,50,,,,,,,,,,,,,,,,,,,B03,,,1,,1,,,50,50,1,13,4,120.643388,24.153579,3
3045,66000,387130000C,(04)23274275,(04)23288582,2025,6,9,17,29,臺中市,潭子區,0,2,0,7,2,6,50,3,1,1,5,4,6,6,4,4,10,5,5,2,16,2,8,1,1,F03,7,6,7,21,2,11,,14,14,1,12,4,120.690965,24.214995,2
3046,66000,387130000C,(04)23274275,(04)23288582,2025,6,9,17,29,臺中市,西屯區,0,3,0,7,3,6,40,4,1,1,5,4,6,6,4,4,10,5,5,2,16,2,9,1,1,C03,7,6,1,10,2,14,,48,48,1,13,4,120.650304,24.157718,2
3047,66000,387130000C,(04)23274275,(04)23288582,2025,6,9,17,30,臺中市,北屯區,0,0,0,7,,,50,,,,,,,,,,,,,,13,,,,,B03,,,1,,1,,,58,58,1,6,4,120.665296,24.191302,3
3048,66000,387130000C,(04)23274275,(04)23288582,2025,6,9,17,30,臺中市,西屯區,0,0,0,7,,,50,,,,,,,,,,,,,,12,,,,,C03,,,1,,1,,,8,8,1,12,4,120.618864,24.168057,3
3049,66000,387130000C,(04)23274275,(04)23288582,2025,6,9,17,30,臺中市,烏日區,0,1,0,7,2,6,50,3,1,1,5,4,6,6,4,4,10,5,5,2,17,3,10,5,4,B03,7,5,1,8,2,6,,47,47,1,12,4,120.643268,24.076145,2
3050,66000,387130000C,(04)23274275,(04)23288582,2025,6,9,17,30,臺中市,烏日區,0,0,0,7,,,50,,,,,,,,,,,,,,17,,,,,C03,,,1,,1,,,84,84,1,6,4,120.624344,24.110503,3
3051,66000,387130000C,(04)23274275,(04)23288582,2025,6,9,17,30,臺中市,東勢區,0,0,0,7,,,70,,,,,,,,,,,,,,,,,,,B03,,,1,,1,,,7,7,1,12,4,120.822769,24.261535,3
3052,66000,387130000C,(04)23274275,(04)23288582,2025,6,9,17,32,臺中市,西區,0,1,0,7,2,6,50,3,1,1,5,4,6,6,4,4,10,5,5,2,17,2,9,6,1,F01,7,11,7,21,2,11,,46,46,1,12,4,120.659523,24.139275,2
3053,66000,387130000C,(04)23274275,(04)23288582,2025,6,9,17,33,臺中市,霧峰區,0,1,0,7,2,6,50,3,1,1,5,4,6,6,4,4,3,4,5,1,17,3,10,3,1,B02,7,5,1,8,2,1,,84,84,1,6,4,120.694519,24.051729,2
3054,66000,387130000C,(04)23274275,(04)23288582,2025,6,9,17,33,臺中市,大里區,0,0,0,7,,,30,,,,,,,,,,,,,,14,,,,,B12,,,1,,2,,,49,49,1,6,4,120.670823,24.100781,3
3055,66000,387130000C,(04)23274275,(04)23288582,2025,6,9,17,35,臺中市,沙鹿區,0,1,0,7,3,6,50,4,1,1,5,4,6,6,3,1,10,4,4,2,13,2,7,2,1,C03,7,9,1,10,2,11,14,7,7,1,13,4,120.562801,24.247016,2
3056,66000,387130000C,(04)23274275,(04)23288582,2025,6,9,17,37,臺中市,西屯區,0,0,0,7,,,80,,,,,,,,,,,,,,13,,,,,B03,,,1,,1,,,59,59,1,12,4,120.651315,24.197867,3
3057,66000,387130000C,(04)23274275,(04)23288582,2025,6,9,17,39,臺中市,大雅區,0,0,0,7,1,6,0,3,14,1,5,4,6,6,4,4,5,5,4,1,17,,,,,B03,,,1,,9,,,87,87,1,13,4,120.637606,24.217702,3
3058,66000,387130000C,(04)23274275,(04)23288582,2025,6,9,17,39,臺中市,北屯區,0,0,0,7,,,50,,,,,,,,,,,,,,12,,,,,C03,,,1,,1,,,58,58,1,6,4,120.666928,24.192075,3
3059,66000,387130000C,(04)23274275,(04)23288582,2025,6,9,17,40,臺中市,龍井區,0,1,0,7,3,6,30,13,9,1,5,4,6,6,4,4,10,5,5,2,11,2,9,1,1,C03,7,9,1,10,2,11,,59,59,1,6,4,120.545798,24.186376,2
3060,66000,387130000C,(04)23274275,(04)23288582,2025,6,9,17,44,臺中市,大里區,0,2,0,7,3,6,50,3,1,1,5,4,6,6,4,4,10,5,5,2,17,2,9,1,1,C03,7,9,1,10,2,11,,84,84,1,12,4,120.707414,24.105682,2
3061,66000,387130000C,(04)23274275,(04)23288582,2025,6,9,17,46,臺中市,烏日區,0,0,0,7,,,70,,,,,,,,,,,,,,13,,,,,B03,,,1,,1,,,51,51,1,12,4,120.612438,24.10646,3
3062,66000,387130000C,(04)23274275,(04)23288582,2025,6,9,17,47,臺中市,霧峰區,0,1,0,7,2,6,30,13,9,1,5,4,6,6,4,4,10,5,5,2,17,3,10,1,1,F06,7,1,7,21,2,11,,51,51,1,13,4,120.707158,24.070281,2
3063,66000,387130000C,(04)23274275,(04)23288582,2025,6,9,17,48,臺中市,大里區,0,1,0,7,2,6,50,13,14,1,5,4,6,6,4,4,5,5,5,1,17,2,1,2,1,C03,7,9,1,10,2,11,,39,39,1,13,4,120.698554,24.095099,2
3064,66000,387130000C,(04)23274275,(04)23288582,2025,6,9,17,50,臺中市,大里區,0,0,0,7,,,50,,,,,,,,,,,,,,,,,,,C03,,,1,,2,,,20,20,1,12,4,120.697268,24.092113,3
3065,66000,387130000C,(04)23274275,(04)23288582,2025,6,9,17,52,臺中市,沙鹿區,0,2,0,7,2,6,40,7,9,1,5,4,6,6,4,4,10,3,5,1,17,2,9,5,4,C03,7,9,1,10,2,11,,59,59,1,13,4,120.560074,24.241046,2
3066,66000,387130000C,(04)23274275,(04)23288582,2025,6,9,17,54,臺中市,南區,0,0,0,7,,,50,,,,,,,,,,,,,,13,,,,,B12,,,1,,2,,,7,7,1,6,4,120.672292,24.119113,3
3067,66000,387130000C,(04)23274275,(04)23288582,2025,6,9,17,54,臺中市,太平區,0,0,0,7,,,50,,,,,,,,,,,,,,,,,,,B03,,,1,,1,,,84,84,1,12,4,120.716004,24.148432,3
3068,66000,387130000C,(04)23274275,(04)23288582,2025,6,9,17,55,臺中市,北屯區,0,2,0,7,3,6,50,13,9,1,5,4,6,6,4,4,1,4,5,2,13,2,9,2,1,C03,7,9,1,10,1,11,,7,7,1,13,4,120.721678,24.182415,2
3069,66000,387130000C,(04)23274275,(04)23288582,2025,6,9,17,55,臺中市,西屯區,0,1,0,7,2,6,50,4,1,1,5,4,6,6,4,4,10,5,5,2,13,2,9,5,4,C03,7,9,1,10,1,11,,7,7,1,13,4,120.639356,24.179956,2
3070,66000,387130000C,(04)23274275,(04)23288582,2025,6,9,17,55,臺中市,霧峰區,0,0,0,7,,,50,,,,,,,,,,,,,,17,,,,,C03,,,1,,2,,,7,7,1,13,4,120.695645,24.015439,3
3071,66000,387130000C,(04)23274275,(04)23288582,2025,6,9,17,56,臺中市,北屯區,0,1,0,7,1,6,50,3,1,1,5,4,6,6,4,4,10,5,5,2,17,2,9,1,1,C03,7,1,1,10,1,14,,51,51,1,12,4,120.690275,24.201846,2
3072,66000,387130000C,(04)23274275,(04)23288582,2025,6,9,17,58,臺中市,西區,0,0,0,7,,,50,,,,,,,,,,,,,,17,,,,,C03,,,1,,1,,,85,85,1,12,4,120.653876,24.151047,3
3073,66000,387130000C,(04)23274275,(04)23288582,2025,6,9,17,59,臺中市,北屯區,0,1,0,7,2,6,50,4,1,1,5,4,6,6,2,1,10,5,5,2,16,2,9,1,1,C03,7,9,1,10,2,14,,39,39,1,13,4,120.697688,24.170539,2
3074,66000,387130000C,(04)23274275,(04)23288582,2025,6,9,18,0,臺中市,豐原區,0,0,0,7,,,50,,,,,,,,,,,,,,17,,,,,B03,,,1,,2,,,39,39,1,6,4,120.732813,24.258586,3
3075,66000,387130000C,(04)23274275,(04)23288582,2025,6,9,18,2,臺中市,南區,0,0,0,7,,,50,,,,,,,,,,,,,,16,,,,,B03,,,1,,2,,,84,84,1,6,4,120.650118,24.120638,3
3076,66000,387130000C,(04)23274275,(04)23288582,2025,6,9,18,3,臺中市,西屯區,0,1,0,7,2,6,60,13,7,1,5,4,6,6,4,4,5,4,4,2,12,2,9,2,1,C03,7,8,1,10,2,14,,40,40,1,12,4,120.641469,24.16818,2
3077,66000,387130000C,(04)23274275,(04)23288582,2025,6,9,18,4,臺中市,西屯區,0,0,0,7,,,50,,,,,,,,,,,,,,16,,,,,B03,,,1,,1,,,51,51,1,12,4,120.629179,24.20553,3
3078,66000,387130000C,(04)23274275,(04)23288582,2025,6,9,18,5,臺中市,東區,0,0,0,7,1,6,50,4,1,1,5,4,6,6,1,1,10,5,5,2,17,3,10,3,1,B03,7,6,1,8,2,8,,11,11,1,12,4,120.702112,24.127519,3
3079,66000,387130000C,(04)23274275,(04)23288582,2025,6,9,18,7,臺中市,西區,0,1,0,7,3,6,50,4,1,1,5,4,6,6,1,1,10,5,5,2,17,2,9,3,1,B03,7,6,1,8,2,1,,84,84,1,13,4,120.661463,24.162785,2
3080,66000,387130000C,(04)23274275,(04)23288582,2025,6,9,18,7,臺中市,北區,0,1,0,7,1,6,50,13,9,1,5,4,6,6,4,4,3,4,5,1,13,2,8,1,1,C03,7,9,1,11,2,11,,59,59,1,12,4,120.677785,24.162984,2
3081,66000,387130000C,(04)23274275,(04)23288582,2025,6,9,18,8,臺中市,中區,0,0,0,7,,,50,,,,,,,,,,,,,,,,,,,B03,,,1,,1,,,8,8,1,12,4,120.679238,24.141847,3
3082,66000,387130000C,(04)23274275,(04)23288582,2025,6,9,18,10,臺中市,西區,0,1,0,7,2,6,50,4,1,1,5,4,6,6,4,4,10,5,5,2,13,3,10,1,1,C03,7,9,1,10,2,11,,7,7,1,12,4,120.664133,24.14895,2
3083,66000,387130000C,(04)23274275,(04)23288582,2025,6,9,18,10,臺中市,太平區,0,0,0,7,,,50,,,,,,,,,,,,,,13,,,,,C03,,,1,,2,,,7,7,1,6,4,120.729568,24.108845,3
3084,66000,387130000C,(04)23274275,(04)23288582,2025,6,9,18,11,臺中市,北屯區,0,1,0,7,2,6,50,4,1,1,5,4,6,6,4,4,10,5,5,2,13,3,10,3,1,B03,7,5,1,8,2,5,,7,7,1,6,4,120.685498,24.172177,2
3085,66000,387130000C,(04)23274275,(04)23288582,2025,6,9,18,15,臺中市,北區,0,1,0,7,3,6,50,4,1,1,5,4,6,6,4,4,10,5,5,2,15,3,10,1,1,C03,7,9,1,10,2,11,,13,13,1,12,4,120.692314,24.156009,2
3086,66000,387130000C,(04)23274275,(04)23288582,2025,6,9,18,15,臺中市,北屯區,0,0,0,7,,,40,,,,,,,,,,,,,,17,,,,,B03,,,1,,1,,,40,40,1,6,4,120.739729,24.178881,3
3087,66000,387130000C,(04)23274275,(04)23288582,2025,6,9,18,17,臺中市,大里區,0,0,0,7,,,30,,,,,,,,,,,,,,,,,,,B03,,,1,,1,,,84,84,1,13,4,120.730482,24.089962,3
3088,66000,387130000C,(04)23274275,(04)23288582,2025,6,9,18,18,臺中市,北屯區,0,1,0,7,3,6,50,3,1,1,5,4,6,6,4,4,10,5,5,2,16,3,10,3,1,B03,7,6,1,8,2,4,,14,14,1,13,4,120.667744,24.191749,2
3089,66000,387130000C,(04)23274275,(04)23288582,2025,6,9,18,18,臺中市,沙鹿區,0,1,0,7,2,6,50,4,2,1,5,4,6,6,4,4,5,5,5,2,17,3,10,3,1,B03,7,13,1,7,2,4,,76,76,1,12,4,120.603745,24.242656,2
3090,66000,387130000C,(04)23274275,(04)23288582,2025,6,9,18,20,臺中市,大里區,0,0,0,6,,,80,,,,,,,,,,,,,,13,,,,,B03,,,1,,2,,,7,7,1,6,4,120.682258,24.079665,3
3091,66000,387130000C,(04)23274275,(04)23288582,2025,6,9,18,24,臺中市,北區,0,0,0,7,,,50,,,,,,,,,,,,,,,,,,,B12,,,1,,11,,,84,84,1,13,4,120.696616,24.159879,3
3092,66000,387130000C,(04)23274275,(04)23288582,2025,6,9,18,32,臺中市,中區,0,1,0,7,2,6,50,13,9,1,5,4,6,6,4,4,5,4,5,2,13,2,8,2,1,C03,7,9,1,10,2,11,,7,7,1,12,4,120.678952,24.139018,2
3093,66000,387130000C,(04)23274275,(04)23288582,2025,6,9,18,32,臺中市,南區,0,0,0,7,,,50,,,,,,,,,,,,,,,,,,,C03,,,1,,2,,,84,84,1,6,4,120.669932,24.119017,3
3094,66000,387130000C,(04)23274275,(04)23288582,2025,6,9,18,32,臺中市,沙鹿區,0,1,0,7,1,6,50,13,8,1,5,4,6,6,4,4,1,4,4,2,17,2,9,3,1,B12,7,7,5,19,2,5,1,59,59,1,13,4,120.558746,24.229853,2
3095,66000,387130000C,(04)23274275,(04)23288582,2025,6,9,18,35,臺中市,豐原區,0,1,0,6,2,6,50,4,1,1,5,4,6,6,4,4,5,5,4,2,13,2,9,5,4,C03,7,9,1,10,2,11,,7,7,1,13,4,120.713888,24.248652,2
3096,66000,387130000C,(04)23274275,(04)23288582,2025,6,9,18,36,臺中市,北屯區,0,0,0,7,,,50,,,,,,,,,,,,,,17,,,,,,,,,,,,,119,119,1,,,120.70724,24.165874,3
3097,66000,387130000C,(04)23274275,(04)23288582,2025,6,9,18,38,臺中市,龍井區,0,0,0,7,2,6,50,13,9,1,5,4,6,6,4,4,10,5,5,2,14,3,10,3,1,B12,7,2,1,8,1,3,,49,49,1,6,4,120.586816,24.17755,3
3098,66000,387130000C,(04)23274275,(04)23288582,2025,6,9,18,40,臺中市,梧棲區,0,1,0,7,2,6,50,13,9,1,5,4,6,6,4,4,5,4,5,1,13,2,9,1,1,C03,7,9,1,10,2,11,,7,7,1,12,4,120.539155,24.251177,2
3099,66000,387130000C,(04)23274275,(04)23288582,2025,6,9,18,46,臺中市,西區,0,0,0,7,,,50,,,,,,,,,,,,,,30,,,,,B02,,,1,,2,,,84,84,1,12,4,120.661502,24.147389,3
3100,66000,387130000C,(04)23274275,(04)23288582,2025,6,9,18,48,臺中市,大雅區,0,0,0,7,,,60,,,,,,,,,,,,,,,,,,,A11,,,1,,2,,,40,40,1,13,4,120.646738,24.222107,3
3101,66000,387130000C,(04)23274275,(04)23288582,2025,6,9,18,48,臺中市,太平區,0,0,0,7,,,50,,,,,,,,,,,,,,,,,,,C03,,,1,,1,,,50,50,1,12,4,120.720315,24.120751,3
3102,66000,387130000C,(04)23274275,(04)23288582,2025,6,9,18,50,臺中市,北區,0,0,0,7,,,50,,,,,,,,,,,,,,13,,,,,B03,,,1,,1,,,84,84,1,12,4,120.686537,24.154629,3
3103,66000,387130000C,(04)23274275,(04)23288582,2025,6,9,18,53,臺中市,龍井區,0,3,0,7,1,6,30,4,1,1,5,4,6,6,4,4,10,5,5,2,15,2,9,1,1,C03,7,9,1,10,2,11,,15,15,1,6,4,120.518891,24.220764,2
3104,66000,387130000C,(04)23274275,(04)23288582,2025,6,9,18,55,臺中市,霧峰區,0,0,0,7,,,40,,,,,,,,,,,,,,,,,,,B01,,,1,,2,,,84,84,1,6,4,120.699895,24.071634,3
3105,66000,387130000C,(04)23274275,(04)23288582,2025,6,9,18,56,臺中市,南屯區,0,1,0,7,1,6,40,13,9,1,5,4,6,6,4,4,10,5,5,2,17,2,9,2,4,C03,7,9,1,10,2,11,,59,59,1,6,4,120.636348,24.137404,2
3106,66000,387130000C,(04)23274275,(04)23288582,2025,6,9,18,59,臺中市,潭子區,0,0,0,7,,,50,,,,,,,,,,,,,,,,,,,B03,,,1,,2,,,8,8,1,13,4,120.676309,24.205427,3
3107,66000,387130000C,(04)23274275,(04)23288582,2025,6,9,19,2,臺中市,北屯區,0,1,0,7,1,6,50,13,7,1,5,4,6,6,4,4,5,4,4,2,16,2,9,2,1,C03,7,6,1,10,2,12,,39,39,1,12,4,120.723792,24.166113,2
3108,66000,387130000C,(04)23274275,(04)23288582,2025,6,9,19,9,臺中市,霧峰區,0,0,0,6,,,40,,,,,,,,,,,,,,,,,,,B12,,,1,,1,,,50,50,1,13,4,120.701555,24.067448,3
3109,66000,387130000C,(04)23274275,(04)23288582,2025,6,9,19,9,臺中市,后里區,0,1,0,7,1,6,50,13,12,1,5,4,6,6,4,4,1,4,4,2,16,3,10,3,1,B03,7,5,1,8,2,6,,20,20,1,12,4,120.722504,24.310134,2
3110,66000,387130000C,(04)23274275,(04)23288582,2025,6,9,19,9,臺中市,后里區,0,1,0,7,1,6,50,3,1,1,5,4,6,6,3,1,10,5,5,2,12,2,9,1,1,C03,7,8,1,8,2,14,,42,42,1,12,4,120.722738,24.309939,2
3111,66000,387130000C,(04)23274275,(04)23288582,2025,6,9,19,10,臺中市,大雅區,0,1,0,6,1,6,50,13,9,1,5,4,6,6,4,4,4,5,5,1,17,3,10,1,1,C03,7,15,1,10,2,13,,42,42,1,13,4,120.657149,24.224158,2
3112,66000,387130000C,(04)23274275,(04)23288582,2025,6,9,19,12,臺中市,大里區,0,0,0,6,,,50,,,,,,,,,,,,,,17,,,,,B03,,,1,,2,,,84,84,1,13,4,120.713493,24.088522,3
3113,66000,387130000C,(04)23274275,(04)23288582,2025,6,9,19,18,臺中市,西區,0,0,0,6,,,50,,,,,,,,,,,,,,,,,,,B03,,,1,,2,,,8,8,1,13,4,120.664166,24.145923,3
3114,66000,387130000C,(04)23274275,(04)23288582,2025,6,9,19,20,臺中市,北區,0,0,0,7,1,6,50,4,2,1,5,4,6,6,1,1,1,4,5,2,16,3,10,3,1,B03,7,5,1,8,1,5,2,84,84,1,12,4,120.682558,24.153214,3
3115,66000,387130000C,(04)23274275,(04)23288582,2025,6,9,19,22,臺中市,西區,0,1,0,7,1,6,50,4,1,1,5,4,6,6,2,1,10,5,5,2,3,3,10,3,1,B03,7,6,1,8,2,1,,10,10,1,12,4,120.665645,24.137953,2
3116,66000,387130000C,(04)23274275,(04)23288582,2025,6,9,19,30,臺中市,北區,0,0,0,7,,,50,,,,,,,,,,,,,,12,,,,,B03,,,1,,1,,,59,59,1,12,4,120.685258,24.1608,3
3117,66000,387130000C,(04)23274275,(04)23288582,2025,6,9,19,39,臺中市,北屯區,0,1,0,7,1,6,50,4,2,1,5,4,6,6,1,1,5,5,4,2,13,3,10,3,1,B03,7,9,1,8,2,5,,84,84,1,12,4,120.693751,24.176404,2
3118,66000,387130000C,(04)23274275,(04)23288582,2025,6,9,19,41,臺中市,西屯區,0,0,0,7,,,30,,,,,,,,,,,,,,17,,,,,B03,,,3,,2,,,8,8,1,12,4,120.661102,24.168623,3
3119,66000,387130000C,(04)23274275,(04)23288582,2025,6,9,19,43,臺中市,北區,0,2,0,7,1,6,50,3,2,1,5,4,6,6,1,1,1,4,5,2,13,2,9,5,4,C03,7,9,1,10,2,11,,84,84,1,12,4,120.672225,24.16235,2
3120,66000,387130000C,(04)23274275,(04)23288582,2025,6,9,19,47,臺中市,北屯區,0,2,0,7,1,6,50,4,1,1,5,4,6,6,4,4,10,5,5,2,15,2,9,1,1,C03,7,9,1,10,2,12,,15,15,1,13,4,120.725197,24.163418,2
3121,66000,387130000C,(04)23274275,(04)23288582,2025,6,9,19,48,臺中市,南區,0,0,0,7,,,50,,,,,,,,,,,,,,13,,,,,B03,,,5,,2,,,7,7,1,6,4,120.679399,24.12407,3
3122,66000,387130000C,(04)23274275,(04)23288582,2025,6,9,19,55,臺中市,西區,0,1,0,7,1,6,50,3,1,1,5,4,6,6,4,4,10,5,5,2,17,2,9,1,1,C03,7,6,1,10,2,14,,84,84,1,13,4,120.655218,24.151542,2
3123,66000,387130000C,(04)23274275,(04)23288582,2025,6,9,20,0,臺中市,豐原區,0,1,0,6,1,6,60,13,8,1,5,4,6,6,4,4,1,4,4,1,17,3,10,3,1,B03,7,7,1,8,2,2,,40,40,1,6,4,120.723982,24.236427,2
3124,66000,387130000C,(04)23274275,(04)23288582,2025,6,9,20,8,臺中市,西區,0,0,0,7,,,40,,,,,,,,,,,,,,,,,,,C03,,,1,,1,,,50,50,1,12,4,120.666034,24.132038,3
3125,66000,387130000C,(04)23274275,(04)23288582,2025,6,9,20,8,臺中市,北屯區,0,1,0,7,1,6,40,13,7,1,5,4,6,6,4,4,1,4,4,2,17,2,9,1,1,C03,7,8,5,19,2,14,,40,40,1,6,4,120.670537,24.17603,2
3126,66000,387130000C,(04)23274275,(04)23288582,2025,6,9,20,11,臺中市,南屯區,0,1,0,7,1,6,50,4,1,1,5,4,6,6,4,4,10,5,5,2,15,3,10,5,4,B03,7,9,1,7,2,6,,15,15,1,13,4,120.645457,24.139593,2
3127,66000,387130000C,(04)23274275,(04)23288582,2025,6,9,20,13,臺中市,大雅區,0,1,0,7,1,6,50,13,14,1,5,4,6,6,4,4,5,5,5,1,17,3,10,3,1,B03,7,15,1,8,2,2,,84,84,1,13,4,120.645986,24.220708,2
3128,66000,387130000C,(04)23274275,(04)23288582,2025,6,9,20,16,臺中市,西屯區,0,1,0,7,2,6,50,3,9,1,5,4,6,6,1,1,1,4,5,2,13,3,10,5,4,B03,7,9,1,8,2,5,,21,21,1,12,4,120.653455,24.198483,2
3129,66000,387130000C,(04)23274275,(04)23288582,2025,6,9,20,20,臺中市,霧峰區,0,0,0,5,,,50,,,,,,,,,,,,,,17,,,,,C03,,,1,,2,,,11,11,1,13,4,120.678028,24.073679,3
3130,66000,387130000C,(04)23274275,(04)23288582,2025,6,9,20,20,臺中市,沙鹿區,0,0,0,7,,,40,,,,,,,,,,,,,,17,,,,,B12,,,1,,2,,,50,50,1,13,4,120.56106,24.242071,3
3131,66000,387130000C,(04)23274275,(04)23288582,2025,6,9,20,23,臺中市,大安區,0,0,0,7,,,60,,,,,,,,,,,,,,,,,,,B03,,,1,,1,,,59,59,1,12,4,120.585762,24.364999,3
3132,66000,387130000C,(04)23274275,(04)23288582,2025,6,9,20,25,臺中市,大里區,0,0,0,6,1,6,50,4,8,1,5,4,6,6,4,4,5,4,4,2,12,,,,,B03,,,1,,2,,,84,84,1,12,4,120.6921,24.11214,3
3133,66000,387130000C,(04)23274275,(04)23288582,2025,6,9,20,29,臺中市,霧峰區,0,0,0,7,,,60,,,,,,,,,,,,,,,,,,,B03,,,1,,1,,,7,7,1,13,4,120.6963,24.054327,3
3134,66000,387130000C,(04)23274275,(04)23288582,2025,6,9,20,32,臺中市,西區,0,2,0,7,3,6,30,4,1,1,5,4,6,6,4,4,10,5,5,2,17,2,9,2,1,C03,7,9,1,10,2,12,,15,15,1,12,4,120.680791,24.137917,2
3135,66000,387130000C,(04)23274275,(04)23288582,2025,6,9,20,33,臺中市,豐原區,0,1,0,7,1,6,50,13,9,1,5,4,6,6,4,4,5,5,4,2,17,2,9,1,4,C03,7,15,1,10,2,14,,84,84,1,12,4,120.71406,24.257265,2
3136,66000,387130000C,(04)23274275,(04)23288582,2025,6,9,20,34,臺中市,南屯區,0,0,0,7,,,40,,,,,,,,,,,,,,17,,,,,B03,,,1,,1,,,84,84,1,12,4,120.640706,24.143302,3
3137,66000,387130000C,(04)23274275,(04)23288582,2025,6,9,20,34,臺中市,西屯區,0,2,0,7,1,6,40,3,1,1,5,4,6,6,4,4,10,5,5,2,13,2,8,1,1,C03,7,9,1,10,2,11,,7,7,1,12,4,120.645907,24.172891,2
3138,66000,387130000C,(04)23274275,(04)23288582,2025,6,9,20,37,臺中市,西屯區,0,1,0,7,1,6,60,4,2,1,5,4,6,6,4,4,1,4,5,2,12,3,10,3,1,B03,7,9,1,8,2,2,,7,7,1,12,4,120.647601,24.159382,2
3139,66000,387130000C,(04)23274275,(04)23288582,2025,6,9,20,42,臺中市,后里區,0,1,0,7,1,6,50,4,1,1,5,4,6,6,4,4,10,5,5,2,15,2,9,1,1,C03,7,9,3,19,2,12,,12,12,1,12,4,120.673393,24.313228,2
3140,66000,387130000C,(04)23274275,(04)23288582,2025,6,9,20,50,臺中市,霧峰區,0,0,0,7,,,50,,,,,,,,,,,,,,,,,,,B03,,,1,,1,,,84,84,1,13,4,120.696401,24.060522,3
3141,66000,387130000C,(04)23274275,(04)23288582,2025,6,9,20,56,臺中市,南區,0,0,0,7,,,50,,,,,,,,,,,,,,,,,,,B03,,,1,,2,,,87,87,1,6,4,120.650576,24.120293,3
3142,66000,387130000C,(04)23274275,(04)23288582,2025,6,9,20,58,臺中市,東區,0,0,0,7,1,6,50,3,1,1,5,4,6,6,4,4,10,5,5,2,17,3,10,1,1,C03,7,15,1,10,1,12,,84,84,1,12,4,120.695092,24.14717,3
3143,66000,387130000C,(04)23274275,(04)23288582,2025,6,9,21,6,臺中市,東區,0,1,0,7,1,6,50,3,1,1,5,4,6,6,3,1,10,5,5,2,17,2,9,2,1,C03,7,6,1,10,2,12,,24,24,1,13,4,120.686823,24.140108,2
3144,66000,387130000C,(04)23274275,(04)23288582,2025,6,9,21,10,臺中市,大雅區,0,2,0,7,1,6,50,13,9,1,5,4,6,6,4,4,4,5,5,1,17,2,9,1,1,C03,7,9,1,10,2,11,,7,7,1,13,4,120.655964,24.22716,2
3145,66000,387130000C,(04)23274275,(04)23288582,2025,6,9,21,17,臺中市,潭子區,0,1,0,7,1,6,50,3,8,1,5,4,6,6,4,4,1,4,4,1,17,3,10,3,1,B03,7,5,1,8,9,16,,65,65,1,13,4,120.70416,24.21563,2
3146,66000,387130000C,(04)23274275,(04)23288582,2025,6,9,21,20,臺中市,北屯區,0,0,0,7,,,50,,,,,,,,,,,,,,17,,,,,C03,,,1,,1,,,84,84,1,13,4,120.689048,24.181002,3
3147,66000,387130000C,(04)23274275,(04)23288582,2025,6,9,21,23,臺中市,大肚區,0,0,0,7,,,50,,,,,,,,,,,,,,,,,,,B03,,,1,,2,,,40,40,1,6,4,120.547584,24.144195,4
3148,66000,387130000C,(04)23274275,(04)23288582,2025,6,9,21,28,臺中市,西屯區,0,0,0,7,,,50,,,,,,,,,,,,,,17,,,,,C03,,,1,,10,,,87,87,1,12,4,120.635235,24.163009,3
3149,66000,387130000C,(04)23274275,(04)23288582,2025,6,9,21,30,臺中市,北屯區,0,0,0,7,,,50,,,,,,,,,,,,,,17,,,,,B12,,,1,,1,,,50,50,1,6,4,120.729409,24.170401,3
3150,66000,387130000C,(04)23274275,(04)23288582,2025,6,9,21,30,臺中市,北屯區,0,1,0,7,1,6,30,13,9,1,5,4,6,6,4,4,10,5,5,2,13,3,10,3,1,B12,7,9,1,8,2,5,,43,43,1,13,4,120.663078,24.19141,2
3151,66000,387130000C,(04)23274275,(04)23288582,2025,6,9,21,35,臺中市,大里區,0,1,0,7,1,6,40,13,7,1,5,4,6,6,4,4,1,5,4,1,23,2,9,2,1,C03,7,9,1,10,2,14,,84,84,1,13,4,120.664545,24.088272,2
3152,66000,387130000C,(04)23274275,(04)23288582,2025,6,9,21,42,臺中市,霧峰區,0,0,0,7,,,50,,,,,,,,,,,,,,,,,,,C03,,,1,,2,,,49,49,1,13,4,120.697865,24.059361,3
3153,66000,387130000C,(04)23274275,(04)23288582,2025,6,9,21,45,臺中市,沙鹿區,0,0,0,7,,,50,,,,,,,,,,,,,,14,,,,,B03,,,1,,2,,,49,49,1,12,4,120.561562,24.237859,3
3154,66000,387130000C,(04)23274275,(04)23288582,2025,6,9,21,51,臺中市,南屯區,0,2,0,7,1,6,50,4,2,1,5,4,6,6,4,4,1,4,5,2,13,2,9,1,1,C03,7,9,1,10,2,11,,84,84,1,12,4,120.640363,24.11713,2
3155,66000,387130000C,(04)23274275,(04)23288582,2025,6,9,22,0,臺中市,烏日區,0,0,0,7,,,40,,,,,,,,,,,,,,9,,,,,B03,,,1,,2,,,51,51,1,6,4,120.637434,24.104265,3