序號,縣市別代碼,機關代碼,市話,傳真,年,月,日,時,分,縣市,區,死亡數量,受傷數量,2-30,天候,道路照明設備,道路類別,道路速限,道路型態,事故位置,路面鋪裝,路面狀態,路面缺陷,障礙物,視距,號誌種類,號誌動作,分向設施,快車道或一般車道間,快慢車道間,路面邊線,事故類型及型態,受傷程度,主要傷處,保護裝備,行動電話或功能裝置,當事者區分(類別),車輛用途,當事者行動狀態,駕照狀態,駕照種類,飲酒情形,車輛撞擊部位最初,車輛撞擊部位其他,肇事因素個別,肇事因素主要,肇事逃逸,職業,共享經濟或外送平台,GPS座標X,GPS座標Y,事故類別
3156,66000,387130000C,(04)23274275,(04)23288582,2025,6,9,22,3,臺中市,新社區,0,1,0,7,1,6,50,3,2,1,5,4,6,6,4,4,10,5,5,2,25,2,9,2,1,C03,7,5,1,10,2,14,,84,84,1,12,4,120.814558,24.237614,2
3157,66000,387130000C,(04)23274275,(04)23288582,2025,6,9,22,11,臺中市,龍井區,0,1,0,7,1,6,50,13,9,1,5,4,6,6,4,4,5,4,5,1,17,2,8,1,1,C03,7,9,1,10,2,11,,6,6,1,13,4,120.523566,24.201624,2
3158,66000,387130000C,(04)23274275,(04)23288582,2025,6,9,22,25,臺中市,西屯區,0,0,0,7,,,50,,,,,,,,,,,,,,14,,,,,B12,,,1,,1,,,49,49,1,13,4,120.61947,24.187232,3
3159,66000,387130000C,(04)23274275,(04)23288582,2025,6,9,22,30,臺中市,霧峰區,0,2,0,7,1,6,50,4,1,1,5,4,6,6,1,1,10,5,5,2,17,2,7,2,1,C03,7,9,1,10,2,11,,84,84,1,6,4,120.698432,24.063399,2
3160,66000,387130000C,(04)23274275,(04)23288582,2025,6,9,22,58,臺中市,中區,0,3,0,7,1,6,50,13,9,1,5,4,6,6,4,4,5,4,5,2,12,2,9,1,1,C04,7,5,1,10,2,12,,84,84,1,13,4,120.678125,24.143513,2
3161,66000,387130000C,(04)23274275,(04)23288582,2025,6,9,23,0,臺中市,大里區,0,1,0,7,1,6,50,4,1,1,5,4,6,6,1,1,10,5,5,2,13,3,10,2,1,C03,7,14,1,10,2,13,,58,58,1,13,4,120.687362,24.087422,2
3162,66000,387130000C,(04)23274275,(04)23288582,2025,6,9,23,27,臺中市,東區,0,1,0,7,1,6,50,4,2,1,5,4,6,6,1,1,9,5,4,2,28,2,9,1,1,C03,7,9,1,10,2,11,,7,7,1,13,4,120.688809,24.135035,2
3163,66000,387130000C,(04)23274275,(04)23288582,2025,6,9,23,40,臺中市,大雅區,0,0,0,7,,,50,,,,,,,,,,,,,,,,,,,B03,,,3,,2,,,84,84,1,13,4,120.644752,24.223582,3
3164,66000,387130000C,(04)23274275,(04)23288582,2025,6,9,23,49,臺中市,北屯區,0,1,0,7,1,6,50,18,24,1,5,4,6,6,4,4,10,5,5,2,25,2,9,5,4,C03,7,9,1,10,2,11,,84,84,1,13,4,120.68602,24.185726,2
3165,66000,387130000C,(04)23274275,(04)23288582,2025,6,10,0,3,臺中市,南屯區,0,0,0,7,,,50,,,,,,,,,,,,,,17,,,,,B03,,,1,,1,,,84,84,1,13,4,120.646774,24.13968,3
3166,66000,387130000C,(04)23274275,(04)23288582,2025,6,10,1,1,臺中市,霧峰區,0,1,0,7,1,6,50,11,9,1,5,4,6,6,4,4,5,5,5,1,20,2,9,2,1,C03,7,6,1,10,2,11,,59,59,1,13,4,120.68975,24.070449,2
3167,66000,387130000C,(04)23274275,(04)23288582,2025,6,10,1,34,臺中市,北區,0,1,0,7,1,6,50,3,1,1,5,4,6,3,4,4,10,5,5,2,16,3,10,3,1,B03,7,5,1,8,2,8,,14,14,1,13,4,120.699383,24.158113,2
3168,66000,387130000C,(04)23274275,(04)23288582,2025,6,10,2,16,臺中市,梧棲區,0,1,0,7,1,6,70,13,7,1,5,4,6,6,4,4,1,4,4,1,17,2,1,3,1,B03,7,1,1,8,2,8,,51,51,1,12,4,120.547982,24.235041,2
3169,66000,387130000C,(04)23274275,(04)23288582,2025,6,10,2,19,臺中市,大里區,0,1,0,7,1,6,50,4,1,1,5,4,6,6,1,1,10,5,5,2,15,3,10,1,1,C03,7,9,1,10,2,11,,21,21,1,13,4,120.709041,24.082393,2
3170,66000,387130000C,(04)23274275,(04)23288582,2025,6,10,2,37,臺中市,西區,0,1,0,7,1,6,50,4,1,1,5,4,6,6,2,1,10,5,5,2,18,2,9,1,1,C03,7,9,1,10,2,14,,84,84,1,13,4,120.67988,24.137919,2
3171,66000,387130000C,(04)23274275,(04)23288582,2025,6,10,3,42,臺中市,大里區,0,3,0,7,1,6,50,13,9,1,5,4,6,6,4,4,5,5,5,1,11,2,9,3,1,B03,7,9,4,8,2,8,,4,4,1,13,4,120.700044,24.096352,2
3172,66000,387130000C,(04)23274275,(04)23288582,2025,6,10,4,30,臺中市,西屯區,0,0,0,7,,,30,,,,,,,,,,,,,,12,,,,,B01,,,1,,1,,,51,51,1,12,4,120.638201,24.169273,3
3173,66000,387130000C,(04)23274275,(04)23288582,2025,6,10,5,30,臺中市,北屯區,0,0,0,7,,,50,,,,,,,,,,,,,,,,,,,B02,,,1,,9,,,84,84,1,13,4,120.719865,24.163794,3
3174,66000,387130000C,(04)23274275,(04)23288582,2025,6,10,5,33,臺中市,西區,0,1,0,7,2,6,50,4,1,1,5,4,6,6,4,4,10,5,5,2,17,3,10,5,4,B03,7,6,1,8,1,16,,11,11,2,12,4,120.671816,24.136692,2
3175,66000,387130000C,(04)23274275,(04)23288582,2025,6,10,5,52,臺中市,西屯區,0,0,0,7,,,50,,,,,,,,,,,,,,16,,,,,B01,,,1,,1,,,65,65,1,13,4,120.645718,24.170037,3
3176,66000,387130000C,(04)23274275,(04)23288582,2025,6,10,6,18,臺中市,北屯區,0,1,0,7,2,6,50,3,1,1,5,4,6,6,4,4,4,3,4,2,17,3,10,2,1,C03,7,6,1,9,2,14,,12,12,1,13,4,120.68255,24.178445,2
3177,66000,387130000C,(04)23274275,(04)23288582,2025,6,10,6,18,臺中市,沙鹿區,0,1,0,7,2,6,30,4,1,1,5,4,6,1,4,4,10,5,5,2,15,3,10,3,1,B03,7,9,1,8,2,7,,12,12,1,6,4,120.56497,24.250409,2
3178,66000,387130000C,(04)23274275,(04)23288582,2025,6,10,6,24,臺中市,西區,0,1,0,7,3,6,50,5,1,1,5,4,6,6,2,1,10,5,5,2,17,2,9,1,1,C04,7,6,1,10,2,11,,11,11,1,13,4,120.670492,24.153412,2
3179,66000,387130000C,(04)23274275,(04)23288582,2025,6,10,6,33,臺中市,太平區,0,2,0,7,2,6,40,3,8,1,5,4,6,6,4,4,9,5,4,2,18,2,9,2,1,C03,7,7,1,10,2,16,,84,84,1,6,4,120.733856,24.147741,2
3180,66000,387130000C,(04)23274275,(04)23288582,2025,6,10,6,36,臺中市,大里區,0,2,0,7,2,6,50,13,9,1,5,4,6,6,4,4,9,4,5,1,12,2,9,2,1,C03,7,3,1,10,2,12,,50,50,1,12,4,120.686012,24.103098,2
3181,66000,387130000C,(04)23274275,(04)23288582,2025,6,10,6,45,臺中市,梧棲區,0,0,0,7,,,60,,,,,,,,,,,,,,17,,,,,B03,,,1,,2,,,40,40,1,12,4,120.521741,24.224356,3
3182,66000,387130000C,(04)23274275,(04)23288582,2025,6,10,6,50,臺中市,南區,0,1,0,7,3,6,50,4,1,1,5,4,6,6,2,1,5,4,4,2,11,3,10,3,1,B03,7,6,1,8,9,1,,11,11,1,12,4,120.652873,24.108827,2
3183,66000,387130000C,(04)23274275,(04)23288582,2025,6,10,6,50,臺中市,烏日區,0,0,0,7,,,70,,,,,,,,,,,,,,11,,,,,B03,,,1,,1,,,47,47,1,12,4,120.604008,24.109443,3
3184,66000,387130000C,(04)23274275,(04)23288582,2025,6,10,6,52,臺中市,后里區,0,0,0,7,,,50,,,,,,,,,,,,,,,,,,,A41,,,1,,2,,,8,8,1,13,4,120.725012,24.309025,3
3185,66000,387130000C,(04)23274275,(04)23288582,2025,6,10,6,56,臺中市,南區,0,1,0,7,2,6,50,3,1,1,5,4,6,6,4,4,10,5,5,2,16,3,10,2,1,C03,7,5,2,19,2,13,,84,84,1,4,4,120.684162,24.121003,2
3186,66000,387130000C,(04)23274275,(04)23288582,2025,6,10,7,1,臺中市,北屯區,0,1,0,7,3,6,30,4,1,1,5,4,6,6,4,4,9,5,5,2,16,3,10,3,1,B03,7,6,1,8,2,8,,14,14,1,12,4,120.699924,24.1787,2
3187,66000,387130000C,(04)23274275,(04)23288582,2025,6,10,7,6,臺中市,西屯區,0,1,0,7,2,6,50,13,5,1,5,4,6,6,4,4,5,4,5,2,16,3,10,5,4,C03,7,11,3,19,2,11,14,45,45,1,12,4,120.659714,24.168045,2
3188,66000,387130000C,(04)23274275,(04)23288582,2025,6,10,7,6,臺中市,烏日區,0,2,0,7,2,6,30,4,1,1,5,4,6,6,4,4,10,5,5,2,17,2,9,1,1,C03,7,9,1,8,2,12,,20,20,1,6,4,120.640349,24.098318,2
3189,66000,387130000C,(04)23274275,(04)23288582,2025,6,10,7,11,臺中市,西屯區,0,2,0,7,2,6,50,3,2,1,5,4,6,6,4,4,5,5,5,2,16,2,8,2,1,C03,7,5,1,8,2,12,,14,14,1,13,4,120.664747,24.17869,2
3190,66000,387130000C,(04)23274275,(04)23288582,2025,6,10,7,11,臺中市,烏日區,0,0,0,7,,,50,,,,,,,,,,,,,,17,,,,,B12,,,1,,1,,,26,26,1,6,4,120.616844,24.116186,3
3191,66000,387130000C,(04)23274275,(04)23288582,2025,6,10,7,11,臺中市,后里區,0,1,0,7,2,9,40,5,14,1,5,4,6,6,1,1,1,4,4,1,17,2,9,1,1,C03,7,9,1,10,2,11,,59,59,1,6,4,120.722201,24.307881,2
3192,66000,387130000C,(04)23274275,(04)23288582,2025,6,10,7,11,臺中市,外埔區,0,1,0,7,3,6,50,13,9,1,5,4,6,6,4,4,5,5,5,1,11,3,10,3,1,B12,7,4,1,8,1,6,,85,85,1,7,4,120.622998,24.336165,2
3193,66000,387130000C,(04)23274275,(04)23288582,2025,6,10,7,12,臺中市,西屯區,0,2,0,7,1,6,50,5,1,1,5,4,6,6,1,1,10,5,5,2,16,3,10,3,1,B03,7,5,1,8,2,5,,59,59,1,12,4,120.644164,24.201417,2
3194,66000,387130000C,(04)23274275,(04)23288582,2025,6,10,7,19,臺中市,潭子區,0,1,0,7,3,6,0,5,1,1,5,4,6,6,1,1,5,5,5,1,17,2,9,2,1,C03,7,1,1,10,2,14,,51,51,1,13,4,120.710201,24.208245,2
3195,66000,387130000C,(04)23274275,(04)23288582,2025,6,10,7,20,臺中市,大里區,0,0,0,7,,,50,,,,,,,,,,,,,,17,,,,,B03,,,1,,2,,,7,7,1,6,4,120.699976,24.093992,3
3196,66000,387130000C,(04)23274275,(04)23288582,2025,6,10,7,22,臺中市,西屯區,0,0,0,7,,,50,,,,,,,,,,,,,,13,,,,,B03,,,3,,1,,,59,59,1,13,4,120.623978,24.178726,3
3197,66000,387130000C,(04)23274275,(04)23288582,2025,6,10,7,24,臺中市,大里區,0,0,0,7,,,50,,,,,,,,,,,,,,13,,,,,B03,,,1,,2,,,84,84,1,12,4,120.679551,24.108989,3
3198,66000,387130000C,(04)23274275,(04)23288582,2025,6,10,7,25,臺中市,西屯區,0,1,0,7,1,6,50,3,1,1,5,4,6,6,4,4,10,5,5,2,16,3,10,3,1,B12,7,6,1,8,2,7,,48,48,1,12,4,120.634268,24.199378,2
3199,66000,387130000C,(04)23274275,(04)23288582,2025,6,10,7,28,臺中市,北屯區,0,3,0,7,3,6,40,4,2,1,5,4,6,6,2,1,10,5,5,2,13,2,9,2,1,C03,7,9,1,10,2,12,,7,7,1,5,4,120.660344,24.191569,2
3200,66000,387130000C,(04)23274275,(04)23288582,2025,6,10,7,29,臺中市,大里區,0,1,0,7,2,6,50,3,1,1,5,4,6,6,4,4,5,5,5,1,11,3,10,3,1,B03,7,6,1,8,2,1,,14,14,1,12,4,120.707628,24.086732,2
3201,66000,387130000C,(04)23274275,(04)23288582,2025,6,10,7,30,臺中市,大雅區,0,2,0,7,2,6,30,4,9,1,5,4,6,6,4,4,10,5,5,1,17,2,9,1,1,C03,7,9,1,10,2,11,,20,20,1,12,4,120.670907,24.236927,2
3202,66000,387130000C,(04)23274275,(04)23288582,2025,6,10,7,31,臺中市,北區,0,1,0,7,3,6,50,4,24,1,5,4,6,6,2,1,10,5,5,2,17,3,10,5,4,C03,7,5,1,10,2,12,,47,47,1,13,4,120.685277,24.161529,2
3203,66000,387130000C,(04)23274275,(04)23288582,2025,6,10,7,31,臺中市,南屯區,0,0,0,7,,,50,,,,,,,,,,,,,,16,,,,,C03,,,1,,1,,,14,14,1,6,4,120.649258,24.135292,3
3204,66000,387130000C,(04)23274275,(04)23288582,2025,6,10,7,31,臺中市,梧棲區,0,0,0,7,,,50,,,,,,,,,,,,,,13,,,,,B03,,,1,,1,,,7,7,1,6,4,120.550392,24.241374,3
3205,66000,387130000C,(04)23274275,(04)23288582,2025,6,10,7,35,臺中市,南區,0,0,0,7,,,50,,,,,,,,,,,,,,13,,,,,C03,,,1,,2,,,7,7,1,12,4,120.649163,24.118443,3
3206,66000,387130000C,(04)23274275,(04)23288582,2025,6,10,7,35,臺中市,太平區,0,0,0,7,,,30,,,,,,,,,,,,,,,,,,,,,,,,,,,119,119,1,,,120.731445,24.15429,3
3207,66000,387130000C,(04)23274275,(04)23288582,2025,6,10,7,36,臺中市,太平區,0,0,0,7,2,6,50,,,,,,,,,,,,,,2,,,,,B03,,,1,,2,4,,40,40,1,12,4,120.712815,24.14528,3
3208,66000,387130000C,(04)23274275,(04)23288582,2025,6,10,7,37,臺中市,大里區,0,1,0,7,3,6,50,4,2,1,5,4,6,6,3,1,5,5,4,2,17,4,11,3,1,B12,7,11,1,8,2,2,,45,45,1,13,4,120.69053,24.106241,2
3209,66000,387130000C,(04)23274275,(04)23288582,2025,6,10,7,40,臺中市,南屯區,0,3,0,7,2,6,30,4,1,1,5,4,6,6,4,4,9,4,5,2,15,2,9,1,1,C03,7,9,1,10,2,12,,15,15,1,12,4,120.612469,24.147231,2
3210,66000,387130000C,(04)23274275,(04)23288582,2025,6,10,7,40,臺中市,西屯區,0,2,0,7,2,6,50,4,1,1,5,4,6,6,2,1,5,4,5,2,17,2,9,5,4,C03,7,15,5,19,2,12,,42,42,1,12,4,120.655099,24.176111,2
3211,66000,387130000C,(04)23274275,(04)23288582,2025,6,10,7,42,臺中市,西屯區,0,0,0,7,,,30,,,,,,,,,,,,,,14,,,,,B03,,,1,,2,,,49,49,1,12,4,120.613072,24.173377,3
3212,66000,387130000C,(04)23274275,(04)23288582,2025,6,10,7,44,臺中市,西屯區,0,2,0,7,2,6,50,13,8,1,5,4,6,6,4,4,1,4,1,2,18,2,9,5,4,C03,7,9,1,10,2,12,,90,90,1,13,4,120.641325,24.191288,2
3213,66000,387130000C,(04)23274275,(04)23288582,2025,6,10,7,45,臺中市,潭子區,0,0,0,7,,,60,,,,,,,,,,,,,,13,,,,,B03,,,1,,2,,,7,7,1,13,4,120.703059,24.198067,3
3214,66000,387130000C,(04)23274275,(04)23288582,2025,6,10,7,45,臺中市,大甲區,0,0,0,7,,,40,,,,,,,,,,,,,,,,,,,B03,,,1,,1,,,8,8,1,12,4,120.640069,24.420552,4
3215,66000,387130000C,(04)23274275,(04)23288582,2025,6,10,7,46,臺中市,豐原區,0,1,0,7,2,6,60,3,1,1,5,4,6,6,1,1,1,4,5,2,16,2,9,1,1,C03,7,6,1,10,2,12,,36,36,1,13,4,120.714121,24.24369,2
3216,66000,387130000C,(04)23274275,(04)23288582,2025,6,10,7,46,臺中市,豐原區,0,0,0,7,,,40,,,,,,,,,,,,,,12,,,,,C03,,,1,,2,,,50,50,1,6,4,120.733694,24.252314,4
3217,66000,387130000C,(04)23274275,(04)23288582,2025,6,10,7,47,臺中市,南區,0,2,0,7,2,6,50,4,1,1,5,4,6,6,2,1,10,5,5,2,12,2,9,2,1,C03,7,9,1,10,2,12,,84,84,1,12,4,120.649972,24.12049,2
3218,66000,387130000C,(04)23274275,(04)23288582,2025,6,10,7,47,臺中市,后里區,0,0,0,7,,,50,,,,,,,,,,,,,,13,,,,,B03,,,1,,2,,,59,59,1,13,4,120.721201,24.303071,3
3219,66000,387130000C,(04)23274275,(04)23288582,2025,6,10,7,50,臺中市,潭子區,0,0,0,7,,,50,,,,,,,,,,,,,,,,,,,B03,,,5,,2,,,84,84,1,13,4,120.708992,24.200289,3
3220,66000,387130000C,(04)23274275,(04)23288582,2025,6,10,7,50,臺中市,西區,0,0,0,7,,,50,,,,,,,,,,,,,,,,,,,,,,,,,,,87,87,1,,,120.667889,24.152592,3
3221,66000,387130000C,(04)23274275,(04)23288582,2025,6,10,7,50,臺中市,清水區,0,2,0,7,3,6,40,5,1,1,5,4,6,6,1,1,1,4,4,1,17,2,9,2,1,C03,7,6,3,19,9,14,,23,23,1,12,4,120.577122,24.275601,2
3222,66000,387130000C,(04)23274275,(04)23288582,2025,6,10,7,51,臺中市,北屯區,0,0,0,7,,,50,,,,,,,,,,,,,,,,,,,B01,,,1,,1,,,84,84,1,12,4,120.727417,24.158726,3
3223,66000,387130000C,(04)23274275,(04)23288582,2025,6,10,7,53,臺中市,太平區,0,0,0,7,,,80,,,,,,,,,,,,,,13,,,,,B03,,,1,,1,,,7,7,1,12,4,120.714272,24.148696,3
3224,66000,387130000C,(04)23274275,(04)23288582,2025,6,10,7,55,臺中市,東區,0,2,0,7,2,6,50,13,9,1,5,4,6,6,4,4,5,4,5,2,12,3,10,3,1,B03,7,9,1,8,2,4,,8,8,1,12,4,120.695377,24.147849,2
3225,66000,387130000C,(04)23274275,(04)23288582,2025,6,10,7,55,臺中市,龍井區,0,1,0,7,3,6,30,3,9,1,5,4,6,6,4,4,10,5,5,2,17,3,10,1,1,C03,7,6,1,10,2,11,,14,14,1,6,4,120.538175,24.187054,2
3226,66000,387130000C,(04)23274275,(04)23288582,2025,6,10,7,57,臺中市,北屯區,0,1,0,7,2,6,50,3,1,1,5,4,6,6,2,1,10,5,5,2,18,2,9,2,1,C03,7,9,1,10,2,12,,85,85,1,12,4,120.710575,24.178252,2
3227,66000,387130000C,(04)23274275,(04)23288582,2025,6,10,7,57,臺中市,沙鹿區,0,0,0,7,,,30,,,,,,,,,,,,,,,,,,,A11,,,1,,2,,,49,49,1,13,4,120.575132,24.233516,3
3228,66000,387130000C,(04)23274275,(04)23288582,2025,6,10,7,59,臺中市,東區,0,0,0,7,,,50,,,,,,,,,,,,,,16,,,,,A04,,,1,,1,,,84,84,1,12,4,120.686006,24.141494,3
3229,66000,387130000C,(04)23274275,(04)23288582,2025,6,10,7,59,臺中市,西屯區,0,0,0,7,,,50,,,,,,,,,,,,,,12,,,,,C03,,,1,,1,,,8,8,1,12,4,120.624383,24.178531,3
3230,66000,387130000C,(04)23274275,(04)23288582,2025,6,10,8,0,臺中市,大雅區,0,1,0,7,3,6,30,4,2,1,5,4,6,6,1,1,10,5,5,2,17,3,10,3,1,B03,7,9,1,8,2,1,,84,84,1,12,4,120.630924,24.219909,2
3231,66000,387130000C,(04)23274275,(04)23288582,2025,6,10,8,1,臺中市,南區,0,0,0,7,,,50,,,,,,,,,,,,,,,,,,,B03,,,1,,1,,,11,11,1,6,4,120.666339,24.112553,3
3232,66000,387130000C,(04)23274275,(04)23288582,2025,6,10,8,1,臺中市,龍井區,0,0,0,7,,,30,,,,,,,,,,,,,,,,,,,B03,,,1,,1,,,59,59,1,6,4,120.549026,24.196191,3
3233,66000,387130000C,(04)23274275,(04)23288582,2025,6,10,8,3,臺中市,大里區,0,1,0,7,2,6,50,4,1,1,5,4,6,6,2,1,5,5,5,1,16,2,7,1,1,C03,7,9,1,10,2,12,,8,8,1,6,4,120.672679,24.115109,2
3234,66000,387130000C,(04)23274275,(04)23288582,2025,6,10,8,6,臺中市,西屯區,0,1,0,7,2,6,50,3,1,1,5,4,6,6,4,4,1,3,5,2,16,3,10,5,4,B03,7,5,1,8,2,2,,84,84,1,13,4,120.622601,24.183011,2
3235,66000,387130000C,(04)23274275,(04)23288582,2025,6,10,8,8,臺中市,北屯區,0,1,0,7,3,6,50,4,1,1,5,4,6,6,2,1,10,5,5,2,16,3,10,1,1,C03,7,6,1,10,9,11,,11,11,1,12,4,120.671094,24.175055,2
3236,66000,387130000C,(04)23274275,(04)23288582,2025,6,10,8,9,臺中市,西屯區,0,0,0,7,,,40,,,,,,,,,,,,,,12,,,,,B03,,,1,,1,,,40,40,1,12,4,120.649796,24.162755,3
3237,66000,387130000C,(04)23274275,(04)23288582,2025,6,10,8,9,臺中市,大肚區,0,0,0,7,,,50,,,,,,,,,,,,,,13,,,,,A12,,,1,,2,,,7,7,1,12,4,120.55107,24.138254,3
3238,66000,387130000C,(04)23274275,(04)23288582,2025,6,10,8,10,臺中市,東區,0,2,0,7,2,6,50,13,9,1,5,4,6,6,1,1,5,4,5,2,13,2,8,1,1,C03,7,9,1,10,2,11,,7,7,1,12,4,120.692704,24.14773,2
3239,66000,387130000C,(04)23274275,(04)23288582,2025,6,10,8,12,臺中市,南屯區,0,2,0,7,3,6,50,13,9,1,5,4,6,6,4,4,9,5,5,2,17,2,9,5,4,C03,7,15,1,10,2,14,,84,84,1,6,4,120.651605,24.133441,2
3240,66000,387130000C,(04)23274275,(04)23288582,2025,6,10,8,16,臺中市,大雅區,0,0,0,7,,,50,,,,,,,,,,,,,,12,,,,,B03,,,1,,2,,,8,8,1,13,4,120.649748,24.222733,3
3241,66000,387130000C,(04)23274275,(04)23288582,2025,6,10,8,16,臺中市,沙鹿區,0,0,0,7,,,50,,,,,,,,,,,,,,,,,,,C03,,,1,,2,,,20,20,1,6,4,120.556317,24.22832,3
3242,66000,387130000C,(04)23274275,(04)23288582,2025,6,10,8,20,臺中市,西屯區,0,0,0,7,,,50,,,,,,,,,,,,,,12,,,,,B03,,,1,,1,,,8,8,1,12,4,120.613598,24.172503,3
3243,66000,387130000C,(04)23274275,(04)23288582,2025,6,10,8,20,臺中市,龍井區,0,1,0,7,3,6,30,4,1,1,5,4,6,6,4,4,10,5,5,1,15,3,10,3,1,A11,7,9,1,3,2,2,,12,12,1,6,4,120.529777,24.218292,2
3244,66000,387130000C,(04)23274275,(04)23288582,2025,6,10,8,25,臺中市,梧棲區,0,1,0,7,3,6,30,4,1,1,5,4,6,6,4,4,10,5,5,2,17,2,9,1,1,C03,7,9,1,10,2,11,,20,20,1,6,4,120.558029,24.242164,2
3245,66000,387130000C,(04)23274275,(04)23288582,2025,6,10,8,26,臺中市,大雅區,0,0,0,7,,,30,,,,,,,,,,,,,,,,,,,B03,,,1,,1,,,84,84,1,13,4,120.65294,24.222913,3
3246,66000,387130000C,(04)23274275,(04)23288582,2025,6,10,8,30,臺中市,沙鹿區,0,0,0,7,,,30,,,,,,,,,,,,,,14,,,,,B03,,,1,,2,,,49,49,1,6,4,120.57151,24.240607,3
3247,66000,387130000C,(04)23274275,(04)23288582,2025,6,10,8,31,臺中市,南屯區,0,0,0,7,3,6,50,13,8,1,5,4,6,6,4,4,5,5,4,2,12,,,,,B03,,,1,,9,,,51,51,2,12,4,120.650259,24.138791,3
3248,66000,387130000C,(04)23274275,(04)23288582,2025,6,10,8,34,臺中市,西區,0,0,0,7,,,50,,,,,,,,,,,,,,13,,,,,C03,,,1,,1,,,84,84,1,12,4,120.672721,24.1359,3
3249,66000,387130000C,(04)23274275,(04)23288582,2025,6,10,8,35,臺中市,北屯區,0,1,0,7,2,6,50,3,1,1,5,4,6,6,2,1,10,5,5,2,12,3,10,3,1,B03,7,11,1,8,2,2,,45,45,1,12,4,120.726085,24.180312,2
3250,66000,387130000C,(04)23274275,(04)23288582,2025,6,10,8,38,臺中市,北屯區,0,1,0,7,2,6,50,13,7,1,5,4,6,6,4,4,4,5,4,2,12,2,9,2,1,C03,7,9,1,9,2,11,,7,7,1,12,4,120.688377,24.175556,2
3251,66000,387130000C,(04)23274275,(04)23288582,2025,6,10,8,40,臺中市,北屯區,0,0,0,7,,,50,,,,,,,,,,,,,,13,,,,,C03,,,1,,1,,,7,7,1,6,4,120.703896,24.159951,3
3252,66000,387130000C,(04)23274275,(04)23288582,2025,6,10,8,45,臺中市,大雅區,0,1,0,7,3,6,50,4,2,1,5,4,6,6,4,4,5,2,5,1,17,3,10,3,1,B03,7,9,1,8,2,2,,8,8,1,12,4,120.648021,24.223285,2
3253,66000,387130000C,(04)23274275,(04)23288582,2025,6,10,8,45,臺中市,南屯區,0,0,0,7,,,50,,,,,,,,,,,,,,13,,,,,B03,,,1,,1,,,7,7,1,6,4,120.640071,24.141316,3
3254,66000,387130000C,(04)23274275,(04)23288582,2025,6,10,8,46,臺中市,西屯區,0,2,0,7,2,6,50,4,1,1,5,4,6,6,2,1,1,4,5,2,16,2,9,5,4,B12,7,8,1,8,4,1,,25,25,1,12,4,120.637546,24.185697,2
3255,66000,387130000C,(04)23274275,(04)23288582,2025,6,10,8,48,臺中市,西屯區,0,0,0,7,,,50,,,,,,,,,,,,,,17,,,,,C03,,,3,,1,,,75,75,1,13,4,120.659137,24.193667,3
3256,66000,387130000C,(04)23274275,(04)23288582,2025,6,10,8,50,臺中市,大里區,0,0,0,7,,,50,,,,,,,,,,,,,,13,,,,,C03,,,1,,2,,,7,7,1,12,4,120.669347,24.103434,3
3257,66000,387130000C,(04)23274275,(04)23288582,2025,6,10,8,54,臺中市,北區,0,1,0,7,2,6,50,3,1,1,5,4,6,6,4,4,1,4,5,1,16,3,10,5,4,B12,7,5,1,8,2,2,,47,47,1,13,4,120.677201,24.16313,2
3258,66000,387130000C,(04)23274275,(04)23288582,2025,6,10,8,56,臺中市,東區,0,0,0,7,,,30,,,,,,,,,,,,,,12,,,,,B12,,,1,,1,,,85,85,1,12,4,120.694411,24.124281,3
3259,66000,387130000C,(04)23274275,(04)23288582,2025,6,10,9,1,臺中市,西屯區,0,0,0,7,,,40,,,,,,,,,,,,,,13,,,,,B03,,,1,,1,,,59,59,1,12,4,120.619267,24.181284,3
3260,66000,387130000C,(04)23274275,(04)23288582,2025,6,10,9,4,臺中市,新社區,0,1,0,7,3,6,30,5,1,1,5,4,6,6,4,4,10,5,5,2,16,2,9,5,4,C03,7,6,1,10,2,13,,14,14,1,12,4,120.790241,24.207518,2
3261,66000,387130000C,(04)23274275,(04)23288582,2025,6,10,9,5,臺中市,南區,0,1,0,7,3,6,50,4,2,1,5,4,6,6,2,1,1,5,5,2,13,3,10,3,1,B03,7,9,1,8,2,5,,84,84,1,6,4,120.66251,24.127467,2
3262,66000,387130000C,(04)23274275,(04)23288582,2025,6,10,9,12,臺中市,南屯區,0,0,0,7,3,6,50,13,9,1,5,4,6,6,1,1,1,4,5,2,17,,,,,B01,,,1,,2,,,85,85,1,12,4,120.64686,24.153509,3
3263,66000,387130000C,(04)23274275,(04)23288582,2025,6,10,9,13,臺中市,豐原區,0,0,0,7,,,50,,,,,,,,,,,,,,13,,,,,B03,,,1,,2,,,56,56,1,13,4,120.729266,24.243972,3
3264,66000,387130000C,(04)23274275,(04)23288582,2025,6,10,9,14,臺中市,沙鹿區,0,1,0,7,2,6,50,5,1,1,5,4,6,6,1,1,3,4,4,2,17,2,9,1,1,C03,7,6,3,19,2,14,,42,42,1,13,4,120.567387,24.25241,2
3265,66000,387130000C,(04)23274275,(04)23288582,2025,6,10,9,15,臺中市,南屯區,0,0,0,7,,,50,,,,,,,,,,,,,,14,,,,,B03,,,1,,1,,,49,49,1,12,4,120.607599,24.135084,3
3266,66000,387130000C,(04)23274275,(04)23288582,2025,6,10,9,18,臺中市,霧峰區,0,0,0,7,,,40,,,,,,,,,,,,,,,,,,,C03,,,1,,1,,,84,84,1,13,4,120.698441,24.069044,3
3267,66000,387130000C,(04)23274275,(04)23288582,2025,6,10,9,19,臺中市,南屯區,0,0,0,7,,,50,,,,,,,,,,,,,,13,,,,,C03,,,1,,1,,,7,7,1,6,4,120.635151,24.13154,4