序號,縣市別代碼,機關代碼,市話,傳真,年,月,日,時,分,縣市,區,死亡數量,受傷數量,2-30,天候,道路照明設備,道路類別,道路速限,道路型態,事故位置,路面鋪裝,路面狀態,路面缺陷,障礙物,視距,號誌種類,號誌動作,分向設施,快車道或一般車道間,快慢車道間,路面邊線,事故類型及型態,受傷程度,主要傷處,保護裝備,行動電話或功能裝置,當事者區分(類別),車輛用途,當事者行動狀態,駕照狀態,駕照種類,飲酒情形,車輛撞擊部位最初,車輛撞擊部位其他,肇事因素個別,肇事因素主要,肇事逃逸,職業,共享經濟或外送平台,GPS座標X,GPS座標Y,事故類別
3268,66000,387130000C,(04)23274275,(04)23288582,2025,6,10,9,23,臺中市,東區,0,0,0,7,,,30,,,,,,,,,,,,,,11,,,,,B03,,,1,,2,,,84,84,1,12,4,120.694539,24.124185,3
3269,66000,387130000C,(04)23274275,(04)23288582,2025,6,10,9,23,臺中市,東區,0,0,0,7,,,40,,,,,,,,,,,,,,17,,,,,C03,,,1,,1,,,40,40,1,12,4,120.696447,24.137154,3
3270,66000,387130000C,(04)23274275,(04)23288582,2025,6,10,9,25,臺中市,東區,0,0,0,7,,,40,,,,,,,,,,,,,,12,,,,,F03,,,7,,9,,,87,87,1,12,4,120.698526,24.139017,3
3271,66000,387130000C,(04)23274275,(04)23288582,2025,6,10,9,26,臺中市,東區,0,0,0,7,,,50,,,,,,,,,,,,,,27,,,,,B01,,,1,,2,,,84,84,1,12,4,120.685332,24.132456,3
3272,66000,387130000C,(04)23274275,(04)23288582,2025,6,10,9,28,臺中市,南屯區,0,0,0,7,,,50,,,,,,,,,,,,,,,,,,,B03,,,1,,1,,,45,45,1,6,4,120.637207,24.137039,3
3273,66000,387130000C,(04)23274275,(04)23288582,2025,6,10,9,29,臺中市,北屯區,0,1,0,7,3,6,30,13,9,1,5,4,6,6,4,4,10,5,5,2,16,2,8,1,1,C03,7,1,1,10,2,14,,51,51,1,12,4,120.671486,24.178034,2
3274,66000,387130000C,(04)23274275,(04)23288582,2025,6,10,9,30,臺中市,太平區,0,0,0,7,2,6,50,,,,,,,,,,,,,,,,,,,B03,,,1,,2,6,,84,84,2,12,4,120.723712,24.126451,3
3275,66000,387130000C,(04)23274275,(04)23288582,2025,6,10,9,31,臺中市,北屯區,0,1,0,7,3,6,50,5,1,1,5,4,6,6,1,1,10,5,5,2,12,3,10,3,1,B03,7,9,1,8,2,2,,84,84,1,6,4,120.692835,24.168127,2
3276,66000,387130000C,(04)23274275,(04)23288582,2025,6,10,9,36,臺中市,北屯區,0,1,0,7,2,6,50,4,2,1,5,4,6,6,2,1,10,5,5,2,13,2,9,2,1,C03,7,9,1,10,2,11,,7,7,1,12,4,120.676174,24.173534,2
3277,66000,387130000C,(04)23274275,(04)23288582,2025,6,10,9,37,臺中市,東區,0,2,0,7,2,6,50,4,1,1,5,4,6,6,1,1,10,5,5,2,15,2,9,2,1,C03,7,9,1,10,2,12,,21,21,1,12,4,120.699694,24.144658,2
3278,66000,387130000C,(04)23274275,(04)23288582,2025,6,10,9,37,臺中市,東勢區,0,2,0,7,3,9,60,5,1,1,5,4,6,6,1,1,10,5,5,2,12,3,10,5,4,B03,7,9,1,1,2,2,,84,84,1,12,4,120.832325,24.246334,2
3279,66000,387130000C,(04)23274275,(04)23288582,2025,6,10,9,40,臺中市,北屯區,0,2,0,7,2,6,50,4,1,1,5,4,6,6,2,1,10,5,5,2,15,2,9,2,1,C03,7,9,1,10,2,11,,21,21,1,12,4,120.6816,24.171807,2
3280,66000,387130000C,(04)23274275,(04)23288582,2025,6,10,9,43,臺中市,西屯區,0,1,0,7,1,6,50,4,1,1,5,4,6,6,4,4,10,5,5,2,16,3,10,3,1,B03,7,6,1,8,2,8,,14,14,1,12,4,120.634904,24.19331,2
3281,66000,387130000C,(04)23274275,(04)23288582,2025,6,10,9,44,臺中市,北屯區,0,2,0,7,3,6,50,13,9,1,5,4,6,6,4,4,1,4,5,2,12,2,9,1,1,C03,7,9,1,10,2,14,,85,85,1,12,4,120.702433,24.182121,2
3282,66000,387130000C,(04)23274275,(04)23288582,2025,6,10,9,46,臺中市,北屯區,0,1,0,7,3,6,50,3,1,1,5,4,6,6,1,1,10,5,5,2,16,3,10,3,1,B12,7,11,1,10,1,4,,45,45,1,6,4,120.733281,24.162159,2
3283,66000,387130000C,(04)23274275,(04)23288582,2025,6,10,9,47,臺中市,東區,0,2,0,7,2,6,50,4,1,1,5,4,6,6,4,4,10,5,5,2,15,2,9,4,1,F01,7,9,7,21,2,11,,15,15,1,12,4,120.690982,24.140689,2
3284,66000,387130000C,(04)23274275,(04)23288582,2025,6,10,9,48,臺中市,西區,0,0,0,7,,,50,,,,,,,,,,,,,,,,,,,B03,,,1,,1,,,40,40,1,12,4,120.666736,24.141067,3
3285,66000,387130000C,(04)23274275,(04)23288582,2025,6,10,9,50,臺中市,西屯區,0,2,0,7,2,6,40,13,8,1,5,4,6,6,4,4,1,5,5,2,17,2,9,2,1,C03,7,1,1,10,2,14,,51,51,1,12,4,120.639675,24.159061,2
3286,66000,387130000C,(04)23274275,(04)23288582,2025,6,10,9,52,臺中市,南區,0,1,0,7,3,6,50,4,1,1,5,4,6,6,2,1,1,4,4,2,13,2,9,2,1,C03,7,9,1,10,2,11,,7,7,1,6,4,120.67777,24.129335,2
3287,66000,387130000C,(04)23274275,(04)23288582,2025,6,10,9,52,臺中市,西屯區,0,1,0,7,2,6,50,4,1,1,5,4,6,6,2,1,10,5,5,2,16,3,10,5,4,B03,7,6,1,8,2,2,,11,11,1,13,4,120.624956,24.180805,2
3288,66000,387130000C,(04)23274275,(04)23288582,2025,6,10,9,54,臺中市,西區,0,1,0,7,1,6,50,13,9,1,5,4,6,6,4,4,10,5,5,2,17,3,10,5,4,C03,7,1,1,10,2,15,,51,51,1,12,4,120.667889,24.152592,2
3289,66000,387130000C,(04)23274275,(04)23288582,2025,6,10,9,54,臺中市,南屯區,0,0,0,7,,,40,,,,,,,,,,,,,,17,,,,,C03,,,1,,1,,,84,84,1,6,4,120.636053,24.133096,4
3290,66000,387130000C,(04)23274275,(04)23288582,2025,6,10,9,55,臺中市,北區,0,0,0,7,,,50,,,,,,,,,,,,,,17,,,,,A11,,,1,,1,,,84,84,1,13,4,120.683255,24.157317,3
3291,66000,387130000C,(04)23274275,(04)23288582,2025,6,10,10,0,臺中市,北區,0,0,0,7,,,50,,,,,,,,,,,,,,17,,,,,C03,,,1,,1,,,42,42,1,13,4,120.678299,24.151487,3
3292,66000,387130000C,(04)23274275,(04)23288582,2025,6,10,10,1,臺中市,北區,0,0,0,7,,,30,,,,,,,,,,,,,,17,,,,,A11,,,1,,9,,,84,84,2,13,4,120.667863,24.170877,3
3293,66000,387130000C,(04)23274275,(04)23288582,2025,6,10,10,1,臺中市,南區,0,1,0,7,2,6,50,13,9,1,5,4,6,6,4,4,1,4,5,2,12,3,10,3,1,B03,7,9,1,4,2,2,,8,8,1,12,4,120.670226,24.123045,2
3294,66000,387130000C,(04)23274275,(04)23288582,2025,6,10,10,3,臺中市,大里區,0,0,0,7,,,50,,,,,,,,,,,,,,17,,,,,A12,,,1,,1,,,8,8,1,12,4,120.693095,24.108058,3
3295,66000,387130000C,(04)23274275,(04)23288582,2025,6,10,10,6,臺中市,南區,0,1,0,7,2,6,0,13,21,4,5,4,6,6,4,4,10,5,5,2,17,2,9,6,1,F01,7,15,7,21,2,15,,84,84,1,12,4,120.669436,24.118995,2
3296,66000,387130000C,(04)23274275,(04)23288582,2025,6,10,10,6,臺中市,烏日區,0,0,0,7,,,50,,,,,,,,,,,,,,,,,,,A12,,,1,,2,,,78,78,1,6,4,120.614085,24.106776,3
3297,66000,387130000C,(04)23274275,(04)23288582,2025,6,10,10,10,臺中市,北屯區,0,0,0,7,,,50,,,,,,,,,,,,,,9,,,,,A11,,,1,,1,,,40,40,1,6,4,120.686582,24.201323,3
3298,66000,387130000C,(04)23274275,(04)23288582,2025,6,10,10,10,臺中市,沙鹿區,0,0,0,7,,,50,,,,,,,,,,,,,,,,,,,A31,,,1,,2,,,49,49,1,6,4,120.561919,24.224085,3
3299,66000,387130000C,(04)23274275,(04)23288582,2025,6,10,10,11,臺中市,西區,0,0,0,7,,,50,,,,,,,,,,,,,,13,,,,,B02,,,1,,1,,,84,84,1,12,4,120.667305,24.140607,3
3300,66000,387130000C,(04)23274275,(04)23288582,2025,6,10,10,15,臺中市,東區,0,0,0,7,,,50,,,,,,,,,,,,,,13,,,,,B03,,,1,,1,,,7,7,1,12,4,120.682992,24.134846,3
3301,66000,387130000C,(04)23274275,(04)23288582,2025,6,10,10,15,臺中市,大肚區,0,0,0,7,,,50,,,,,,,,,,,,,,14,,,,,B03,,,1,,11,,,49,49,1,6,4,120.547239,24.144864,3
3302,66000,387130000C,(04)23274275,(04)23288582,2025,6,10,10,15,臺中市,龍井區,0,0,0,7,,,50,,,,,,,,,,,,,,14,,,,,B03,,,1,,2,,,49,49,1,6,4,120.575525,24.175796,3
3303,66000,387130000C,(04)23274275,(04)23288582,2025,6,10,10,19,臺中市,北屯區,0,0,0,7,,,50,,,,,,,,,,,,,,,,,,,B03,,,1,,1,,,84,84,1,12,4,120.711954,24.181832,3
3304,66000,387130000C,(04)23274275,(04)23288582,2025,6,10,10,21,臺中市,西屯區,0,0,0,7,,,50,,,,,,,,,,,,,,17,,,,,A12,,,1,,1,,,51,51,1,12,4,120.627355,24.180003,3
3305,66000,387130000C,(04)23274275,(04)23288582,2025,6,10,10,29,臺中市,西屯區,0,1,0,7,2,6,50,4,1,1,5,4,6,6,2,1,4,3,5,2,16,3,10,5,4,C03,7,1,1,10,1,11,,51,51,1,13,4,120.645545,24.172416,2
3306,66000,387130000C,(04)23274275,(04)23288582,2025,6,10,10,30,臺中市,清水區,0,1,0,7,3,6,50,5,1,1,5,4,6,6,1,1,5,5,5,1,16,2,1,2,1,C03,7,9,1,10,2,14,,84,84,1,12,4,120.55498,24.265881,2
3307,66000,387130000C,(04)23274275,(04)23288582,2025,6,10,10,31,臺中市,烏日區,0,0,0,7,,,60,,,,,,,,,,,,,,,,,,,B03,,,1,,1,,,40,40,1,6,4,120.599642,24.110249,3
3308,66000,387130000C,(04)23274275,(04)23288582,2025,6,10,10,32,臺中市,潭子區,0,1,0,7,3,6,50,3,1,1,5,4,6,6,4,4,5,5,5,2,17,3,10,3,1,B03,7,5,1,8,2,8,,41,41,1,13,4,120.699574,24.210831,2
3309,66000,387130000C,(04)23274275,(04)23288582,2025,6,10,10,36,臺中市,神岡區,0,0,0,7,,,30,,,,,,,,,,,,,,17,,,,,A12,,,1,,11,,,8,8,1,12,4,120.675351,24.249161,3
3310,66000,387130000C,(04)23274275,(04)23288582,2025,6,10,10,38,臺中市,霧峰區,0,2,0,7,2,6,50,5,2,1,5,4,6,6,3,1,4,3,5,1,17,2,9,2,1,C03,7,5,1,10,2,14,,24,24,1,6,4,120.697001,24.069911,2
3311,66000,387130000C,(04)23274275,(04)23288582,2025,6,10,10,39,臺中市,西區,0,0,0,7,,,50,,,,,,,,,,,,,,,,,,,B03,,,1,,1,,,50,50,1,6,4,120.67018,24.148832,3
3312,66000,387130000C,(04)23274275,(04)23288582,2025,6,10,10,40,臺中市,南區,0,2,0,7,3,6,50,11,9,1,5,4,6,6,4,4,10,5,5,2,3,2,9,6,5,H01,8,18,7,21,10,17,,95,95,1,6,5,120.679286,24.119037,2
3313,66000,387130000C,(04)23274275,(04)23288582,2025,6,10,10,40,臺中市,北屯區,0,1,0,7,2,6,50,13,9,1,5,4,6,6,4,4,5,5,5,2,12,2,9,2,1,C03,7,10,3,19,2,12,,39,39,1,12,4,120.722534,24.175893,2
3314,66000,387130000C,(04)23274275,(04)23288582,2025,6,10,10,42,臺中市,北屯區,0,0,0,7,,,50,,,,,,,,,,,,,,,,,,,B03,,,1,,9,,,7,7,1,12,4,120.737134,24.178398,4
3315,66000,387130000C,(04)23274275,(04)23288582,2025,6,10,10,44,臺中市,大里區,0,1,0,7,2,6,50,4,1,1,5,4,6,6,1,1,10,5,5,2,16,3,10,3,1,B03,7,5,1,8,2,2,,47,47,1,12,4,120.694597,24.111591,2
3316,66000,387130000C,(04)23274275,(04)23288582,2025,6,10,10,44,臺中市,大甲區,0,0,0,7,,,50,,,,,,,,,,,,,,,,,,,B03,,,1,,1,,,7,7,1,12,4,120.632358,24.345729,3
3317,66000,387130000C,(04)23274275,(04)23288582,2025,6,10,10,46,臺中市,南區,0,0,0,7,,,50,,,,,,,,,,,,,,16,,,,,B03,,,1,,1,,,11,11,1,12,4,120.673952,24.12913,3
3318,66000,387130000C,(04)23274275,(04)23288582,2025,6,10,10,48,臺中市,西區,0,0,0,7,,,50,,,,,,,,,,,,,,,,,,,B03,,,5,,1,,,49,49,1,12,4,120.659795,24.150731,3
3319,66000,387130000C,(04)23274275,(04)23288582,2025,6,10,10,49,臺中市,南屯區,0,1,0,7,2,6,50,4,1,1,5,4,6,6,1,1,5,5,5,2,17,2,8,1,1,C03,7,1,1,10,2,14,,51,51,1,6,4,120.625997,24.112952,2
3320,66000,387130000C,(04)23274275,(04)23288582,2025,6,10,10,50,臺中市,清水區,0,0,0,7,,3,90,,,,,,,,,,,,,,,,,,,A41,,,1,,2,,,40,40,1,12,4,120.541878,24.262734,3
3321,66000,387130000C,(04)23274275,(04)23288582,2025,6,10,10,51,臺中市,西屯區,0,1,0,7,1,6,50,3,1,1,5,4,6,6,4,4,10,5,5,2,17,2,9,1,1,C03,7,9,1,10,2,16,,84,84,1,12,4,120.64408,24.175827,2
3322,66000,387130000C,(04)23274275,(04)23288582,2025,6,10,10,52,臺中市,大安區,0,1,0,7,2,6,50,4,9,1,5,4,6,6,1,1,6,3,5,2,15,2,9,4,1,F01,7,9,7,21,7,11,,21,21,1,12,4,120.60346,24.379776,2
3323,66000,387130000C,(04)23274275,(04)23288582,2025,6,10,10,52,臺中市,豐原區,0,0,0,7,,,50,,,,,,,,,,,,,,,,,,,B12,,,1,,2,,,14,14,1,13,4,120.707743,24.244481,3
3324,66000,387130000C,(04)23274275,(04)23288582,2025,6,10,10,53,臺中市,大里區,0,0,0,7,,,30,,,,,,,,,,,,,,11,,,,,B12,,,1,,2,,,8,8,1,6,4,120.691799,24.123376,3
3325,66000,387130000C,(04)23274275,(04)23288582,2025,6,10,10,54,臺中市,潭子區,0,0,0,7,,,30,,,,,,,,,,,,,,21,,,,,B12,,,1,,2,,,58,58,1,13,4,120.710222,24.203643,3
3326,66000,387130000C,(04)23274275,(04)23288582,2025,6,10,11,0,臺中市,南屯區,0,2,0,7,3,6,50,3,1,1,5,4,6,6,4,4,9,4,4,2,17,2,9,1,1,C03,7,11,3,19,2,12,,46,46,1,12,4,120.616983,24.155285,2
3327,66000,387130000C,(04)23274275,(04)23288582,2025,6,10,11,0,臺中市,清水區,0,0,0,7,3,6,30,11,9,1,5,,6,6,4,4,10,5,5,2,17,,,,,G02,,,1,,1,,,84,84,1,12,4,120.581701,24.26927,3
3328,66000,387130000C,(04)23274275,(04)23288582,2025,6,10,11,4,臺中市,太平區,0,1,0,7,2,6,50,4,1,1,5,4,6,6,1,1,10,5,5,2,17,3,10,5,4,B03,7,6,1,8,2,2,,11,11,1,6,4,120.719889,24.156279,2
3329,66000,387130000C,(04)23274275,(04)23288582,2025,6,10,11,5,臺中市,北區,0,0,0,7,3,6,50,18,24,1,5,4,6,6,4,4,10,5,5,2,17,,,,,C03,,,5,,2,,,85,85,1,13,4,120.686411,24.162876,3
3330,66000,387130000C,(04)23274275,(04)23288582,2025,6,10,11,7,臺中市,北區,0,2,0,7,2,6,50,4,1,1,5,4,6,6,2,1,5,4,5,2,17,3,10,3,1,B03,7,6,1,8,2,6,,29,29,1,12,4,120.698304,24.155297,2
3331,66000,387130000C,(04)23274275,(04)23288582,2025,6,10,11,9,臺中市,東勢區,0,0,0,7,,,30,,,,,,,,,,,,,,14,,,,,B12,,,1,,2,,,49,49,1,13,4,120.790956,24.309701,3
3332,66000,387130000C,(04)23274275,(04)23288582,2025,6,10,11,13,臺中市,潭子區,0,0,0,7,,,40,,,,,,,,,,,,,,,,,,,B12,,,1,,2,,,59,59,1,13,4,120.700822,24.201135,3
3333,66000,387130000C,(04)23274275,(04)23288582,2025,6,10,11,15,臺中市,潭子區,0,0,0,7,,,50,,,,,,,,,,,,,,,,,,,C03,,,1,,2,,,84,84,1,13,4,120.70354,24.211594,3
3334,66000,387130000C,(04)23274275,(04)23288582,2025,6,10,11,15,臺中市,西區,0,1,0,7,2,6,50,4,1,1,5,4,6,6,1,1,10,5,5,2,16,3,10,3,1,B02,7,9,1,8,2,4,,21,21,1,12,4,120.669797,24.149014,2
3335,66000,387130000C,(04)23274275,(04)23288582,2025,6,10,11,15,臺中市,北屯區,0,0,0,7,,,50,,,,,,,,,,,,,,9,,,,,B03,,,1,,1,,,50,50,1,6,4,120.709188,24.171182,3
3336,66000,387130000C,(04)23274275,(04)23288582,2025,6,10,11,15,臺中市,烏日區,0,1,0,7,2,6,50,4,1,1,5,4,6,6,1,1,10,5,5,2,17,3,10,3,1,B12,7,7,1,8,2,3,,40,40,1,6,4,120.631209,24.104853,2
3337,66000,387130000C,(04)23274275,(04)23288582,2025,6,10,11,15,臺中市,清水區,0,1,0,7,3,6,50,5,1,1,5,4,6,6,1,1,5,5,5,2,16,3,10,3,1,B11,7,5,1,2,2,6,,14,14,1,12,4,120.577132,24.275718,2
3338,66000,387130000C,(04)23274275,(04)23288582,2025,6,10,11,25,臺中市,南屯區,0,0,0,7,,,50,,,,,,,,,,,,,,14,,,,,A11,,,1,,1,,,49,49,1,6,4,120.654596,24.138908,4
3339,66000,387130000C,(04)23274275,(04)23288582,2025,6,10,11,25,臺中市,龍井區,0,1,0,7,3,6,50,3,1,1,5,4,6,6,4,4,10,5,5,2,16,2,1,1,1,C03,7,9,1,10,2,12,,84,84,1,6,4,120.523448,24.201427,2
3340,66000,387130000C,(04)23274275,(04)23288582,2025,6,10,11,27,臺中市,豐原區,0,0,0,7,,,40,,,,,,,,,,,,,,14,,,,,B03,,,1,,2,,,49,49,1,6,4,120.733284,24.257646,3
3341,66000,387130000C,(04)23274275,(04)23288582,2025,6,10,11,27,臺中市,豐原區,0,0,0,7,,,30,,,,,,,,,,,,,,,,,,,B03,,,1,,2,,,8,8,1,13,4,120.741612,24.253691,3
3342,66000,387130000C,(04)23274275,(04)23288582,2025,6,10,11,28,臺中市,西屯區,0,1,0,7,2,6,50,3,9,1,5,4,6,6,1,1,5,4,5,2,16,3,10,3,1,B11,7,5,1,1,2,6,,84,84,1,12,4,120.61582,24.190194,2
3343,66000,387130000C,(04)23274275,(04)23288582,2025,6,10,11,29,臺中市,南屯區,0,1,0,7,2,6,50,13,9,1,5,4,6,6,4,4,1,4,5,2,3,2,9,6,5,H01,8,16,7,21,10,17,,95,95,1,6,5,120.650365,24.14027,2
3344,66000,387130000C,(04)23274275,(04)23288582,2025,6,10,11,33,臺中市,南屯區,0,0,0,7,,,50,,,,,,,,,,,,,,13,,,,,B03,,,1,,1,,,7,7,1,12,4,120.607927,24.138754,3
3345,66000,387130000C,(04)23274275,(04)23288582,2025,6,10,11,34,臺中市,北屯區,0,0,0,7,,,50,,,,,,,,,,,,,,,,,,,B03,,,1,,1,,,84,84,1,12,4,120.73381,24.158608,3
3346,66000,387130000C,(04)23274275,(04)23288582,2025,6,10,11,35,臺中市,沙鹿區,0,1,0,7,2,6,30,4,1,1,5,4,6,1,4,4,10,5,5,2,16,2,9,1,1,C03,7,5,1,10,2,11,,87,87,1,6,4,120.565797,24.245931,2
3347,66000,387130000C,(04)23274275,(04)23288582,2025,6,10,11,37,臺中市,后里區,0,1,0,7,3,6,40,13,14,2,5,4,6,6,4,4,5,5,5,1,8,3,10,3,1,B03,7,2,1,8,2,3,,49,49,1,6,4,120.715864,24.306179,2
3348,66000,387130000C,(04)23274275,(04)23288582,2025,6,10,11,44,臺中市,大里區,0,2,0,7,3,6,30,4,1,1,5,4,6,6,4,4,10,5,5,2,15,2,9,1,1,C03,7,9,3,19,2,11,,12,12,1,13,4,120.687967,24.113076,2
3349,66000,387130000C,(04)23274275,(04)23288582,2025,6,10,11,44,臺中市,神岡區,0,0,0,7,,,40,,,,,,,,,,,,,,13,,,,,B12,,,1,,2,,,84,84,1,12,4,120.708625,24.259088,3
3350,66000,387130000C,(04)23274275,(04)23288582,2025,6,10,11,46,臺中市,西屯區,0,1,0,7,2,6,50,13,9,1,5,4,6,6,4,4,9,4,5,2,16,3,10,3,1,B03,7,11,1,8,2,4,,42,42,1,12,4,120.624434,24.185306,2
3351,66000,387130000C,(04)23274275,(04)23288582,2025,6,10,11,46,臺中市,霧峰區,0,0,0,7,,,50,,,,,,,,,,,,,,,,,,,A11,,,1,,2,,,71,71,1,6,4,120.733769,24.068964,3
3352,66000,387130000C,(04)23274275,(04)23288582,2025,6,10,11,47,臺中市,豐原區,0,0,0,7,,,50,,,,,,,,,,,,,,13,,,,,C03,,,1,,2,,,59,59,1,13,4,120.728778,24.244304,4
3353,66000,387130000C,(04)23274275,(04)23288582,2025,6,10,11,50,臺中市,霧峰區,0,0,0,7,,,30,,,,,,,,,,,,,,,,,,,C03,,,1,,2,,,84,84,1,13,4,120.732693,24.019328,3
3354,66000,387130000C,(04)23274275,(04)23288582,2025,6,10,11,50,臺中市,大甲區,0,0,0,7,,,50,,,,,,,,,,,,,,,,,,,B03,,,1,,2,,,51,51,1,6,4,120.624352,24.351027,3
3355,66000,387130000C,(04)23274275,(04)23288582,2025,6,10,11,54,臺中市,南區,0,2,0,7,2,6,50,13,9,1,5,4,6,6,4,4,5,4,5,2,17,2,8,1,1,C03,7,1,1,10,2,13,,51,51,1,12,4,120.666949,24.118015,2
3356,66000,387130000C,(04)23274275,(04)23288582,2025,6,10,11,55,臺中市,北區,0,1,0,7,2,6,50,13,8,1,5,4,6,6,4,4,8,5,4,2,13,2,9,2,1,C03,7,9,1,10,2,11,,7,7,1,13,4,120.689033,24.157485,2
3357,66000,387130000C,(04)23274275,(04)23288582,2025,6,10,11,55,臺中市,北屯區,0,1,0,7,2,6,50,4,1,1,5,4,6,6,2,1,10,5,5,2,16,3,10,3,1,B03,7,5,1,8,2,2,,11,11,1,12,4,120.720953,24.169893,2
3358,66000,387130000C,(04)23274275,(04)23288582,2025,6,10,12,0,臺中市,西屯區,0,0,0,7,,,60,,,,,,,,,,,,,,13,,,,,B12,,,1,,1,,,7,7,1,12,4,120.609418,24.184379,3
3359,66000,387130000C,(04)23274275,(04)23288582,2025,6,10,12,2,臺中市,豐原區,0,0,0,7,2,6,50,13,9,1,5,4,6,6,4,4,10,5,5,2,12,3,10,3,1,B03,7,3,1,8,2,2,,8,8,1,12,4,120.71055,24.25062,3
3360,66000,387130000C,(04)23274275,(04)23288582,2025,6,10,12,5,臺中市,西屯區,0,0,0,7,,,50,,,,,,,,,,,,,,12,,,,,B03,,,1,,1,,,59,59,1,13,4,120.646462,24.178825,3
3361,66000,387130000C,(04)23274275,(04)23288582,2025,6,10,12,6,臺中市,西區,0,1,0,7,2,6,50,4,9,1,5,4,6,6,2,1,5,4,5,2,13,2,9,1,1,C03,7,9,1,10,2,11,,7,7,1,6,4,120.660194,24.146693,2
3362,66000,387130000C,(04)23274275,(04)23288582,2025,6,10,12,9,臺中市,西屯區,0,0,0,7,,,50,,,,,,,,,,,,,,14,,,,,A41,,,1,,1,,,49,49,1,12,4,120.605474,24.159769,3
3363,66000,387130000C,(04)23274275,(04)23288582,2025,6,10,12,10,臺中市,北屯區,0,1,0,7,3,6,50,13,9,1,5,4,6,6,4,4,1,4,5,2,17,3,10,3,1,A11,7,13,1,3,2,4,,76,76,1,13,4,120.699163,24.18278,2
3364,66000,387130000C,(04)23274275,(04)23288582,2025,6,10,12,10,臺中市,太平區,0,1,0,7,3,6,50,5,1,1,5,4,6,6,4,4,5,4,5,2,16,3,10,3,1,B03,7,6,1,8,2,2,,11,11,1,12,4,120.724544,24.149617,2
3365,66000,387130000C,(04)23274275,(04)23288582,2025,6,10,12,13,臺中市,北屯區,0,2,0,7,2,6,50,3,1,1,5,4,6,6,4,4,10,5,5,2,17,3,10,1,1,C03,7,1,1,10,2,14,,51,51,1,6,4,120.673377,24.180445,2
3366,66000,387130000C,(04)23274275,(04)23288582,2025,6,10,12,15,臺中市,太平區,0,0,0,7,,,30,,,,,,,,,,,,,,,,,,,B11,,,1,,2,,,84,84,1,6,4,120.71735,24.124567,3
3367,66000,387130000C,(04)23274275,(04)23288582,2025,6,10,12,17,臺中市,東區,0,0,0,7,,,50,,,,,,,,,,,,,,,,,,,B03,,,1,,1,,,12,12,1,6,4,120.687598,24.143394,3
3368,66000,387130000C,(04)23274275,(04)23288582,2025,6,10,12,18,臺中市,太平區,0,2,0,7,2,6,50,3,1,1,5,4,6,6,4,4,10,5,5,2,15,2,7,1,1,C03,7,9,1,10,2,14,,12,12,1,12,4,120.709763,24.151294,2
3369,66000,387130000C,(04)23274275,(04)23288582,2025,6,10,12,19,臺中市,北屯區,0,2,0,7,3,6,50,13,7,1,5,4,6,6,4,4,5,4,4,2,17,3,10,2,1,C03,7,1,1,10,2,14,,51,51,1,12,4,120.741943,24.180562,2
3370,66000,387130000C,(04)23274275,(04)23288582,2025,6,10,12,20,臺中市,清水區,0,0,0,7,3,6,50,3,1,1,5,4,6,6,4,4,5,5,5,2,17,,,,,B03,,,1,,2,,,49,49,1,12,4,120.575764,24.272641,3
3371,66000,387130000C,(04)23274275,(04)23288582,2025,6,10,12,25,臺中市,西屯區,0,0,0,7,,,50,,,,,,,,,,,,,,12,,,,,B03,,,1,,2,,,8,8,1,13,4,120.647655,24.159856,3
3372,66000,387130000C,(04)23274275,(04)23288582,2025,6,10,12,25,臺中市,太平區,0,0,0,7,,,50,,,,,,,,,,,,,,,,,,,B03,,,1,,2,,,49,49,1,12,4,120.713175,24.16019,3
3373,66000,387130000C,(04)23274275,(04)23288582,2025,6,10,12,28,臺中市,西屯區,0,1,0,7,1,6,50,4,1,1,5,4,6,6,2,1,10,5,5,2,16,3,10,1,1,C03,7,6,3,19,2,13,,48,48,1,12,4,120.64227,24.177771,2
3374,66000,387130000C,(04)23274275,(04)23288582,2025,6,10,12,29,臺中市,清水區,0,1,0,7,3,6,30,3,1,1,5,4,6,6,4,4,10,5,5,2,16,2,8,1,1,C03,7,6,1,10,4,11,,15,15,1,12,4,120.573178,24.282912,2
3375,66000,387130000C,(04)23274275,(04)23288582,2025,6,10,12,30,臺中市,西區,0,0,0,7,,,50,,,,,,,,,,,,,,,,,,,C03,,,1,,1,,,51,51,1,12,4,120.661435,24.145004,3
3376,66000,387130000C,(04)23274275,(04)23288582,2025,6,10,12,30,臺中市,石岡區,0,0,0,7,,,50,,,,,,,,,,,,,,,,,,,B03,,,1,,2,,,7,7,1,12,4,120.776857,24.276381,3
3377,66000,387130000C,(04)23274275,(04)23288582,2025,6,10,12,32,臺中市,南區,0,1,0,7,2,6,50,5,1,1,5,4,6,6,2,1,10,5,5,2,17,3,10,3,1,B03,7,15,1,8,2,2,,26,26,1,12,4,120.67773,24.126397,2
3378,66000,387130000C,(04)23274275,(04)23288582,2025,6,10,12,35,臺中市,太平區,0,1,0,7,3,6,50,3,1,1,5,4,6,6,4,4,10,5,5,2,16,3,10,3,1,B12,7,5,1,8,2,2,,11,11,1,6,4,120.718348,24.103716,2
3379,66000,387130000C,(04)23274275,(04)23288582,2025,6,10,12,42,臺中市,東區,0,1,0,7,2,6,50,3,1,1,5,4,6,6,4,4,10,5,5,2,16,3,10,3,1,B03,7,5,1,8,2,6,,47,47,1,12,4,120.698826,24.14803,2