序號,縣市別代碼,機關代碼,市話,傳真,年,月,日,時,分,縣市,區,死亡數量,受傷數量,2-30,天候,道路照明設備,道路類別,道路速限,道路型態,事故位置,路面鋪裝,路面狀態,路面缺陷,障礙物,視距,號誌種類,號誌動作,分向設施,快車道或一般車道間,快慢車道間,路面邊線,事故類型及型態,受傷程度,主要傷處,保護裝備,行動電話或功能裝置,當事者區分(類別),車輛用途,當事者行動狀態,駕照狀態,駕照種類,飲酒情形,車輛撞擊部位最初,車輛撞擊部位其他,肇事因素個別,肇事因素主要,肇事逃逸,職業,共享經濟或外送平台,GPS座標X,GPS座標Y,事故類別
3380,66000,387130000C,(04)23274275,(04)23288582,2025,6,10,12,43,臺中市,北區,0,0,0,7,,,50,,,,,,,,,,,,,,17,,,,,B12,,,1,,2,,,84,84,1,13,4,120.668011,24.155194,3
3381,66000,387130000C,(04)23274275,(04)23288582,2025,6,10,12,46,臺中市,南區,0,1,0,7,2,6,50,4,1,1,5,4,6,6,1,1,10,5,5,2,17,3,10,3,1,B03,7,11,1,8,2,5,,25,25,1,12,4,120.675176,24.126498,2
3382,66000,387130000C,(04)23274275,(04)23288582,2025,6,10,12,53,臺中市,大甲區,0,0,0,7,,,40,,,,,,,,,,,,,,,,,,,B03,,,1,,1,,,7,7,1,12,4,120.632194,24.340803,3
3383,66000,387130000C,(04)23274275,(04)23288582,2025,6,10,12,56,臺中市,北區,0,1,0,7,3,6,50,18,24,1,5,4,6,6,4,4,10,5,5,2,17,3,10,5,4,B03,7,9,1,8,2,5,,59,59,1,13,4,120.67895,24.155946,2
3384,66000,387130000C,(04)23274275,(04)23288582,2025,6,10,12,56,臺中市,北區,0,1,0,7,2,6,30,4,1,1,5,4,6,6,1,1,10,5,5,2,13,2,9,5,4,C03,7,9,1,10,2,11,,7,7,1,13,4,120.682507,24.1655,2
3385,66000,387130000C,(04)23274275,(04)23288582,2025,6,10,13,0,臺中市,豐原區,0,1,0,7,2,6,50,3,2,1,5,4,6,6,3,1,5,5,4,1,12,2,9,2,1,C03,7,9,1,10,2,12,,8,8,1,13,4,120.724887,24.252262,2
3386,66000,387130000C,(04)23274275,(04)23288582,2025,6,10,13,5,臺中市,南屯區,0,2,0,7,2,6,50,4,1,1,5,4,6,6,1,1,9,5,5,2,17,2,9,2,1,C03,7,6,1,10,2,11,,11,11,1,13,4,120.638185,24.139825,2
3387,66000,387130000C,(04)23274275,(04)23288582,2025,6,10,13,10,臺中市,中區,0,0,0,7,,,50,,,,,,,,,,,,,,17,,,,,C03,,,1,,1,,,84,84,1,12,4,120.68379,24.137685,3
3388,66000,387130000C,(04)23274275,(04)23288582,2025,6,10,13,10,臺中市,南屯區,0,0,0,7,,,50,,,,,,,,,,,,,,,,,,,A12,,,1,,2,,,8,8,1,13,4,120.61653,24.153576,3
3389,66000,387130000C,(04)23274275,(04)23288582,2025,6,10,13,17,臺中市,南區,0,1,0,7,3,6,50,3,2,1,5,4,6,6,2,1,5,4,4,2,13,2,9,3,1,B03,7,9,1,8,1,5,,84,84,1,6,4,120.657716,24.125269,2
3390,66000,387130000C,(04)23274275,(04)23288582,2025,6,10,13,17,臺中市,西屯區,0,0,0,7,,,50,,,,,,,,,,,,,,17,,,,,B11,,,1,,2,,,84,84,1,12,4,120.619701,24.184075,3
3391,66000,387130000C,(04)23274275,(04)23288582,2025,6,10,13,17,臺中市,太平區,0,0,0,7,,,50,,,,,,,,,,,,,,,,,,,B03,,,1,,1,,,85,85,1,12,4,120.716307,24.156827,3
3392,66000,387130000C,(04)23274275,(04)23288582,2025,6,10,13,18,臺中市,西屯區,0,1,0,7,2,6,30,4,9,1,5,4,6,6,4,4,10,5,5,2,15,2,9,1,1,C03,7,9,1,10,2,11,,15,15,1,12,4,120.642368,24.175274,2
3393,66000,387130000C,(04)23274275,(04)23288582,2025,6,10,13,21,臺中市,東區,0,1,0,7,2,6,50,4,1,1,5,4,6,6,2,1,10,5,5,2,16,3,10,3,1,B12,7,6,1,8,2,6,,11,11,1,12,4,120.700071,24.13892,2
3394,66000,387130000C,(04)23274275,(04)23288582,2025,6,10,13,30,臺中市,北屯區,0,0,0,7,,,50,,,,,,,,,,,,,,13,,,,,C03,,,1,,9,,,59,59,1,13,4,120.74107,24.179966,3
3395,66000,387130000C,(04)23274275,(04)23288582,2025,6,10,13,30,臺中市,太平區,0,0,0,7,,,50,,,,,,,,,,,,,,,,,,,B03,,,1,,1,,,59,59,1,12,4,120.699788,24.147983,3
3396,66000,387130000C,(04)23274275,(04)23288582,2025,6,10,13,33,臺中市,西屯區,0,0,0,7,,,30,,,,,,,,,,,,,,17,,,,,B03,,,1,,2,,,50,50,1,12,4,120.65655,24.168121,3
3397,66000,387130000C,(04)23274275,(04)23288582,2025,6,10,13,37,臺中市,北區,0,0,0,7,,,50,,,,,,,,,,,,,,14,,,,,B03,,,1,,2,,,49,49,1,13,4,120.685256,24.148282,3
3398,66000,387130000C,(04)23274275,(04)23288582,2025,6,10,13,37,臺中市,霧峰區,0,2,0,7,2,6,50,4,2,1,5,4,6,6,4,4,4,5,5,2,17,2,9,1,1,C03,7,9,1,10,2,11,,15,15,1,6,4,120.701069,24.068266,2
3399,66000,387130000C,(04)23274275,(04)23288582,2025,6,10,13,38,臺中市,北屯區,0,1,0,7,3,6,50,4,1,1,5,4,6,6,4,4,10,5,5,2,25,2,9,3,1,B03,7,9,1,8,2,1,,43,43,1,6,4,120.699952,24.18526,2
3400,66000,387130000C,(04)23274275,(04)23288582,2025,6,10,13,40,臺中市,南屯區,0,1,0,7,2,6,30,3,2,1,5,4,6,6,4,4,9,3,5,1,14,3,10,3,1,B12,7,2,1,8,2,3,,49,49,1,12,4,120.612475,24.145152,2
3401,66000,387130000C,(04)23274275,(04)23288582,2025,6,10,13,47,臺中市,烏日區,0,0,0,7,,,50,,,,,,,,,,,,,,17,,,,,B03,,,1,,9,,,7,7,1,6,4,120.621981,24.105951,3
3402,66000,387130000C,(04)23274275,(04)23288582,2025,6,10,13,48,臺中市,北屯區,0,0,0,7,,,50,,,,,,,,,,,,,,,,,,,B03,,,1,,2,,,49,49,1,12,4,120.719462,24.178217,3
3403,66000,387130000C,(04)23274275,(04)23288582,2025,6,10,13,52,臺中市,西屯區,0,0,0,7,,,50,,,,,,,,,,,,,,16,,,,,B03,,,1,,1,,,51,51,1,13,4,120.636073,24.171003,3
3404,66000,387130000C,(04)23274275,(04)23288582,2025,6,10,13,52,臺中市,石岡區,0,0,0,7,,,70,,,,,,,,,,,,,,,,,,,B03,,,1,,1,,,7,7,1,12,4,120.773924,24.27487,3
3405,66000,387130000C,(04)23274275,(04)23288582,2025,6,10,13,56,臺中市,大雅區,0,0,0,7,1,6,30,4,1,1,5,4,6,6,4,4,10,5,5,2,17,,,,,B12,,,1,,1,,,12,12,1,13,4,120.656477,24.222049,3
3406,66000,387130000C,(04)23274275,(04)23288582,2025,6,10,13,56,臺中市,南屯區,0,2,0,7,2,6,60,13,9,1,5,4,6,6,4,4,5,4,5,2,13,2,7,1,1,C03,7,9,1,10,2,11,,85,85,1,4,4,120.645449,24.146826,2
3407,66000,387130000C,(04)23274275,(04)23288582,2025,6,10,14,0,臺中市,南屯區,0,0,0,7,,,40,,,,,,,,,,,,,,13,,,,,B03,,,1,,2,,,84,84,1,12,4,120.612764,24.13896,3
3408,66000,387130000C,(04)23274275,(04)23288582,2025,6,10,14,0,臺中市,西屯區,0,1,0,7,2,6,50,13,9,1,5,4,6,6,4,4,4,3,5,2,17,2,9,5,4,C03,7,9,1,10,2,11,,54,54,1,13,4,120.607826,24.196012,2
3409,66000,387130000C,(04)23274275,(04)23288582,2025,6,10,14,0,臺中市,烏日區,0,0,0,7,,,80,,,,,,,,,,,,,,13,,,,,B12,,,1,,1,,,7,7,1,6,4,120.610538,24.09966,3
3410,66000,387130000C,(04)23274275,(04)23288582,2025,6,10,14,1,臺中市,潭子區,0,0,0,7,,,50,,,,,,,,,,,,,,,,,,,C03,,,1,,2,,,59,59,1,13,4,120.707087,24.200318,3
3411,66000,387130000C,(04)23274275,(04)23288582,2025,6,10,14,2,臺中市,南屯區,0,0,0,7,,,50,,,,,,,,,,,,,,,,,,,B03,,,1,,9,,,50,50,2,13,4,120.609707,24.138486,3
3412,66000,387130000C,(04)23274275,(04)23288582,2025,6,10,14,8,臺中市,南屯區,0,0,0,7,,,50,,,,,,,,,,,,,,,,,,,C03,,,6,,11,,,50,50,1,13,4,120.643389,24.145601,3
3413,66000,387130000C,(04)23274275,(04)23288582,2025,6,10,14,12,臺中市,大里區,0,0,0,7,,,50,,,,,,,,,,,,,,17,,,,,B03,,,1,,2,,,62,62,1,6,4,120.694477,24.100489,3
3414,66000,387130000C,(04)23274275,(04)23288582,2025,6,10,14,16,臺中市,西屯區,0,0,0,7,,,50,,,,,,,,,,,,,,14,,,,,B03,,,1,,1,,,49,49,1,12,4,120.602633,24.182917,3
3415,66000,387130000C,(04)23274275,(04)23288582,2025,6,10,14,16,臺中市,太平區,0,1,0,7,2,6,40,13,9,1,5,4,6,6,4,4,9,4,5,1,18,2,9,1,1,C03,7,9,1,10,2,12,,84,84,1,12,4,120.726985,24.120976,2
3416,66000,387130000C,(04)23274275,(04)23288582,2025,6,10,14,18,臺中市,龍井區,0,1,0,7,3,6,50,13,9,1,5,4,6,6,4,4,5,5,5,1,17,2,9,1,1,C03,7,11,1,10,2,11,,39,39,1,6,4,120.52556,24.214526,2
3417,66000,387130000C,(04)23274275,(04)23288582,2025,6,10,14,19,臺中市,東區,0,1,0,7,2,6,50,4,1,1,5,4,6,6,1,1,10,5,5,2,16,2,9,2,1,C03,7,4,1,10,2,12,,1,1,1,12,4,120.70784,24.146152,2
3418,66000,387130000C,(04)23274275,(04)23288582,2025,6,10,14,20,臺中市,大里區,0,0,0,7,,,60,,,,,,,,,,,,,,,,,,,B03,,,1,,1,,,7,7,1,6,4,120.687508,24.085939,3
3419,66000,387130000C,(04)23274275,(04)23288582,2025,6,10,14,34,臺中市,南屯區,0,0,0,7,,,50,,,,,,,,,,,,,,17,,,,,,,,,,,,,112,112,1,,,120.639718,24.144417,3
3420,66000,387130000C,(04)23274275,(04)23288582,2025,6,10,14,35,臺中市,太平區,0,3,0,7,3,6,30,4,1,1,5,4,6,6,4,4,10,5,5,2,15,2,9,1,1,C03,7,9,1,10,2,14,,12,12,1,6,4,120.717008,24.130844,2
3421,66000,387130000C,(04)23274275,(04)23288582,2025,6,10,14,37,臺中市,西屯區,0,2,0,7,2,6,30,4,1,1,5,4,6,6,4,4,10,5,5,2,15,2,9,4,1,F01,7,1,7,21,2,12,,51,51,1,12,4,120.64263,24.176266,2
3422,66000,387130000C,(04)23274275,(04)23288582,2025,6,10,14,39,臺中市,大甲區,0,1,0,7,3,6,50,3,1,1,5,4,6,6,4,4,10,5,5,2,18,2,9,1,1,C03,7,5,1,10,2,12,,7,7,1,6,4,120.653951,24.378802,2
3423,66000,387130000C,(04)23274275,(04)23288582,2025,6,10,14,39,臺中市,豐原區,0,0,0,7,,,50,,,,,,,,,,,,,,17,,,,,B03,,,1,,2,,,59,59,1,12,4,120.729331,24.253054,3
3424,66000,387130000C,(04)23274275,(04)23288582,2025,6,10,14,42,臺中市,烏日區,0,0,0,7,,,50,,,,,,,,,,,,,,,,,,,B03,,,3,,2,,,84,84,1,6,4,120.634287,24.108048,3
3425,66000,387130000C,(04)23274275,(04)23288582,2025,6,10,14,45,臺中市,西屯區,0,0,0,7,,,50,,,,,,,,,,,,,,13,,,,,B01,,,1,,1,,,51,51,1,12,4,120.656501,24.176225,3
3426,66000,387130000C,(04)23274275,(04)23288582,2025,6,10,14,46,臺中市,西屯區,0,2,0,7,2,6,50,4,1,1,5,4,6,6,4,4,10,5,5,2,16,2,9,2,4,C03,7,6,1,10,2,11,,14,14,1,12,4,120.645189,24.176517,2
3427,66000,387130000C,(04)23274275,(04)23288582,2025,6,10,14,52,臺中市,南屯區,0,1,0,7,2,6,50,4,1,1,5,4,6,6,4,4,9,4,4,2,15,2,9,1,1,C03,7,9,1,10,2,11,,12,12,1,12,4,120.634567,24.138903,2
3428,66000,387130000C,(04)23274275,(04)23288582,2025,6,10,14,55,臺中市,南屯區,0,0,0,6,,,50,,,,,,,,,,,,,,13,,,,,A12,,,1,,1,,,7,7,1,6,4,120.623008,24.149701,3
3429,66000,387130000C,(04)23274275,(04)23288582,2025,6,10,14,56,臺中市,北屯區,0,1,0,7,3,6,50,4,1,1,5,4,6,6,1,1,10,5,5,2,16,3,10,3,1,B03,7,5,1,8,2,2,,47,47,1,12,4,120.703847,24.159631,2
3430,66000,387130000C,(04)23274275,(04)23288582,2025,6,10,14,57,臺中市,西屯區,0,1,0,7,2,6,50,3,1,1,5,4,6,6,4,4,5,5,5,2,16,3,10,1,1,C03,7,4,1,10,2,14,,1,1,1,13,4,120.662091,24.172767,2
3431,66000,387130000C,(04)23274275,(04)23288582,2025,6,10,14,58,臺中市,西區,0,0,0,7,,,50,,,,,,,,,,,,,,17,,,,,B12,,,1,,1,,,78,78,1,13,4,120.665064,24.151407,3
3432,66000,387130000C,(04)23274275,(04)23288582,2025,6,10,14,58,臺中市,南區,0,0,0,7,,,50,,,,,,,,,,,,,,,,,,,B03,,,1,,2,,,49,49,1,13,4,120.680731,24.130963,3
3433,66000,387130000C,(04)23274275,(04)23288582,2025,6,10,14,58,臺中市,南屯區,0,1,0,7,2,6,50,4,1,1,5,4,6,6,2,1,9,4,5,2,9,3,10,3,1,B03,7,5,1,8,9,6,,87,87,1,12,4,120.648305,24.132052,2
3434,66000,387130000C,(04)23274275,(04)23288582,2025,6,10,15,6,臺中市,霧峰區,0,0,0,7,,,30,,,,,,,,,,,,,,11,,,,,B13,,,1,,2,,,8,8,1,13,4,120.655677,24.072065,3
3435,66000,387130000C,(04)23274275,(04)23288582,2025,6,10,15,6,臺中市,太平區,0,0,0,7,2,6,50,,,,,,,,,,,,,,,,,,,B03,,,1,,1,1,,7,7,1,12,4,120.712551,24.149755,3
3436,66000,387130000C,(04)23274275,(04)23288582,2025,6,10,15,10,臺中市,北區,0,1,0,7,2,6,50,3,2,1,5,4,6,6,4,4,10,5,5,2,17,3,10,3,1,B03,7,5,1,8,2,1,,20,20,1,13,4,120.677115,24.16334,2
3437,66000,387130000C,(04)23274275,(04)23288582,2025,6,10,15,10,臺中市,東區,0,0,0,7,1,6,40,13,9,1,5,4,6,6,4,4,10,5,5,2,27,3,10,3,1,B03,7,9,5,8,2,5,,84,84,1,12,4,120.688515,24.136171,3
3438,66000,387130000C,(04)23274275,(04)23288582,2025,6,10,15,10,臺中市,西屯區,0,0,0,7,,,50,,,,,,,,,,,,,,17,,,,,B03,,,1,,1,,,51,51,1,13,4,120.619708,24.186639,3
3439,66000,387130000C,(04)23274275,(04)23288582,2025,6,10,15,10,臺中市,龍井區,0,1,0,7,2,6,30,4,1,1,5,4,6,6,4,4,10,5,5,2,15,2,9,2,1,C03,7,9,1,10,2,11,,39,39,1,5,4,120.590485,24.189159,2
3440,66000,387130000C,(04)23274275,(04)23288582,2025,6,10,15,14,臺中市,太平區,0,1,0,7,2,6,50,13,7,1,5,4,6,6,4,4,9,4,4,2,17,3,10,3,1,B01,7,1,1,4,2,7,,51,51,1,12,4,120.713596,24.159122,2
3441,66000,387130000C,(04)23274275,(04)23288582,2025,6,10,15,15,臺中市,西屯區,0,0,0,7,,,50,,,,,,,,,,,,,,16,,,,,C03,,,1,,1,,,48,48,1,12,4,120.635172,24.179435,3
3442,66000,387130000C,(04)23274275,(04)23288582,2025,6,10,15,19,臺中市,西屯區,0,0,0,7,,,50,,,,,,,,,,,,,,,,,,,C03,,,1,,2,,,21,21,1,12,4,120.653478,24.195259,3
3443,66000,387130000C,(04)23274275,(04)23288582,2025,6,10,15,20,臺中市,北屯區,0,0,0,7,,,50,,,,,,,,,,,,,,17,,,,,B03,,,1,,2,,,8,8,1,6,4,120.693597,24.184706,3
3444,66000,387130000C,(04)23274275,(04)23288582,2025,6,10,15,22,臺中市,西屯區,0,1,0,7,2,9,50,13,9,1,5,4,6,6,4,4,5,4,5,2,17,2,7,1,4,C03,7,7,1,10,2,11,,54,54,1,12,4,120.65605,24.171093,2
3445,66000,387130000C,(04)23274275,(04)23288582,2025,6,10,15,23,臺中市,北區,0,0,0,7,,,40,,,,,,,,,,,,,,,,,,,B02,,,1,,1,,,45,45,1,12,4,120.665914,24.156126,3
3446,66000,387130000C,(04)23274275,(04)23288582,2025,6,10,15,24,臺中市,豐原區,0,1,0,7,2,6,50,5,1,1,5,4,6,6,1,1,5,5,4,2,13,3,10,5,4,B03,7,9,1,8,2,8,,59,59,1,13,4,120.706018,24.24275,2
3447,66000,387130000C,(04)23274275,(04)23288582,2025,6,10,15,33,臺中市,東區,0,0,0,7,,,50,,,,,,,,,,,,,,,,,,,B03,,,1,,2,,,51,51,1,6,4,120.708282,24.143862,3
3448,66000,387130000C,(04)23274275,(04)23288582,2025,6,10,15,35,臺中市,北屯區,0,1,0,7,2,6,50,3,1,1,5,4,6,6,4,4,1,5,5,2,18,2,9,1,1,C03,7,9,1,10,2,12,,82,82,1,6,4,120.693497,24.161667,2
3449,66000,387130000C,(04)23274275,(04)23288582,2025,6,10,15,35,臺中市,霧峰區,0,0,0,7,,,50,,,,,,,,,,,,,,,,,,,C03,,,1,,2,,,48,48,1,13,4,120.713008,24.07728,3
3450,66000,387130000C,(04)23274275,(04)23288582,2025,6,10,15,36,臺中市,大里區,0,1,0,7,2,6,50,13,9,1,5,4,6,6,4,4,5,4,5,1,17,3,10,3,1,B03,7,1,1,8,2,8,,51,51,1,6,4,120.694145,24.082257,2
3451,66000,387130000C,(04)23274275,(04)23288582,2025,6,10,15,41,臺中市,東勢區,0,0,0,7,,,60,,,,,,,,,,,,,,16,,,,,B02,,,1,,1,,,11,11,1,13,4,120.82458,24.25692,3
3452,66000,387130000C,(04)23274275,(04)23288582,2025,6,10,15,42,臺中市,西區,0,2,0,7,2,6,50,3,2,1,5,4,6,6,2,1,10,5,5,2,18,2,9,2,1,C03,7,9,1,10,2,12,,84,84,1,12,4,120.673667,24.136414,2
3453,66000,387130000C,(04)23274275,(04)23288582,2025,6,10,15,44,臺中市,中區,0,2,0,7,2,6,50,4,1,1,5,4,6,6,1,1,10,5,5,2,13,2,9,2,1,C03,7,9,1,10,2,11,,7,7,1,12,4,120.680243,24.143069,2
3454,66000,387130000C,(04)23274275,(04)23288582,2025,6,10,15,46,臺中市,西屯區,0,0,0,7,,,30,,,,,,,,,,,,,,17,,,,,B12,,,1,,1,,,59,59,1,13,4,120.64631,24.182377,3
3455,66000,387130000C,(04)23274275,(04)23288582,2025,6,10,15,48,臺中市,太平區,0,0,0,7,2,6,50,,,,,,,,,,,,,,,,,,,A12,,,1,,9,16,,85,85,1,12,4,120.726768,24.114916,3
3456,66000,387130000C,(04)23274275,(04)23288582,2025,6,10,15,49,臺中市,北屯區,0,1,0,7,3,6,40,5,1,1,5,4,6,6,2,1,10,5,5,2,12,2,7,1,1,C03,7,9,1,11,2,14,,84,84,1,12,4,120.695115,24.185379,2
3457,66000,387130000C,(04)23274275,(04)23288582,2025,6,10,15,52,臺中市,龍井區,0,0,0,7,,,50,,,,,,,,,,,,,,,,,,,C03,,,1,,1,,,84,84,1,6,4,120.537642,24.199901,4
3458,66000,387130000C,(04)23274275,(04)23288582,2025,6,10,15,56,臺中市,大里區,0,2,0,7,2,6,30,3,1,1,5,4,6,6,4,4,10,5,5,2,16,2,9,1,1,F03,7,6,7,21,2,14,,84,84,1,13,4,120.712622,24.08341,2
3459,66000,387130000C,(04)23274275,(04)23288582,2025,6,10,15,59,臺中市,北屯區,0,0,0,7,,,50,,,,,,,,,,,,,,13,,,,,B12,,,1,,1,,,82,82,1,12,4,120.705646,24.164669,3
3460,66000,387130000C,(04)23274275,(04)23288582,2025,6,10,16,0,臺中市,大雅區,0,1,0,7,3,6,30,3,9,1,5,4,6,6,4,4,10,5,5,1,17,2,9,1,1,C03,7,5,1,10,2,11,,14,14,1,13,4,120.672887,24.21698,2
3461,66000,387130000C,(04)23274275,(04)23288582,2025,6,10,16,1,臺中市,西屯區,0,1,0,7,2,6,40,13,8,1,5,4,6,6,4,4,3,5,4,2,28,2,9,5,1,C03,7,9,5,19,2,11,,59,59,1,12,4,120.59544,24.181996,2
3462,66000,387130000C,(04)23274275,(04)23288582,2025,6,10,16,4,臺中市,潭子區,0,2,0,7,3,6,50,4,1,1,5,4,6,6,1,1,10,5,5,2,15,2,9,1,1,C03,7,9,1,10,2,14,,21,21,1,13,4,120.718325,24.21811,2
3463,66000,387130000C,(04)23274275,(04)23288582,2025,6,10,16,7,臺中市,豐原區,0,0,0,7,,,50,,,,,,,,,,,,,,17,,,,,B03,,,1,,2,,,51,51,1,12,4,120.718191,24.242679,3
3464,66000,387130000C,(04)23274275,(04)23288582,2025,6,10,16,8,臺中市,龍井區,0,1,0,7,3,6,30,4,1,1,5,4,6,6,4,4,10,5,5,2,16,3,10,3,1,B03,7,6,1,8,2,1,,20,20,1,6,4,120.524398,24.202226,2
3465,66000,387130000C,(04)23274275,(04)23288582,2025,6,10,16,9,臺中市,大甲區,0,1,0,7,3,6,50,13,9,1,5,4,6,6,4,4,5,4,5,1,17,2,9,1,1,C03,7,9,3,19,2,11,,8,8,1,12,4,120.637927,24.346904,2
3466,66000,387130000C,(04)23274275,(04)23288582,2025,6,10,16,14,臺中市,東區,0,1,0,7,3,6,50,3,1,1,5,4,6,6,1,1,10,5,5,2,16,3,10,3,1,B03,7,6,5,19,2,1,,11,11,1,6,4,120.694333,24.144702,2
3467,66000,387130000C,(04)23274275,(04)23288582,2025,6,10,16,15,臺中市,西屯區,0,0,0,7,,,30,,,,,,,,,,,,,,,,,,,C03,,,1,,2,,,51,51,1,12,4,120.619955,24.170335,3
3468,66000,387130000C,(04)23274275,(04)23288582,2025,6,10,16,20,臺中市,南屯區,0,1,0,7,2,6,60,3,2,1,5,4,6,6,3,3,7,4,5,2,17,3,10,3,1,B03,7,5,1,8,2,2,,47,47,1,12,4,120.635502,24.141352,2
3469,66000,387130000C,(04)23274275,(04)23288582,2025,6,10,16,20,臺中市,大肚區,0,1,0,7,3,6,50,13,9,1,5,4,6,6,4,4,10,5,5,1,3,2,9,6,5,H01,8,17,7,21,10,17,,95,95,1,6,5,120.545511,24.150907,2
3470,66000,387130000C,(04)23274275,(04)23288582,2025,6,10,16,21,臺中市,西區,0,0,0,7,,,40,,,,,,,,,,,,,,,,,,,C03,,,1,,1,,,8,8,1,12,4,120.669801,24.150724,3
3471,66000,387130000C,(04)23274275,(04)23288582,2025,6,10,16,21,臺中市,大里區,0,0,0,7,,,50,,,,,,,,,,,,,,,,,,,B03,,,1,,2,,,45,45,1,13,4,120.692016,24.094209,3
3472,66000,387130000C,(04)23274275,(04)23288582,2025,6,10,16,23,臺中市,北屯區,0,1,0,7,2,6,50,13,9,1,5,4,6,6,4,4,1,4,4,2,18,2,9,1,1,C03,7,9,1,10,1,14,,43,43,1,6,4,120.673,24.174265,2
3473,66000,387130000C,(04)23274275,(04)23288582,2025,6,10,16,23,臺中市,神岡區,0,0,0,7,,,30,,,,,,,,,,,,,,25,,,,,A12,,,1,,2,,,84,84,1,13,4,120.685627,24.251401,3
3474,66000,387130000C,(04)23274275,(04)23288582,2025,6,10,16,24,臺中市,太平區,0,1,0,7,2,6,50,4,1,1,5,4,6,6,1,1,10,5,5,2,17,3,10,3,1,B03,7,5,1,8,2,2,,11,11,1,12,4,120.725916,24.133589,2
3475,66000,387130000C,(04)23274275,(04)23288582,2025,6,10,16,25,臺中市,北屯區,0,0,0,7,,,30,,,,,,,,,,,,,,12,,,,,B03,,,1,,2,,,84,84,1,12,4,120.696826,24.178329,3
3476,66000,387130000C,(04)23274275,(04)23288582,2025,6,10,16,27,臺中市,南區,0,0,0,7,,,50,,,,,,,,,,,,,,,,,,,C03,,,1,,1,,,1,1,1,13,4,120.680966,24.13068,3
3477,66000,387130000C,(04)23274275,(04)23288582,2025,6,10,16,27,臺中市,大里區,0,1,0,7,2,6,50,13,9,1,5,4,6,6,4,4,9,5,5,1,12,3,10,3,1,B03,7,9,1,8,2,2,,1,1,1,6,4,120.713085,24.093505,2
3478,66000,387130000C,(04)23274275,(04)23288582,2025,6,10,16,28,臺中市,烏日區,0,0,0,7,,,50,,,,,,,,,,,,,,,,,,,A41,,,1,,2,,,84,84,1,6,4,120.648089,24.086225,3
3479,66000,387130000C,(04)23274275,(04)23288582,2025,6,10,16,29,臺中市,大雅區,0,1,0,7,1,6,50,4,1,1,5,4,6,6,4,4,5,5,5,2,17,2,9,1,1,C03,7,6,1,10,2,11,,84,84,1,13,4,120.65585,24.227266,2
3480,66000,387130000C,(04)23274275,(04)23288582,2025,6,10,16,30,臺中市,太平區,0,0,0,7,,,30,,,,,,,,,,,,,,17,,,,,A41,,,1,,2,,,58,58,1,6,4,120.708819,24.155249,3
3481,66000,387130000C,(04)23274275,(04)23288582,2025,6,10,16,30,臺中市,清水區,0,0,0,7,,,50,,,,,,,,,,,,,,14,,,,,B03,,,1,,2,,,49,49,1,13,4,120.575791,24.272629,3
3482,66000,387130000C,(04)23274275,(04)23288582,2025,6,10,16,30,臺中市,東勢區,0,0,0,7,,,50,,,,,,,,,,,,,,,,,,,C03,,,1,,1,,,12,12,1,12,4,120.831836,24.24455,3
3483,66000,387130000C,(04)23274275,(04)23288582,2025,6,10,16,31,臺中市,西屯區,0,0,0,7,,,50,,,,,,,,,,,,,,13,,,,,B03,,,1,,2,,,7,7,1,12,4,120.635172,24.179435,3
3484,66000,387130000C,(04)23274275,(04)23288582,2025,6,10,16,38,臺中市,北區,0,0,0,6,,,50,,,,,,,,,,,,,,13,,,,,B03,,,1,,1,,,59,59,1,12,4,120.682828,24.158971,3
3485,66000,387130000C,(04)23274275,(04)23288582,2025,6,10,16,40,臺中市,豐原區,0,1,0,7,1,6,50,4,1,1,5,4,6,6,1,1,4,5,5,2,17,2,9,1,1,C03,7,6,1,10,2,13,,84,84,1,6,4,120.71433,24.251726,2
3486,66000,387130000C,(04)23274275,(04)23288582,2025,6,10,16,43,臺中市,北屯區,0,0,0,7,,,50,,,,,,,,,,,,,,17,,,,,B03,,,1,,1,,,51,51,1,6,4,120.686896,24.188263,3
3487,66000,387130000C,(04)23274275,(04)23288582,2025,6,10,16,44,臺中市,神岡區,0,0,0,7,,,30,,,,,,,,,,,,,,11,,,,,B03,,,1,,2,,,8,8,1,12,4,120.679809,24.242036,3
3488,66000,387130000C,(04)23274275,(04)23288582,2025,6,10,16,46,臺中市,西屯區,0,0,0,7,,,50,,,,,,,,,,,,,,12,,,,,B03,,,1,,2,,,8,8,1,12,4,120.61947,24.187232,3
3489,66000,387130000C,(04)23274275,(04)23288582,2025,6,10,16,47,臺中市,梧棲區,0,1,0,7,3,6,50,4,1,1,5,4,6,6,1,1,10,5,5,2,12,2,9,1,1,C03,7,9,1,10,2,14,,8,8,1,6,4,120.540915,24.261205,2
3490,66000,387130000C,(04)23274275,(04)23288582,2025,6,10,16,47,臺中市,東勢區,0,2,0,7,2,6,50,13,9,1,5,4,6,6,4,4,5,5,4,1,16,2,9,5,4,C03,7,11,1,10,2,14,,46,46,1,13,4,120.829951,24.255302,2
3491,66000,387130000C,(04)23274275,(04)23288582,2025,6,10,16,47,臺中市,和平區,0,0,0,5,3,2,40,13,9,1,4,4,6,6,4,4,8,3,5,1,12,,,,,B03,,,1,,2,2,,43,43,1,8,4,121.00554,24.203085,3
3492,66000,387130000C,(04)23274275,(04)23288582,2025,6,10,16,50,臺中市,西屯區,0,0,0,7,,,0,,,,,,,,,,,,,,14,,,,,B12,,,1,,1,,,49,49,1,13,4,120.658306,24.195117,3