序號,縣市別代碼,機關代碼,市話,傳真,年,月,日,時,分,縣市,區,死亡數量,受傷數量,2-30,天候,道路照明設備,道路類別,道路速限,道路型態,事故位置,路面鋪裝,路面狀態,路面缺陷,障礙物,視距,號誌種類,號誌動作,分向設施,快車道或一般車道間,快慢車道間,路面邊線,事故類型及型態,受傷程度,主要傷處,保護裝備,行動電話或功能裝置,當事者區分(類別),車輛用途,當事者行動狀態,駕照狀態,駕照種類,飲酒情形,車輛撞擊部位最初,車輛撞擊部位其他,肇事因素個別,肇事因素主要,肇事逃逸,職業,共享經濟或外送平台,GPS座標X,GPS座標Y,事故類別
3827,66000,387130000C,(04)23274275,(04)23288582,2025,6,11,13,59,臺中市,西屯區,0,0,0,7,,,40,,,,,,,,,,,,,,12,,,,,B03,,,1,,1,,,35,35,1,13,4,120.639069,24.168932,3
3828,66000,387130000C,(04)23274275,(04)23288582,2025,6,11,14,0,臺中市,西屯區,0,1,0,7,1,6,40,13,8,1,5,4,6,6,4,4,1,4,5,1,13,2,9,1,1,C03,7,9,1,10,2,11,,7,7,1,12,4,120.651746,24.161268,2
3829,66000,387130000C,(04)23274275,(04)23288582,2025,6,11,14,4,臺中市,北區,0,1,0,7,2,6,50,4,2,1,5,4,6,6,2,1,10,5,5,2,17,3,10,3,1,B03,7,5,1,8,2,4,,47,47,1,13,4,120.668276,24.170018,2
3830,66000,387130000C,(04)23274275,(04)23288582,2025,6,11,14,6,臺中市,西屯區,0,0,0,7,,,30,,,,,,,,,,,,,,14,,,,,B03,,,1,,2,,,49,49,1,13,4,120.636428,24.167053,3
3831,66000,387130000C,(04)23274275,(04)23288582,2025,6,11,14,8,臺中市,龍井區,0,0,0,7,,,30,,,,,,,,,,,,,,30,,,,,C03,,,1,,1,,,78,78,1,6,4,120.586421,24.179098,3
3832,66000,387130000C,(04)23274275,(04)23288582,2025,6,11,14,9,臺中市,豐原區,0,0,0,7,,,30,,,,,,,,,,,,,,14,,,,,B02,,,1,,2,,,49,49,1,12,4,120.747874,24.265756,3
3833,66000,387130000C,(04)23274275,(04)23288582,2025,6,11,14,10,臺中市,大雅區,0,0,0,7,,,60,,,,,,,,,,,,,,,,,,,B03,,,1,,2,,,56,56,1,13,4,120.646035,24.223599,3
3834,66000,387130000C,(04)23274275,(04)23288582,2025,6,11,14,14,臺中市,太平區,0,0,0,7,,,50,,,,,,,,,,,,,,,,,,,B03,,,1,,2,,,8,8,1,6,4,120.710111,24.127475,3
3835,66000,387130000C,(04)23274275,(04)23288582,2025,6,11,14,16,臺中市,清水區,0,0,0,7,,,60,,,,,,,,,,,,,,,,,,,A41,,,1,,2,,,58,58,1,12,4,120.547217,24.292229,3
3836,66000,387130000C,(04)23274275,(04)23288582,2025,6,11,14,19,臺中市,西區,0,1,0,7,2,6,50,13,8,1,5,4,6,6,4,4,5,4,4,2,17,3,10,3,1,B03,7,11,1,8,2,5,,39,39,1,12,4,120.671837,24.131997,2
3837,66000,387130000C,(04)23274275,(04)23288582,2025,6,11,14,19,臺中市,太平區,0,1,0,7,3,6,30,11,9,1,5,4,6,6,4,4,4,5,5,1,18,2,9,1,1,C03,7,5,1,10,2,12,,6,6,1,12,4,120.816391,24.088016,2
3838,66000,387130000C,(04)23274275,(04)23288582,2025,6,11,14,45,臺中市,西屯區,0,1,0,7,2,6,50,13,9,1,5,4,6,6,1,1,1,4,5,1,17,3,10,5,4,B02,7,14,1,8,2,4,,76,76,1,12,4,120.620607,24.188722,2
3839,66000,387130000C,(04)23274275,(04)23288582,2025,6,11,14,45,臺中市,大里區,0,0,0,7,,,30,,,,,,,,,,,,,,,,,,,B03,,,1,,9,,,87,87,1,12,4,120.675997,24.100089,3
3840,66000,387130000C,(04)23274275,(04)23288582,2025,6,11,14,46,臺中市,南區,0,0,0,7,,,50,,,,,,,,,,,,,,,,,,,C03,,,1,,1,,,7,7,1,12,4,120.678537,24.128182,3
3841,66000,387130000C,(04)23274275,(04)23288582,2025,6,11,14,46,臺中市,南屯區,0,0,0,7,,,50,,,,,,,,,,,,,,12,,,,,B03,,,1,,1,,,8,8,1,6,4,120.623552,24.148753,3
3842,66000,387130000C,(04)23274275,(04)23288582,2025,6,11,14,48,臺中市,太平區,0,2,0,7,3,6,30,3,1,1,5,4,6,6,4,4,10,5,5,2,17,2,9,1,1,C03,7,1,1,10,2,11,,51,51,1,6,4,120.717741,24.143535,2
3843,66000,387130000C,(04)23274275,(04)23288582,2025,6,11,14,52,臺中市,太平區,0,0,0,7,,,50,,,,,,,,,,,,,,,,,,,B03,,,1,,2,,,84,84,1,6,4,120.726109,24.127745,3
3844,66000,387130000C,(04)23274275,(04)23288582,2025,6,11,14,55,臺中市,北屯區,0,1,0,7,2,6,50,13,9,1,5,4,6,6,4,4,1,4,5,2,12,2,8,1,1,C03,7,7,1,10,2,12,,35,35,1,6,4,120.684835,24.172185,2
3845,66000,387130000C,(04)23274275,(04)23288582,2025,6,11,14,55,臺中市,豐原區,0,0,0,7,2,6,50,13,9,1,5,4,6,6,4,4,1,4,5,2,13,3,10,3,1,B03,7,9,1,8,1,1,,7,7,1,12,4,120.720305,24.236397,3
3846,66000,387130000C,(04)23274275,(04)23288582,2025,6,11,14,57,臺中市,西屯區,0,1,0,7,2,6,40,13,8,1,5,4,6,6,4,4,10,4,3,2,13,2,9,1,1,C03,7,9,1,10,2,11,,7,7,1,13,4,120.604613,24.183536,2
3847,66000,387130000C,(04)23274275,(04)23288582,2025,6,11,15,1,臺中市,太平區,0,0,0,7,,,50,,,,,,,,,,,,,,,,,,,C03,,,1,,1,,,58,58,1,12,4,120.709372,24.135522,3
3848,66000,387130000C,(04)23274275,(04)23288582,2025,6,11,15,2,臺中市,西屯區,0,0,0,7,,,80,,,,,,,,,,,,,,,,,,,A31,,,1,,9,,,85,85,1,12,4,120.631347,24.167481,3
3849,66000,387130000C,(04)23274275,(04)23288582,2025,6,11,15,4,臺中市,大甲區,0,1,0,7,3,6,50,4,1,1,5,4,6,6,2,1,10,5,5,2,18,2,9,5,4,C03,7,9,1,10,2,12,,84,84,1,6,4,120.651246,24.381186,2
3850,66000,387130000C,(04)23274275,(04)23288582,2025,6,11,15,10,臺中市,南屯區,0,0,0,7,,,50,,,,,,,,,,,,,,,,,,,B03,,,1,,1,,,59,59,1,13,4,120.650117,24.146911,3
3851,66000,387130000C,(04)23274275,(04)23288582,2025,6,11,15,15,臺中市,中區,0,1,0,7,2,6,50,13,9,1,5,4,6,6,2,1,2,4,5,2,13,3,10,5,1,B02,7,9,1,8,2,5,,84,84,1,6,4,120.681827,24.144916,2
3852,66000,387130000C,(04)23274275,(04)23288582,2025,6,11,15,21,臺中市,西區,0,0,0,7,,,50,,,,,,,,,,,,,,,,,,,B03,,,1,,1,,,84,84,1,12,4,120.660668,24.15458,3
3853,66000,387130000C,(04)23274275,(04)23288582,2025,6,11,15,25,臺中市,西屯區,0,0,0,7,,,,,,,,,,,,,,,,,17,,,,,F01,,,,,,,,62,62,1,,,120.644515,24.184304,3
3854,66000,387130000C,(04)23274275,(04)23288582,2025,6,11,15,27,臺中市,大雅區,0,1,0,7,3,6,50,4,1,1,5,4,6,6,1,1,10,5,5,2,18,2,9,2,1,C03,7,9,1,10,2,12,,84,84,1,12,4,120.656627,24.220458,2
3855,66000,387130000C,(04)23274275,(04)23288582,2025,6,11,15,30,臺中市,南區,0,0,0,7,1,6,50,13,7,1,5,4,6,6,4,4,1,4,5,2,17,3,10,3,1,B03,7,15,1,8,1,5,,84,84,1,12,4,120.669051,24.128577,3
3856,66000,387130000C,(04)23274275,(04)23288582,2025,6,11,15,33,臺中市,大里區,0,0,0,7,,,50,,,,,,,,,,,,,,17,,,,,B03,,,1,,1,,,7,7,1,12,4,120.68838,24.10254,3
3857,66000,387130000C,(04)23274275,(04)23288582,2025,6,11,15,34,臺中市,北區,0,0,0,7,,,50,,,,,,,,,,,,,,17,,,,,A12,,,1,,2,,,58,58,1,13,4,120.700546,24.157936,3
3858,66000,387130000C,(04)23274275,(04)23288582,2025,6,11,15,38,臺中市,北區,0,1,0,7,3,6,50,4,1,1,5,4,6,6,1,1,5,2,5,2,17,3,10,1,1,C03,7,5,1,10,2,13,,47,47,1,12,4,120.684424,24.142308,2
3859,66000,387130000C,(04)23274275,(04)23288582,2025,6,11,15,45,臺中市,沙鹿區,0,0,0,7,,,,,,,,,,,,,,,,,9,,,,,,,,,,,,,119,119,1,,,120.571649,24.225874,4
3860,66000,387130000C,(04)23274275,(04)23288582,2025,6,11,15,49,臺中市,西屯區,0,0,0,7,,,50,,,,,,,,,,,,,,13,,,,,B03,,,1,,1,,,7,7,1,13,4,120.647546,24.159335,3
3861,66000,387130000C,(04)23274275,(04)23288582,2025,6,11,15,49,臺中市,西屯區,0,1,0,7,2,6,40,13,8,1,5,4,6,6,4,4,1,4,5,2,13,2,8,5,4,C03,7,9,1,10,2,11,12,7,7,1,13,4,120.648176,24.163931,2
3862,66000,387130000C,(04)23274275,(04)23288582,2025,6,11,15,52,臺中市,南區,0,0,0,7,,,50,,,,,,,,,,,,,,,,,,,B03,,,1,,1,,,50,50,1,6,4,120.658307,24.120901,3
3863,66000,387130000C,(04)23274275,(04)23288582,2025,6,11,15,52,臺中市,南屯區,0,3,0,7,1,6,50,13,7,1,5,4,6,6,4,4,9,4,4,2,12,2,9,5,4,C03,7,11,1,10,2,14,,45,45,1,13,4,120.654362,24.14509,2
3864,66000,387130000C,(04)23274275,(04)23288582,2025,6,11,15,54,臺中市,大里區,0,1,0,7,2,6,30,3,1,1,5,4,6,6,4,4,10,5,5,1,12,3,10,1,1,C03,7,4,1,10,9,12,,84,84,1,12,4,120.666571,24.104696,2
3865,66000,387130000C,(04)23274275,(04)23288582,2025,6,11,15,55,臺中市,潭子區,0,3,0,7,2,6,50,5,2,1,5,4,6,6,1,1,1,4,4,1,13,2,1,1,1,C03,7,9,1,10,2,11,,7,7,1,13,4,120.69745,24.216448,2
3866,66000,387130000C,(04)23274275,(04)23288582,2025,6,11,15,55,臺中市,太平區,0,1,0,7,3,6,50,4,1,1,5,4,6,6,4,4,10,5,5,2,15,3,10,1,1,C03,7,9,1,10,2,11,12,12,12,1,6,4,120.714494,24.15332,2
3867,66000,387130000C,(04)23274275,(04)23288582,2025,6,11,15,56,臺中市,太平區,0,0,0,7,,,50,,,,,,,,,,,,,,,,,,,B03,,,1,,2,,,59,59,1,6,4,120.722225,24.157364,3
3868,66000,387130000C,(04)23274275,(04)23288582,2025,6,11,15,56,臺中市,沙鹿區,0,0,0,7,,,50,,,,,,,,,,,,,,,,,,,B03,,,1,,2,,,11,11,1,13,4,120.578683,24.221275,3
3869,66000,387130000C,(04)23274275,(04)23288582,2025,6,11,16,0,臺中市,北屯區,0,0,0,7,,,50,,,,,,,,,,,,,,17,,,,,B03,,,1,,2,,,84,84,1,12,4,120.688609,24.163462,3
3870,66000,387130000C,(04)23274275,(04)23288582,2025,6,11,16,3,臺中市,西屯區,0,0,0,7,,,50,,,,,,,,,,,,,,12,,,,,B03,,,1,,1,,,8,8,1,12,4,120.657597,24.165106,3
3871,66000,387130000C,(04)23274275,(04)23288582,2025,6,11,16,7,臺中市,太平區,0,0,0,7,,,50,,,,,,,,,,,,,,,,,,,B03,,,1,,1,,,7,7,1,12,4,120.700569,24.147744,3
3872,66000,387130000C,(04)23274275,(04)23288582,2025,6,11,16,9,臺中市,豐原區,0,0,0,7,,,50,,,,,,,,,,,,,,14,,,,,B03,,,1,,2,,,49,49,1,12,4,120.726656,24.245431,4
3873,66000,387130000C,(04)23274275,(04)23288582,2025,6,11,16,13,臺中市,大里區,0,0,0,7,,,50,,,,,,,,,,,,,,17,,,,,B03,,,1,,1,,,49,49,1,12,4,120.703544,24.107746,3
3874,66000,387130000C,(04)23274275,(04)23288582,2025,6,11,16,15,臺中市,大雅區,0,0,0,7,,,60,,,,,,,,,,,,,,,,,,,B03,,,1,,1,,,84,84,1,13,4,120.650678,24.210902,3
3875,66000,387130000C,(04)23274275,(04)23288582,2025,6,11,16,16,臺中市,南區,0,1,0,7,2,6,50,13,9,1,5,4,6,6,4,4,9,5,5,2,16,3,10,3,1,B03,7,6,1,8,2,5,,48,48,1,6,4,120.650817,24.115498,2
3876,66000,387130000C,(04)23274275,(04)23288582,2025,6,11,16,17,臺中市,大甲區,0,0,0,7,,,50,,,,,,,,,,,,,,14,,,,,B03,,,1,,2,,,49,49,1,6,4,120.621808,24.353522,3
3877,66000,387130000C,(04)23274275,(04)23288582,2025,6,11,16,20,臺中市,大里區,0,0,0,7,,,30,,,,,,,,,,,,,,12,,,,,B03,,,1,,2,,,8,8,1,13,4,120.684623,24.111575,3
3878,66000,387130000C,(04)23274275,(04)23288582,2025,6,11,16,23,臺中市,西屯區,0,0,0,7,,,50,,,,,,,,,,,,,,13,,,,,B03,,,1,,1,,,7,7,1,12,4,120.634443,24.169826,3
3879,66000,387130000C,(04)23274275,(04)23288582,2025,6,11,16,26,臺中市,西屯區,0,0,0,7,,,0,,,,,,,,,,,,,,17,,,,,C03,,,1,,1,,,84,84,1,13,4,120.647181,24.157417,3
3880,66000,387130000C,(04)23274275,(04)23288582,2025,6,11,16,30,臺中市,西屯區,0,1,0,7,2,6,50,4,1,1,5,4,6,6,2,1,10,5,5,2,16,2,9,1,1,C03,7,9,1,10,2,14,,6,6,1,13,4,120.639083,24.164986,2
3881,66000,387130000C,(04)23274275,(04)23288582,2025,6,11,16,32,臺中市,南屯區,0,0,0,7,,,40,,,,,,,,,,,,,,14,,,,,B12,,,1,,1,,,49,49,1,12,4,120.637483,24.142852,3
3882,66000,387130000C,(04)23274275,(04)23288582,2025,6,11,16,33,臺中市,南屯區,0,1,0,7,3,6,50,4,1,1,5,4,6,6,2,1,10,5,5,2,18,2,9,1,1,C03,7,9,1,10,8,12,,59,59,1,13,4,120.646681,24.153613,2
3883,66000,387130000C,(04)23274275,(04)23288582,2025,6,11,16,34,臺中市,北區,0,0,0,7,,,50,,,,,,,,,,,,,,12,,,,,B03,,,1,,2,4,,84,84,1,12,4,120.699677,24.160368,3
3884,66000,387130000C,(04)23274275,(04)23288582,2025,6,11,16,34,臺中市,西屯區,0,0,0,7,,,50,,,,,,,,,,,,,,13,,,,,B03,,,1,,1,,,56,56,1,12,4,120.621921,24.186405,3
3885,66000,387130000C,(04)23274275,(04)23288582,2025,6,11,16,36,臺中市,西屯區,0,1,0,7,1,6,50,4,1,1,5,4,6,6,1,1,10,5,5,1,13,2,9,2,1,C03,7,9,1,10,2,11,,59,59,1,12,4,120.632516,24.182843,2
3886,66000,387130000C,(04)23274275,(04)23288582,2025,6,11,16,37,臺中市,北區,0,0,0,7,,,50,,,,,,,,,,,,,,15,,,,,B02,,,1,,2,,,21,21,1,12,4,120.666736,24.169773,3
3887,66000,387130000C,(04)23274275,(04)23288582,2025,6,11,16,38,臺中市,南屯區,0,0,0,7,,,50,,,,,,,,,,,,,,13,,,,,B03,,,1,,1,,,59,59,1,12,4,120.623883,24.140912,4
3888,66000,387130000C,(04)23274275,(04)23288582,2025,6,11,16,40,臺中市,大里區,0,1,0,7,2,6,50,13,9,1,5,4,6,6,4,4,9,5,5,1,12,2,7,1,1,C03,7,9,1,10,2,11,,42,42,1,12,4,120.710882,24.090936,2
3889,66000,387130000C,(04)23274275,(04)23288582,2025,6,11,16,41,臺中市,北屯區,0,0,0,7,,,30,,,,,,,,,,,,,,11,,,,,B03,,,1,,1,,,8,8,1,12,4,120.701343,24.170692,3
3890,66000,387130000C,(04)23274275,(04)23288582,2025,6,11,16,42,臺中市,太平區,0,0,0,7,,,50,,,,,,,,,,,,,,12,,,,,B03,,,1,,2,,,40,40,1,9,4,120.712672,24.125769,3
3891,66000,387130000C,(04)23274275,(04)23288582,2025,6,11,16,43,臺中市,西屯區,0,0,0,7,,,40,,,,,,,,,,,,,,12,,,,,B03,,,1,,1,,,8,8,1,13,4,120.634948,24.179291,3
3892,66000,387130000C,(04)23274275,(04)23288582,2025,6,11,16,44,臺中市,大里區,0,0,0,7,,,30,,,,,,,,,,,,,,,,,,,C03,,,1,,9,,,49,49,1,12,4,120.681337,24.103503,3
3893,66000,387130000C,(04)23274275,(04)23288582,2025,6,11,16,50,臺中市,大雅區,0,0,0,7,,,30,,,,,,,,,,,,,,,,,,,B03,,,1,,1,,,14,14,1,12,4,120.647175,24.224735,3
3894,66000,387130000C,(04)23274275,(04)23288582,2025,6,11,16,50,臺中市,西屯區,0,0,0,7,,,50,,,,,,,,,,,,,,13,,,,,B03,,,1,,1,,,58,58,1,13,4,120.650297,24.163835,3
3895,66000,387130000C,(04)23274275,(04)23288582,2025,6,11,16,51,臺中市,龍井區,0,1,0,7,3,6,40,4,1,1,5,4,6,6,1,1,10,5,5,2,16,3,10,1,1,C03,7,5,1,10,2,12,,47,47,1,5,4,120.529974,24.207331,2
3896,66000,387130000C,(04)23274275,(04)23288582,2025,6,11,16,51,臺中市,龍井區,0,0,0,7,,,50,,,,,,,,,,,,,,13,,,,,B03,,,1,,5,,,7,7,1,6,4,120.592553,24.183179,3
3897,66000,387130000C,(04)23274275,(04)23288582,2025,6,11,16,52,臺中市,北區,0,0,0,7,,,50,,,,,,,,,,,,,,17,,,,,C03,,,1,,2,,,84,84,1,13,4,120.676986,24.165672,3
3898,66000,387130000C,(04)23274275,(04)23288582,2025,6,11,16,57,臺中市,大里區,0,0,0,6,,,50,,,,,,,,,,,,,,17,,,,,C03,,,1,,1,,,8,8,1,12,4,120.700851,24.102874,3
3899,66000,387130000C,(04)23274275,(04)23288582,2025,6,11,16,58,臺中市,東區,0,2,0,7,3,6,50,5,1,1,5,4,6,6,2,1,10,5,5,2,16,2,9,2,1,C03,7,9,1,10,2,12,,7,7,1,13,4,120.695208,24.141603,2
3900,66000,387130000C,(04)23274275,(04)23288582,2025,6,11,16,59,臺中市,中區,0,1,0,7,2,6,50,4,2,1,5,4,6,6,2,1,5,4,5,1,12,3,10,2,1,C03,7,9,1,10,2,14,,8,8,1,13,4,120.681796,24.144577,2
3901,66000,387130000C,(04)23274275,(04)23288582,2025,6,11,17,0,臺中市,太平區,0,1,0,7,2,6,50,13,9,1,5,4,6,6,4,4,5,5,5,1,17,2,8,5,4,C03,7,9,1,10,2,12,,8,8,1,6,4,120.742543,24.13091,2
3902,66000,387130000C,(04)23274275,(04)23288582,2025,6,11,17,1,臺中市,大里區,0,1,0,7,3,6,60,3,2,1,5,4,6,6,4,4,1,4,4,2,16,3,10,3,1,B03,7,5,1,8,2,8,,14,14,1,6,4,120.671077,24.102663,2
3903,66000,387130000C,(04)23274275,(04)23288582,2025,6,11,17,5,臺中市,潭子區,0,0,0,7,,,30,,,,,,,,,,,,,,,,,,,B03,,,1,,2,,,84,84,1,13,4,120.700548,24.188475,3
3904,66000,387130000C,(04)23274275,(04)23288582,2025,6,11,17,5,臺中市,梧棲區,0,0,0,7,,,50,,,,,,,,,,,,,,13,,,,,B03,,,1,,2,,,7,7,1,12,4,120.53981,24.241661,3
3905,66000,387130000C,(04)23274275,(04)23288582,2025,6,11,17,6,臺中市,北屯區,0,0,0,7,,,50,,,,,,,,,,,,,,14,,,,,B12,,,1,,1,,,49,49,1,6,4,120.685329,24.168477,3
3906,66000,387130000C,(04)23274275,(04)23288582,2025,6,11,17,6,臺中市,西屯區,0,0,0,7,,,50,,,,,,,,,,,,,,15,,,,,C03,,,1,,2,,,20,20,1,12,4,120.669088,24.177271,3
3907,66000,387130000C,(04)23274275,(04)23288582,2025,6,11,17,7,臺中市,西屯區,0,1,0,7,2,6,50,4,1,1,5,4,6,6,4,4,10,5,5,2,16,3,10,3,4,B03,7,6,1,8,2,5,,14,14,1,12,4,120.650288,24.16602,2
3908,66000,387130000C,(04)23274275,(04)23288582,2025,6,11,17,8,臺中市,北區,0,0,0,7,,,30,,,,,,,,,,,,,,17,,,,,B03,,,1,,2,,,58,58,1,13,4,120.701308,24.157377,3
3909,66000,387130000C,(04)23274275,(04)23288582,2025,6,11,17,8,臺中市,南屯區,0,0,0,7,,,50,,,,,,,,,,,,,,,,,,,B03,,,1,,2,,,51,51,1,13,4,120.643508,24.127307,3
3910,66000,387130000C,(04)23274275,(04)23288582,2025,6,11,17,10,臺中市,東區,0,0,0,7,1,6,50,4,1,1,5,4,6,6,1,1,,5,5,2,17,3,10,3,1,B03,7,9,1,8,1,1,,84,84,1,12,4,120.696485,24.138879,3
3911,66000,387130000C,(04)23274275,(04)23288582,2025,6,11,17,10,臺中市,南屯區,0,0,0,7,,,50,,,,,,,,,,,,,,17,,,,,B03,,,1,,1,,,51,51,1,12,4,120.640739,24.148775,3
3912,66000,387130000C,(04)23274275,(04)23288582,2025,6,11,17,10,臺中市,西屯區,0,0,0,7,,,50,,,,,,,,,,,,,,,,,,,C03,,,1,,9,,,59,59,1,12,4,120.59745,24.191535,3
3913,66000,387130000C,(04)23274275,(04)23288582,2025,6,11,17,12,臺中市,南區,0,0,0,7,,,50,,,,,,,,,,,,,,17,,,,,C03,,,1,,2,,,51,51,1,6,4,120.665794,24.127144,3
3914,66000,387130000C,(04)23274275,(04)23288582,2025,6,11,17,12,臺中市,南區,0,1,0,7,3,6,50,3,1,1,5,4,6,5,4,4,10,5,5,2,17,3,10,3,1,B03,7,5,1,8,2,8,,12,12,1,6,4,120.6617,24.121658,2
3915,66000,387130000C,(04)23274275,(04)23288582,2025,6,11,17,12,臺中市,北屯區,0,1,0,7,2,6,50,3,1,1,5,4,6,6,4,4,5,4,5,2,16,3,10,3,1,B03,7,5,1,8,2,1,,12,12,1,12,4,120.72094,24.16286,2
3916,66000,387130000C,(04)23274275,(04)23288582,2025,6,11,17,12,臺中市,北屯區,0,1,0,7,3,6,50,13,9,1,5,4,6,6,2,1,1,4,5,2,13,3,10,2,1,C03,7,9,1,10,9,12,,7,7,1,12,4,120.685234,24.171997,2
3917,66000,387130000C,(04)23274275,(04)23288582,2025,6,11,17,15,臺中市,南屯區,0,1,0,7,2,6,50,4,1,1,5,4,6,6,2,1,9,4,4,2,12,2,9,1,1,C03,7,9,1,10,2,11,,84,84,1,12,4,120.637724,24.142453,2
3918,66000,387130000C,(04)23274275,(04)23288582,2025,6,11,17,15,臺中市,西屯區,0,0,0,7,,,60,,,,,,,,,,,,,,,,,,,B03,,,1,,1,,,7,7,1,13,4,120.636439,24.160617,3
3919,66000,387130000C,(04)23274275,(04)23288582,2025,6,11,17,16,臺中市,太平區,0,0,0,7,,,50,,,,,,,,,,,,,,17,,,,,C03,,,1,,2,,,84,84,1,12,4,120.717135,24.15212,3
3920,66000,387130000C,(04)23274275,(04)23288582,2025,6,11,17,18,臺中市,北屯區,0,1,0,7,2,6,50,5,1,1,5,4,6,6,4,4,10,5,5,2,12,3,10,1,1,C03,7,5,1,10,2,14,,20,20,1,6,4,120.686288,24.188234,2
3921,66000,387130000C,(04)23274275,(04)23288582,2025,6,11,17,18,臺中市,龍井區,0,1,0,7,2,6,40,4,8,1,5,4,6,6,2,1,3,5,5,2,17,2,8,2,1,C03,7,9,1,10,2,16,,87,87,1,6,4,120.579937,24.192454,2
3922,66000,387130000C,(04)23274275,(04)23288582,2025,6,11,17,19,臺中市,烏日區,0,0,0,7,2,6,40,4,1,1,5,4,6,6,4,4,5,,5,2,15,3,10,1,1,B03,7,9,1,10,2,12,,12,12,1,6,4,120.641899,24.103983,3
3923,66000,387130000C,(04)23274275,(04)23288582,2025,6,11,17,24,臺中市,霧峰區,0,2,0,7,2,6,50,3,1,1,5,4,6,5,1,1,10,5,5,2,16,2,9,5,4,C03,7,1,1,10,2,14,,51,51,1,12,4,120.710291,24.074348,2
3924,66000,387130000C,(04)23274275,(04)23288582,2025,6,11,17,28,臺中市,西屯區,0,0,0,7,,,50,,,,,,,,,,,,,,13,,,,,B03,,,1,,2,,,7,7,1,12,4,120.651812,24.197794,3
3925,66000,387130000C,(04)23274275,(04)23288582,2025,6,11,17,30,臺中市,東區,0,0,0,7,1,6,50,13,8,1,5,4,6,6,4,4,1,4,4,2,14,3,10,3,1,B03,7,2,1,8,1,1,,87,87,1,12,4,120.691464,24.129422,3
3926,66000,387130000C,(04)23274275,(04)23288582,2025,6,11,17,30,臺中市,南屯區,0,0,0,7,,,50,,,,,,,,,,,,,,,,,,,B03,,,1,,2,,,84,84,1,13,4,120.628399,24.140188,3
3927,66000,387130000C,(04)23274275,(04)23288582,2025,6,11,17,34,臺中市,西區,0,1,0,7,2,6,30,3,1,1,5,4,6,6,4,4,10,5,5,2,17,2,9,2,1,C03,7,15,1,10,2,11,,84,84,1,12,4,120.661388,24.161472,2
3928,66000,387130000C,(04)23274275,(04)23288582,2025,6,11,17,36,臺中市,南區,0,1,0,7,3,6,50,13,9,1,5,4,6,6,4,4,1,4,5,2,13,3,10,2,1,C03,7,9,1,10,2,11,,7,7,1,13,4,120.656146,24.116084,2
3929,66000,387130000C,(04)23274275,(04)23288582,2025,6,11,17,40,臺中市,北屯區,0,0,0,7,,,50,,,,,,,,,,,,,,12,,,,,B03,,,1,,1,,,84,84,1,12,4,120.715037,24.174903,3
3930,66000,387130000C,(04)23274275,(04)23288582,2025,6,11,17,44,臺中市,西屯區,0,0,0,7,,,80,,,,,,,,,,,,,,12,,,,,B03,,,1,,2,,,40,40,1,13,4,120.63375,24.174099,3
3931,66000,387130000C,(04)23274275,(04)23288582,2025,6,11,17,50,臺中市,北屯區,0,1,0,7,3,6,50,5,2,1,5,4,6,6,1,1,5,5,5,2,12,3,10,1,1,C03,7,9,1,10,2,12,,84,84,1,12,4,120.69509,24.185552,2
3932,66000,387130000C,(04)23274275,(04)23288582,2025,6,11,17,52,臺中市,大肚區,0,0,0,7,,,50,,,,,,,,,,,,,,14,,,,,B12,,,1,,2,,,49,49,1,6,4,120.542563,24.166401,3
3933,66000,387130000C,(04)23274275,(04)23288582,2025,6,11,17,59,臺中市,中區,0,0,0,7,,,50,,,,,,,,,,,,,,12,,,,,C03,,,1,,1,,,84,84,1,12,4,120.674245,24.142912,3
3934,66000,387130000C,(04)23274275,(04)23288582,2025,6,11,18,2,臺中市,大里區,0,0,0,7,,,50,,,,,,,,,,,,,,,,,,,B03,,,1,,2,,,7,7,1,6,4,120.702296,24.088435,3
3935,66000,387130000C,(04)23274275,(04)23288582,2025,6,11,18,2,臺中市,龍井區,0,0,0,7,,,30,,,,,,,,,,,,,,17,,,,,A12,,,1,,2,,,59,59,1,6,4,120.546661,24.211855,3
3936,66000,387130000C,(04)23274275,(04)23288582,2025,6,11,18,5,臺中市,西屯區,0,1,0,7,1,6,50,3,2,1,5,4,6,6,4,4,5,4,5,2,16,2,9,5,4,C03,7,6,1,10,2,12,,34,34,1,12,4,120.615185,24.182384,2
3937,66000,387130000C,(04)23274275,(04)23288582,2025,6,11,18,8,臺中市,烏日區,0,0,0,7,,,30,,,,,,,,,,,,,,14,,,,,B02,,,1,,1,,,49,49,1,6,4,120.642411,24.104184,3
3938,66000,387130000C,(04)23274275,(04)23288582,2025,6,11,18,9,臺中市,潭子區,0,1,0,7,3,6,40,13,9,1,5,4,6,6,4,4,10,5,5,1,11,3,10,3,1,B03,7,9,1,8,8,8,,8,8,1,13,4,120.712612,24.206922,2
3939,66000,387130000C,(04)23274275,(04)23288582,2025,6,11,18,9,臺中市,南屯區,0,2,0,7,2,6,50,13,9,1,5,4,6,6,1,1,8,3,5,1,9,2,9,1,1,C03,7,9,1,10,2,12,,84,84,1,12,4,120.609791,24.140185,2
3940,66000,387130000C,(04)23274275,(04)23288582,2025,6,11,18,15,臺中市,南屯區,0,0,0,7,,,50,,,,,,,,,,,,,,12,,,,,B03,,,1,,9,,,40,40,1,13,4,120.630749,24.137931,3