序號,縣市別代碼,機關代碼,市話,傳真,年,月,日,時,分,縣市,區,死亡數量,受傷數量,2-30,天候,道路照明設備,道路類別,道路速限,道路型態,事故位置,路面鋪裝,路面狀態,路面缺陷,障礙物,視距,號誌種類,號誌動作,分向設施,快車道或一般車道間,快慢車道間,路面邊線,事故類型及型態,受傷程度,主要傷處,保護裝備,行動電話或功能裝置,當事者區分(類別),車輛用途,當事者行動狀態,駕照狀態,駕照種類,飲酒情形,車輛撞擊部位最初,車輛撞擊部位其他,肇事因素個別,肇事因素主要,肇事逃逸,職業,共享經濟或外送平台,GPS座標X,GPS座標Y,事故類別
3941,66000,387130000C,(04)23274275,(04)23288582,2025,6,11,18,18,臺中市,梧棲區,0,0,0,7,,,50,,,,,,,,,,,,,,14,,,,,A31,,,1,,1,,,49,49,1,6,4,120.536321,24.255783,3
3942,66000,387130000C,(04)23274275,(04)23288582,2025,6,11,18,19,臺中市,豐原區,0,0,0,7,,,50,,,,,,,,,,,,,,17,,,,,C03,,,3,,2,,,84,84,1,12,4,120.706875,24.243799,4
3943,66000,387130000C,(04)23274275,(04)23288582,2025,6,11,18,20,臺中市,南屯區,0,0,0,7,1,6,50,13,8,1,5,4,6,6,4,4,3,4,4,2,12,,,,,B03,,,1,,1,,,14,14,1,12,4,120.636768,24.152979,3
3944,66000,387130000C,(04)23274275,(04)23288582,2025,6,11,18,23,臺中市,南區,0,0,0,7,,,50,,,,,,,,,,,,,,,,,,,B03,,,1,,1,,,7,7,1,13,4,120.661098,24.121476,3
3945,66000,387130000C,(04)23274275,(04)23288582,2025,6,11,18,23,臺中市,太平區,0,0,0,7,,,50,,,,,,,,,,,,,,,,,,,B03,,,1,,1,,,84,84,1,6,4,120.710077,24.158989,3
3946,66000,387130000C,(04)23274275,(04)23288582,2025,6,11,18,24,臺中市,大里區,0,1,0,7,2,6,50,13,7,1,5,4,6,6,4,4,1,4,4,1,3,2,9,6,5,H01,8,20,7,21,10,17,,98,98,1,13,5,120.692227,24.091214,2
3947,66000,387130000C,(04)23274275,(04)23288582,2025,6,11,18,28,臺中市,中區,0,0,0,7,,,50,,,,,,,,,,,,,,13,,,,,B03,,,1,,1,,,7,7,1,13,4,120.685721,24.143193,3
3948,66000,387130000C,(04)23274275,(04)23288582,2025,6,11,18,30,臺中市,西屯區,0,1,0,7,1,6,30,4,1,1,5,4,6,6,4,4,10,5,5,2,17,2,9,2,4,C02,7,5,1,9,2,16,,85,85,1,12,4,120.616609,24.184979,2
3949,66000,387130000C,(04)23274275,(04)23288582,2025,6,11,18,33,臺中市,西屯區,0,0,0,7,,,50,,,,,,,,,,,,,,16,,,,,C03,,,1,,1,,,39,39,1,5,4,120.644741,24.184562,3
3950,66000,387130000C,(04)23274275,(04)23288582,2025,6,11,18,42,臺中市,西屯區,0,0,0,6,,,40,,,,,,,,,,,,,,,,,,,B01,,,1,,2,,,51,51,1,13,4,120.633554,24.166198,3
3951,66000,387130000C,(04)23274275,(04)23288582,2025,6,11,18,44,臺中市,北屯區,0,1,0,7,1,6,50,4,1,1,5,4,6,6,1,1,10,5,5,2,16,3,10,1,1,C03,7,9,1,10,2,13,,39,39,1,12,4,120.668441,24.200616,2
3952,66000,387130000C,(04)23274275,(04)23288582,2025,6,11,18,46,臺中市,北區,0,1,0,7,1,6,50,13,12,1,5,4,6,6,4,4,2,5,4,2,18,2,9,1,1,C03,7,9,1,10,2,14,,84,84,1,12,4,120.685079,24.151991,2
3953,66000,387130000C,(04)23274275,(04)23288582,2025,6,11,18,49,臺中市,大里區,0,1,0,7,1,6,50,4,1,1,5,4,6,6,1,1,10,5,5,1,17,3,10,1,1,C03,7,15,1,10,9,16,,84,84,1,12,4,120.672244,24.1051,2
3954,66000,387130000C,(04)23274275,(04)23288582,2025,6,11,18,49,臺中市,大甲區,0,0,0,7,,,60,,,,,,,,,,,,,,,,,,,B03,,,1,,1,,,49,49,1,6,4,120.631475,24.355073,4
3955,66000,387130000C,(04)23274275,(04)23288582,2025,6,11,18,50,臺中市,東勢區,0,0,0,7,,,50,,,,,,,,,,,,,,12,,,,,B03,,,1,,2,,,43,43,1,13,4,120.832808,24.251218,3
3956,66000,387130000C,(04)23274275,(04)23288582,2025,6,11,18,53,臺中市,南屯區,0,0,0,7,,,50,,,,,,,,,,,,,,,,,,,C03,,,1,,1,,,51,51,1,13,4,120.650455,24.15063,3
3957,66000,387130000C,(04)23274275,(04)23288582,2025,6,11,18,53,臺中市,大里區,0,1,0,7,1,6,50,5,1,1,5,4,6,6,1,1,10,5,5,2,16,2,9,5,4,C03,7,6,1,10,2,11,,11,11,1,12,4,120.686316,24.092995,2
3958,66000,387130000C,(04)23274275,(04)23288582,2025,6,11,18,54,臺中市,后里區,0,2,0,7,1,6,50,4,1,1,5,4,6,6,4,4,10,5,5,2,15,2,9,1,1,C03,7,9,1,10,2,11,,15,15,1,12,4,120.721328,24.304393,2
3959,66000,387130000C,(04)23274275,(04)23288582,2025,6,11,18,54,臺中市,后里區,0,1,0,7,1,6,50,4,1,1,5,4,6,6,3,1,10,5,5,2,16,3,10,1,1,C04,7,6,1,8,2,11,,11,11,1,12,4,120.713974,24.303311,2
3960,66000,387130000C,(04)23274275,(04)23288582,2025,6,11,18,54,臺中市,后里區,0,1,0,7,1,6,50,4,1,1,5,4,6,6,1,1,10,5,5,2,12,3,10,3,1,B03,7,5,1,8,2,6,,11,11,1,12,4,120.722188,24.304425,2
3961,66000,387130000C,(04)23274275,(04)23288582,2025,6,11,18,57,臺中市,南區,0,2,0,7,2,6,50,4,1,1,5,4,6,6,2,1,10,5,5,2,17,2,8,1,1,C03,7,9,1,10,2,11,,21,21,1,12,4,120.684175,24.122278,2
3962,66000,387130000C,(04)23274275,(04)23288582,2025,6,11,18,57,臺中市,西屯區,0,0,0,7,,,40,,,,,,,,,,,,,,14,,,,,B03,,,5,,3,,,50,50,1,12,4,120.642954,24.182575,3
3963,66000,387130000C,(04)23274275,(04)23288582,2025,6,11,19,1,臺中市,大里區,0,1,0,7,1,6,30,4,1,1,5,4,6,6,4,4,10,5,5,2,10,2,9,1,1,C03,7,9,1,10,2,11,,15,15,1,6,4,120.701214,24.087965,2
3964,66000,387130000C,(04)23274275,(04)23288582,2025,6,11,19,3,臺中市,西屯區,0,2,0,7,1,6,50,4,2,1,5,4,6,6,1,1,1,4,5,1,12,2,9,2,1,C03,7,8,1,10,2,16,,8,8,1,12,4,120.618628,24.184711,2
3965,66000,387130000C,(04)23274275,(04)23288582,2025,6,11,19,3,臺中市,大里區,0,2,0,6,3,6,50,13,9,1,5,4,6,6,1,1,5,5,5,1,13,3,10,3,1,B03,7,9,1,8,2,1,,7,7,1,12,4,120.705202,24.111493,2
3966,66000,387130000C,(04)23274275,(04)23288582,2025,6,11,19,4,臺中市,清水區,0,0,0,7,1,6,50,13,8,1,5,4,6,6,4,4,8,3,4,2,12,,,,,B03,,,1,,1,,,51,51,1,12,4,120.574758,24.267863,3
3967,66000,387130000C,(04)23274275,(04)23288582,2025,6,11,19,9,臺中市,南屯區,0,1,0,7,1,6,50,3,1,1,5,4,6,6,2,1,10,5,5,2,13,3,10,3,1,B03,7,6,1,8,2,8,,84,84,1,6,4,120.638854,24.135129,2
3968,66000,387130000C,(04)23274275,(04)23288582,2025,6,11,19,15,臺中市,太平區,0,0,0,7,,,50,,,,,,,,,,,,,,,,,,,B12,,,1,,1,,,49,49,1,6,4,120.716653,24.145867,3
3969,66000,387130000C,(04)23274275,(04)23288582,2025,6,11,19,20,臺中市,西區,0,0,0,7,,,50,,,,,,,,,,,,,,,,,,,B12,,,1,,1,,,8,8,1,12,4,120.657058,24.151427,3
3970,66000,387130000C,(04)23274275,(04)23288582,2025,6,11,19,21,臺中市,豐原區,0,0,0,7,,,50,,,,,,,,,,,,,,14,,,,,B03,,,1,,2,,,49,49,1,12,4,120.710297,24.236242,3
3971,66000,387130000C,(04)23274275,(04)23288582,2025,6,11,19,24,臺中市,大雅區,0,0,0,7,,,30,,,,,,,,,,,,,,,,,,,B03,,,1,,1,,,8,8,1,13,4,120.615246,24.218218,3
3972,66000,387130000C,(04)23274275,(04)23288582,2025,6,11,19,24,臺中市,北區,0,0,0,7,,,30,,,,,,,,,,,,,,17,,,,,B01,,,1,,1,,,49,49,1,13,4,120.674597,24.154972,4
3973,66000,387130000C,(04)23274275,(04)23288582,2025,6,11,19,27,臺中市,太平區,0,1,0,7,1,6,50,13,9,1,5,4,6,6,4,4,5,4,5,2,12,3,10,3,1,B12,7,4,1,8,2,6,,8,8,1,12,4,120.709012,24.127792,2
3974,66000,387130000C,(04)23274275,(04)23288582,2025,6,11,19,29,臺中市,大里區,0,0,0,7,,,50,,,,,,,,,,,,,,17,,,,,C03,,,1,,9,,,7,7,1,13,4,120.70365,24.092859,3
3975,66000,387130000C,(04)23274275,(04)23288582,2025,6,11,19,30,臺中市,北區,0,0,0,7,,,,,,,,,,,,,,,,,17,,,,,,,,,,,,,86,86,1,,,120.693628,24.156828,3
3976,66000,387130000C,(04)23274275,(04)23288582,2025,6,11,19,30,臺中市,新社區,0,0,0,5,,,30,,,,,,,,,,,,,,12,,,,,B12,,,1,,2,,,50,50,1,13,4,120.808303,24.242176,3
3977,66000,387130000C,(04)23274275,(04)23288582,2025,6,11,19,34,臺中市,大里區,0,1,0,7,1,6,30,4,19,1,5,4,6,6,1,1,10,5,5,1,9,3,10,3,1,B03,7,2,1,8,2,3,,49,49,1,12,4,120.678867,24.113688,2
3978,66000,387130000C,(04)23274275,(04)23288582,2025,6,11,19,36,臺中市,中區,0,0,0,7,,,50,,,,,,,,,,,,,,13,,,,,B03,,,1,,2,,,84,84,1,12,4,120.684961,24.137946,3
3979,66000,387130000C,(04)23274275,(04)23288582,2025,6,11,19,42,臺中市,烏日區,0,1,0,7,1,6,70,3,1,1,5,4,6,6,2,1,10,5,5,2,16,3,10,3,1,B03,7,5,1,8,2,2,,11,11,1,6,4,120.598176,24.11128,2
3980,66000,387130000C,(04)23274275,(04)23288582,2025,6,11,19,49,臺中市,大肚區,0,0,0,7,,,50,,,,,,,,,,,,,,13,,,,,B03,,,1,,2,,,7,7,1,6,4,120.581072,24.174663,4
3981,66000,387130000C,(04)23274275,(04)23288582,2025,6,11,19,50,臺中市,西屯區,0,0,0,7,,,50,,,,,,,,,,,,,,17,,,,,B03,,,1,,2,,,87,87,1,13,4,120.633749,24.161646,3
3982,66000,387130000C,(04)23274275,(04)23288582,2025,6,11,19,50,臺中市,烏日區,0,0,0,7,,,50,,,,,,,,,,,,,,13,,,,,B03,,,1,,2,,,7,7,1,12,4,120.615684,24.105966,3
3983,66000,387130000C,(04)23274275,(04)23288582,2025,6,11,19,52,臺中市,大甲區,0,0,0,7,,,50,,,,,,,,,,,,,,,,,,,C03,,,1,,2,,,4,4,1,12,4,120.627614,24.351157,3
3984,66000,387130000C,(04)23274275,(04)23288582,2025,6,11,19,53,臺中市,西屯區,0,0,0,7,,,50,,,,,,,,,,,,,,17,,,,,B03,,,1,,1,,,82,82,1,13,4,120.655111,24.164369,3
3985,66000,387130000C,(04)23274275,(04)23288582,2025,6,11,19,55,臺中市,南屯區,0,2,0,7,1,6,50,4,1,1,5,4,6,6,1,1,9,5,5,2,9,3,10,3,1,B03,7,6,1,8,2,8,,10,10,1,13,4,120.643821,24.15108,2
3986,66000,387130000C,(04)23274275,(04)23288582,2025,6,11,19,58,臺中市,后里區,0,1,0,7,1,6,50,4,1,1,5,4,6,6,1,1,10,5,5,2,16,3,10,3,1,B02,7,5,1,8,2,7,,22,22,1,12,4,120.676911,24.295012,2
3987,66000,387130000C,(04)23274275,(04)23288582,2025,6,11,19,59,臺中市,霧峰區,0,1,0,5,3,6,40,13,12,1,4,4,6,6,4,4,10,4,4,1,13,2,9,5,4,C03,7,9,1,10,2,11,,84,84,1,12,4,120.677754,24.039523,2
3988,66000,387130000C,(04)23274275,(04)23288582,2025,6,11,20,8,臺中市,潭子區,0,1,0,6,1,6,50,4,2,1,5,4,6,6,1,1,5,4,4,2,13,2,8,2,1,C03,7,9,1,10,2,14,,7,7,1,13,4,120.709899,24.206525,2
3989,66000,387130000C,(04)23274275,(04)23288582,2025,6,11,20,8,臺中市,太平區,0,1,0,7,1,6,50,4,1,1,5,4,6,6,1,1,5,5,5,1,18,2,9,1,1,C03,7,9,1,10,2,16,,84,84,1,6,4,120.716329,24.133355,2
3990,66000,387130000C,(04)23274275,(04)23288582,2025,6,11,20,23,臺中市,西屯區,0,0,0,7,,,50,,,,,,,,,,,,,,13,,,,,B03,,,1,,1,,,59,59,1,12,4,120.644715,24.169263,3
3991,66000,387130000C,(04)23274275,(04)23288582,2025,6,11,20,28,臺中市,太平區,0,0,0,7,,,30,,,,,,,,,,,,,,13,,,,,B03,,,1,,2,,,84,84,1,12,4,120.734138,24.143402,3
3992,66000,387130000C,(04)23274275,(04)23288582,2025,6,11,20,30,臺中市,沙鹿區,0,1,0,6,1,6,40,3,8,1,4,4,6,6,4,4,10,5,3,1,20,2,9,2,4,C03,7,9,3,19,2,14,,85,85,1,12,4,120.579046,24.250166,2
3993,66000,387130000C,(04)23274275,(04)23288582,2025,6,11,20,31,臺中市,大肚區,0,0,0,7,,,50,,,,,,,,,,,,,,,,,,,B12,,,1,,2,,,6,6,1,6,4,120.576538,24.11908,3
3994,66000,387130000C,(04)23274275,(04)23288582,2025,6,11,20,39,臺中市,石岡區,0,1,0,7,1,6,70,13,8,1,5,4,6,6,4,4,1,4,4,1,17,3,10,5,4,B03,7,3,1,8,2,6,,84,84,1,13,4,120.772008,24.275105,2
3995,66000,387130000C,(04)23274275,(04)23288582,2025,6,11,20,41,臺中市,太平區,0,2,0,7,1,6,50,4,2,1,5,4,6,6,3,1,5,5,4,1,13,2,8,1,1,C03,7,9,1,10,2,11,,59,59,1,6,4,120.727565,24.149888,2
3996,66000,387130000C,(04)23274275,(04)23288582,2025,6,11,20,42,臺中市,神岡區,0,0,0,7,,,30,,,,,,,,,,,,,,16,,,,,B03,,,1,,2,,,14,14,1,12,4,120.671014,24.245002,3
3997,66000,387130000C,(04)23274275,(04)23288582,2025,6,11,20,43,臺中市,大里區,0,1,0,7,1,6,50,3,1,1,5,4,6,6,1,1,5,5,4,1,28,,,,,,,,,,,,,118,118,1,,,120.72901,24.094399,2
3998,66000,387130000C,(04)23274275,(04)23288582,2025,6,11,20,47,臺中市,南區,0,0,0,7,,,50,,,,,,,,,,,,,,,,,,,B03,,,1,,1,,,49,49,1,13,4,120.656678,24.126257,3
3999,66000,387130000C,(04)23274275,(04)23288582,2025,6,11,20,48,臺中市,潭子區,0,0,0,7,,,60,,,,,,,,,,,,,,,,,,,B01,,,1,,2,,,11,11,1,13,4,120.705749,24.218166,3
4000,66000,387130000C,(04)23274275,(04)23288582,2025,6,11,20,54,臺中市,大里區,0,1,0,6,1,6,50,13,9,1,5,4,6,6,4,4,5,4,5,1,30,2,9,1,1,C03,7,9,1,10,2,14,,87,87,1,12,4,120.693947,24.099564,2
4001,66000,387130000C,(04)23274275,(04)23288582,2025,6,11,20,56,臺中市,南區,0,0,0,7,,,50,,,,,,,,,,,,,,,,,,,B03,,,1,,2,,,49,49,1,13,4,120.663056,24.125444,3
4002,66000,387130000C,(04)23274275,(04)23288582,2025,6,11,21,0,臺中市,東區,0,1,0,7,1,6,50,3,1,1,5,4,6,6,4,4,10,5,5,2,13,3,10,1,1,C03,7,9,1,10,2,12,,84,84,1,12,4,120.710291,24.144476,2
4003,66000,387130000C,(04)23274275,(04)23288582,2025,6,11,21,3,臺中市,南屯區,0,0,0,7,,,50,,,,,,,,,,,,,,13,,,,,B03,,,1,,1,,,84,84,1,12,4,120.627999,24.144928,3
4004,66000,387130000C,(04)23274275,(04)23288582,2025,6,11,21,15,臺中市,東區,0,2,0,7,1,6,50,3,1,1,5,4,6,6,4,4,10,5,5,2,16,2,9,2,1,C03,7,6,1,10,2,12,,48,48,1,6,4,120.701004,24.135821,2
4005,66000,387130000C,(04)23274275,(04)23288582,2025,6,11,21,30,臺中市,北屯區,0,1,0,7,1,6,50,3,1,1,5,4,6,6,4,4,10,5,5,2,17,2,9,1,1,C03,7,9,1,10,2,11,,84,84,1,12,4,120.668708,24.184676,2
4006,66000,387130000C,(04)23274275,(04)23288582,2025,6,11,21,30,臺中市,西屯區,0,0,0,6,,,50,,,,,,,,,,,,,,,,,,,B02,,,1,,2,,,7,7,1,13,4,120.635484,24.171313,3
4007,66000,387130000C,(04)23274275,(04)23288582,2025,6,11,21,45,臺中市,梧棲區,0,0,0,7,,,30,,,,,,,,,,,,,,11,,,,,B03,,,1,,1,,,8,8,1,12,4,120.544653,24.233081,3
4008,66000,387130000C,(04)23274275,(04)23288582,2025,6,11,21,48,臺中市,北屯區,0,1,0,7,1,6,50,3,1,1,5,4,6,6,4,4,10,5,5,2,18,2,8,1,1,C03,7,5,1,10,2,14,,84,84,1,12,4,120.722504,24.163965,2
4009,66000,387130000C,(04)23274275,(04)23288582,2025,6,11,21,50,臺中市,外埔區,0,2,0,7,1,6,50,3,1,1,5,4,6,6,4,4,10,5,5,2,12,2,9,1,1,C03,7,6,1,10,2,14,,14,14,1,12,4,120.661989,24.323367,2
4010,66000,387130000C,(04)23274275,(04)23288582,2025,6,11,22,0,臺中市,北區,0,0,0,7,1,6,40,13,21,2,5,4,6,6,4,4,1,5,5,2,9,3,10,1,1,C03,7,9,1,10,2,11,,39,39,1,12,4,120.685027,24.167102,3
4011,66000,387130000C,(04)23274275,(04)23288582,2025,6,11,22,6,臺中市,東區,0,2,0,7,1,6,50,13,9,1,5,4,6,6,4,4,9,5,5,2,16,2,8,2,1,C03,7,6,1,10,2,12,,20,20,1,13,2,120.688038,24.133988,2
4012,66000,387130000C,(04)23274275,(04)23288582,2025,6,11,22,11,臺中市,太平區,0,1,0,7,1,6,50,3,1,1,5,4,6,6,4,4,10,5,5,2,17,3,10,3,1,B03,7,6,3,19,2,8,,39,39,1,6,4,120.723735,24.156549,2
4013,66000,387130000C,(04)23274275,(04)23288582,2025,6,11,22,19,臺中市,后里區,0,1,0,7,1,6,50,13,8,1,5,4,6,6,4,4,1,4,4,2,12,3,10,3,1,B03,7,8,1,8,2,7,,40,40,1,12,4,120.722728,24.310926,2
4014,66000,387130000C,(04)23274275,(04)23288582,2025,6,11,22,25,臺中市,南屯區,0,3,0,7,1,6,50,4,1,1,5,4,6,6,2,1,10,5,5,2,16,2,9,1,1,C03,7,6,1,10,2,14,,48,48,1,13,4,120.635728,24.14851,2
4015,66000,387130000C,(04)23274275,(04)23288582,2025,6,11,22,26,臺中市,北屯區,0,1,0,7,1,6,50,4,1,1,5,4,6,6,1,1,10,5,5,2,16,3,10,3,1,B03,7,6,1,4,2,8,,84,84,1,12,4,120.694687,24.175451,2
4016,66000,387130000C,(04)23274275,(04)23288582,2025,6,11,22,35,臺中市,北屯區,0,1,0,7,1,6,50,4,2,1,5,4,6,6,1,1,1,4,5,2,13,2,9,1,1,C03,7,9,1,10,2,11,,84,84,1,6,4,120.67965,24.172812,2
4017,66000,387130000C,(04)23274275,(04)23288582,2025,6,11,22,40,臺中市,南屯區,0,2,0,7,1,6,50,13,7,1,5,4,6,6,4,4,9,5,4,2,16,2,9,1,1,C03,7,6,1,10,2,12,,20,20,1,12,2,120.637627,24.139134,2
4018,66000,387130000C,(04)23274275,(04)23288582,2025,6,11,22,42,臺中市,西屯區,0,1,0,7,1,6,70,3,1,1,5,4,6,6,4,4,10,5,5,2,16,3,10,5,4,B03,7,5,1,8,2,2,,14,14,1,12,4,120.626986,24.17739,2
4019,66000,387130000C,(04)23274275,(04)23288582,2025,6,11,23,5,臺中市,西屯區,0,0,0,7,,,30,,,,,,,,,,,,,,14,,,,,B03,,,1,,1,,,49,49,1,13,4,120.61219,24.186493,3
4020,66000,387130000C,(04)23274275,(04)23288582,2025,6,11,23,23,臺中市,大肚區,0,1,0,7,1,6,50,11,9,1,5,4,6,6,4,4,4,5,4,1,18,2,9,1,1,C03,7,9,1,10,2,12,,6,6,1,6,4,120.553043,24.159648,2
4021,66000,387130000C,(04)23274275,(04)23288582,2025,6,11,23,31,臺中市,西區,0,2,0,7,1,6,50,4,1,1,5,4,6,6,1,1,10,5,5,2,17,3,10,3,1,B03,7,9,1,8,2,1,,84,84,1,13,4,120.658836,24.146698,2
4022,66000,387130000C,(04)23274275,(04)23288582,2025,6,11,23,52,臺中市,北區,0,1,0,7,1,6,50,13,9,1,4,4,6,6,4,4,5,4,5,2,17,2,9,5,1,C03,7,9,1,10,2,11,,59,59,1,13,4,120.699146,24.153965,2
4023,66000,387130000C,(04)23274275,(04)23288582,2025,6,11,23,56,臺中市,東區,0,1,0,7,2,6,50,4,1,1,5,4,6,6,1,1,10,5,5,2,16,3,10,3,1,B12,7,6,1,8,2,6,,11,11,1,12,4,120.699659,24.144773,2
4024,66000,387130000C,(04)23274275,(04)23288582,2025,6,11,23,58,臺中市,霧峰區,0,1,0,7,1,6,50,3,1,1,5,4,6,6,1,1,10,5,5,2,17,2,7,1,1,C03,7,9,2,19,2,11,,21,21,1,6,4,120.690057,24.014368,2
4025,66000,387130000C,(04)23274275,(04)23288582,2025,6,12,0,9,臺中市,北區,0,0,0,7,1,6,50,4,7,1,5,4,6,6,1,1,1,4,4,2,13,3,10,3,1,B01,7,9,1,4,1,1,,59,59,1,12,4,120.682603,24.145948,3
4026,66000,387130000C,(04)23274275,(04)23288582,2025,6,12,0,19,臺中市,大雅區,0,1,0,7,1,6,50,4,1,1,5,4,6,6,3,1,9,4,5,1,15,2,9,2,1,C03,7,9,1,10,2,14,,24,24,1,13,4,120.668732,24.236906,2
4027,66000,387130000C,(04)23274275,(04)23288582,2025,6,12,0,33,臺中市,西區,0,1,0,7,1,6,50,4,1,1,5,4,6,6,2,1,5,4,4,2,17,3,10,3,1,B03,7,5,1,8,2,16,,11,11,1,12,4,120.65777,24.15806,2
4028,66000,387130000C,(04)23274275,(04)23288582,2025,6,12,0,40,臺中市,西屯區,0,0,0,7,,,30,,,,,,,,,,,,,,17,,,,,B12,,,1,,2,,,59,59,1,12,4,120.644524,24.179451,3
4029,66000,387130000C,(04)23274275,(04)23288582,2025,6,12,0,43,臺中市,豐原區,0,1,0,7,1,6,50,3,5,1,5,4,6,6,4,4,5,4,5,1,17,3,10,3,1,B03,7,11,1,8,2,16,,45,45,1,12,4,120.724127,24.223415,2
4030,66000,387130000C,(04)23274275,(04)23288582,2025,6,12,1,18,臺中市,南屯區,0,1,0,7,3,6,50,13,8,1,5,4,6,6,3,1,1,4,1,2,17,2,9,2,1,C03,7,9,1,10,2,11,,59,59,1,12,4,120.628571,24.12807,2
4031,66000,387130000C,(04)23274275,(04)23288582,2025,6,12,2,21,臺中市,南屯區,0,1,0,6,1,6,50,4,1,1,5,4,6,6,1,1,10,5,5,2,16,3,10,3,1,B02,7,6,1,8,2,6,,11,11,1,13,4,120.620854,24.13999,2
4032,66000,387130000C,(04)23274275,(04)23288582,2025,6,12,3,56,臺中市,北區,0,0,0,7,1,6,50,5,2,,5,4,6,6,2,1,1,2,5,2,13,,,,,B03,,,1,,1,,,7,7,1,12,4,120.68613,24.154792,3
4033,66000,387130000C,(04)23274275,(04)23288582,2025,6,12,5,27,臺中市,北屯區,0,1,0,7,2,6,40,13,8,1,5,4,6,6,4,4,3,5,4,2,18,,,,,,,,,,,,,115,115,1,,,120.783873,24.200894,2
4034,66000,387130000C,(04)23274275,(04)23288582,2025,6,12,5,32,臺中市,太平區,0,1,0,7,3,6,50,13,9,1,5,4,6,6,4,4,9,5,5,2,17,2,8,2,1,C03,7,11,3,19,2,12,,84,84,1,6,4,120.701476,24.153258,2
4035,66000,387130000C,(04)23274275,(04)23288582,2025,6,12,6,0,臺中市,西屯區,0,1,0,7,2,6,50,3,1,1,5,4,6,6,1,1,10,5,5,2,16,3,10,3,1,B03,7,5,3,19,9,5,,47,47,1,13,4,120.59273,24.179148,2
4036,66000,387130000C,(04)23274275,(04)23288582,2025,6,12,6,6,臺中市,北屯區,0,1,0,7,2,6,50,4,1,1,5,4,6,6,4,4,10,5,5,2,15,3,10,3,1,B03,7,9,1,8,2,8,,13,13,1,13,4,120.684587,24.17091,2
4037,66000,387130000C,(04)23274275,(04)23288582,2025,6,12,6,36,臺中市,烏日區,0,0,0,7,,,50,,,,,,,,,,,,,,,,,,,C02,,,1,,1,,,7,7,1,6,4,120.635741,24.097294,3
4038,66000,387130000C,(04)23274275,(04)23288582,2025,6,12,6,51,臺中市,太平區,0,1,0,7,3,6,50,13,9,1,5,4,6,6,4,4,3,4,5,2,13,2,9,2,1,C03,7,9,1,10,2,11,,7,7,1,12,4,120.71304,24.143464,2
4039,66000,387130000C,(04)23274275,(04)23288582,2025,6,12,6,55,臺中市,清水區,0,0,0,7,,,50,,,,,,,,,,,,,,,,,,,B03,,,1,,1,,,7,7,1,12,4,120.571316,24.269805,3
4040,66000,387130000C,(04)23274275,(04)23288582,2025,6,12,6,58,臺中市,龍井區,0,0,0,7,,,40,,,,,,,,,,,,,,12,,,,,B03,,,1,,1,,,8,8,1,6,4,120.587018,24.18895,3
4041,66000,387130000C,(04)23274275,(04)23288582,2025,6,12,7,3,臺中市,大雅區,0,0,0,7,,,70,,,,,,,,,,,,,,,,,,,B03,,,1,,1,,,35,35,1,13,4,120.630312,24.240697,3
4042,66000,387130000C,(04)23274275,(04)23288582,2025,6,12,7,3,臺中市,龍井區,0,0,0,7,,,30,,,,,,,,,,,,,,17,,,,,B03,,,1,,9,,,8,8,1,6,4,120.584764,24.180078,3
4043,66000,387130000C,(04)23274275,(04)23288582,2025,6,12,7,5,臺中市,大甲區,0,0,0,7,,,50,,,,,,,,,,,,,,,,,,,B03,,,1,,1,,,59,59,1,6,4,120.641261,24.365856,3
4044,66000,387130000C,(04)23274275,(04)23288582,2025,6,12,7,5,臺中市,大甲區,0,0,0,7,,,50,,,,,,,,,,,,,,,,,,,B03,,,1,,1,,,14,14,1,6,4,120.629286,24.352924,3
4045,66000,387130000C,(04)23274275,(04)23288582,2025,6,12,7,12,臺中市,中區,0,1,0,7,2,6,50,13,9,1,5,4,6,6,4,4,5,4,5,2,12,2,8,1,1,C03,7,4,1,10,2,14,,20,20,1,12,4,120.678762,24.142604,2
4046,66000,387130000C,(04)23274275,(04)23288582,2025,6,12,7,12,臺中市,烏日區,0,0,0,7,,,30,,,,,,,,,,,,,,9,,,,,B03,,,1,,2,,,51,51,1,13,4,120.632348,24.07595,3
4047,66000,387130000C,(04)23274275,(04)23288582,2025,6,12,7,15,臺中市,北區,0,1,0,7,2,6,50,4,1,1,5,4,6,6,1,1,5,5,4,2,16,2,9,1,1,C03,7,6,1,10,2,12,,48,48,1,12,4,120.668152,24.171513,2
4048,66000,387130000C,(04)23274275,(04)23288582,2025,6,12,7,20,臺中市,北屯區,0,0,0,7,,,50,,,,,,,,,,,,,,12,,,,,B03,,,1,,1,,,40,40,1,6,4,120.722545,24.181818,3
4049,66000,387130000C,(04)23274275,(04)23288582,2025,6,12,7,20,臺中市,太平區,0,0,0,7,,,50,,,,,,,,,,,,,,13,,,,,C03,,,1,,2,,,7,7,1,12,4,120.733523,24.153305,3
4050,66000,387130000C,(04)23274275,(04)23288582,2025,6,12,7,23,臺中市,南屯區,0,0,0,7,3,6,50,13,9,1,5,4,6,6,1,1,1,2,1,2,13,,,,,B03,,,1,,1,,,7,7,1,12,4,120.623236,24.140374,3
4051,66000,387130000C,(04)23274275,(04)23288582,2025,6,12,7,25,臺中市,沙鹿區,0,1,0,7,2,6,30,3,1,1,5,4,6,6,1,1,10,5,5,2,17,2,9,6,1,F01,7,9,7,21,2,14,,43,43,1,13,4,120.570327,24.241195,2