序號,縣市別代碼,機關代碼,市話,傳真,年,月,日,時,分,縣市,區,死亡數量,受傷數量,2-30,天候,道路照明設備,道路類別,道路速限,道路型態,事故位置,路面鋪裝,路面狀態,路面缺陷,障礙物,視距,號誌種類,號誌動作,分向設施,快車道或一般車道間,快慢車道間,路面邊線,事故類型及型態,受傷程度,主要傷處,保護裝備,行動電話或功能裝置,當事者區分(類別),車輛用途,當事者行動狀態,駕照狀態,駕照種類,飲酒情形,車輛撞擊部位最初,車輛撞擊部位其他,肇事因素個別,肇事因素主要,肇事逃逸,職業,共享經濟或外送平台,GPS座標X,GPS座標Y,事故類別
4052,66000,387130000C,(04)23274275,(04)23288582,2025,6,12,7,26,臺中市,豐原區,0,0,0,7,,,50,,,,,,,,,,,,,,17,,,,,B03,,,1,,2,,,8,8,1,12,4,120.721125,24.269057,3
4053,66000,387130000C,(04)23274275,(04)23288582,2025,6,12,7,26,臺中市,豐原區,0,0,0,7,,,40,,,,,,,,,,,,,,13,,,,,B03,,,1,,2,,,84,84,1,12,4,120.724639,24.249117,3
4054,66000,387130000C,(04)23274275,(04)23288582,2025,6,12,7,27,臺中市,潭子區,0,1,0,7,3,6,60,13,8,1,5,4,6,6,4,4,1,4,4,1,18,2,9,2,1,C03,7,9,1,10,2,12,,84,84,1,13,4,120.704326,24.203444,2
4055,66000,387130000C,(04)23274275,(04)23288582,2025,6,12,7,27,臺中市,大里區,0,1,0,7,3,6,30,13,9,1,5,4,6,6,4,4,10,5,5,2,18,2,9,1,1,C03,7,9,1,10,2,12,,84,84,1,12,4,120.686608,24.11479,2
4056,66000,387130000C,(04)23274275,(04)23288582,2025,6,12,7,27,臺中市,大甲區,0,1,0,7,2,6,50,13,9,1,5,4,6,6,4,4,9,5,5,1,16,3,10,2,1,C03,7,6,1,10,2,14,,84,84,1,6,4,120.624454,24.349337,2
4057,66000,387130000C,(04)23274275,(04)23288582,2025,6,12,7,30,臺中市,大里區,0,0,0,7,,,50,,,,,,,,,,,,,,16,,,,,B03,,,1,,2,,,14,14,1,13,4,120.682329,24.107959,3
4058,66000,387130000C,(04)23274275,(04)23288582,2025,6,12,7,30,臺中市,清水區,0,1,0,7,3,6,70,3,1,1,5,4,6,6,1,1,1,4,4,1,16,3,10,3,1,B03,7,5,1,8,9,6,,14,14,1,12,4,120.591346,24.296205,2
4059,66000,387130000C,(04)23274275,(04)23288582,2025,6,12,7,32,臺中市,烏日區,0,0,0,7,,,50,,,,,,,,,,,,,,9,,,,,B03,,,1,,1,,,8,8,1,6,4,120.641138,24.10858,3
4060,66000,387130000C,(04)23274275,(04)23288582,2025,6,12,7,35,臺中市,后里區,0,1,0,7,3,6,30,4,2,1,5,4,6,1,3,1,10,5,5,1,16,2,9,1,1,C03,7,6,1,10,2,11,,24,24,1,6,4,120.69349,24.300513,2
4061,66000,387130000C,(04)23274275,(04)23288582,2025,6,12,7,35,臺中市,豐原區,0,1,0,7,2,6,50,13,8,1,5,4,6,6,4,4,5,5,4,2,13,2,9,1,1,C03,7,9,1,10,2,11,,7,7,1,12,4,120.708468,24.252005,2
4062,66000,387130000C,(04)23274275,(04)23288582,2025,6,12,7,38,臺中市,神岡區,0,0,0,7,,,50,,,,,,,,,,,,,,14,,,,,A06,,,1,,2,,,49,49,1,12,4,120.707428,24.277781,3
4063,66000,387130000C,(04)23274275,(04)23288582,2025,6,12,7,39,臺中市,南屯區,0,1,0,7,2,6,40,13,8,1,5,4,6,6,4,4,1,4,1,2,13,3,10,3,1,B03,7,9,3,19,2,3,,65,65,1,12,4,120.598442,24.154873,2
4064,66000,387130000C,(04)23274275,(04)23288582,2025,6,12,7,39,臺中市,西屯區,0,0,0,7,,,30,,,,,,,,,,,,,,17,,,,,C03,,,1,,2,,,20,20,1,5,4,120.646434,24.180492,3
4065,66000,387130000C,(04)23274275,(04)23288582,2025,6,12,7,40,臺中市,北區,0,1,0,7,2,6,50,4,1,1,5,4,6,6,4,4,5,5,5,2,17,3,10,5,1,C03,7,9,1,10,2,16,,12,12,1,13,4,120.680489,24.150101,2
4066,66000,387130000C,(04)23274275,(04)23288582,2025,6,12,7,42,臺中市,龍井區,0,1,0,7,2,6,50,13,7,1,5,4,6,6,4,4,9,5,4,2,12,3,10,3,1,B03,7,3,1,8,2,2,,50,50,1,6,4,120.52256,24.204078,2
4067,66000,387130000C,(04)23274275,(04)23288582,2025,6,12,7,42,臺中市,大甲區,0,1,0,7,3,6,30,13,9,1,5,4,6,6,4,4,10,5,5,2,12,2,9,5,4,B03,7,9,1,7,2,5,,84,84,1,6,4,120.633302,24.359689,2
4068,66000,387130000C,(04)23274275,(04)23288582,2025,6,12,7,45,臺中市,清水區,0,1,0,7,3,6,50,4,1,1,5,4,6,6,4,4,5,4,5,1,16,2,7,2,1,C03,7,5,1,10,2,14,,12,12,1,12,4,120.56631,24.271644,2
4069,66000,387130000C,(04)23274275,(04)23288582,2025,6,12,7,45,臺中市,神岡區,0,1,0,7,2,6,30,3,2,1,5,4,6,6,4,4,10,5,5,2,13,3,10,5,4,C03,7,9,1,10,2,11,,84,84,1,13,4,120.643995,24.247444,2
4070,66000,387130000C,(04)23274275,(04)23288582,2025,6,12,7,46,臺中市,北屯區,0,0,0,7,,,50,,,,,,,,,,,,,,12,,,,,C03,,,1,,2,,,84,84,1,12,4,120.666119,24.201307,3
4071,66000,387130000C,(04)23274275,(04)23288582,2025,6,12,7,47,臺中市,南屯區,0,1,0,6,2,6,50,4,1,1,5,4,6,6,4,4,5,5,5,2,15,3,10,3,1,B03,7,9,1,8,2,5,,15,15,1,6,4,120.612469,24.147231,2
4072,66000,387130000C,(04)23274275,(04)23288582,2025,6,12,7,49,臺中市,烏日區,0,0,0,7,,,50,,,,,,,,,,,,,,14,,,,,B03,,,1,,1,,,49,49,1,13,4,120.642509,24.063823,3
4073,66000,387130000C,(04)23274275,(04)23288582,2025,6,12,7,50,臺中市,南屯區,0,0,0,7,3,6,50,13,8,1,5,4,6,6,4,4,1,4,1,2,13,,,,,B03,,,1,,1,,,84,84,1,12,4,120.623194,24.14994,3
4074,66000,387130000C,(04)23274275,(04)23288582,2025,6,12,7,50,臺中市,沙鹿區,0,0,0,7,,,50,,,,,,,,,,,,,,14,,,,,B03,,,1,,9,,,39,39,1,6,4,120.571645,24.229055,3
4075,66000,387130000C,(04)23274275,(04)23288582,2025,6,12,7,50,臺中市,大甲區,0,3,0,7,2,6,30,13,9,1,5,4,6,6,4,4,10,5,5,2,14,3,10,3,1,B03,7,2,1,8,2,7,,49,49,1,6,4,120.632943,24.346792,2
4076,66000,387130000C,(04)23274275,(04)23288582,2025,6,12,7,54,臺中市,大雅區,0,1,0,7,3,6,50,3,2,1,5,4,6,6,4,4,5,2,5,1,17,3,10,3,1,B03,7,6,1,8,2,8,,14,14,1,12,4,120.638359,24.20608,2
4077,66000,387130000C,(04)23274275,(04)23288582,2025,6,12,7,55,臺中市,大里區,0,2,0,7,3,6,50,3,1,1,5,4,6,6,4,4,10,5,5,2,16,2,9,1,1,C03,7,6,1,10,9,11,,14,14,1,12,4,120.697484,24.107932,2
4078,66000,387130000C,(04)23274275,(04)23288582,2025,6,12,7,55,臺中市,神岡區,0,2,0,7,2,6,30,3,1,1,5,4,6,6,4,4,10,5,5,2,11,2,9,5,4,C03,7,5,1,10,2,14,,41,41,1,12,4,120.697986,24.246354,2
4079,66000,387130000C,(04)23274275,(04)23288582,2025,6,12,7,58,臺中市,大肚區,0,0,0,7,,,30,,,,,,,,,,,,,,12,,,,,B03,,,1,,2,,,51,51,1,6,4,120.556548,24.129168,3
4080,66000,387130000C,(04)23274275,(04)23288582,2025,6,12,8,2,臺中市,北屯區,0,1,0,7,3,6,50,4,1,1,5,4,6,6,1,1,10,5,5,2,16,3,10,3,1,B03,7,5,1,8,2,5,,11,11,1,6,4,120.679873,24.173999,2
4081,66000,387130000C,(04)23274275,(04)23288582,2025,6,12,8,5,臺中市,后里區,0,1,0,7,3,6,50,4,1,1,5,4,6,6,1,1,1,4,4,1,16,3,10,3,1,B03,7,5,1,8,2,2,,11,11,1,6,4,120.7222,24.304374,2
4082,66000,387130000C,(04)23274275,(04)23288582,2025,6,12,8,5,臺中市,大甲區,0,2,0,7,3,6,50,4,1,1,5,4,6,6,1,1,10,5,5,2,15,2,9,5,4,C03,7,9,1,10,2,11,,21,21,1,6,4,120.62514,24.340245,2
4083,66000,387130000C,(04)23274275,(04)23288582,2025,6,12,8,6,臺中市,中區,0,1,0,7,1,6,50,4,1,1,5,4,6,6,4,4,10,5,5,2,17,3,10,5,4,B03,7,6,1,8,2,2,,14,14,1,12,4,120.667889,24.152592,2
4084,66000,387130000C,(04)23274275,(04)23288582,2025,6,12,8,6,臺中市,西屯區,0,0,0,7,,,50,,,,,,,,,,,,,,12,,,,,A42,,,1,,2,,,40,40,1,12,4,120.628653,24.161688,3
4085,66000,387130000C,(04)23274275,(04)23288582,2025,6,12,8,9,臺中市,太平區,0,0,0,7,,,30,,,,,,,,,,,,,,17,,,,,B03,,,1,,2,,,8,8,1,12,4,120.710848,24.127886,3
4086,66000,387130000C,(04)23274275,(04)23288582,2025,6,12,8,11,臺中市,神岡區,0,1,0,7,2,6,50,4,1,1,5,4,6,6,4,4,10,5,5,2,16,3,10,5,4,B03,7,6,1,10,2,5,,14,14,1,13,4,120.677438,24.249969,2
4087,66000,387130000C,(04)23274275,(04)23288582,2025,6,12,8,12,臺中市,南屯區,0,1,0,7,2,6,50,4,2,1,5,4,6,6,2,1,3,2,5,2,12,2,9,2,1,C03,7,8,1,10,2,14,,37,37,1,12,4,120.600755,24.142963,2
4088,66000,387130000C,(04)23274275,(04)23288582,2025,6,12,8,15,臺中市,大里區,0,2,0,7,3,6,50,3,1,1,5,4,6,6,4,4,5,4,5,1,16,2,7,5,4,C03,7,6,5,19,2,11,,14,14,1,13,4,120.686994,24.117379,2
4089,66000,387130000C,(04)23274275,(04)23288582,2025,6,12,8,16,臺中市,西屯區,0,2,0,7,2,6,30,3,1,1,5,4,6,6,4,4,10,5,5,2,16,2,9,5,4,C03,7,6,1,10,2,14,,13,13,1,13,4,120.646338,24.169339,2
4090,66000,387130000C,(04)23274275,(04)23288582,2025,6,12,8,17,臺中市,太平區,0,0,0,7,,,30,,,,,,,,,,,,,,17,,,,,B12,,,1,,2,,,84,84,1,12,4,120.706296,24.155627,3
4091,66000,387130000C,(04)23274275,(04)23288582,2025,6,12,8,19,臺中市,北區,0,0,0,7,,,50,,,,,,,,,,,,,,17,,,,,B03,,,1,,1,,,84,84,1,13,4,120.67712,24.15235,3
4092,66000,387130000C,(04)23274275,(04)23288582,2025,6,12,8,23,臺中市,潭子區,0,0,0,7,,,50,,,,,,,,,,,,,,,,,,,B03,,,1,,2,,,8,8,2,13,4,120.720381,24.19417,3
4093,66000,387130000C,(04)23274275,(04)23288582,2025,6,12,8,24,臺中市,南屯區,0,2,0,7,2,6,50,13,9,1,5,4,6,6,4,4,5,2,5,1,13,2,8,1,1,C03,7,9,1,10,2,11,,7,7,1,6,4,120.58876,24.166181,2
4094,66000,387130000C,(04)23274275,(04)23288582,2025,6,12,8,26,臺中市,北屯區,0,0,0,7,,,50,,,,,,,,,,,,,,13,,,,,C03,,,3,,1,,,58,58,1,6,4,120.70002,24.160313,3
4095,66000,387130000C,(04)23274275,(04)23288582,2025,6,12,8,28,臺中市,北區,0,0,0,7,,,50,,,,,,,,,,,,,,17,,,,,B03,,,1,,9,,,49,49,1,13,4,120.681836,24.148654,3
4096,66000,387130000C,(04)23274275,(04)23288582,2025,6,12,8,32,臺中市,北區,0,1,0,7,2,6,50,13,7,1,5,4,6,6,4,4,1,4,4,2,13,2,8,1,1,C03,7,9,1,10,2,11,,88,88,1,12,4,120.685461,24.156233,2
4097,66000,387130000C,(04)23274275,(04)23288582,2025,6,12,8,32,臺中市,北區,0,1,0,7,3,6,50,4,2,1,5,4,6,6,4,4,10,5,5,2,17,2,9,2,1,C03,7,9,1,10,2,11,,15,15,1,13,4,120.695874,24.157665,2
4098,66000,387130000C,(04)23274275,(04)23288582,2025,6,12,8,33,臺中市,北屯區,0,0,0,7,,,50,,,,,,,,,,,,,,,,,,,A12,,,1,,2,,,51,51,1,12,4,120.685005,24.193992,3
4099,66000,387130000C,(04)23274275,(04)23288582,2025,6,12,8,33,臺中市,西屯區,0,1,0,7,3,6,50,5,1,1,5,4,6,6,4,4,5,2,5,2,15,3,10,5,4,B03,7,9,1,8,5,5,,15,15,1,12,4,120.61926,24.177131,2
4100,66000,387130000C,(04)23274275,(04)23288582,2025,6,12,8,35,臺中市,北屯區,0,0,0,7,,,50,,,,,,,,,,,,,,12,,,,,B03,,,1,,1,,,84,84,1,12,4,120.695657,24.166819,3
4101,66000,387130000C,(04)23274275,(04)23288582,2025,6,12,8,37,臺中市,西屯區,0,1,0,7,2,6,40,13,7,1,5,4,6,6,4,4,9,4,4,2,17,3,10,3,4,B03,7,1,1,8,2,8,,51,51,1,13,4,120.609936,24.192754,2
4102,66000,387130000C,(04)23274275,(04)23288582,2025,6,12,8,38,臺中市,西屯區,0,1,0,7,2,6,50,3,1,1,5,4,6,6,4,4,4,3,4,2,16,3,10,5,4,B03,7,6,1,8,2,5,,11,11,1,13,4,120.649721,24.164189,2
4103,66000,387130000C,(04)23274275,(04)23288582,2025,6,12,8,40,臺中市,南區,0,0,0,7,,,50,,,,,,,,,,,,,,17,,,,,A12,,,1,,1,,,84,84,1,12,4,120.668128,24.117384,4
4104,66000,387130000C,(04)23274275,(04)23288582,2025,6,12,8,41,臺中市,潭子區,0,0,0,7,,,60,,,,,,,,,,,,,,,,,,,B03,,,1,,2,,,84,84,1,12,4,120.708526,24.231977,3
4105,66000,387130000C,(04)23274275,(04)23288582,2025,6,12,8,41,臺中市,北屯區,0,2,0,7,2,6,50,11,9,1,5,4,6,6,4,4,9,4,5,2,17,3,10,1,1,C03,7,6,1,10,2,14,,84,84,1,6,4,120.696997,24.173163,2
4106,66000,387130000C,(04)23274275,(04)23288582,2025,6,12,8,45,臺中市,西屯區,0,2,0,7,2,6,30,3,1,1,5,4,6,6,4,4,10,5,5,2,13,2,9,2,1,C03,7,9,1,10,2,11,,84,84,1,13,4,120.660711,24.201806,2
4107,66000,387130000C,(04)23274275,(04)23288582,2025,6,12,8,49,臺中市,東區,0,0,0,7,,,50,,,,,,,,,,,,,,,,,,,B03,,,1,,2,,,49,49,1,12,4,120.687575,24.143536,3
4108,66000,387130000C,(04)23274275,(04)23288582,2025,6,12,8,50,臺中市,西屯區,0,0,0,7,,,40,,,,,,,,,,,,,,13,,,,,B03,,,1,,1,,,7,7,1,13,4,120.629958,24.165465,3
4109,66000,387130000C,(04)23274275,(04)23288582,2025,6,12,8,50,臺中市,烏日區,0,2,0,7,2,6,30,3,1,1,5,4,6,6,4,4,10,5,5,2,11,2,9,1,1,C03,7,6,1,10,2,11,,8,8,1,6,4,120.640406,24.097189,2
4110,66000,387130000C,(04)23274275,(04)23288582,2025,6,12,8,51,臺中市,南屯區,0,0,0,7,3,6,80,13,9,1,5,4,6,6,4,4,3,4,5,1,13,,,,,B03,,,1,,1,,,7,7,1,12,4,120.621618,24.134699,3
4111,66000,387130000C,(04)23274275,(04)23288582,2025,6,12,8,54,臺中市,潭子區,0,0,0,7,,,0,,,,,,,,,,,,,,,,,,,B03,,,1,,9,,,85,85,1,13,4,120.702152,24.197197,3
4112,66000,387130000C,(04)23274275,(04)23288582,2025,6,12,8,56,臺中市,北屯區,0,1,0,7,3,6,50,4,1,1,5,4,6,6,2,1,10,5,5,2,16,3,10,1,1,C03,7,5,1,9,2,12,,47,47,1,12,4,120.686521,24.197836,2
4113,66000,387130000C,(04)23274275,(04)23288582,2025,6,12,8,57,臺中市,西屯區,0,0,0,7,,,50,,,,,,,,,,,,,,13,,,,,C03,,,1,,2,,,7,7,1,12,4,120.657879,24.167436,3
4114,66000,387130000C,(04)23274275,(04)23288582,2025,6,12,8,57,臺中市,大甲區,0,2,0,7,2,6,30,3,2,1,5,4,6,6,4,4,10,5,5,2,16,2,9,2,1,C03,7,6,1,10,2,14,,84,84,1,6,4,120.617672,24.346891,2
4115,66000,387130000C,(04)23274275,(04)23288582,2025,6,12,8,59,臺中市,南屯區,0,0,0,7,,,50,,,,,,,,,,,,,,13,,,,,B03,,,1,,1,,,7,7,1,12,4,120.620895,24.151706,3
4116,66000,387130000C,(04)23274275,(04)23288582,2025,6,12,9,0,臺中市,北區,0,1,0,7,2,6,50,4,1,1,5,4,6,6,1,1,10,5,5,2,15,3,10,5,4,B03,7,9,1,8,2,1,,21,21,1,13,4,120.669204,24.16043,2
4117,66000,387130000C,(04)23274275,(04)23288582,2025,6,12,9,1,臺中市,北屯區,0,0,0,7,,,50,,,,,,,,,,,,,,13,,,,,B03,,,1,8,1,,,7,7,1,6,4,120.720738,24.162803,3
4118,66000,387130000C,(04)23274275,(04)23288582,2025,6,12,9,3,臺中市,北屯區,0,2,0,7,3,6,50,3,1,1,5,4,6,6,4,4,10,5,5,2,16,3,10,3,1,B12,7,6,1,8,2,5,,14,14,1,12,4,120.690549,24.173375,2
4119,66000,387130000C,(04)23274275,(04)23288582,2025,6,12,9,5,臺中市,西區,0,0,0,7,,,50,,,,,,,,,,,,,,13,,,,,B03,,,1,,1,,,84,84,1,12,4,120.657662,24.14663,3
4120,66000,387130000C,(04)23274275,(04)23288582,2025,6,12,9,7,臺中市,沙鹿區,0,1,0,7,2,6,30,13,9,1,5,4,6,6,4,4,10,5,5,2,18,2,9,1,1,C03,7,9,1,10,2,12,,54,54,1,13,4,120.573319,24.238646,2
4121,66000,387130000C,(04)23274275,(04)23288582,2025,6,12,9,8,臺中市,西屯區,0,0,0,7,,,50,,,,,,,,,,,,,,17,,,,,C03,,,1,,1,,,39,39,1,13,4,120.640486,24.17864,4
4122,66000,387130000C,(04)23274275,(04)23288582,2025,6,12,9,10,臺中市,北區,0,0,0,7,,,50,,,,,,,,,,,,,,17,,,,,C03,,,1,,1,,,84,84,1,13,4,120.684111,24.157028,3
4123,66000,387130000C,(04)23274275,(04)23288582,2025,6,12,9,12,臺中市,烏日區,0,1,0,7,2,6,50,4,1,1,4,4,6,6,2,1,10,5,5,2,12,3,10,5,4,B01,7,5,1,4,2,5,,11,11,1,13,4,120.615511,24.113884,2
4124,66000,387130000C,(04)23274275,(04)23288582,2025,6,12,9,15,臺中市,大雅區,0,0,0,7,,,50,,,,,,,,,,,,,,,,,,,B03,,,1,,1,,,84,84,1,13,4,120.650205,24.216446,3
4125,66000,387130000C,(04)23274275,(04)23288582,2025,6,12,9,15,臺中市,烏日區,0,2,0,7,2,6,30,3,1,1,5,4,6,6,4,4,5,4,5,1,17,2,9,1,1,C03,7,1,1,10,2,14,,51,51,1,6,4,120.642819,24.075059,2
4126,66000,387130000C,(04)23274275,(04)23288582,2025,6,12,9,17,臺中市,南屯區,0,0,0,7,,,50,,,,,,,,,,,,,,,,,,,B12,,,1,,2,,,21,21,1,6,4,120.623141,24.145201,3
4127,66000,387130000C,(04)23274275,(04)23288582,2025,6,12,9,24,臺中市,東區,0,0,0,7,,,30,,,,,,,,,,,,,,17,,,,,B03,,,1,,2,,,49,49,1,12,4,120.698816,24.126298,3
4128,66000,387130000C,(04)23274275,(04)23288582,2025,6,12,9,26,臺中市,神岡區,0,0,0,7,,,40,,,,,,,,,,,,,,14,,,,,B12,,,1,,2,,,49,49,1,13,4,120.706747,24.277004,3
4129,66000,387130000C,(04)23274275,(04)23288582,2025,6,12,9,28,臺中市,潭子區,0,0,0,7,,,50,,,,,,,,,,,,,,,,,,,B03,,,1,,2,,,14,14,1,13,4,120.700293,24.208233,3
4130,66000,387130000C,(04)23274275,(04)23288582,2025,6,12,9,28,臺中市,西區,0,1,0,7,2,6,50,4,1,1,5,4,6,6,4,4,10,5,5,2,15,2,9,1,1,C03,7,9,1,10,2,12,,15,15,1,6,4,120.659786,24.155527,2
4131,66000,387130000C,(04)23274275,(04)23288582,2025,6,12,9,29,臺中市,西區,0,0,0,7,,,50,,,,,,,,,,,,,,17,,,,,C03,,,1,,1,,,84,84,1,12,4,120.666698,24.131137,4
4132,66000,387130000C,(04)23274275,(04)23288582,2025,6,12,9,33,臺中市,清水區,0,0,0,7,,,30,,,,,,,,,,,,,,,,,,,B12,,,1,,2,,,49,49,1,12,4,120.643927,24.277535,3
4133,66000,387130000C,(04)23274275,(04)23288582,2025,6,12,9,34,臺中市,潭子區,0,1,0,7,2,6,30,11,9,1,5,4,6,6,4,4,10,5,5,2,28,2,9,2,1,C02,7,5,1,9,2,11,,84,84,1,12,4,120.707385,24.205744,2
4134,66000,387130000C,(04)23274275,(04)23288582,2025,6,12,9,36,臺中市,東區,0,0,0,7,,,40,,,,,,,,,,,,,,12,,,,,C03,,,1,,2,,,84,84,1,13,4,120.696689,24.140277,3
4135,66000,387130000C,(04)23274275,(04)23288582,2025,6,12,9,36,臺中市,南區,0,0,0,7,,,50,,,,,,,,,,,,,,,,,,,B03,,,1,,2,,,11,11,1,6,4,120.657407,24.125094,4
4136,66000,387130000C,(04)23274275,(04)23288582,2025,6,12,9,36,臺中市,南屯區,0,2,0,7,3,6,50,13,9,1,5,4,6,6,1,1,3,2,5,2,12,2,9,1,1,C03,7,9,1,10,2,11,,84,84,1,12,4,120.632782,24.145345,2
4137,66000,387130000C,(04)23274275,(04)23288582,2025,6,12,9,38,臺中市,霧峰區,0,2,0,7,2,6,50,4,1,1,5,4,6,6,3,1,10,5,5,2,17,2,9,5,4,C03,7,9,1,9,2,14,,84,84,1,13,4,120.664204,24.077789,2
4138,66000,387130000C,(04)23274275,(04)23288582,2025,6,12,9,40,臺中市,大里區,0,0,0,7,3,6,50,13,9,1,5,4,5,6,4,4,5,5,5,1,12,,,,,B03,,,1,,2,,,84,84,1,12,4,120.683027,24.092889,3
4139,66000,387130000C,(04)23274275,(04)23288582,2025,6,12,9,44,臺中市,西區,0,0,0,7,,,50,,,,,,,,,,,,,,,,,,,B02,,,1,,2,,,84,84,1,12,4,120.679119,24.13716,3
4140,66000,387130000C,(04)23274275,(04)23288582,2025,6,12,9,45,臺中市,南屯區,0,1,0,7,2,6,50,3,1,1,5,4,6,6,4,4,1,4,5,2,16,3,10,3,1,B03,7,5,1,8,2,5,,14,14,1,12,4,120.646862,24.153999,2
4141,66000,387130000C,(04)23274275,(04)23288582,2025,6,12,9,45,臺中市,霧峰區,0,1,0,7,2,6,50,13,9,1,5,4,6,6,4,4,5,5,5,1,16,3,10,1,1,C03,7,1,1,10,2,12,,51,51,1,12,4,120.71161,24.07474,2
4142,66000,387130000C,(04)23274275,(04)23288582,2025,6,12,9,46,臺中市,北屯區,0,1,0,7,2,6,50,3,1,1,5,4,6,6,4,4,1,4,5,2,18,2,9,1,1,C03,7,9,1,10,1,14,,84,84,1,6,4,120.669129,24.173561,2
4143,66000,387130000C,(04)23274275,(04)23288582,2025,6,12,9,46,臺中市,神岡區,0,1,0,7,2,6,50,3,1,1,5,4,3,6,4,4,10,5,5,2,16,3,10,5,4,B12,7,5,1,8,2,8,,12,12,1,12,4,120.656388,24.272984,2
4144,66000,387130000C,(04)23274275,(04)23288582,2025,6,12,9,52,臺中市,大雅區,0,1,0,6,3,6,0,13,14,1,5,4,6,6,4,4,5,2,4,1,17,2,9,1,1,C03,7,9,1,10,2,12,,39,39,1,12,4,120.650078,24.222145,2
4145,66000,387130000C,(04)23274275,(04)23288582,2025,6,12,9,52,臺中市,后里區,0,0,0,7,3,6,50,13,7,1,5,4,6,6,1,,1,4,4,1,13,3,10,3,1,B03,7,9,3,8,1,8,,84,84,1,6,4,120.722688,24.284926,3
4146,66000,387130000C,(04)23274275,(04)23288582,2025,6,12,9,53,臺中市,南屯區,0,0,0,7,,,50,,,,,,,,,,,,,,13,,,,,C03,,,1,,1,,,7,7,1,12,4,120.646919,24.153614,3
4147,66000,387130000C,(04)23274275,(04)23288582,2025,6,12,9,53,臺中市,南屯區,0,1,0,7,2,9,50,4,1,1,5,4,6,6,2,1,5,5,4,2,13,2,9,2,1,C03,7,9,1,10,1,11,,7,7,1,12,4,120.649773,24.153607,2
4148,66000,387130000C,(04)23274275,(04)23288582,2025,6,12,10,3,臺中市,西屯區,0,2,0,7,2,6,50,3,1,1,5,4,6,6,4,4,4,5,5,2,16,2,9,5,4,C03,7,9,1,10,2,12,,6,6,1,13,4,120.658943,24.165945,2
4149,66000,387130000C,(04)23274275,(04)23288582,2025,6,12,10,3,臺中市,后里區,0,1,0,7,3,6,50,3,2,1,5,4,6,6,4,4,5,5,5,2,13,2,9,1,1,C03,7,9,1,8,2,11,,59,59,1,6,4,120.689816,24.321208,2
4150,66000,387130000C,(04)23274275,(04)23288582,2025,6,12,10,8,臺中市,新社區,0,1,0,7,2,6,30,4,1,1,5,4,6,6,4,4,10,5,5,2,15,2,9,4,4,C03,7,9,1,10,2,12,,15,15,1,13,4,120.818144,24.197517,2
4151,66000,387130000C,(04)23274275,(04)23288582,2025,6,12,10,10,臺中市,北區,0,0,0,7,,,50,,,,,,,,,,,,,,17,,,,,B03,,,1,,1,,,51,51,1,12,4,120.683967,24.154869,3
4152,66000,387130000C,(04)23274275,(04)23288582,2025,6,12,10,10,臺中市,烏日區,0,0,0,7,,,50,,,,,,,,,,,,,,17,,,,,A12,,,1,,2,,,59,59,1,13,4,120.622277,24.107683,3
4153,66000,387130000C,(04)23274275,(04)23288582,2025,6,12,10,14,臺中市,北屯區,0,0,0,7,,,50,,,,,,,,,,,,,,,,,,,B03,,,1,,1,,,49,49,1,12,4,120.696502,24.182848,3
4154,66000,387130000C,(04)23274275,(04)23288582,2025,6,12,10,16,臺中市,太平區,0,0,0,7,,,50,,,,,,,,,,,,,,16,,,,,B12,,,1,,2,,,39,39,1,12,4,120.733528,24.154945,3
4155,66000,387130000C,(04)23274275,(04)23288582,2025,6,12,10,26,臺中市,大里區,0,0,0,7,,,50,,,,,,,,,,,,,,16,,,,,B12,,,1,,2,,,34,34,1,12,4,120.715429,24.094675,3
4156,66000,387130000C,(04)23274275,(04)23288582,2025,6,12,10,29,臺中市,后里區,0,1,0,7,3,6,50,13,9,1,5,4,6,6,4,4,9,5,5,1,17,2,9,1,1,C03,7,9,1,10,2,11,,84,84,1,6,4,120.678045,24.310619,2
4157,66000,387130000C,(04)23274275,(04)23288582,2025,6,12,10,30,臺中市,南區,0,1,0,7,3,6,50,13,8,1,5,4,6,6,4,4,5,4,4,2,12,3,10,3,1,B03,7,13,1,8,2,4,,76,76,1,6,4,120.653917,24.113631,2
4158,66000,387130000C,(04)23274275,(04)23288582,2025,6,12,10,32,臺中市,東區,0,1,0,7,2,6,50,13,9,1,5,4,6,6,4,4,3,4,5,2,18,2,9,1,1,C03,7,9,1,10,2,12,,84,84,1,12,4,120.689183,24.139919,2
4159,66000,387130000C,(04)23274275,(04)23288582,2025,6,12,10,33,臺中市,沙鹿區,0,0,0,7,,,50,,,,,,,,,,,,,,,,,,,D02,,,1,,2,,,40,40,1,10,4,120.615126,24.243139,3
4160,66000,387130000C,(04)23274275,(04)23288582,2025,6,12,10,34,臺中市,后里區,0,0,0,7,,,40,,,,,,,,,,,,,,19,,,,,B03,,,1,,1,,,43,43,1,8,4,120.729717,24.332,3
4161,66000,387130000C,(04)23274275,(04)23288582,2025,6,12,10,36,臺中市,西屯區,0,0,0,7,,,50,,,,,,,,,,,,,,16,,,,,B03,,,1,,1,,,48,48,1,13,4,120.64693,24.168943,4
4162,66000,387130000C,(04)23274275,(04)23288582,2025,6,12,10,40,臺中市,北屯區,0,2,0,7,2,6,50,13,7,1,5,4,6,6,4,4,5,4,4,2,17,2,9,1,1,C03,7,11,1,10,2,11,,39,39,1,6,4,120.685758,24.193567,2
4163,66000,387130000C,(04)23274275,(04)23288582,2025,6,12,10,40,臺中市,后里區,0,0,0,7,,,40,,,,,,,,,,,,,,,,,,,B12,,,1,,1,,,14,14,1,13,4,120.735611,24.300682,3