序號,縣市別代碼,機關代碼,市話,傳真,年,月,日,時,分,縣市,區,死亡數量,受傷數量,2-30,天候,道路照明設備,道路類別,道路速限,道路型態,事故位置,路面鋪裝,路面狀態,路面缺陷,障礙物,視距,號誌種類,號誌動作,分向設施,快車道或一般車道間,快慢車道間,路面邊線,事故類型及型態,受傷程度,主要傷處,保護裝備,行動電話或功能裝置,當事者區分(類別),車輛用途,當事者行動狀態,駕照狀態,駕照種類,飲酒情形,車輛撞擊部位最初,車輛撞擊部位其他,肇事因素個別,肇事因素主要,肇事逃逸,職業,共享經濟或外送平台,GPS座標X,GPS座標Y,事故類別
4388,66000,387130000C,(04)23274275,(04)23288582,2025,6,12,19,2,臺中市,梧棲區,0,0,0,5,,,50,,,,,,,,,,,,,,13,,,,,B03,,,1,,1,,,7,7,1,6,4,120.528366,24.22188,3
4389,66000,387130000C,(04)23274275,(04)23288582,2025,6,12,19,3,臺中市,豐原區,0,0,0,5,,,50,,,,,,,,,,,,,,17,,,,,B03,,,1,,2,,,78,78,1,12,4,120.701421,24.249156,3
4390,66000,387130000C,(04)23274275,(04)23288582,2025,6,12,19,5,臺中市,東區,0,1,0,5,1,6,50,5,1,1,4,4,6,6,1,1,10,5,5,2,18,2,8,2,1,C03,7,9,1,10,2,12,,84,84,1,12,4,120.706307,24.148609,2
4391,66000,387130000C,(04)23274275,(04)23288582,2025,6,12,19,5,臺中市,北屯區,0,0,0,5,,,50,,,,,,,,,,,,,,16,,,,,B03,,,1,,1,,,45,45,1,12,4,120.730292,24.17714,3
4392,66000,387130000C,(04)23274275,(04)23288582,2025,6,12,19,13,臺中市,西屯區,0,0,0,5,,,50,,,,,,,,,,,,,,13,,,,,C03,,,1,,1,,,7,7,1,12,4,120.649478,24.197617,3
4393,66000,387130000C,(04)23274275,(04)23288582,2025,6,12,19,15,臺中市,大里區,0,2,0,5,3,6,50,4,1,1,4,4,6,6,1,1,10,5,5,2,17,2,9,1,1,C03,7,9,1,10,2,11,,84,84,1,12,4,120.689478,24.118168,2
4394,66000,387130000C,(04)23274275,(04)23288582,2025,6,12,19,16,臺中市,豐原區,0,2,0,5,1,6,50,13,7,1,4,4,6,6,4,4,5,2,4,2,17,3,10,1,1,C03,7,9,1,10,2,14,,85,85,1,12,4,120.70501,24.240792,2
4395,66000,387130000C,(04)23274275,(04)23288582,2025,6,12,19,18,臺中市,太平區,0,0,0,5,,,50,,,,,,,,,,,,,,16,,,,,B12,,,1,,2,,,11,11,1,6,4,120.726726,24.124393,3
4396,66000,387130000C,(04)23274275,(04)23288582,2025,6,12,19,23,臺中市,西屯區,0,1,0,5,1,6,50,4,2,1,4,4,6,6,2,1,5,4,5,2,12,3,10,5,4,B03,7,7,1,8,1,6,,40,40,1,12,4,120.644268,24.171377,2
4397,66000,387130000C,(04)23274275,(04)23288582,2025,6,12,19,25,臺中市,烏日區,0,2,0,5,1,6,50,13,8,1,4,4,6,6,4,4,5,3,4,2,18,2,9,1,1,C03,7,9,1,10,2,14,,84,84,1,5,4,120.632014,24.105365,2
4398,66000,387130000C,(04)23274275,(04)23288582,2025,6,12,19,28,臺中市,北屯區,0,1,0,5,1,6,50,4,1,1,4,4,6,6,4,4,10,5,5,2,18,2,9,1,1,C03,7,9,1,10,2,12,,85,85,1,6,4,120.680872,24.192786,2
4399,66000,387130000C,(04)23274275,(04)23288582,2025,6,12,19,29,臺中市,西區,0,1,0,5,1,6,50,13,9,1,4,4,6,6,4,4,5,4,5,2,17,3,10,5,1,B03,7,13,1,8,2,4,,76,76,1,12,4,120.661782,24.131767,2
4400,66000,387130000C,(04)23274275,(04)23288582,2025,6,12,19,30,臺中市,太平區,0,2,0,5,1,6,50,4,1,1,4,4,6,6,1,1,10,5,5,2,13,2,9,1,1,C03,7,9,1,10,2,11,,84,84,1,6,4,120.704613,24.162429,2
4401,66000,387130000C,(04)23274275,(04)23288582,2025,6,12,19,34,臺中市,北屯區,0,1,0,5,1,6,50,3,1,1,4,4,6,6,1,1,10,5,5,2,17,3,10,1,1,C03,7,9,1,10,2,11,,21,21,1,12,4,120.678248,24.200795,2
4402,66000,387130000C,(04)23274275,(04)23288582,2025,6,12,19,35,臺中市,石岡區,0,2,0,6,1,6,70,13,9,1,4,4,6,6,4,4,1,4,5,1,17,2,9,1,1,C03,7,9,1,10,2,12,,84,84,1,12,4,120.76263,24.276918,2
4403,66000,387130000C,(04)23274275,(04)23288582,2025,6,12,19,36,臺中市,梧棲區,0,0,0,5,,,50,,,,,,,,,,,,,,13,,,,,B03,,,1,,1,,,7,7,1,6,4,120.538205,24.257739,3
4404,66000,387130000C,(04)23274275,(04)23288582,2025,6,12,19,37,臺中市,潭子區,0,0,0,5,,,30,,,,,,,,,,,,,,,,,,,B03,,,1,,2,,,14,14,1,13,4,120.694254,24.221929,3
4405,66000,387130000C,(04)23274275,(04)23288582,2025,6,12,19,37,臺中市,龍井區,0,1,0,6,1,6,40,12,8,1,4,4,6,6,4,4,4,4,4,2,18,2,9,1,1,C03,7,9,1,10,2,14,,59,59,1,6,4,120.555005,24.187302,2
4406,66000,387130000C,(04)23274275,(04)23288582,2025,6,12,19,38,臺中市,大里區,0,1,0,5,1,6,50,4,1,1,4,4,6,6,2,1,1,4,5,1,9,3,10,3,1,B03,7,6,1,8,2,1,,10,10,1,13,4,120.682132,24.102806,2
4407,66000,387130000C,(04)23274275,(04)23288582,2025,6,12,19,49,臺中市,西區,0,0,0,5,,,50,,,,,,,,,,,,,,,,,,,B03,,,1,8,1,,,49,49,1,13,4,120.66315,24.134236,3
4408,66000,387130000C,(04)23274275,(04)23288582,2025,6,12,19,49,臺中市,太平區,0,0,0,7,,,80,,,,,,,,,,,,,,,,,,,B03,,,1,,2,,,40,40,1,6,4,120.708947,24.132933,3
4409,66000,387130000C,(04)23274275,(04)23288582,2025,6,12,19,50,臺中市,西屯區,0,2,0,5,1,6,40,13,8,1,4,4,6,6,2,1,3,4,5,2,18,2,9,5,4,C03,7,12,1,10,2,16,,84,84,1,13,4,120.611684,24.184322,2
4410,66000,387130000C,(04)23274275,(04)23288582,2025,6,12,19,52,臺中市,北屯區,0,0,0,5,,,50,,,,,,,,,,,,,,,,,,,B03,,,1,,1,,,84,84,1,6,4,120.697869,24.173293,3
4411,66000,387130000C,(04)23274275,(04)23288582,2025,6,12,19,54,臺中市,西屯區,0,0,0,5,,,50,,,,,,,,,,,,,,17,,,,,C03,,,3,,1,,,2,2,1,13,2,120.615826,24.188833,4
4412,66000,387130000C,(04)23274275,(04)23288582,2025,6,12,19,58,臺中市,北屯區,0,2,0,5,1,6,50,13,7,1,4,4,6,6,2,1,10,4,4,2,3,2,9,6,5,H01,8,16,7,21,10,17,,96,96,1,12,5,120.670905,24.177218,2
4413,66000,387130000C,(04)23274275,(04)23288582,2025,6,12,19,59,臺中市,清水區,0,0,0,7,,,40,,,,,,,,,,,,,,,,,,,B03,,,1,,1,,,49,49,1,12,4,120.591346,24.296205,3
4414,66000,387130000C,(04)23274275,(04)23288582,2025,6,12,20,2,臺中市,北區,0,0,0,5,,,50,,,,,,,,,,,,,,,,,,,B03,,,3,,1,,,84,84,1,12,4,120.684368,24.153997,3
4415,66000,387130000C,(04)23274275,(04)23288582,2025,6,12,20,3,臺中市,梧棲區,0,0,0,7,,,50,,,,,,,,,,,,,,,,,,,B03,,,1,,1,,,87,87,1,12,4,120.537395,24.252164,3
4416,66000,387130000C,(04)23274275,(04)23288582,2025,6,12,20,4,臺中市,神岡區,0,0,0,5,,,50,,,,,,,,,,,,,,12,,,,,B02,,,1,,2,,,84,84,1,12,4,120.696017,24.248358,3
4417,66000,387130000C,(04)23274275,(04)23288582,2025,6,12,20,7,臺中市,大里區,0,1,0,5,1,6,50,13,8,1,4,1,6,6,1,1,1,4,1,1,13,2,9,1,1,C03,7,9,1,10,2,11,,7,7,1,12,4,120.688286,24.094404,2
4418,66000,387130000C,(04)23274275,(04)23288582,2025,6,12,20,8,臺中市,清水區,0,1,0,7,1,6,50,5,1,1,5,4,6,6,1,1,8,3,5,1,11,3,10,3,1,B03,7,6,1,8,2,5,,11,11,1,12,4,120.556773,24.266315,2
4419,66000,387130000C,(04)23274275,(04)23288582,2025,6,12,20,10,臺中市,大里區,0,0,0,7,2,8,0,13,14,1,5,4,6,6,4,4,5,5,4,1,17,,,,,C03,,,1,,1,,,84,84,1,6,4,120.703225,24.090133,3
4420,66000,387130000C,(04)23274275,(04)23288582,2025,6,12,20,10,臺中市,大甲區,0,0,0,5,,,40,,,,,,,,,,,,,,9,,,,,B03,,,1,,1,,,43,43,1,13,4,120.622694,24.344415,3
4421,66000,387130000C,(04)23274275,(04)23288582,2025,6,12,20,10,臺中市,大甲區,0,0,0,5,,,50,,,,,,,,,,,,,,13,,,,,C03,,,1,,2,,,84,84,1,12,4,120.631191,24.351041,3
4422,66000,387130000C,(04)23274275,(04)23288582,2025,6,12,20,11,臺中市,西屯區,0,0,0,5,,,80,,,,,,,,,,,,,,,,,,,B03,,,1,,1,,,40,40,1,12,4,120.63526,24.180777,3
4423,66000,387130000C,(04)23274275,(04)23288582,2025,6,12,20,14,臺中市,南屯區,0,1,0,5,1,6,50,13,8,1,4,4,6,6,4,4,5,4,4,2,16,3,10,5,4,B03,7,1,1,8,2,8,,51,51,1,13,4,120.63777,24.153707,2
4424,66000,387130000C,(04)23274275,(04)23288582,2025,6,12,20,17,臺中市,豐原區,0,0,0,5,,,50,,,,,,,,,,,,,,13,,,,,B03,,,1,,2,,,84,84,1,12,4,120.725058,24.241206,3
4425,66000,387130000C,(04)23274275,(04)23288582,2025,6,12,20,18,臺中市,西屯區,0,2,0,5,1,6,50,4,1,1,4,4,6,6,1,1,10,5,5,2,16,2,9,1,4,C03,7,9,1,10,2,11,14,21,21,1,12,4,120.658311,24.195146,2
4426,66000,387130000C,(04)23274275,(04)23288582,2025,6,12,20,21,臺中市,北區,0,1,0,5,1,6,50,13,9,1,4,4,6,6,4,4,2,4,5,1,18,2,9,1,1,C03,7,12,1,10,2,12,,84,84,1,13,2,120.683363,24.162898,2
4427,66000,387130000C,(04)23274275,(04)23288582,2025,6,12,20,26,臺中市,北屯區,0,1,0,5,1,6,40,4,2,1,4,4,6,6,1,1,5,5,4,2,12,2,8,1,1,C03,7,8,1,10,2,14,,40,40,1,12,4,120.695379,24.164994,2
4428,66000,387130000C,(04)23274275,(04)23288582,2025,6,12,20,28,臺中市,北屯區,0,1,0,6,1,6,50,4,1,1,5,4,6,6,1,1,10,5,5,2,3,3,10,3,1,B03,7,6,1,7,2,8,,10,10,1,12,4,120.722543,24.176029,2
4429,66000,387130000C,(04)23274275,(04)23288582,2025,6,12,20,31,臺中市,沙鹿區,0,2,0,6,1,6,60,3,1,1,5,4,6,6,1,1,10,5,5,2,17,3,10,3,1,B03,7,11,1,8,2,8,,45,45,1,6,4,120.575738,24.227118,2
4430,66000,387130000C,(04)23274275,(04)23288582,2025,6,12,20,33,臺中市,北屯區,0,0,0,5,,,50,,,,,,,,,,,,,,15,,,,,B03,,,1,,2,,,15,15,1,6,4,120.702043,24.169017,3
4431,66000,387130000C,(04)23274275,(04)23288582,2025,6,12,20,34,臺中市,龍井區,0,0,0,7,,,40,,,,,,,,,,,,,,13,,,,,B03,,,1,,2,,,59,59,1,6,4,120.505538,24.210186,3
4432,66000,387130000C,(04)23274275,(04)23288582,2025,6,12,20,38,臺中市,清水區,0,2,0,7,2,6,40,13,8,1,5,4,6,6,4,4,8,3,2,1,13,2,9,1,1,C02,7,9,1,9,1,11,,58,58,1,12,4,120.559343,24.273227,2
4433,66000,387130000C,(04)23274275,(04)23288582,2025,6,12,20,39,臺中市,南區,0,0,0,5,1,6,50,4,1,1,4,4,6,6,1,1,10,5,5,2,17,3,10,3,1,B03,7,6,1,8,2,8,,84,84,1,12,4,120.679286,24.119037,3
4434,66000,387130000C,(04)23274275,(04)23288582,2025,6,12,20,41,臺中市,南屯區,0,0,0,7,,,50,,,,,,,,,,,,,,13,,,,,B03,,,1,,1,,,7,7,1,13,4,120.653291,24.127533,3
4435,66000,387130000C,(04)23274275,(04)23288582,2025,6,12,20,41,臺中市,霧峰區,0,1,0,5,3,6,40,4,1,1,4,4,6,6,1,1,10,5,5,2,17,2,9,1,1,C03,7,9,1,10,2,16,,84,84,1,13,4,120.709285,24.080698,2
4436,66000,387130000C,(04)23274275,(04)23288582,2025,6,12,20,42,臺中市,南屯區,0,0,0,7,,,50,,,,,,,,,,,,,,,,,,,A41,,,1,,1,,,59,59,1,12,4,120.61653,24.153576,3
4437,66000,387130000C,(04)23274275,(04)23288582,2025,6,12,20,45,臺中市,西屯區,0,1,0,5,1,6,50,11,9,1,4,4,6,6,4,4,5,4,5,2,18,2,9,5,4,C03,7,9,1,10,2,14,,59,59,1,12,4,120.603126,24.159565,2
4438,66000,387130000C,(04)23274275,(04)23288582,2025,6,12,20,45,臺中市,大甲區,0,1,0,7,1,6,50,4,1,1,5,4,6,6,1,2,9,5,5,1,3,3,10,3,1,B03,7,6,1,8,2,1,,10,10,1,12,4,120.621372,24.350346,2
4439,66000,387130000C,(04)23274275,(04)23288582,2025,6,12,20,54,臺中市,西屯區,0,1,0,7,1,6,50,13,9,1,4,4,6,6,4,4,5,4,5,2,3,2,6,6,5,H01,8,16,7,21,2,16,,95,95,1,12,5,120.650357,24.156836,2
4440,66000,387130000C,(04)23274275,(04)23288582,2025,6,12,20,57,臺中市,西屯區,0,0,0,5,,,60,,,,,,,,,,,,,,2,,,,,B03,,,1,,1,,,39,39,1,12,4,120.643529,24.165824,3
4441,66000,387130000C,(04)23274275,(04)23288582,2025,6,12,20,58,臺中市,西屯區,0,0,0,5,,,40,,,,,,,,,,,,,,13,,,,,C03,,,1,,1,,,7,7,1,13,4,120.654339,24.160428,3
4442,66000,387130000C,(04)23274275,(04)23288582,2025,6,12,21,5,臺中市,西區,0,1,0,5,1,6,50,4,1,1,4,4,6,6,1,1,10,5,5,2,18,2,9,1,1,C03,7,9,1,10,2,14,,84,84,1,12,4,120.665279,24.144329,2
4443,66000,387130000C,(04)23274275,(04)23288582,2025,6,12,21,10,臺中市,太平區,0,0,0,5,,,40,,,,,,,,,,,,,,14,,,,,B12,,,1,,1,,,49,49,1,6,4,120.73363,24.154509,3
4444,66000,387130000C,(04)23274275,(04)23288582,2025,6,12,21,10,臺中市,烏日區,0,2,0,5,1,6,60,4,1,1,4,4,6,6,2,1,1,4,5,1,18,2,9,1,1,C03,7,5,1,10,2,12,,84,84,1,5,4,120.624607,24.104165,2
4445,66000,387130000C,(04)23274275,(04)23288582,2025,6,12,21,10,臺中市,龍井區,0,3,0,5,1,6,30,3,1,1,4,4,6,6,4,4,10,5,5,2,16,2,6,2,1,C03,7,6,1,10,2,13,,14,14,1,6,4,120.594091,24.190773,2
4446,66000,387130000C,(04)23274275,(04)23288582,2025,6,12,21,13,臺中市,中區,0,0,0,5,,,50,,,,,,,,,,,,,,12,,,,,B03,,,1,,1,,,8,8,1,12,4,120.682212,24.135899,3
4447,66000,387130000C,(04)23274275,(04)23288582,2025,6,12,21,13,臺中市,西屯區,0,1,0,6,1,6,50,4,2,1,4,4,6,6,2,1,10,5,5,2,12,3,10,3,1,B03,7,5,1,8,2,16,,47,47,1,13,4,120.644481,24.202935,2
4448,66000,387130000C,(04)23274275,(04)23288582,2025,6,12,21,14,臺中市,東區,0,0,0,5,,,50,,,,,,,,,,,,,,11,,,,,B02,,,1,,9,,,54,54,2,12,4,120.701391,24.138859,3
4449,66000,387130000C,(04)23274275,(04)23288582,2025,6,12,21,18,臺中市,北屯區,0,1,0,5,1,6,50,5,1,1,4,4,6,6,1,1,10,5,5,2,17,2,9,1,1,C03,7,9,1,10,2,12,,82,82,1,12,4,120.697563,24.170281,2
4450,66000,387130000C,(04)23274275,(04)23288582,2025,6,12,21,22,臺中市,東區,0,1,0,6,1,6,50,4,1,1,5,4,6,6,1,1,10,5,5,2,17,3,10,3,1,B03,7,6,1,8,2,1,,48,48,1,6,4,120.707972,24.149007,2
4451,66000,387130000C,(04)23274275,(04)23288582,2025,6,12,21,26,臺中市,西區,0,1,0,5,1,6,50,4,1,1,4,4,6,6,1,1,10,4,5,2,17,2,9,2,1,C03,7,9,1,10,2,11,,7,7,1,13,4,120.674271,24.148307,2
4452,66000,387130000C,(04)23274275,(04)23288582,2025,6,12,21,29,臺中市,外埔區,0,0,0,5,,,50,,,,,,,,,,,,,,13,,,,,B03,,,1,,2,,,84,84,1,12,4,120.639983,24.340744,3
4453,66000,387130000C,(04)23274275,(04)23288582,2025,6,12,21,30,臺中市,后里區,0,0,0,7,,,50,,,,,,,,,,,,,,12,,,,,B03,,,1,,9,,,8,8,2,12,4,120.72024,24.30936,3
4454,66000,387130000C,(04)23274275,(04)23288582,2025,6,12,21,31,臺中市,東區,0,1,0,5,1,6,40,13,8,1,4,4,6,6,1,1,5,5,4,2,18,2,9,2,1,C03,7,9,1,10,2,14,,84,84,1,13,4,120.711268,24.144465,2
4455,66000,387130000C,(04)23274275,(04)23288582,2025,6,12,21,31,臺中市,東勢區,0,1,0,5,1,6,50,4,2,1,4,4,6,5,4,4,5,5,5,1,13,3,10,3,1,B03,7,9,1,4,2,1,,84,84,1,12,4,120.830991,24.249177,2
4456,66000,387130000C,(04)23274275,(04)23288582,2025,6,12,21,37,臺中市,北屯區,0,0,0,7,,,40,,,,,,,,,,,,,,,,,,,B03,,,1,,1,,,50,50,1,6,4,120.684076,24.171073,3
4457,66000,387130000C,(04)23274275,(04)23288582,2025,6,12,21,38,臺中市,北區,0,0,0,5,,,50,,,,,,,,,,,,,,17,,,,,B12,,,1,,1,,,84,84,1,13,4,120.68666,24.166614,3
4458,66000,387130000C,(04)23274275,(04)23288582,2025,6,12,21,38,臺中市,神岡區,0,0,0,5,,,50,,,,,,,,,,,,,,12,,,,,B03,,,1,,1,,,8,8,1,12,4,120.683525,24.24967,3
4459,66000,387130000C,(04)23274275,(04)23288582,2025,6,12,21,40,臺中市,西區,0,0,0,6,,,50,,,,,,,,,,,,,,,,,,,B02,,,1,8,1,,,84,84,1,13,4,120.66151,24.145635,3
4460,66000,387130000C,(04)23274275,(04)23288582,2025,6,12,21,45,臺中市,神岡區,0,0,0,5,,,30,,,,,,,,,,,,,,17,,,,,A11,,,1,,2,,,8,8,1,12,4,120.688188,24.239775,3
4461,66000,387130000C,(04)23274275,(04)23288582,2025,6,12,21,46,臺中市,西屯區,0,1,0,5,1,6,50,3,1,1,4,4,6,6,4,4,10,5,5,1,17,3,10,3,1,B03,7,5,1,8,2,16,,12,12,1,12,4,120.647365,24.169389,2
4462,66000,387130000C,(04)23274275,(04)23288582,2025,6,12,21,52,臺中市,北區,0,1,0,5,1,6,50,4,1,1,4,4,6,6,1,1,10,5,5,2,17,2,9,1,1,C03,7,9,1,10,2,14,,84,84,1,12,4,120.668242,24.156407,2
4463,66000,387130000C,(04)23274275,(04)23288582,2025,6,12,21,52,臺中市,清水區,0,0,0,5,,,60,,,,,,,,,,,,,,,,,,,B12,,,1,,2,,,68,68,1,12,4,120.551262,24.291182,3
4464,66000,387130000C,(04)23274275,(04)23288582,2025,6,12,21,53,臺中市,東區,0,0,0,5,,,50,,,,,,,,,,,,,,12,,,,,B03,,,1,,1,,,40,40,1,12,4,120.690009,24.137917,3
4465,66000,387130000C,(04)23274275,(04)23288582,2025,6,12,21,55,臺中市,北屯區,0,1,0,7,1,6,50,13,8,1,4,4,6,6,4,4,5,4,4,2,12,3,10,1,1,C03,7,9,1,10,2,14,,7,7,1,12,4,120.699399,24.164974,2
4466,66000,387130000C,(04)23274275,(04)23288582,2025,6,12,21,56,臺中市,太平區,0,0,0,5,,,40,,,,,,,,,,,,,,14,,,,,B03,,,1,,1,,,49,49,1,12,4,120.724209,24.15647,3
4467,66000,387130000C,(04)23274275,(04)23288582,2025,6,12,22,5,臺中市,北屯區,0,1,0,6,1,6,50,4,1,1,4,4,6,6,1,1,10,5,5,2,13,2,9,1,1,C03,7,9,1,10,2,11,,84,84,1,12,4,120.699571,24.16042,2
4468,66000,387130000C,(04)23274275,(04)23288582,2025,6,12,22,19,臺中市,南屯區,0,1,0,6,1,6,50,13,9,1,5,4,6,6,1,1,5,4,5,2,12,3,10,3,1,B03,7,6,1,8,2,5,,7,7,1,12,4,120.65302,24.139642,2
4469,66000,387130000C,(04)23274275,(04)23288582,2025,6,12,22,30,臺中市,西屯區,0,0,0,5,,,50,,,,,,,,,,,,,,12,,,,,B03,,,1,,1,,,8,8,1,13,4,120.640939,24.170539,3
4470,66000,387130000C,(04)23274275,(04)23288582,2025,6,12,22,36,臺中市,北屯區,0,1,0,5,1,6,40,13,8,1,4,4,6,6,4,4,1,4,4,2,13,3,10,2,1,C03,7,5,1,10,2,11,,84,84,1,6,4,120.670471,24.176095,2
4471,66000,387130000C,(04)23274275,(04)23288582,2025,6,12,22,42,臺中市,中區,0,0,0,7,,,50,,,,,,,,,,,,,,,,,,,B01,,,1,,1,,,40,40,1,12,4,120.683292,24.142007,3
4472,66000,387130000C,(04)23274275,(04)23288582,2025,6,12,23,6,臺中市,西區,0,0,0,5,,,50,,,,,,,,,,,,,,17,,,,,C03,,,1,,2,,,45,45,1,12,4,120.661639,24.143401,3
4473,66000,387130000C,(04)23274275,(04)23288582,2025,6,12,23,7,臺中市,大里區,0,2,0,7,1,6,50,13,9,1,5,4,6,6,4,4,9,4,5,1,12,2,9,2,1,C03,7,5,1,10,2,13,,47,47,1,12,4,120.677751,24.115238,2
4474,66000,387130000C,(04)23274275,(04)23288582,2025,6,12,23,29,臺中市,北屯區,0,0,0,7,,,50,,,,,,,,,,,,,,30,,,,,B03,,,1,,2,,,26,26,1,12,4,120.699551,24.160481,3
4475,66000,387130000C,(04)23274275,(04)23288582,2025,6,12,23,45,臺中市,北屯區,0,1,0,7,1,6,50,4,1,1,5,4,6,6,2,1,1,4,5,2,15,3,10,2,1,C03,7,9,1,10,2,11,,21,21,1,12,4,120.66065,24.191436,2
4476,66000,387130000C,(04)23274275,(04)23288582,2025,6,13,0,18,臺中市,北區,0,0,0,7,1,6,50,13,8,1,5,4,6,6,4,4,5,4,4,2,17,,,,,,,,,,,,,84,84,1,,,120.675539,24.163659,3
4477,66000,387130000C,(04)23274275,(04)23288582,2025,6,13,0,24,臺中市,大里區,0,0,0,7,,,50,,,,,,,,,,,,,,17,,,,,B03,,,1,,2,,,43,43,1,12,4,120.708733,24.086189,3
4478,66000,387130000C,(04)23274275,(04)23288582,2025,6,13,0,44,臺中市,西區,0,0,0,6,1,6,50,4,1,1,5,4,6,6,1,1,10,5,5,2,23,,,,,B03,,,1,,2,,,84,84,1,13,4,120.673367,24.147592,3
4479,66000,387130000C,(04)23274275,(04)23288582,2025,6,13,0,47,臺中市,南區,0,0,0,7,,,50,,,,,,,,,,,,,,9,,,,,,,,,,,,,118,118,1,,,120.681904,24.129546,3
4480,66000,387130000C,(04)23274275,(04)23288582,2025,6,13,1,20,臺中市,龍井區,0,0,0,7,,,30,,,,,,,,,,,,,,,,,,,C03,,,1,,11,,,87,87,1,5,4,120.592082,24.182255,3
4481,66000,387130000C,(04)23274275,(04)23288582,2025,6,13,1,31,臺中市,潭子區,0,1,0,7,1,6,50,13,9,1,5,4,6,6,4,4,5,4,5,1,28,,,,,,,,,,,,,118,118,1,,,120.724055,24.221126,2
4482,66000,387130000C,(04)23274275,(04)23288582,2025,6,13,1,44,臺中市,中區,0,0,0,6,,,40,,,,,,,,,,,,,,17,,,,,H01,,,7,,10,,,109,109,1,12,4,120.674435,24.143255,3
4483,66000,387130000C,(04)23274275,(04)23288582,2025,6,13,2,21,臺中市,北區,0,0,0,7,,,50,,,,,,,,,,,,,,17,,,,,B01,,,1,,1,,,59,59,1,12,4,120.678332,24.152611,3
4484,66000,387130000C,(04)23274275,(04)23288582,2025,6,13,2,30,臺中市,東區,0,0,0,7,,,50,,,,,,,,,,,,,,14,,,,,B02,,,1,,1,,,49,49,1,12,4,120.706224,24.144323,3
4485,66000,387130000C,(04)23274275,(04)23288582,2025,6,13,2,40,臺中市,太平區,0,3,0,7,3,6,50,4,1,1,5,4,6,6,4,4,10,5,5,2,15,2,8,1,1,F03,7,9,7,21,2,14,,12,12,1,12,4,120.728539,24.155185,2
4486,66000,387130000C,(04)23274275,(04)23288582,2025,6,13,2,47,臺中市,南區,0,0,0,7,,,50,,,,,,,,,,,,,,17,,,,,B03,,,2,,2,,,84,84,1,13,4,120.675026,24.132129,3
4487,66000,387130000C,(04)23274275,(04)23288582,2025,6,13,3,3,臺中市,清水區,0,1,0,7,3,6,40,11,9,1,5,4,6,6,4,4,1,4,4,2,17,2,9,2,1,C03,7,9,3,19,2,11,,84,84,1,12,4,120.577273,24.273695,2
4488,66000,387130000C,(04)23274275,(04)23288582,2025,6,13,5,19,臺中市,石岡區,0,0,0,7,,,70,,,,,,,,,,,,,,,,,,,A11,,,1,,1,,,59,59,1,12,4,120.773702,24.274666,3
4489,66000,387130000C,(04)23274275,(04)23288582,2025,6,13,6,34,臺中市,外埔區,0,0,0,7,,,50,,,,,,,,,,,,,,12,,,,,B12,,,1,,2,,,8,8,1,12,4,120.638317,24.341841,3
4490,66000,387130000C,(04)23274275,(04)23288582,2025,6,13,6,35,臺中市,東區,0,0,0,7,,,50,,,,,,,,,,,,,,13,,,,,B02,,,1,,1,,,84,84,1,12,4,120.692789,24.138868,3
4491,66000,387130000C,(04)23274275,(04)23288582,2025,6,13,6,55,臺中市,西屯區,0,1,0,7,2,6,50,4,1,1,5,4,6,6,2,1,10,5,5,2,12,3,10,3,4,A04,7,9,1,2,2,2,,8,8,1,12,4,120.65182,24.20652,2
4492,66000,387130000C,(04)23274275,(04)23288582,2025,6,13,6,57,臺中市,石岡區,0,0,0,7,,,50,,,,,,,,,,,,,,,,,,,B03,,,1,,1,,,40,40,1,12,4,120.780991,24.286005,3
4493,66000,387130000C,(04)23274275,(04)23288582,2025,6,13,7,2,臺中市,梧棲區,0,0,0,7,,,50,,,,,,,,,,,,,,13,,,,,B03,,,1,,2,,,55,55,1,12,4,120.536061,24.249967,3
4494,66000,387130000C,(04)23274275,(04)23288582,2025,6,13,7,10,臺中市,沙鹿區,0,0,0,6,,,50,,,,,,,,,,,,,,,,,,,B03,,,1,,1,,,59,59,1,13,4,120.614821,24.243426,3
4495,66000,387130000C,(04)23274275,(04)23288582,2025,6,13,7,10,臺中市,大甲區,0,0,0,7,,,50,,,,,,,,,,,,,,,,,,,B03,,,1,,1,,,84,84,1,6,4,120.651156,24.381249,3
4496,66000,387130000C,(04)23274275,(04)23288582,2025,6,13,7,11,臺中市,豐原區,0,2,0,6,2,6,50,3,1,1,5,4,6,6,4,4,5,5,4,2,12,2,9,5,4,C03,7,9,1,10,2,15,,1,1,1,13,4,120.724131,24.24413,2
4497,66000,387130000C,(04)23274275,(04)23288582,2025,6,13,7,14,臺中市,太平區,0,1,0,5,2,6,50,4,1,1,4,4,6,6,4,4,10,5,5,2,16,2,9,1,1,C03,7,6,1,10,2,12,,14,14,1,12,4,120.712305,24.125109,2
4498,66000,387130000C,(04)23274275,(04)23288582,2025,6,13,7,17,臺中市,西屯區,0,0,0,7,,,40,,,,,,,,,,,,,,17,,,,,,,,,,,,,87,87,1,,,120.664409,24.181763,3
4499,66000,387130000C,(04)23274275,(04)23288582,2025,6,13,7,19,臺中市,北屯區,0,2,0,7,2,6,50,3,7,1,5,4,6,6,4,4,5,4,4,2,17,2,8,1,1,C03,7,15,1,10,2,14,,13,13,1,6,4,120.690469,24.177583,2
4500,66000,387130000C,(04)23274275,(04)23288582,2025,6,13,7,20,臺中市,西屯區,0,0,0,5,,,50,,,,,,,,,,,,,,13,,,,,C03,,,1,,2,,,7,7,1,13,4,120.657617,24.163366,3