序號,縣市別代碼,機關代碼,市話,傳真,年,月,日,時,分,縣市,區,死亡數量,受傷數量,2-30,天候,道路照明設備,道路類別,道路速限,道路型態,事故位置,路面鋪裝,路面狀態,路面缺陷,障礙物,視距,號誌種類,號誌動作,分向設施,快車道或一般車道間,快慢車道間,路面邊線,事故類型及型態,受傷程度,主要傷處,保護裝備,行動電話或功能裝置,當事者區分(類別),車輛用途,當事者行動狀態,駕照狀態,駕照種類,飲酒情形,車輛撞擊部位最初,車輛撞擊部位其他,肇事因素個別,肇事因素主要,肇事逃逸,職業,共享經濟或外送平台,GPS座標X,GPS座標Y,事故類別
4612,66000,387130000C,(04)23274275,(04)23288582,2025,6,13,9,41,臺中市,中區,0,2,0,5,2,6,50,4,2,1,4,4,6,6,2,1,5,5,5,2,17,2,9,2,1,C03,7,9,1,10,2,14,12,84,84,1,12,4,120.676064,24.141299,2
4613,66000,387130000C,(04)23274275,(04)23288582,2025,6,13,9,42,臺中市,沙鹿區,0,0,0,5,,,50,,,,,,,,,,,,,,,,,,,B03,,,1,,2,,,39,39,1,13,4,120.564974,24.249537,3
4614,66000,387130000C,(04)23274275,(04)23288582,2025,6,13,9,44,臺中市,西區,0,1,0,7,2,6,50,4,1,1,4,4,6,6,1,1,10,5,5,2,17,2,9,1,1,C03,7,9,1,10,2,11,,7,7,1,12,4,120.665287,24.150867,2
4615,66000,387130000C,(04)23274275,(04)23288582,2025,6,13,9,44,臺中市,大里區,0,1,0,5,2,6,50,4,1,1,4,4,6,6,1,1,10,5,5,2,16,2,8,1,1,C03,7,9,1,10,1,14,,84,84,1,12,4,120.695668,24.096539,2
4616,66000,387130000C,(04)23274275,(04)23288582,2025,6,13,9,45,臺中市,北屯區,0,0,0,5,,,50,,,,,,,,,,,,,,13,,,,,B03,,,1,,1,,,59,59,1,6,4,120.680147,24.188885,3
4617,66000,387130000C,(04)23274275,(04)23288582,2025,6,13,9,48,臺中市,西屯區,0,0,0,5,,,80,,,,,,,,,,,,,,13,,,,,B12,,,1,,2,,,7,7,1,13,4,120.634948,24.179291,3
4618,66000,387130000C,(04)23274275,(04)23288582,2025,6,13,9,50,臺中市,太平區,0,0,0,5,,,80,,,,,,,,,,,,,,17,,,,,B03,,,1,,1,,,84,84,1,6,4,120.717375,24.157743,3
4619,66000,387130000C,(04)23274275,(04)23288582,2025,6,13,9,55,臺中市,北屯區,0,1,0,5,2,6,50,3,1,1,4,4,6,6,2,1,10,5,5,2,16,3,10,3,1,B01,7,5,1,4,1,5,,84,84,1,6,4,120.698786,24.170272,2
4620,66000,387130000C,(04)23274275,(04)23288582,2025,6,13,9,55,臺中市,大甲區,0,1,0,5,3,6,50,13,9,1,4,4,6,6,4,4,5,5,4,1,18,2,9,5,4,C03,7,9,1,10,2,12,,84,84,1,6,4,120.6272,24.340344,2
4621,66000,387130000C,(04)23274275,(04)23288582,2025,6,13,9,56,臺中市,西屯區,0,0,0,5,,,50,,,,,,,,,,,,,,12,,,,,C03,,,1,,1,,,8,8,1,12,4,120.638539,24.181993,3
4622,66000,387130000C,(04)23274275,(04)23288582,2025,6,13,10,0,臺中市,東區,0,0,0,5,,,30,,,,,,,,,,,,,,17,,,,,C03,,,1,,2,,,48,48,1,12,4,120.703752,24.126579,3
4623,66000,387130000C,(04)23274275,(04)23288582,2025,6,13,10,0,臺中市,西屯區,0,0,0,5,,,50,,,,,,,,,,,,,,,,,,,B03,,,1,,1,,,8,8,1,12,4,120.639132,24.177197,4
4624,66000,387130000C,(04)23274275,(04)23288582,2025,6,13,10,2,臺中市,北區,0,1,0,5,2,6,50,4,1,1,4,4,6,6,1,1,5,4,5,2,17,3,10,5,1,B03,7,6,1,8,2,8,,11,11,1,13,4,120.667555,24.166819,2
4625,66000,387130000C,(04)23274275,(04)23288582,2025,6,13,10,6,臺中市,潭子區,0,1,0,5,3,6,50,4,1,1,4,4,6,6,1,1,5,4,4,2,15,2,9,2,1,C03,7,9,1,10,2,12,,21,21,1,13,4,120.707179,24.210329,2
4626,66000,387130000C,(04)23274275,(04)23288582,2025,6,13,10,8,臺中市,西屯區,0,1,0,5,3,6,50,4,1,1,4,4,6,6,1,1,5,4,5,2,17,3,10,5,4,A11,7,5,1,3,1,16,,47,47,1,12,4,120.636604,24.171412,2
4627,66000,387130000C,(04)23274275,(04)23288582,2025,6,13,10,12,臺中市,西屯區,0,0,0,5,,,30,,,,,,,,,,,,,,10,,,,,C03,,,1,,2,,,4,4,1,13,4,120.645855,24.159445,3
4628,66000,387130000C,(04)23274275,(04)23288582,2025,6,13,10,16,臺中市,大雅區,0,1,0,5,3,6,40,4,2,1,4,4,6,6,4,4,5,2,4,1,17,2,9,1,1,C03,7,9,1,10,2,14,,85,85,1,12,4,120.644172,24.209163,2
4629,66000,387130000C,(04)23274275,(04)23288582,2025,6,13,10,17,臺中市,南屯區,0,0,0,5,,,50,,,,,,,,,,,,,,14,,,,,B12,,,1,,1,,,49,49,1,6,4,120.650162,24.129985,3
4630,66000,387130000C,(04)23274275,(04)23288582,2025,6,13,10,19,臺中市,新社區,0,1,0,5,2,6,50,4,1,1,4,4,6,6,1,1,10,5,5,1,17,3,10,5,4,B12,7,5,1,8,9,6,,47,47,1,13,4,120.807421,24.242326,2
4631,66000,387130000C,(04)23274275,(04)23288582,2025,6,13,10,30,臺中市,北屯區,0,0,0,5,,,80,,,,,,,,,,,,,,13,,,,,B03,,,1,,1,,,7,7,1,6,4,120.717899,24.159624,3
4632,66000,387130000C,(04)23274275,(04)23288582,2025,6,13,10,32,臺中市,南屯區,0,0,0,5,3,6,50,13,9,1,4,4,6,6,4,4,3,4,5,2,12,,,,,B03,,,1,,2,,,77,77,1,12,4,120.639417,24.142066,3
4633,66000,387130000C,(04)23274275,(04)23288582,2025,6,13,10,32,臺中市,太平區,0,0,0,5,2,6,50,,,,,,,,,,,,,,,,,,,B03,,,1,,1,1,,84,84,1,12,4,120.718542,24.158433,3
4634,66000,387130000C,(04)23274275,(04)23288582,2025,6,13,10,34,臺中市,西區,0,1,0,5,2,6,50,3,1,1,4,4,6,6,1,1,10,5,5,2,13,2,8,2,1,C03,7,6,1,10,2,12,,65,65,1,12,4,120.669806,24.146727,2
4635,66000,387130000C,(04)23274275,(04)23288582,2025,6,13,10,36,臺中市,北屯區,0,0,0,5,,,50,,,,,,,,,,,,,,30,,,,,A11,,,1,,1,,,49,49,1,12,4,120.721047,24.167736,3
4636,66000,387130000C,(04)23274275,(04)23288582,2025,6,13,10,40,臺中市,霧峰區,0,1,0,5,3,6,30,13,9,1,4,4,6,6,4,4,10,5,5,1,18,2,9,1,1,C03,7,9,1,10,2,16,,84,84,1,12,4,120.664944,24.063601,2
4637,66000,387130000C,(04)23274275,(04)23288582,2025,6,13,10,41,臺中市,北區,0,0,0,5,,,50,,,,,,,,,,,,,,17,,,,,B12,,,1,,1,,,51,51,1,13,4,120.671934,24.163333,3
4638,66000,387130000C,(04)23274275,(04)23288582,2025,6,13,10,41,臺中市,西屯區,0,0,0,5,,,50,,,,,,,,,,,,,,15,,,,,B03,,,1,,1,,,21,21,1,12,4,120.642607,24.190738,3
4639,66000,387130000C,(04)23274275,(04)23288582,2025,6,13,10,41,臺中市,龍井區,0,1,0,5,1,6,30,5,1,1,4,4,6,6,3,1,10,5,5,2,16,3,10,3,1,B03,7,1,1,8,2,8,,24,24,1,6,4,120.59261,24.181484,2
4640,66000,387130000C,(04)23274275,(04)23288582,2025,6,13,10,42,臺中市,南屯區,0,1,0,5,2,6,50,3,1,1,4,4,6,6,2,1,5,5,5,2,16,3,10,3,1,B03,7,6,1,8,2,1,,11,11,1,12,4,120.609883,24.140483,2
4641,66000,387130000C,(04)23274275,(04)23288582,2025,6,13,10,43,臺中市,南區,0,1,0,5,2,6,50,13,7,1,4,4,6,6,4,4,10,5,4,2,17,3,10,3,1,B03,7,11,1,8,2,7,,45,45,1,12,4,120.681343,24.129172,2
4642,66000,387130000C,(04)23274275,(04)23288582,2025,6,13,10,45,臺中市,太平區,0,0,0,5,,,30,,,,,,,,,,,,,,13,,,,,C03,,,1,,2,,,84,84,1,12,4,120.72977,24.140461,3
4643,66000,387130000C,(04)23274275,(04)23288582,2025,6,13,10,46,臺中市,豐原區,0,0,0,5,,,50,,,,,,,,,,,,,,17,,,,,B03,,,1,,2,,,8,8,1,12,4,120.720186,24.250626,3
4644,66000,387130000C,(04)23274275,(04)23288582,2025,6,13,10,50,臺中市,沙鹿區,0,0,0,5,,,40,,,,,,,,,,,,,,12,,,,,B02,,,1,,2,,,8,8,1,13,4,120.563854,24.239665,3
4645,66000,387130000C,(04)23274275,(04)23288582,2025,6,13,10,51,臺中市,西區,0,0,0,5,,,50,,,,,,,,,,,,,,,,,,,B03,,,1,,1,,,84,84,1,6,4,120.658808,24.156291,3
4646,66000,387130000C,(04)23274275,(04)23288582,2025,6,13,10,51,臺中市,北屯區,0,1,0,5,3,6,30,3,1,1,4,4,6,6,4,4,10,5,5,2,16,3,10,3,1,A12,7,6,1,1,2,8,,12,12,1,13,4,120.74195,24.17774,2
4647,66000,387130000C,(04)23274275,(04)23288582,2025,6,13,10,51,臺中市,西屯區,0,0,0,5,,,50,,,,,,,,,,,,,,17,,,,,C03,,,1,,2,,,71,71,1,13,4,120.636707,24.164113,3
4648,66000,387130000C,(04)23274275,(04)23288582,2025,6,13,10,56,臺中市,北屯區,0,1,0,5,2,6,50,13,7,1,4,4,6,6,4,4,5,5,4,2,13,3,10,1,1,C03,7,9,1,10,2,14,,59,59,1,12,4,120.66151,24.182703,2
4649,66000,387130000C,(04)23274275,(04)23288582,2025,6,13,10,56,臺中市,新社區,0,1,0,5,2,6,50,4,1,1,4,4,6,6,4,4,10,5,5,2,17,3,10,5,4,B12,7,1,1,7,2,4,,51,51,1,13,4,120.808376,24.244323,2
4650,66000,387130000C,(04)23274275,(04)23288582,2025,6,13,11,0,臺中市,西屯區,0,0,0,5,,,50,,,,,,,,,,,,,,13,,,,,B03,,,1,,1,,,7,7,1,12,4,120.656295,24.196152,3
4651,66000,387130000C,(04)23274275,(04)23288582,2025,6,13,11,4,臺中市,西屯區,0,1,0,5,3,6,50,4,1,1,4,4,6,6,1,1,5,4,5,2,16,3,10,5,4,B03,7,5,1,8,2,5,,11,11,1,10,4,120.636604,24.171412,2
4652,66000,387130000C,(04)23274275,(04)23288582,2025,6,13,11,5,臺中市,西屯區,0,0,0,5,,,30,,,,,,,,,,,,,,17,,,,,B01,,,1,,1,,,14,14,1,13,4,120.651394,24.163942,3
4653,66000,387130000C,(04)23274275,(04)23288582,2025,6,13,11,5,臺中市,太平區,0,1,0,5,2,6,50,4,2,1,4,4,6,6,1,1,5,2,4,1,12,3,10,3,1,B03,7,6,1,8,2,5,,84,84,1,12,4,120.730835,24.112027,2
4654,66000,387130000C,(04)23274275,(04)23288582,2025,6,13,11,10,臺中市,北區,0,1,0,5,2,6,50,4,1,1,4,4,6,6,1,1,10,5,5,2,23,2,9,3,1,B03,7,6,1,8,2,8,,59,59,1,13,4,120.678313,24.163112,2
4655,66000,387130000C,(04)23274275,(04)23288582,2025,6,13,11,13,臺中市,神岡區,0,1,0,5,2,6,30,4,1,1,4,4,6,6,4,4,10,5,5,2,15,2,9,5,4,C03,7,9,1,10,2,11,,15,15,1,12,4,120.660603,24.269936,2
4656,66000,387130000C,(04)23274275,(04)23288582,2025,6,13,11,16,臺中市,西屯區,0,1,0,5,2,6,40,4,1,1,4,4,6,6,2,1,10,5,5,2,18,2,9,2,1,C03,7,9,1,10,1,16,,59,59,1,13,4,120.649796,24.162755,2
4657,66000,387130000C,(04)23274275,(04)23288582,2025,6,13,11,17,臺中市,西屯區,0,1,0,5,2,6,40,3,1,1,4,4,6,6,4,4,10,5,5,2,16,3,10,3,4,B03,7,5,1,8,2,5,,14,14,1,12,4,120.641244,24.156306,2
4658,66000,387130000C,(04)23274275,(04)23288582,2025,6,13,11,21,臺中市,北區,0,1,0,5,2,6,50,3,2,1,4,4,6,6,4,4,9,5,4,2,13,2,1,3,1,B03,7,9,1,8,2,1,,84,84,1,12,4,120.679249,24.159312,2
4659,66000,387130000C,(04)23274275,(04)23288582,2025,6,13,11,21,臺中市,南區,0,1,0,5,3,6,50,4,2,1,4,4,6,6,2,1,3,4,4,2,12,2,9,2,1,C03,7,9,1,10,2,11,,7,7,1,6,4,120.675176,24.126498,2
4660,66000,387130000C,(04)23274275,(04)23288582,2025,6,13,11,28,臺中市,北區,0,0,0,5,,,50,,,,,,,,,,,,,,17,,,,,B03,,,1,,2,,,59,59,1,13,4,120.665394,24.154123,3
4661,66000,387130000C,(04)23274275,(04)23288582,2025,6,13,11,30,臺中市,中區,0,1,0,5,2,6,50,13,9,1,4,4,6,6,4,4,5,4,5,2,18,2,9,1,1,C03,7,9,1,10,2,11,,59,59,1,6,4,120.680566,24.137469,2
4662,66000,387130000C,(04)23274275,(04)23288582,2025,6,13,11,30,臺中市,北區,0,0,0,5,,,30,,,,,,,,,,,,,,14,,,,,B03,,,1,,2,,,49,49,1,13,4,120.666665,24.161132,3
4663,66000,387130000C,(04)23274275,(04)23288582,2025,6,13,11,30,臺中市,大里區,0,0,0,5,3,6,50,13,9,1,4,4,6,6,4,4,5,5,5,1,13,,,,,B02,,,1,,2,,,59,59,1,12,4,120.699736,24.110277,3
4664,66000,387130000C,(04)23274275,(04)23288582,2025,6,13,11,30,臺中市,清水區,0,0,0,7,,,50,,,,,,,,,,,,,,,,,,,B03,,,1,,1,,,20,20,1,12,4,120.571089,24.277921,3
4665,66000,387130000C,(04)23274275,(04)23288582,2025,6,13,11,31,臺中市,北屯區,0,0,0,5,,,50,,,,,,,,,,,,,,13,,,,,B02,,,1,,1,,,84,84,1,6,4,120.686543,24.195005,3
4666,66000,387130000C,(04)23274275,(04)23288582,2025,6,13,11,33,臺中市,龍井區,0,0,0,5,,,50,,,,,,,,,,,,,,,,,,,B03,,,1,,1,,,84,84,1,6,4,120.50556,24.210216,3
4667,66000,387130000C,(04)23274275,(04)23288582,2025,6,13,11,35,臺中市,清水區,0,1,0,5,2,6,50,3,1,1,4,4,6,6,4,4,5,2,5,1,17,3,10,3,1,B03,7,6,1,8,2,1,,12,12,1,13,4,120.600177,24.303203,2
4668,66000,387130000C,(04)23274275,(04)23288582,2025,6,13,11,41,臺中市,霧峰區,0,1,0,7,2,6,50,13,9,1,4,4,6,6,1,1,5,5,5,1,13,2,9,1,1,C03,7,9,1,10,2,11,,7,7,1,12,4,120.700561,24.075755,2
4669,66000,387130000C,(04)23274275,(04)23288582,2025,6,13,11,42,臺中市,大肚區,0,1,0,5,2,6,50,3,1,1,4,4,6,6,4,4,5,4,4,1,16,3,10,3,1,B03,7,11,1,8,2,4,,39,39,1,6,4,120.547161,24.145028,2
4670,66000,387130000C,(04)23274275,(04)23288582,2025,6,13,11,46,臺中市,東區,0,0,0,5,,,50,,,,,,,,,,,,,,13,,,,,B03,,,1,,1,,,84,84,1,12,4,120.706523,24.136469,3
4671,66000,387130000C,(04)23274275,(04)23288582,2025,6,13,11,49,臺中市,西屯區,0,1,0,5,2,6,40,4,1,1,4,4,6,6,2,1,1,5,5,2,16,3,10,5,4,B03,7,5,1,8,1,2,,11,11,1,12,4,120.624289,24.17845,2
4672,66000,387130000C,(04)23274275,(04)23288582,2025,6,13,11,50,臺中市,大甲區,0,0,0,5,,,50,,,,,,,,,,,,,,,,,,,B03,,,1,,1,,,84,84,1,6,4,120.620657,24.350555,3
4673,66000,387130000C,(04)23274275,(04)23288582,2025,6,13,11,54,臺中市,南屯區,0,2,0,5,2,6,50,4,1,1,4,4,6,6,2,1,1,5,5,2,13,2,9,1,1,C03,7,5,1,10,2,11,,7,7,1,6,4,120.633248,24.124221,2
4674,66000,387130000C,(04)23274275,(04)23288582,2025,6,13,11,54,臺中市,西屯區,0,0,0,5,,,50,,,,,,,,,,,,,,,,,,,B03,,,1,,1,,,50,50,1,12,4,120.654818,24.168816,3
4675,66000,387130000C,(04)23274275,(04)23288582,2025,6,13,11,55,臺中市,南屯區,0,1,0,5,3,6,50,13,9,1,4,4,6,6,4,4,1,4,5,2,17,3,10,2,4,C03,7,14,1,10,9,16,,84,84,1,6,4,120.646784,24.135753,2
4676,66000,387130000C,(04)23274275,(04)23288582,2025,6,13,11,57,臺中市,豐原區,0,1,0,5,2,6,50,3,9,1,4,4,6,6,4,4,5,5,5,2,11,3,10,3,1,B03,7,6,1,8,2,2,,14,14,1,12,4,120.715632,24.260131,2
4677,66000,387130000C,(04)23274275,(04)23288582,2025,6,13,12,0,臺中市,北區,0,1,0,5,2,6,50,4,1,1,4,4,6,6,1,1,1,4,5,2,16,3,10,3,1,B03,7,5,1,8,2,2,,47,47,1,12,4,120.682433,24.163188,2
4678,66000,387130000C,(04)23274275,(04)23288582,2025,6,13,12,0,臺中市,北區,0,1,0,5,2,6,50,4,1,1,4,4,6,6,1,1,10,5,5,2,16,3,10,3,1,B02,7,5,1,8,2,2,,11,11,1,13,4,120.677536,24.150592,2
4679,66000,387130000C,(04)23274275,(04)23288582,2025,6,13,12,1,臺中市,外埔區,0,0,0,5,2,6,50,3,2,1,4,4,6,6,1,1,5,4,4,1,12,3,10,3,1,B03,7,9,1,8,1,5,,8,8,1,12,4,120.637281,24.34144,3
4680,66000,387130000C,(04)23274275,(04)23288582,2025,6,13,12,2,臺中市,西區,0,0,0,5,,,50,,,,,,,,,,,,,,,,,,,C03,,,1,,1,,,51,51,1,12,4,120.669603,24.139724,3
4681,66000,387130000C,(04)23274275,(04)23288582,2025,6,13,12,6,臺中市,潭子區,0,0,0,5,,,50,,,,,,,,,,,,,,,,,,,B03,,,1,,2,,,8,8,1,12,4,120.709422,24.200329,3
4682,66000,387130000C,(04)23274275,(04)23288582,2025,6,13,12,13,臺中市,北區,0,0,0,5,,,50,,,,,,,,,,,,,,17,,,,,B03,,,1,,1,,,59,59,1,13,4,120.68704,24.154639,3
4683,66000,387130000C,(04)23274275,(04)23288582,2025,6,13,12,13,臺中市,南屯區,0,1,0,5,3,6,50,13,9,1,4,4,6,6,4,4,9,4,5,2,13,2,9,1,1,C03,7,9,1,10,2,11,,7,7,1,12,4,120.653508,24.13575,2
4684,66000,387130000C,(04)23274275,(04)23288582,2025,6,13,12,14,臺中市,南屯區,0,1,0,7,2,6,50,4,2,1,4,4,6,6,2,1,5,4,5,2,17,2,9,2,1,C03,7,9,1,10,2,11,,59,59,1,12,4,120.633922,24.146058,2
4685,66000,387130000C,(04)23274275,(04)23288582,2025,6,13,12,30,臺中市,北屯區,0,0,0,5,,,50,,,,,,,,,,,,,,12,,,,,,,,,,,,,85,85,1,,,120.691485,24.171231,3
4686,66000,387130000C,(04)23274275,(04)23288582,2025,6,13,12,30,臺中市,烏日區,0,1,0,5,2,6,40,4,1,1,4,4,6,6,2,1,1,4,4,2,18,2,9,1,1,C03,7,9,1,10,2,12,,84,84,1,6,4,120.613744,24.106764,2
4687,66000,387130000C,(04)23274275,(04)23288582,2025,6,13,12,31,臺中市,龍井區,0,1,0,5,2,6,40,13,8,1,4,4,6,6,4,4,1,3,1,1,18,2,9,5,4,C03,7,9,1,10,2,15,,87,87,1,13,4,120.504882,24.207991,2
4688,66000,387130000C,(04)23274275,(04)23288582,2025,6,13,12,32,臺中市,中區,0,1,0,5,1,6,50,13,9,1,4,4,6,6,4,4,9,5,5,1,14,3,10,5,4,B03,7,2,1,8,2,3,,49,49,1,12,4,120.678952,24.139018,2
4689,66000,387130000C,(04)23274275,(04)23288582,2025,6,13,12,33,臺中市,西區,0,0,0,7,,,50,,,,,,,,,,,,,,9,,,,,C03,,,1,,1,,,7,7,1,12,4,120.662076,24.145487,3
4690,66000,387130000C,(04)23274275,(04)23288582,2025,6,13,12,33,臺中市,西屯區,0,1,0,5,3,6,50,4,1,1,4,4,6,6,1,1,1,4,5,2,12,3,10,5,4,B03,7,7,1,8,2,5,2,85,85,1,12,4,120.617498,24.185346,2
4691,66000,387130000C,(04)23274275,(04)23288582,2025,6,13,12,37,臺中市,北屯區,0,0,0,5,,,40,,,,,,,,,,,,,,13,,,,,B12,,,5,,1,,,7,7,1,6,4,120.682883,24.200779,3
4692,66000,387130000C,(04)23274275,(04)23288582,2025,6,13,12,38,臺中市,神岡區,0,0,0,5,,,1,,,,,,,,,,,,,,17,,,,,B03,,,1,,2,,,51,51,1,6,4,120.692355,24.254266,3
4693,66000,387130000C,(04)23274275,(04)23288582,2025,6,13,12,40,臺中市,大雅區,0,0,0,5,,,0,,,,,,,,,,,,,,,,,,,B12,,,1,,2,,,49,49,1,13,4,120.654158,24.224286,3
4694,66000,387130000C,(04)23274275,(04)23288582,2025,6,13,12,42,臺中市,沙鹿區,0,0,0,5,,,50,,,,,,,,,,,,,,14,,,,,B03,,,1,,2,,,49,49,1,13,4,120.575256,24.226615,3
4695,66000,387130000C,(04)23274275,(04)23288582,2025,6,13,12,43,臺中市,北屯區,0,0,0,6,,,30,,,,,,,,,,,,,,30,,,,,B03,,,1,,9,,,84,84,2,12,4,120.683681,24.192895,3
4696,66000,387130000C,(04)23274275,(04)23288582,2025,6,13,12,44,臺中市,北區,0,1,0,7,3,6,0,5,23,4,5,4,6,6,4,4,10,5,5,2,9,3,10,1,1,C03,7,15,1,10,2,13,,84,84,1,13,4,120.690446,24.157179,2
4697,66000,387130000C,(04)23274275,(04)23288582,2025,6,13,12,44,臺中市,西屯區,0,0,0,5,,,50,,,,,,,,,,,,,,13,,,,,B01,,,1,,2,,,59,59,1,13,4,120.660075,24.169147,3
4698,66000,387130000C,(04)23274275,(04)23288582,2025,6,13,12,45,臺中市,東區,0,0,0,5,,,50,,,,,,,,,,,,,,,,,,,B03,,,1,,9,,,7,7,1,9,4,120.692307,24.14342,3
4699,66000,387130000C,(04)23274275,(04)23288582,2025,6,13,12,50,臺中市,南屯區,0,1,0,5,2,6,50,13,9,1,4,4,6,6,4,4,5,4,5,2,17,3,10,3,1,B03,7,11,1,8,2,4,,45,45,1,6,4,120.608223,24.138652,2
4700,66000,387130000C,(04)23274275,(04)23288582,2025,6,13,12,52,臺中市,大里區,0,0,0,5,,,50,,,,,,,,,,,,,,,,,,,B03,,,1,,1,,,84,84,1,12,4,120.682039,24.104903,4
4701,66000,387130000C,(04)23274275,(04)23288582,2025,6,13,12,53,臺中市,南屯區,0,1,0,5,3,6,40,13,8,1,4,4,6,6,4,4,9,5,4,2,17,3,10,2,4,C03,7,1,1,10,2,16,,51,51,1,6,4,120.636562,24.14616,2
4702,66000,387130000C,(04)23274275,(04)23288582,2025,6,13,12,53,臺中市,北屯區,0,2,0,7,3,6,50,3,1,1,5,4,6,6,1,1,10,5,5,2,16,3,10,3,1,A05,7,6,1,2,2,4,,48,48,1,13,4,120.682346,24.186911,2
4703,66000,387130000C,(04)23274275,(04)23288582,2025,6,13,12,57,臺中市,梧棲區,0,1,0,5,3,6,40,3,1,1,4,4,6,6,4,4,1,4,1,1,12,3,10,3,1,B03,7,4,1,8,2,2,,8,8,1,6,4,120.553165,24.244065,2
4704,66000,387130000C,(04)23274275,(04)23288582,2025,6,13,12,58,臺中市,北區,0,0,0,7,,,50,,,,,,,,,,,,,,17,,,,,B01,,,1,,1,,,51,51,1,13,4,120.685558,24.153591,3
4705,66000,387130000C,(04)23274275,(04)23288582,2025,6,13,13,5,臺中市,后里區,0,0,0,5,2,6,50,13,2,1,4,4,6,6,1,1,1,2,5,1,13,3,10,3,1,B03,7,14,1,8,1,1,,7,7,1,12,4,120.722433,24.308587,3
4706,66000,387130000C,(04)23274275,(04)23288582,2025,6,13,13,9,臺中市,西區,0,1,0,5,3,6,40,4,1,1,4,4,6,6,1,1,10,5,5,2,18,2,9,1,1,C03,7,9,1,10,2,12,,84,84,1,6,4,120.661685,24.135131,2
4707,66000,387130000C,(04)23274275,(04)23288582,2025,6,13,13,9,臺中市,北屯區,0,1,0,5,2,6,50,3,2,1,4,4,6,6,1,1,5,4,5,2,18,2,9,1,1,C03,7,9,1,10,2,14,,82,82,1,6,4,120.755341,24.199964,2
4708,66000,387130000C,(04)23274275,(04)23288582,2025,6,13,13,13,臺中市,西屯區,0,1,0,5,2,6,50,13,8,1,4,4,6,6,4,4,1,4,4,2,16,3,10,5,4,B11,7,5,1,8,2,3,,47,47,1,12,4,120.65098,24.208216,2
4709,66000,387130000C,(04)23274275,(04)23288582,2025,6,13,13,14,臺中市,后里區,0,0,0,5,,,50,,,,,,,,,,,,,,15,,,,,B03,,,1,,1,,,84,84,1,12,5,120.720737,24.306515,3
4710,66000,387130000C,(04)23274275,(04)23288582,2025,6,13,13,16,臺中市,龍井區,0,1,0,5,1,6,40,13,8,1,4,4,6,6,4,4,8,3,4,2,17,2,9,1,1,C03,7,9,1,10,2,12,,59,59,1,6,4,120.573121,24.188808,2
4711,66000,387130000C,(04)23274275,(04)23288582,2025,6,13,13,21,臺中市,清水區,0,0,0,5,,,30,,,,,,,,,,,,,,16,,,,,B03,,,1,,2,,,51,51,1,13,4,120.636251,24.292701,3
4712,66000,387130000C,(04)23274275,(04)23288582,2025,6,13,13,22,臺中市,南區,0,0,0,7,,,50,,,,,,,,,,,,,,,,,,,B03,,,1,,2,,,20,20,1,6,4,120.662652,24.127438,3
4713,66000,387130000C,(04)23274275,(04)23288582,2025,6,13,13,22,臺中市,北屯區,0,0,0,5,,,50,,,,,,,,,,,,,,16,,,,,C03,,,1,,1,,,11,11,1,6,4,120.692242,24.164941,3
4714,66000,387130000C,(04)23274275,(04)23288582,2025,6,13,13,25,臺中市,西區,0,1,0,5,2,6,50,4,1,1,4,4,6,6,4,4,10,5,5,2,18,2,9,5,4,C03,7,9,1,10,2,12,,84,84,1,12,4,120.671397,24.147893,2
4715,66000,387130000C,(04)23274275,(04)23288582,2025,6,13,13,27,臺中市,北區,0,0,0,5,,,50,,,,,,,,,,,,,,17,,,,,C03,,,1,,9,,,59,59,1,13,4,120.684111,24.157028,3
4716,66000,387130000C,(04)23274275,(04)23288582,2025,6,13,13,45,臺中市,北屯區,0,0,0,6,,,50,,,,,,,,,,,,,,13,,,,,B12,,,1,,1,,,84,84,1,12,4,120.670961,24.200236,3
4717,66000,387130000C,(04)23274275,(04)23288582,2025,6,13,13,47,臺中市,南屯區,0,0,0,5,3,6,60,13,7,1,4,4,6,6,1,1,1,2,1,2,13,,,,,B03,,,1,,1,,,84,84,1,12,4,120.623434,24.135716,3
4718,66000,387130000C,(04)23274275,(04)23288582,2025,6,13,13,48,臺中市,大雅區,0,1,0,5,3,6,30,13,9,1,4,4,6,6,4,4,10,5,5,2,18,2,7,1,1,F03,7,9,7,21,2,16,,84,84,1,13,4,120.663125,24.220299,2
4719,66000,387130000C,(04)23274275,(04)23288582,2025,6,13,13,50,臺中市,北屯區,0,1,0,5,2,6,30,4,1,1,4,4,6,6,2,1,10,5,5,2,18,2,9,1,1,C03,7,9,1,10,9,12,,43,43,1,6,4,120.672566,24.181009,2
4720,66000,387130000C,(04)23274275,(04)23288582,2025,6,13,13,50,臺中市,大里區,0,0,0,5,,,,,,,,,,,,,,,,,12,,,,,,,,,,,,,119,119,1,,,120.694597,24.111591,4
4721,66000,387130000C,(04)23274275,(04)23288582,2025,6,13,13,50,臺中市,烏日區,0,0,0,7,,,50,,,,,,,,,,,,,,2,,,,,B02,,,1,,2,,,40,40,1,6,4,120.647875,24.110578,3
4722,66000,387130000C,(04)23274275,(04)23288582,2025,6,13,13,52,臺中市,大里區,0,0,0,5,,,50,,,,,,,,,,,,,,14,,,,,A12,,,1,,2,,,49,49,1,13,4,120.683474,24.119178,3
4723,66000,387130000C,(04)23274275,(04)23288582,2025,6,13,13,53,臺中市,太平區,0,1,0,7,2,6,40,4,2,1,4,4,6,6,1,1,5,2,4,1,16,3,10,3,1,B03,7,1,1,8,2,4,,51,51,1,12,4,120.713894,24.158953,2