序號,縣市別代碼,機關代碼,市話,傳真,年,月,日,時,分,縣市,區,死亡數量,受傷數量,2-30,天候,道路照明設備,道路類別,道路速限,道路型態,事故位置,路面鋪裝,路面狀態,路面缺陷,障礙物,視距,號誌種類,號誌動作,分向設施,快車道或一般車道間,快慢車道間,路面邊線,事故類型及型態,受傷程度,主要傷處,保護裝備,行動電話或功能裝置,當事者區分(類別),車輛用途,當事者行動狀態,駕照狀態,駕照種類,飲酒情形,車輛撞擊部位最初,車輛撞擊部位其他,肇事因素個別,肇事因素主要,肇事逃逸,職業,共享經濟或外送平台,GPS座標X,GPS座標Y,事故類別
4724,66000,387130000C,(04)23274275,(04)23288582,2025,6,13,13,55,臺中市,大里區,0,0,0,5,,,50,,,,,,,,,,,,,,15,,,,,B03,,,1,,2,,,13,13,1,12,4,120.688116,24.086029,3
4725,66000,387130000C,(04)23274275,(04)23288582,2025,6,13,13,58,臺中市,南區,0,1,0,5,2,6,50,3,1,1,4,4,6,6,1,1,10,5,5,2,16,2,9,1,1,C03,7,6,1,10,2,14,,48,48,1,12,4,120.68473,24.128989,2
4726,66000,387130000C,(04)23274275,(04)23288582,2025,6,13,14,0,臺中市,南屯區,0,0,0,5,,,50,,,,,,,,,,,,,,,,,,,B03,,,1,,1,,,84,84,1,6,4,120.635711,24.143383,4
4727,66000,387130000C,(04)23274275,(04)23288582,2025,6,13,14,7,臺中市,西區,0,1,0,5,2,6,50,4,2,1,4,4,6,6,1,1,5,4,5,2,18,2,9,1,1,C03,7,9,1,10,2,14,,84,84,1,12,4,120.662962,24.146906,2
4728,66000,387130000C,(04)23274275,(04)23288582,2025,6,13,14,9,臺中市,大里區,0,1,0,5,3,6,50,4,1,1,4,4,6,6,1,1,10,5,5,2,15,3,10,3,1,B03,7,9,1,8,2,8,,21,21,1,12,4,120.678368,24.0975,2
4729,66000,387130000C,(04)23274275,(04)23288582,2025,6,13,14,11,臺中市,西屯區,0,2,0,5,2,6,50,3,1,1,4,4,6,6,4,4,10,5,5,2,16,2,8,2,1,C03,7,1,3,19,2,11,,20,20,1,12,4,120.6676,24.174672,2
4730,66000,387130000C,(04)23274275,(04)23288582,2025,6,13,14,12,臺中市,南區,0,1,0,5,2,6,50,4,1,1,4,4,6,6,4,4,10,5,5,2,18,2,9,1,1,C03,7,9,1,10,2,12,,84,84,1,5,4,120.682536,24.127447,2
4731,66000,387130000C,(04)23274275,(04)23288582,2025,6,13,14,12,臺中市,北屯區,0,0,0,5,,,50,,,,,,,,,,,,,,17,,,,,B02,,,1,,2,,,48,48,1,13,4,120.699599,24.1648,3
4732,66000,387130000C,(04)23274275,(04)23288582,2025,6,13,14,13,臺中市,西屯區,0,0,0,5,3,6,50,4,2,1,4,4,6,6,1,1,5,5,5,2,13,,,,,B03,,,1,,1,,,59,59,1,12,4,120.659017,24.160248,3
4733,66000,387130000C,(04)23274275,(04)23288582,2025,6,13,14,15,臺中市,北區,0,0,0,5,,,50,,,,,,,,,,,,,,17,,,,,B02,,,1,,1,,,8,8,1,13,4,120.687342,24.149336,3
4734,66000,387130000C,(04)23274275,(04)23288582,2025,6,13,14,15,臺中市,西屯區,0,1,0,5,2,6,0,13,9,1,4,4,6,6,4,4,9,5,5,2,17,3,10,3,4,B03,7,1,1,8,1,8,,51,51,1,13,4,120.643623,24.183444,2
4735,66000,387130000C,(04)23274275,(04)23288582,2025,6,13,14,16,臺中市,梧棲區,0,0,0,5,,,50,,,,,,,,,,,,,,17,,,,,B03,,,1,,1,,,59,59,1,6,4,120.536329,24.265941,3
4736,66000,387130000C,(04)23274275,(04)23288582,2025,6,13,14,16,臺中市,外埔區,0,0,0,5,2,6,50,13,7,1,4,4,6,6,4,4,4,4,4,1,13,3,10,3,1,B13,7,9,1,8,2,1,,7,7,1,12,4,120.638976,24.341761,3
4737,66000,387130000C,(04)23274275,(04)23288582,2025,6,13,14,17,臺中市,太平區,0,1,0,5,3,6,50,3,2,1,4,4,6,6,4,4,5,5,5,1,13,2,9,1,1,C03,7,9,1,10,2,11,,59,59,1,6,2,120.725127,24.134119,2
4738,66000,387130000C,(04)23274275,(04)23288582,2025,6,13,14,18,臺中市,北屯區,0,1,0,5,2,6,50,4,2,1,4,4,6,6,2,1,1,4,5,2,13,3,10,1,1,C03,7,9,1,10,2,11,,7,7,1,12,4,120.679603,24.172815,2
4739,66000,387130000C,(04)23274275,(04)23288582,2025,6,13,14,20,臺中市,南屯區,0,1,0,5,2,6,50,4,2,2,3,4,6,6,2,1,5,4,4,2,17,2,9,2,1,C03,7,9,1,10,1,11,,84,84,1,12,4,120.642806,24.148794,2
4740,66000,387130000C,(04)23274275,(04)23288582,2025,6,13,14,36,臺中市,南屯區,0,1,0,5,2,6,50,3,1,1,4,4,6,6,4,4,5,4,5,2,13,3,10,3,1,B03,7,9,1,8,1,1,,59,59,1,6,4,120.634348,24.146397,2
4741,66000,387130000C,(04)23274275,(04)23288582,2025,6,13,14,40,臺中市,北屯區,0,0,0,5,,3,80,,,,,,,,,,,,,,13,,,,,B12,,,1,,1,,,59,59,1,6,4,120.720736,24.171982,3
4742,66000,387130000C,(04)23274275,(04)23288582,2025,6,13,14,40,臺中市,北屯區,0,0,0,5,,,80,,,,,,,,,,,,,,13,,,,,B03,,,1,,2,,,7,7,1,6,4,120.720762,24.170718,3
4743,66000,387130000C,(04)23274275,(04)23288582,2025,6,13,14,40,臺中市,梧棲區,0,1,0,5,2,6,50,3,1,1,4,4,6,6,4,4,10,5,5,2,16,3,10,3,1,B03,7,6,1,8,2,5,,14,14,1,12,4,120.53076,24.253411,2
4744,66000,387130000C,(04)23274275,(04)23288582,2025,6,13,14,41,臺中市,梧棲區,0,0,0,5,,,40,,,,,,,,,,,,,,13,,,,,B03,,,1,,1,,,84,84,1,6,4,120.537084,24.251225,3
4745,66000,387130000C,(04)23274275,(04)23288582,2025,6,13,14,45,臺中市,西屯區,0,1,0,5,2,6,50,13,7,1,4,4,6,6,4,4,5,5,4,2,18,2,9,2,1,C03,7,9,1,10,2,16,,84,84,1,13,4,120.645777,24.175931,2
4746,66000,387130000C,(04)23274275,(04)23288582,2025,6,13,14,50,臺中市,東勢區,0,0,0,5,,,30,,,,,,,,,,,,,,15,,,,,B03,,,1,,2,,,15,15,1,13,4,120.831797,24.244551,3
4747,66000,387130000C,(04)23274275,(04)23288582,2025,6,13,14,50,臺中市,豐原區,0,0,0,5,,,50,,,,,,,,,,,,,,17,,,,,B03,,,1,,1,,,87,87,1,12,4,120.718674,24.252397,4
4748,66000,387130000C,(04)23274275,(04)23288582,2025,6,13,14,53,臺中市,大雅區,0,0,0,5,,,30,,,,,,,,,,,,,,,,,,,C03,,,1,,2,,,84,84,1,13,4,120.67153,24.222242,3
4749,66000,387130000C,(04)23274275,(04)23288582,2025,6,13,14,55,臺中市,北區,0,0,0,5,,,50,,,,,,,,,,,,,,,,,,,C03,,,1,,1,,,84,84,1,13,4,120.685093,24.162653,3
4750,66000,387130000C,(04)23274275,(04)23288582,2025,6,13,14,56,臺中市,北區,0,0,0,7,,,50,,,,,,,,,,,,,,17,,,,,C03,,,1,,2,,,84,84,1,13,4,120.66714,24.153991,3
4751,66000,387130000C,(04)23274275,(04)23288582,2025,6,13,14,56,臺中市,北屯區,0,2,0,5,3,6,50,13,9,1,4,4,6,6,4,4,5,5,5,2,17,2,8,1,1,C03,7,9,1,10,2,11,,59,59,1,12,4,120.683479,24.172702,2
4752,66000,387130000C,(04)23274275,(04)23288582,2025,6,13,14,58,臺中市,西屯區,0,1,0,5,2,6,50,3,9,1,4,4,6,6,4,4,1,4,5,2,13,2,9,5,4,C03,7,9,1,10,2,11,,7,7,1,12,4,120.611083,24.186956,2
4753,66000,387130000C,(04)23274275,(04)23288582,2025,6,13,14,59,臺中市,太平區,0,0,0,5,,,80,,,,,,,,,,,,,,13,,,,,B03,,,1,,2,,,7,7,1,12,4,120.716993,24.154919,3
4754,66000,387130000C,(04)23274275,(04)23288582,2025,6,13,15,0,臺中市,北屯區,0,0,0,5,,,60,,,,,,,,,,,,,,13,,,,,B12,,,1,,1,,,84,84,1,6,4,120.720075,24.164323,3
4755,66000,387130000C,(04)23274275,(04)23288582,2025,6,13,15,0,臺中市,西屯區,0,1,0,5,2,6,50,4,1,1,4,4,6,6,2,1,5,4,5,2,18,2,8,5,4,C03,7,5,1,10,2,12,,59,59,1,13,4,120.651959,24.182,2
4756,66000,387130000C,(04)23274275,(04)23288582,2025,6,13,15,3,臺中市,北屯區,0,0,0,5,,,30,,,,,,,,,,,,,,16,,,,,B03,,,1,,1,,,14,14,1,12,4,120.72628,24.156784,3
4757,66000,387130000C,(04)23274275,(04)23288582,2025,6,13,15,4,臺中市,潭子區,0,0,0,5,,,50,,,,,,,,,,,,,,,,,,,B03,,,1,,9,,,8,8,1,13,4,120.712236,24.21306,3
4758,66000,387130000C,(04)23274275,(04)23288582,2025,6,13,15,7,臺中市,西屯區,0,1,0,5,2,6,30,4,1,1,4,4,6,6,2,1,10,5,5,2,13,3,10,3,1,B01,7,9,1,4,2,5,,7,7,1,13,4,120.651933,24.178103,2
4759,66000,387130000C,(04)23274275,(04)23288582,2025,6,13,15,10,臺中市,南區,0,0,0,5,,,30,,,,,,,,,,,,,,17,,,,,B03,,,1,,9,,,84,84,1,13,4,120.680162,24.119491,3
4760,66000,387130000C,(04)23274275,(04)23288582,2025,6,13,15,10,臺中市,西屯區,0,0,0,5,,,50,,,,,,,,,,,,,,,,,,,B03,,,1,,2,,,8,8,1,12,4,120.617929,24.188403,3
4761,66000,387130000C,(04)23274275,(04)23288582,2025,6,13,15,11,臺中市,南屯區,0,0,0,5,,,50,,,,,,,,,,,,,,,,,,,C03,,,1,,2,,,59,59,1,13,4,120.653951,24.14496,3
4762,66000,387130000C,(04)23274275,(04)23288582,2025,6,13,15,11,臺中市,太平區,0,0,0,5,2,6,40,,,,,,,,,,,,,,,,,,,B03,,,1,,1,6,,49,49,1,12,4,120.702602,24.148248,3
4763,66000,387130000C,(04)23274275,(04)23288582,2025,6,13,15,12,臺中市,太平區,0,1,0,5,3,6,50,3,1,1,4,4,6,6,1,1,10,5,5,2,16,3,10,1,1,C03,7,9,1,10,2,12,,59,59,1,6,4,120.71825,24.122987,2
4764,66000,387130000C,(04)23274275,(04)23288582,2025,6,13,15,16,臺中市,北區,0,0,0,5,,,50,,,,,,,,,,,,,,,,,,,C03,,,1,,1,,,84,84,1,12,4,120.686794,24.153109,3
4765,66000,387130000C,(04)23274275,(04)23288582,2025,6,13,15,17,臺中市,東區,0,1,0,5,2,6,50,5,1,1,4,4,6,6,2,1,10,5,5,2,15,3,10,3,1,B03,7,9,1,8,1,1,,21,21,1,12,4,120.692441,24.140098,2
4766,66000,387130000C,(04)23274275,(04)23288582,2025,6,13,15,17,臺中市,大甲區,0,0,0,5,,,30,,,,,,,,,,,,,,,,,,,B03,,,1,,1,,,49,49,1,6,4,120.618753,24.371149,3
4767,66000,387130000C,(04)23274275,(04)23288582,2025,6,13,15,25,臺中市,大雅區,0,0,0,5,,,60,,,,,,,,,,,,,,13,,,,,C03,,,1,,2,,,7,7,1,12,4,120.64647,24.222877,3
4768,66000,387130000C,(04)23274275,(04)23288582,2025,6,13,15,25,臺中市,西屯區,0,0,0,5,,,60,,,,,,,,,,,,,,,,,,,B03,,,1,,1,,,35,35,1,12,4,120.64084,24.167537,3
4769,66000,387130000C,(04)23274275,(04)23288582,2025,6,13,15,26,臺中市,烏日區,0,1,0,5,3,6,80,13,7,1,4,4,6,6,4,4,1,4,5,1,20,2,9,3,1,B12,7,9,1,10,2,5,,82,82,1,6,4,120.616521,24.107356,2
4770,66000,387130000C,(04)23274275,(04)23288582,2025,6,13,15,28,臺中市,南屯區,0,0,0,7,,,50,,,,,,,,,,,,,,,,,,,B03,,,1,,1,,,7,7,1,12,4,120.646564,24.134687,3
4771,66000,387130000C,(04)23274275,(04)23288582,2025,6,13,15,32,臺中市,西屯區,0,0,0,5,,,50,,,,,,,,,,,,,,16,,,,,B03,,,1,,2,,,51,51,1,13,4,120.615185,24.182384,3
4772,66000,387130000C,(04)23274275,(04)23288582,2025,6,13,15,33,臺中市,北屯區,0,1,0,5,2,6,50,4,1,1,4,4,6,6,1,1,10,5,5,2,17,3,10,3,1,B03,7,5,1,8,2,2,,85,85,1,12,4,120.668672,24.178276,2
4773,66000,387130000C,(04)23274275,(04)23288582,2025,6,13,15,38,臺中市,南屯區,0,0,0,5,,,50,,,,,,,,,,,,,,16,,,,,B03,,,1,,1,,,47,47,1,6,4,120.646564,24.134687,3
4774,66000,387130000C,(04)23274275,(04)23288582,2025,6,13,15,40,臺中市,南屯區,0,0,0,5,,,40,,,,,,,,,,,,,,,,,,,B03,,,1,,2,,,58,58,1,6,4,120.639258,24.151129,3
4775,66000,387130000C,(04)23274275,(04)23288582,2025,6,13,15,42,臺中市,西區,0,0,0,5,,,50,,,,,,,,,,,,,,,,,,,B03,,,1,,1,,,84,84,1,12,4,120.661827,24.15135,4
4776,66000,387130000C,(04)23274275,(04)23288582,2025,6,13,15,42,臺中市,后里區,0,0,0,5,2,6,50,4,1,1,4,4,6,6,1,1,1,2,4,1,16,3,10,3,1,B03,7,9,1,8,2,5,,21,21,1,12,4,120.723692,24.294721,3
4777,66000,387130000C,(04)23274275,(04)23288582,2025,6,13,15,43,臺中市,北區,0,0,0,5,,,50,,,,,,,,,,,,,,,,,,,B03,,,1,,9,,,85,85,1,12,4,120.669331,24.172897,3
4778,66000,387130000C,(04)23274275,(04)23288582,2025,6,13,15,46,臺中市,西屯區,0,1,0,5,2,6,50,4,1,1,4,4,6,6,2,1,10,5,5,2,16,3,10,5,4,B12,7,6,1,3,2,16,,11,11,1,13,4,120.615468,24.189164,2
4779,66000,387130000C,(04)23274275,(04)23288582,2025,6,13,15,48,臺中市,南屯區,0,0,0,5,,,50,,,,,,,,,,,,,,,,,,,B03,,,1,,2,,,45,45,1,13,4,120.648335,24.13335,3
4780,66000,387130000C,(04)23274275,(04)23288582,2025,6,13,15,53,臺中市,大里區,0,0,0,5,,,30,,,,,,,,,,,,,,14,,,,,A12,,,1,,9,,,49,49,1,6,4,120.707617,24.109385,3
4781,66000,387130000C,(04)23274275,(04)23288582,2025,6,13,15,54,臺中市,大雅區,0,0,0,5,,,50,,,,,,,,,,,,,,13,,,,,C03,,,1,,2,,,7,7,1,12,2,120.653629,24.222058,3
4782,66000,387130000C,(04)23274275,(04)23288582,2025,6,13,16,0,臺中市,西屯區,0,1,0,5,2,6,40,3,1,1,4,4,6,6,4,4,10,5,5,2,12,3,10,3,1,B03,7,5,1,8,2,5,,85,85,1,13,4,120.644674,24.15773,2
4783,66000,387130000C,(04)23274275,(04)23288582,2025,6,13,16,2,臺中市,南區,0,1,0,5,2,6,50,13,8,1,3,4,6,6,4,4,1,4,4,2,17,3,10,3,1,B03,7,13,1,8,2,4,,76,76,1,6,4,120.653394,24.113504,2
4784,66000,387130000C,(04)23274275,(04)23288582,2025,6,13,16,4,臺中市,西屯區,0,0,0,5,,,30,,,,,,,,,,,,,,,,,,,C03,,,1,,2,,,12,12,1,12,4,120.644934,24.175421,3
4785,66000,387130000C,(04)23274275,(04)23288582,2025,6,13,16,5,臺中市,西屯區,0,0,0,5,,,60,,,,,,,,,,,,,,,,,,,B03,,,1,,1,,,7,7,1,12,4,120.646487,24.165079,3
4786,66000,387130000C,(04)23274275,(04)23288582,2025,6,13,16,5,臺中市,沙鹿區,0,1,0,5,3,6,60,3,1,1,4,4,6,6,1,1,10,5,5,2,17,3,10,3,1,A21,7,9,1,1,2,5,,7,7,1,6,4,120.578874,24.249864,2
4787,66000,387130000C,(04)23274275,(04)23288582,2025,6,13,16,6,臺中市,北區,0,0,0,5,,,50,,,,,,,,,,,,,,13,,,,,B03,,,1,,1,,,59,59,1,13,4,120.677971,24.163,3
4788,66000,387130000C,(04)23274275,(04)23288582,2025,6,13,16,7,臺中市,西屯區,0,1,0,5,2,6,50,4,1,1,4,4,6,6,2,1,4,3,5,2,18,2,9,5,4,C03,7,12,1,10,2,14,,6,6,1,13,4,120.621921,24.186405,2
4789,66000,387130000C,(04)23274275,(04)23288582,2025,6,13,16,10,臺中市,潭子區,0,0,0,5,,,60,,,,,,,,,,,,,,,,,,,C03,,,1,,2,,,21,21,1,13,4,120.705925,24.217854,3
4790,66000,387130000C,(04)23274275,(04)23288582,2025,6,13,16,11,臺中市,神岡區,0,0,0,5,,,50,,,,,,,,,,,,,,13,,,,,B03,,,1,,1,,,84,84,1,12,4,120.69672,24.253827,3
4791,66000,387130000C,(04)23274275,(04)23288582,2025,6,13,16,13,臺中市,東區,0,0,0,5,,,50,,,,,,,,,,,,,,,,,,,B03,,,1,,1,,,11,11,1,13,4,120.700722,24.127289,3
4792,66000,387130000C,(04)23274275,(04)23288582,2025,6,13,16,14,臺中市,西區,0,0,0,5,,,50,,,,,,,,,,,,,,17,,,,,B02,,,1,,1,,,14,14,1,12,4,120.66549,24.148712,3
4793,66000,387130000C,(04)23274275,(04)23288582,2025,6,13,16,16,臺中市,北區,0,2,0,5,2,6,50,5,1,1,4,4,6,6,1,1,10,5,5,2,16,2,9,5,4,C03,7,5,1,10,2,12,,47,47,1,13,4,120.683323,24.15338,2
4794,66000,387130000C,(04)23274275,(04)23288582,2025,6,13,16,16,臺中市,西屯區,0,1,0,5,2,6,30,4,1,1,4,4,6,6,4,4,10,5,5,2,15,3,10,5,4,B03,7,9,1,8,2,1,,12,12,1,13,4,120.627807,24.159398,2
4795,66000,387130000C,(04)23274275,(04)23288582,2025,6,13,16,16,臺中市,大里區,0,1,0,5,2,6,50,4,1,1,4,4,6,6,1,1,10,5,5,2,17,3,10,5,4,B11,7,5,1,3,2,2,,84,84,1,13,4,120.71366,24.094267,2
4796,66000,387130000C,(04)23274275,(04)23288582,2025,6,13,16,18,臺中市,大甲區,0,0,0,5,,,50,,,,,,,,,,,,,,,,,,,B03,,,1,,2,,,45,45,1,6,4,120.653579,24.382639,3
4797,66000,387130000C,(04)23274275,(04)23288582,2025,6,13,16,18,臺中市,豐原區,0,0,0,5,,,40,,,,,,,,,,,,,,16,3,10,5,4,B03,7,5,1,8,1,6,6,59,59,1,13,4,120.724982,24.245842,3
4798,66000,387130000C,(04)23274275,(04)23288582,2025,6,13,16,22,臺中市,東區,0,0,0,7,,,50,,,,,,,,,,,,,,13,,,,,B12,,,1,,2,,,82,82,1,12,4,120.697296,24.147958,3
4799,66000,387130000C,(04)23274275,(04)23288582,2025,6,13,16,22,臺中市,烏日區,0,0,0,5,,,50,,,,,,,,,,,,,,9,,,,,B01,,,1,,1,,,51,51,1,13,4,120.616377,24.11188,3
4800,66000,387130000C,(04)23274275,(04)23288582,2025,6,13,16,23,臺中市,豐原區,0,0,0,5,,,50,,,,,,,,,,,,,,16,,,,,B03,,,1,,2,,,84,84,1,13,4,120.715447,24.251838,3
4801,66000,387130000C,(04)23274275,(04)23288582,2025,6,13,16,24,臺中市,北屯區,0,2,0,7,2,3,80,13,9,1,4,4,6,6,4,4,10,4,5,2,17,3,10,5,4,B12,7,15,1,8,2,2,,84,84,1,12,4,120.716866,24.154231,2
4802,66000,387130000C,(04)23274275,(04)23288582,2025,6,13,16,25,臺中市,西屯區,0,1,0,5,1,6,30,13,9,1,4,4,6,6,4,4,10,5,5,2,27,2,9,2,1,C03,7,9,1,10,2,11,,59,59,1,12,4,120.618184,24.193947,2
4803,66000,387130000C,(04)23274275,(04)23288582,2025,6,13,16,26,臺中市,大雅區,0,0,0,5,,,50,,,,,,,,,,,,,,13,,,,,A31,,,1,,11,,,84,84,2,12,4,120.668262,24.215149,3
4804,66000,387130000C,(04)23274275,(04)23288582,2025,6,13,16,27,臺中市,北區,0,0,0,5,,,50,,,,,,,,,,,,,,13,,,,,B03,,,1,,1,,,84,84,1,13,4,120.674507,24.162862,3
4805,66000,387130000C,(04)23274275,(04)23288582,2025,6,13,16,28,臺中市,大雅區,0,1,0,5,3,6,50,4,1,1,4,4,6,6,1,1,9,4,5,1,15,3,10,3,1,B03,7,9,1,8,2,8,,21,21,1,13,4,120.645796,24.225757,2
4806,66000,387130000C,(04)23274275,(04)23288582,2025,6,13,16,30,臺中市,北屯區,0,0,0,5,,3,80,,,,,,,,,,,,,,13,,,,,B03,,,1,,1,,,7,7,1,12,4,120.722364,24.189057,3
4807,66000,387130000C,(04)23274275,(04)23288582,2025,6,13,16,30,臺中市,烏日區,0,0,0,7,,,30,,,,,,,,,,,,,,9,,,,,B03,,,1,,1,,,84,84,1,6,4,120.63793,24.108339,3
4808,66000,387130000C,(04)23274275,(04)23288582,2025,6,13,16,30,臺中市,沙鹿區,0,0,0,5,,,50,,,,,,,,,,,,,,11,,,,,B03,,,1,,2,,,8,8,1,12,4,120.566746,24.225233,3
4809,66000,387130000C,(04)23274275,(04)23288582,2025,6,13,16,33,臺中市,北區,0,0,0,5,,,50,,,,,,,,,,,,,,,,,,,B03,,,1,,1,,,45,45,1,13,4,120.671934,24.163333,3
4810,66000,387130000C,(04)23274275,(04)23288582,2025,6,13,16,35,臺中市,東區,0,1,0,5,2,6,50,4,2,1,4,4,6,6,2,1,10,5,5,2,13,2,9,2,1,C03,7,9,1,8,2,11,,7,7,1,6,4,120.71034,24.149526,2
4811,66000,387130000C,(04)23274275,(04)23288582,2025,6,13,16,38,臺中市,清水區,0,0,0,7,,,50,,,,,,,,,,,,,,,,,,,B03,,,1,,2,,,26,26,1,12,4,120.533727,24.270189,3
4812,66000,387130000C,(04)23274275,(04)23288582,2025,6,13,16,40,臺中市,南屯區,0,0,0,5,,,50,,,,,,,,,,,,,,,,,,,B12,,,1,,1,,,84,84,1,6,4,120.623497,24.149515,3
4813,66000,387130000C,(04)23274275,(04)23288582,2025,6,13,16,41,臺中市,太平區,0,1,0,5,2,6,50,4,1,1,4,4,6,6,1,1,10,5,5,2,17,2,8,1,1,C03,7,9,1,10,2,14,,84,84,1,12,4,120.722485,24.133777,2
4814,66000,387130000C,(04)23274275,(04)23288582,2025,6,13,16,47,臺中市,西屯區,0,1,0,5,2,6,50,3,1,1,4,4,6,6,2,1,4,3,5,2,12,3,10,5,4,B02,7,9,1,8,2,5,,8,8,1,13,4,120.608434,24.157397,2
4815,66000,387130000C,(04)23274275,(04)23288582,2025,6,13,16,47,臺中市,霧峰區,0,1,0,5,3,6,50,3,2,1,4,4,6,6,4,4,5,4,4,2,15,2,9,1,1,C03,7,1,1,10,2,11,,51,51,1,12,4,120.714825,24.069717,2
4816,66000,387130000C,(04)23274275,(04)23288582,2025,6,13,16,54,臺中市,南區,0,1,0,5,2,6,50,4,1,1,4,4,6,6,2,1,10,5,5,2,16,3,10,3,1,B03,7,5,1,8,2,2,,11,11,1,12,4,120.682172,24.128348,2
4817,66000,387130000C,(04)23274275,(04)23288582,2025,6,13,16,56,臺中市,烏日區,0,0,0,5,,,50,,,,,,,,,,,,,,17,,,,,B03,,,1,,9,,,8,8,1,6,4,120.624951,24.106699,3
4818,66000,387130000C,(04)23274275,(04)23288582,2025,6,13,16,58,臺中市,南屯區,0,1,0,5,2,6,50,3,2,1,3,4,6,6,4,4,5,4,4,2,17,3,10,3,1,B03,7,9,1,8,2,5,,84,84,1,12,4,120.637875,24.139116,2
4819,66000,387130000C,(04)23274275,(04)23288582,2025,6,13,16,58,臺中市,大甲區,0,0,0,5,,,50,,,,,,,,,,,,,,12,,,,,A11,,,1,,2,,,8,8,1,6,4,120.61557,24.350403,3
4820,66000,387130000C,(04)23274275,(04)23288582,2025,6,13,17,0,臺中市,北屯區,0,0,0,5,,,50,,,,,,,,,,,,,,15,,,,,C03,,,1,,2,,,24,24,1,6,4,120.683326,24.197126,3
4821,66000,387130000C,(04)23274275,(04)23288582,2025,6,13,17,0,臺中市,新社區,0,0,0,5,,,50,,,,,,,,,,,,,,16,,,,,B12,,,1,,2,,,51,51,1,13,4,120.806686,24.238265,3
4822,66000,387130000C,(04)23274275,(04)23288582,2025,6,13,17,2,臺中市,北屯區,0,2,0,5,3,6,50,4,2,1,4,4,6,6,2,1,1,4,5,2,16,3,10,3,1,B03,7,5,1,8,2,1,,20,20,1,12,4,120.692965,24.162624,2
4823,66000,387130000C,(04)23274275,(04)23288582,2025,6,13,17,2,臺中市,太平區,0,1,0,5,3,6,40,4,2,1,4,4,6,6,1,1,5,5,4,2,13,2,9,3,1,B03,7,9,1,4,7,1,,53,53,1,6,4,120.722378,24.112677,2
4824,66000,387130000C,(04)23274275,(04)23288582,2025,6,13,17,3,臺中市,豐原區,0,1,0,5,2,6,50,13,9,1,4,4,6,6,1,1,1,4,5,2,17,2,9,1,1,C03,7,9,1,8,2,14,,26,26,1,12,4,120.725249,24.254616,2
4825,66000,387130000C,(04)23274275,(04)23288582,2025,6,13,17,5,臺中市,大里區,0,1,0,5,2,6,50,4,2,1,4,4,6,6,1,1,10,5,5,1,17,2,9,1,1,C03,7,15,1,10,2,14,,40,40,1,12,4,120.69456,24.100166,2
4826,66000,387130000C,(04)23274275,(04)23288582,2025,6,13,17,6,臺中市,大里區,0,1,0,5,2,6,50,13,9,1,4,4,6,6,4,4,5,4,5,1,17,3,10,3,1,B03,7,9,1,8,2,1,,7,7,1,12,4,120.688927,24.106409,2
4827,66000,387130000C,(04)23274275,(04)23288582,2025,6,13,17,6,臺中市,大肚區,0,0,0,5,,,50,,,,,,,,,,,,,,16,,,,,C03,,,1,,2,,,11,11,1,6,4,120.580138,24.171657,3
4828,66000,387130000C,(04)23274275,(04)23288582,2025,6,13,17,7,臺中市,南區,0,0,0,5,,,50,,,,,,,,,,,,,,16,,,,,B03,,,1,,1,,,14,14,1,6,4,120.663106,24.119504,3
4829,66000,387130000C,(04)23274275,(04)23288582,2025,6,13,17,9,臺中市,太平區,0,0,0,5,2,6,40,,,,,,,,,,,,,,,,,,,B12,,,1,,2,9,,84,84,1,12,4,120.713095,24.124456,3
4830,66000,387130000C,(04)23274275,(04)23288582,2025,6,13,17,10,臺中市,潭子區,0,0,0,7,,,30,,,,,,,,,,,,,,,,,,,B03,,,1,,2,,,84,84,1,13,4,120.732811,24.207019,3
4831,66000,387130000C,(04)23274275,(04)23288582,2025,6,13,17,10,臺中市,南區,0,1,0,5,3,6,50,3,1,1,4,4,6,6,4,4,10,5,5,2,17,3,10,3,1,B02,7,6,1,8,2,1,,12,12,1,13,4,120.664449,24.119093,2
4832,66000,387130000C,(04)23274275,(04)23288582,2025,6,13,17,10,臺中市,北屯區,0,1,0,5,2,6,50,13,9,1,4,4,6,6,4,4,1,4,5,2,13,3,10,2,1,C03,7,9,2,19,1,11,,7,7,1,12,4,120.682409,24.201462,2
4833,66000,387130000C,(04)23274275,(04)23288582,2025,6,13,17,11,臺中市,大雅區,0,1,0,5,3,6,50,4,1,1,4,4,6,6,1,1,9,4,5,1,11,3,10,3,1,B03,7,6,1,8,2,2,,48,48,1,13,4,120.651773,24.227964,2
4834,66000,387130000C,(04)23274275,(04)23288582,2025,6,13,17,11,臺中市,西區,0,1,0,7,3,6,50,13,9,1,5,4,6,6,4,4,5,4,5,2,13,2,9,1,1,C04,7,9,1,10,2,11,,84,84,1,13,4,120.652811,24.147512,2
4835,66000,387130000C,(04)23274275,(04)23288582,2025,6,13,17,11,臺中市,北屯區,0,0,0,5,,,50,,,,,,,,,,,,,,17,,,,,B03,,,1,,2,,,85,85,1,12,4,120.711955,24.164564,3
4836,66000,387130000C,(04)23274275,(04)23288582,2025,6,13,17,11,臺中市,西屯區,0,1,0,5,1,6,40,11,9,1,4,4,6,6,4,4,10,4,5,1,17,3,10,3,1,B03,7,1,1,8,2,16,,51,51,1,12,4,120.628248,24.17641,2