序號,縣市別代碼,機關代碼,市話,傳真,年,月,日,時,分,縣市,區,死亡數量,受傷數量,2-30,天候,道路照明設備,道路類別,道路速限,道路型態,事故位置,路面鋪裝,路面狀態,路面缺陷,障礙物,視距,號誌種類,號誌動作,分向設施,快車道或一般車道間,快慢車道間,路面邊線,事故類型及型態,受傷程度,主要傷處,保護裝備,行動電話或功能裝置,當事者區分(類別),車輛用途,當事者行動狀態,駕照狀態,駕照種類,飲酒情形,車輛撞擊部位最初,車輛撞擊部位其他,肇事因素個別,肇事因素主要,肇事逃逸,職業,共享經濟或外送平台,GPS座標X,GPS座標Y,事故類別
4837,66000,387130000C,(04)23274275,(04)23288582,2025,6,13,17,13,臺中市,西區,0,0,0,5,,,50,,,,,,,,,,,,,,,,,,,B03,,,1,,1,,,7,7,1,12,4,120.66774,24.13095,3
4838,66000,387130000C,(04)23274275,(04)23288582,2025,6,13,17,13,臺中市,北屯區,0,1,0,5,3,6,50,4,2,1,4,4,6,6,1,1,10,5,5,2,17,2,9,1,1,C03,7,9,1,10,2,11,,7,7,1,12,4,120.686251,24.188697,2
4839,66000,387130000C,(04)23274275,(04)23288582,2025,6,13,17,14,臺中市,南屯區,0,0,0,5,,,,,,,,,,,,,,,,,16,,,,,,,,,,,,,119,119,1,,,120.609707,24.138486,4
4840,66000,387130000C,(04)23274275,(04)23288582,2025,6,13,17,19,臺中市,北屯區,0,1,0,7,2,6,50,4,1,1,4,4,6,6,1,1,10,5,5,2,1,3,10,5,4,B03,7,6,1,8,2,1,,10,10,1,12,4,120.6763,24.174398,2
4841,66000,387130000C,(04)23274275,(04)23288582,2025,6,13,17,21,臺中市,潭子區,0,0,0,5,,,30,,,,,,,,,,,,,,,,,,,B03,,,1,,2,,,49,49,1,12,4,120.693158,24.217387,4
4842,66000,387130000C,(04)23274275,(04)23288582,2025,6,13,17,24,臺中市,烏日區,0,1,0,5,2,6,40,13,8,1,4,4,6,6,4,4,1,5,1,1,17,2,9,5,4,C03,7,9,1,10,2,14,,84,84,1,13,4,120.583298,24.110168,2
4843,66000,387130000C,(04)23274275,(04)23288582,2025,6,13,17,25,臺中市,北區,0,1,0,5,2,6,30,13,9,4,4,4,6,6,4,4,1,2,5,1,18,2,9,1,1,C03,7,9,1,10,2,12,,84,84,1,12,4,120.667487,24.157591,2
4844,66000,387130000C,(04)23274275,(04)23288582,2025,6,13,17,25,臺中市,西屯區,0,0,0,5,,,50,,,,,,,,,,,,,,17,,,,,C03,,,1,,11,,,87,87,1,13,4,120.64473,24.171584,3
4845,66000,387130000C,(04)23274275,(04)23288582,2025,6,13,17,25,臺中市,豐原區,0,1,0,5,2,6,50,13,9,1,4,4,6,6,4,4,1,5,5,1,18,2,9,2,1,C03,7,9,1,10,2,14,,84,84,1,13,4,120.721736,24.273086,2
4846,66000,387130000C,(04)23274275,(04)23288582,2025,6,13,17,26,臺中市,北區,0,0,0,5,,,50,,,,,,,,,,,,,,17,,,,,C03,,,3,,1,,,58,58,1,13,4,120.68412,24.158975,3
4847,66000,387130000C,(04)23274275,(04)23288582,2025,6,13,17,27,臺中市,豐原區,0,0,0,5,,,50,,,,,,,,,,,,,,13,,,,,B03,,,1,,2,,,7,7,1,12,4,120.75485,24.274114,3
4848,66000,387130000C,(04)23274275,(04)23288582,2025,6,13,17,28,臺中市,北屯區,0,0,0,7,,,50,,,,,,,,,,,,,,14,,,,,B03,,,1,,1,,,49,49,1,12,4,120.686488,24.173772,3
4849,66000,387130000C,(04)23274275,(04)23288582,2025,6,13,17,28,臺中市,北屯區,0,0,0,6,,,50,,,,,,,,,,,,,,17,,,,,B03,,,1,,9,,,51,51,2,12,4,120.707402,24.175951,3
4850,66000,387130000C,(04)23274275,(04)23288582,2025,6,13,17,28,臺中市,太平區,0,1,0,5,1,6,50,3,1,1,4,4,6,6,4,4,10,5,5,2,16,3,10,3,1,B03,7,6,1,8,2,1,,14,14,1,6,4,120.71601,24.141736,2
4851,66000,387130000C,(04)23274275,(04)23288582,2025,6,13,17,29,臺中市,中區,0,1,0,5,2,6,50,4,1,1,4,4,6,6,2,1,10,4,5,1,12,3,10,3,1,B03,7,9,1,8,2,2,,85,85,1,13,4,120.682104,24.141489,2
4852,66000,387130000C,(04)23274275,(04)23288582,2025,6,13,17,29,臺中市,西區,0,1,0,5,1,6,50,4,1,1,4,4,6,6,1,1,10,5,5,1,17,3,10,5,4,B03,7,9,1,8,2,2,,85,85,1,12,4,120.665287,24.150867,2
4853,66000,387130000C,(04)23274275,(04)23288582,2025,6,13,17,29,臺中市,神岡區,0,1,0,5,2,6,50,3,1,1,4,4,6,6,2,1,10,5,5,1,16,3,10,5,4,B03,7,6,1,8,2,1,,11,11,1,13,4,120.66068,24.271108,2
4854,66000,387130000C,(04)23274275,(04)23288582,2025,6,13,17,30,臺中市,南屯區,0,1,0,5,2,6,50,13,9,1,4,4,6,6,4,4,9,5,5,2,17,3,10,3,1,B03,7,15,1,8,2,4,,85,85,1,13,4,120.633148,24.140832,2
4855,66000,387130000C,(04)23274275,(04)23288582,2025,6,13,17,30,臺中市,大甲區,0,0,0,7,,,50,,,,,,,,,,,,,,,,,,,B03,,,1,,2,,,7,7,1,6,4,120.636195,24.358307,3
4856,66000,387130000C,(04)23274275,(04)23288582,2025,6,13,17,33,臺中市,后里區,0,1,0,5,2,6,50,4,1,1,4,4,6,6,1,1,5,4,5,1,16,3,10,3,1,B03,7,6,1,8,2,2,,11,11,1,12,4,120.72988,24.331952,2
4857,66000,387130000C,(04)23274275,(04)23288582,2025,6,13,17,34,臺中市,南區,0,3,0,5,3,6,50,13,9,1,4,4,6,6,4,4,9,5,5,2,13,2,8,5,4,C03,7,9,1,10,2,11,,7,7,1,12,4,120.653447,24.123358,2
4858,66000,387130000C,(04)23274275,(04)23288582,2025,6,13,17,34,臺中市,梧棲區,0,0,0,5,,,30,,,,,,,,,,,,,,17,,,,,B03,,,1,,2,,,8,8,1,6,4,120.552469,24.257,3
4859,66000,387130000C,(04)23274275,(04)23288582,2025,6,13,17,35,臺中市,大里區,0,0,0,5,,,50,,,,,,,,,,,,,,10,,,,,C03,,,1,,2,,,34,34,1,6,4,120.706023,24.111566,3
4860,66000,387130000C,(04)23274275,(04)23288582,2025,6,13,17,36,臺中市,北屯區,0,1,0,5,1,6,50,3,1,1,4,4,6,6,2,1,10,5,5,2,18,2,9,2,1,C03,7,9,1,10,2,12,,84,84,1,12,4,120.695138,24.166956,2
4861,66000,387130000C,(04)23274275,(04)23288582,2025,6,13,17,36,臺中市,沙鹿區,0,0,0,5,,,50,,,,,,,,,,,,,,16,,,,,B12,,,1,,2,,,45,45,1,6,4,120.574238,24.228291,3
4862,66000,387130000C,(04)23274275,(04)23288582,2025,6,13,17,37,臺中市,大里區,0,1,0,5,2,6,50,11,9,1,4,4,6,6,4,4,5,5,5,2,11,2,9,1,1,C03,7,9,1,10,2,12,,84,84,1,12,4,120.688774,24.111282,2
4863,66000,387130000C,(04)23274275,(04)23288582,2025,6,13,17,38,臺中市,西屯區,0,0,0,5,,,60,,,,,,,,,,,,,,13,,,,,B03,,,1,,1,,,7,7,1,12,4,120.635172,24.179435,3
4864,66000,387130000C,(04)23274275,(04)23288582,2025,6,13,17,40,臺中市,西區,0,0,0,5,,,50,,,,,,,,,,,,,,,,,,,B03,,,1,,1,,,35,35,1,12,4,120.666469,24.129219,3
4865,66000,387130000C,(04)23274275,(04)23288582,2025,6,13,17,40,臺中市,沙鹿區,0,1,0,5,1,6,30,13,9,1,4,4,6,6,4,4,10,5,5,2,18,2,7,2,1,C03,7,9,1,10,2,12,,59,59,1,6,4,120.588092,24.225227,2
4866,66000,387130000C,(04)23274275,(04)23288582,2025,6,13,17,42,臺中市,潭子區,0,0,0,5,,,60,,,,,,,,,,,,,,,,,,,B03,,,1,,2,,,59,59,1,13,4,120.707724,24.225616,3
4867,66000,387130000C,(04)23274275,(04)23288582,2025,6,13,17,43,臺中市,豐原區,0,1,0,5,2,6,60,4,1,1,4,4,6,6,1,1,1,2,4,1,17,2,9,2,1,C03,7,9,1,10,2,15,,84,84,1,12,4,120.717055,24.264046,2
4868,66000,387130000C,(04)23274275,(04)23288582,2025,6,13,17,44,臺中市,北屯區,0,0,0,5,,,50,,,,,,,,,,,,,,13,,,,,B03,,,1,,1,,,84,84,1,12,4,120.671274,24.173999,3
4869,66000,387130000C,(04)23274275,(04)23288582,2025,6,13,17,45,臺中市,豐原區,0,1,0,5,2,6,30,3,9,1,4,4,6,6,4,4,10,5,5,1,16,2,9,2,1,C03,7,6,1,10,2,11,,14,14,1,13,4,120.731021,24.237533,2
4870,66000,387130000C,(04)23274275,(04)23288582,2025,6,13,17,49,臺中市,北區,0,1,0,5,2,6,50,13,9,1,4,4,6,6,4,4,9,4,5,2,16,3,10,5,4,B03,7,6,1,8,2,1,,20,20,1,13,4,120.685687,24.147435,2
4871,66000,387130000C,(04)23274275,(04)23288582,2025,6,13,17,50,臺中市,西屯區,0,0,0,5,,,50,,,,,,,,,,,,,,13,,,,,B03,,,1,,2,,,59,59,1,12,4,120.659143,24.160174,3
4872,66000,387130000C,(04)23274275,(04)23288582,2025,6,13,17,50,臺中市,烏日區,0,0,0,5,,,40,,,,,,,,,,,,,,13,,,,,B12,,,5,,1,,,7,7,1,6,4,120.648406,24.109157,3
4873,66000,387130000C,(04)23274275,(04)23288582,2025,6,13,17,52,臺中市,東勢區,0,1,0,5,2,6,50,13,9,1,4,4,6,6,4,4,5,5,5,1,18,2,9,5,4,C03,7,12,1,8,2,16,,59,59,1,13,4,120.825896,24.260665,2
4874,66000,387130000C,(04)23274275,(04)23288582,2025,6,13,17,53,臺中市,西區,0,2,0,5,1,6,50,13,9,1,4,4,6,6,4,4,5,5,5,2,17,3,10,5,4,B03,7,13,1,8,2,4,,76,76,1,12,4,120.659425,24.152621,2
4875,66000,387130000C,(04)23274275,(04)23288582,2025,6,13,17,54,臺中市,南區,0,1,0,5,2,6,50,4,1,1,4,4,6,6,1,1,10,5,5,2,17,3,10,3,1,B03,7,6,1,8,1,16,,11,11,1,12,4,120.677303,24.130575,2
4876,66000,387130000C,(04)23274275,(04)23288582,2025,6,13,17,57,臺中市,大里區,0,0,0,5,,,50,,,,,,,,,,,,,,17,,,,,C03,,,1,10,2,,,84,84,1,13,4,120.702432,24.08829,3
4877,66000,387130000C,(04)23274275,(04)23288582,2025,6,13,17,57,臺中市,烏日區,0,0,0,7,,,50,,,,,,,,,,,,,,12,,,,,B01,,,1,,2,,,8,8,1,6,4,120.614575,24.117502,3
4878,66000,387130000C,(04)23274275,(04)23288582,2025,6,13,17,58,臺中市,西屯區,0,2,0,5,1,6,40,4,1,1,4,4,6,6,1,3,5,5,4,2,13,3,10,5,4,C03,7,9,1,10,2,11,,7,7,1,13,4,120.650929,24.157394,2
4879,66000,387130000C,(04)23274275,(04)23288582,2025,6,13,17,59,臺中市,大雅區,0,0,0,5,,,50,,,,,,,,,,,,,,13,,,,,B03,,,1,,1,,,7,7,1,12,4,120.657169,24.223511,3
4880,66000,387130000C,(04)23274275,(04)23288582,2025,6,13,17,59,臺中市,大里區,0,0,0,5,,,80,,,,,,,,,,,,,,,,,,,B03,,,1,,2,,,7,7,1,12,4,120.693371,24.104882,3
4881,66000,387130000C,(04)23274275,(04)23288582,2025,6,13,17,59,臺中市,烏日區,0,0,0,5,,,50,,,,,,,,,,,,,,12,,,,,B03,,,1,,1,,,40,40,1,13,4,120.606973,24.123432,3
4882,66000,387130000C,(04)23274275,(04)23288582,2025,6,13,18,0,臺中市,南屯區,0,1,0,5,1,6,50,13,9,1,4,4,6,6,4,4,9,5,5,2,17,3,10,3,1,B03,7,7,1,8,2,2,,40,40,1,6,4,120.633996,24.129586,2
4883,66000,387130000C,(04)23274275,(04)23288582,2025,6,13,18,1,臺中市,南屯區,0,0,0,7,,,50,,,,,,,,,,,,,,,,,,,C03,,,1,,2,,,84,84,1,12,4,120.632419,24.126789,3
4884,66000,387130000C,(04)23274275,(04)23288582,2025,6,13,18,1,臺中市,大肚區,0,0,0,5,,,30,,,,,,,,,,,,,,12,,,,,A12,,,1,,2,,,8,8,1,8,4,120.574846,24.162973,3
4885,66000,387130000C,(04)23274275,(04)23288582,2025,6,13,18,3,臺中市,沙鹿區,0,1,0,5,2,6,50,13,7,1,4,4,6,6,2,1,5,4,4,2,16,2,7,1,1,C03,7,11,1,10,2,12,,36,36,1,12,4,120.56118,24.242508,2
4886,66000,387130000C,(04)23274275,(04)23288582,2025,6,13,18,3,臺中市,沙鹿區,0,1,0,6,2,6,50,13,8,1,4,4,6,6,4,4,5,4,4,2,9,4,11,1,1,C03,7,15,1,10,2,11,14,82,82,1,12,4,120.561138,24.242524,2
4887,66000,387130000C,(04)23274275,(04)23288582,2025,6,13,18,5,臺中市,烏日區,0,0,0,5,,,60,,,,,,,,,,,,,,13,,,,,B03,,,1,,1,,,40,40,1,6,4,120.646803,24.071539,3
4888,66000,387130000C,(04)23274275,(04)23288582,2025,6,13,18,5,臺中市,后里區,0,1,0,5,2,6,50,13,7,1,4,4,6,6,4,4,4,4,4,1,13,2,9,1,1,C03,7,9,1,10,1,11,,7,7,1,12,4,120.711185,24.310641,2
4889,66000,387130000C,(04)23274275,(04)23288582,2025,6,13,18,6,臺中市,南屯區,0,2,0,5,2,6,50,13,8,1,4,4,6,6,4,4,5,4,4,2,17,3,10,1,1,C03,7,7,1,10,2,13,,40,40,1,6,4,120.616851,24.156791,2
4890,66000,387130000C,(04)23274275,(04)23288582,2025,6,13,18,7,臺中市,大雅區,0,1,0,5,2,6,0,13,9,1,4,4,6,6,4,4,9,5,5,1,17,3,10,3,1,B03,7,13,1,8,2,4,,76,76,1,13,4,120.666295,24.236995,2
4891,66000,387130000C,(04)23274275,(04)23288582,2025,6,13,18,7,臺中市,霧峰區,0,0,0,7,,,50,,,,,,,,,,,,,,14,,,,,B12,,,1,,2,,,51,51,1,12,4,120.709419,24.076088,3
4892,66000,387130000C,(04)23274275,(04)23288582,2025,6,13,18,8,臺中市,大里區,0,1,0,5,2,6,50,13,12,1,4,4,6,6,1,1,5,5,4,1,17,3,10,5,1,F01,7,15,7,21,2,16,,4,4,1,12,4,120.683883,24.111772,2
4893,66000,387130000C,(04)23274275,(04)23288582,2025,6,13,18,10,臺中市,龍井區,0,0,0,5,,,30,,,,,,,,,,,,,,17,,,,,,,,,,,,,119,119,1,,5,120.547166,24.182877,3
4894,66000,387130000C,(04)23274275,(04)23288582,2025,6,13,18,11,臺中市,南屯區,0,0,0,5,,,50,,,,,,,,,,,,,,,,,,,C03,,,1,,1,,,84,84,1,13,4,120.645239,24.153503,3
4895,66000,387130000C,(04)23274275,(04)23288582,2025,6,13,18,12,臺中市,北屯區,0,0,0,5,,3,40,,,,,,,,,,,,,,9,,,,,B03,,,1,8,2,,,40,40,1,12,4,120.669667,24.20095,3
4896,66000,387130000C,(04)23274275,(04)23288582,2025,6,13,18,14,臺中市,東區,0,0,0,5,,,50,,,,,,,,,,,,,,12,,,,,B03,,,1,,2,,,87,87,1,13,4,120.710987,24.144421,3
4897,66000,387130000C,(04)23274275,(04)23288582,2025,6,13,18,18,臺中市,北屯區,0,0,0,5,,,50,,,,,,,,,,,,,,12,,,,,B03,,,1,,1,,,85,85,1,12,4,120.699622,24.16459,3
4898,66000,387130000C,(04)23274275,(04)23288582,2025,6,13,18,20,臺中市,南屯區,0,0,0,5,,,50,,,,,,,,,,,,,,,,,,,B03,,,1,,1,,,49,49,1,6,4,120.652647,24.140309,3
4899,66000,387130000C,(04)23274275,(04)23288582,2025,6,13,18,21,臺中市,西屯區,0,0,0,5,,,60,,,,,,,,,,,,,,,,,,,B03,,,1,,1,,,40,40,1,12,4,120.59745,24.191535,3
4900,66000,387130000C,(04)23274275,(04)23288582,2025,6,13,18,24,臺中市,北區,0,1,0,5,3,6,50,4,2,1,4,4,6,6,1,1,5,4,4,2,17,2,9,5,4,C03,7,1,1,10,2,14,,51,51,1,13,4,120.676407,24.16864,2
4901,66000,387130000C,(04)23274275,(04)23288582,2025,6,13,18,24,臺中市,南區,0,0,0,5,,,50,,,,,,,,,,,,,,13,,,,,B03,,,1,,1,,,7,7,1,6,4,120.666667,24.116812,3
4902,66000,387130000C,(04)23274275,(04)23288582,2025,6,13,18,26,臺中市,西屯區,0,1,0,5,1,6,50,3,1,1,4,4,6,6,4,4,10,5,5,1,16,2,9,2,1,C03,7,11,1,10,2,13,,45,45,1,12,4,120.665848,24.168361,2
4903,66000,387130000C,(04)23274275,(04)23288582,2025,6,13,18,27,臺中市,北屯區,0,0,0,5,,,50,,,,,,,,,,,,,,13,,,,,B03,,,1,,9,,,35,35,2,12,4,120.685283,24.172033,3
4904,66000,387130000C,(04)23274275,(04)23288582,2025,6,13,18,29,臺中市,西屯區,0,1,0,5,1,6,40,13,8,1,4,4,6,6,4,4,1,4,3,2,13,3,10,2,1,C03,7,9,1,10,2,11,,7,7,1,12,4,120.655092,24.159971,2
4905,66000,387130000C,(04)23274275,(04)23288582,2025,6,13,18,29,臺中市,西屯區,0,0,0,5,,,50,,,,,,,,,,,,,,12,,,,,B12,,,1,,1,,,40,40,1,13,4,120.606736,24.193464,3
4906,66000,387130000C,(04)23274275,(04)23288582,2025,6,13,18,30,臺中市,北屯區,0,1,0,5,1,6,40,13,8,1,4,4,6,6,4,4,10,5,5,2,18,2,9,2,1,C03,7,12,1,10,2,16,,82,82,1,6,4,120.721645,24.183825,2
4907,66000,387130000C,(04)23274275,(04)23288582,2025,6,13,18,30,臺中市,大肚區,0,0,0,5,,,40,,,,,,,,,,,,,,,,,,,C03,,,1,,2,,,84,84,1,6,4,120.547389,24.155422,3
4908,66000,387130000C,(04)23274275,(04)23288582,2025,6,13,18,31,臺中市,西屯區,0,0,0,5,,,40,,,,,,,,,,,,,,13,,,,,B03,,,1,,1,,,7,7,1,13,4,120.645191,24.162759,3
4909,66000,387130000C,(04)23274275,(04)23288582,2025,6,13,18,31,臺中市,西屯區,0,1,0,5,1,6,50,13,9,1,4,4,6,6,4,4,10,4,5,2,26,2,9,3,1,B03,7,9,1,8,2,1,,84,84,1,13,4,120.594843,24.194457,2
4910,66000,387130000C,(04)23274275,(04)23288582,2025,6,13,18,36,臺中市,西屯區,0,1,0,5,1,6,50,3,1,1,4,4,6,6,4,4,10,5,5,1,12,3,10,3,1,B03,7,9,5,8,2,5,,39,39,1,12,4,120.639285,24.183026,2
4911,66000,387130000C,(04)23274275,(04)23288582,2025,6,13,18,38,臺中市,沙鹿區,0,0,0,7,,,1,,,,,,,,,,,,,,17,,,,,B12,,,1,,2,,,8,8,1,6,4,120.560878,24.20681,3
4912,66000,387130000C,(04)23274275,(04)23288582,2025,6,13,18,40,臺中市,霧峰區,0,0,0,5,,,50,,,,,,,,,,,,,,17,,,,,C03,,,1,10,2,,,84,84,1,13,4,120.700025,24.077394,3
4913,66000,387130000C,(04)23274275,(04)23288582,2025,6,13,18,43,臺中市,大里區,0,0,0,5,,,50,,,,,,,,,,,,,,12,,,,,B03,,,1,,1,,,77,77,1,12,4,120.690432,24.092344,3
4914,66000,387130000C,(04)23274275,(04)23288582,2025,6,13,18,44,臺中市,沙鹿區,0,0,0,5,,,50,,,,,,,,,,,,,,17,,,,,B03,,,1,,2,,,4,4,1,6,4,120.566583,24.235749,3
4915,66000,387130000C,(04)23274275,(04)23288582,2025,6,13,18,45,臺中市,太平區,0,1,0,5,1,6,50,4,1,1,4,4,6,6,2,1,10,5,5,2,17,2,8,2,1,C03,7,9,1,10,2,12,,84,84,1,12,4,120.713834,24.158994,2
4916,66000,387130000C,(04)23274275,(04)23288582,2025,6,13,18,45,臺中市,清水區,0,1,0,5,3,6,40,13,8,1,4,4,6,6,4,4,1,4,4,2,12,2,9,2,1,F01,7,15,7,21,1,15,,84,84,1,12,4,120.536557,24.272195,2
4917,66000,387130000C,(04)23274275,(04)23288582,2025,6,13,18,46,臺中市,中區,0,0,0,5,,,50,,,,,,,,,,,,,,12,,,,,B03,,,1,,2,,,8,8,1,13,4,120.685721,24.143193,3
4918,66000,387130000C,(04)23274275,(04)23288582,2025,6,13,18,49,臺中市,大里區,0,1,0,5,2,6,50,13,9,1,4,4,6,6,4,4,5,4,5,1,18,2,9,1,1,C03,7,9,1,10,2,11,,87,87,1,12,4,120.687727,24.101144,2
4919,66000,387130000C,(04)23274275,(04)23288582,2025,6,13,18,52,臺中市,大里區,0,2,0,5,1,6,30,13,9,1,4,4,6,6,4,4,10,5,5,2,11,2,9,1,1,C03,7,9,5,19,2,11,,84,84,1,12,4,120.690414,24.118289,2
4920,66000,387130000C,(04)23274275,(04)23288582,2025,6,13,18,54,臺中市,烏日區,0,0,0,7,,,80,,,,,,,,,,,,,,13,,,,,B03,,,1,,2,,,7,7,1,6,4,120.616521,24.107356,3
4921,66000,387130000C,(04)23274275,(04)23288582,2025,6,13,18,55,臺中市,豐原區,0,0,0,5,,,50,,,,,,,,,,,,,,13,,,,,B03,,,1,,2,,,84,84,1,13,4,120.708038,24.250443,3
4922,66000,387130000C,(04)23274275,(04)23288582,2025,6,13,19,3,臺中市,北屯區,0,0,0,5,,3,80,,,,,,,,,,,,,,,,,,,B03,,,1,,2,,,7,7,1,12,4,120.676588,24.200934,3
4923,66000,387130000C,(04)23274275,(04)23288582,2025,6,13,19,5,臺中市,南屯區,0,1,0,5,1,6,50,4,1,1,4,4,6,6,2,1,10,5,5,2,16,3,10,3,1,B03,7,5,1,8,2,2,,11,11,1,12,4,120.637184,24.15155,2
4924,66000,387130000C,(04)23274275,(04)23288582,2025,6,13,19,5,臺中市,沙鹿區,0,0,0,5,,,60,,,,,,,,,,,,,,12,,,,,B03,,,1,,2,,,8,8,1,12,4,120.580966,24.201586,3
4925,66000,387130000C,(04)23274275,(04)23288582,2025,6,13,19,6,臺中市,東區,0,1,0,7,1,6,50,4,1,1,4,4,6,6,2,1,10,5,5,2,17,3,10,3,1,B03,7,6,1,8,2,2,,11,11,1,13,4,120.689069,24.134083,2
4926,66000,387130000C,(04)23274275,(04)23288582,2025,6,13,19,10,臺中市,西屯區,0,0,0,5,,,50,,,,,,,,,,,,,,13,,,,,B03,,,1,,1,,,59,59,1,13,4,120.666796,24.175136,3
4927,66000,387130000C,(04)23274275,(04)23288582,2025,6,13,19,11,臺中市,沙鹿區,0,1,0,5,1,6,30,5,1,1,4,4,6,6,3,1,10,5,5,2,17,2,9,1,1,C03,7,6,1,10,2,12,,24,24,1,12,4,120.564279,24.236543,2
4928,66000,387130000C,(04)23274275,(04)23288582,2025,6,13,19,12,臺中市,西區,0,1,0,7,3,6,50,4,1,1,4,4,6,6,4,4,10,5,5,2,15,2,9,1,1,C03,7,9,1,10,2,12,,15,15,1,13,4,120.661096,24.148861,2
4929,66000,387130000C,(04)23274275,(04)23288582,2025,6,13,19,12,臺中市,北屯區,0,0,0,5,,,50,,,,,,,,,,,,,,17,,,,,B03,,,1,,1,,,14,14,1,12,4,120.671074,24.182708,3
4930,66000,387130000C,(04)23274275,(04)23288582,2025,6,13,19,12,臺中市,太平區,0,0,0,5,,,40,,,,,,,,,,,,,,12,,,,,B03,,,1,,2,,,51,51,1,6,4,120.715287,24.158896,3
4931,66000,387130000C,(04)23274275,(04)23288582,2025,6,13,19,13,臺中市,北區,0,1,0,5,1,6,50,4,7,1,4,4,6,6,2,1,3,4,4,2,18,2,9,1,1,C03,7,12,1,10,2,12,,84,84,1,13,2,120.677477,24.153731,2
4932,66000,387130000C,(04)23274275,(04)23288582,2025,6,13,19,17,臺中市,中區,0,1,0,5,1,6,30,4,1,1,4,4,6,6,4,4,10,5,5,2,15,2,9,1,1,C03,7,9,1,10,2,12,,15,15,1,12,4,120.681104,24.137584,2
4933,66000,387130000C,(04)23274275,(04)23288582,2025,6,13,19,17,臺中市,西屯區,0,0,0,5,,,80,,,,,,,,,,,,,,17,,,,,B03,,,1,,1,,,40,40,1,13,4,120.632719,24.171544,3
4934,66000,387130000C,(04)23274275,(04)23288582,2025,6,13,19,19,臺中市,大雅區,0,1,0,5,1,6,50,5,2,1,4,4,6,6,2,1,1,4,5,1,12,3,10,3,1,A05,7,5,1,2,2,5,,84,84,1,12,4,120.667759,24.215867,2
4935,66000,387130000C,(04)23274275,(04)23288582,2025,6,13,19,24,臺中市,西屯區,0,1,0,5,1,6,50,4,1,1,4,4,6,6,1,1,10,5,5,1,16,3,10,3,1,B03,7,6,1,8,2,8,,48,48,1,12,4,120.65681,24.184602,2
4936,66000,387130000C,(04)23274275,(04)23288582,2025,6,13,19,24,臺中市,霧峰區,0,2,0,5,1,6,50,13,9,1,4,4,6,6,4,4,9,5,5,1,8,2,9,5,4,C03,7,9,1,10,2,11,,84,84,1,13,4,120.707806,24.074029,2
4937,66000,387130000C,(04)23274275,(04)23288582,2025,6,13,19,25,臺中市,西屯區,0,0,0,5,,,50,,,,,,,,,,,,,,,,,,,B03,,,1,,1,,,11,11,1,13,4,120.660864,24.172447,3
4938,66000,387130000C,(04)23274275,(04)23288582,2025,6,13,19,26,臺中市,北屯區,0,0,0,5,,,80,,,,,,,,,,,,,,13,,,,,B03,,,1,,1,,,7,7,1,12,4,120.718981,24.1623,3
4939,66000,387130000C,(04)23274275,(04)23288582,2025,6,13,19,27,臺中市,東區,0,0,0,5,,,50,,,,,,,,,,,,,,12,,,,,B03,,,1,,2,,,40,40,1,13,4,120.685344,24.129724,3
4940,66000,387130000C,(04)23274275,(04)23288582,2025,6,13,19,27,臺中市,大里區,0,0,0,5,,,30,,,,,,,,,,,,,,11,,,,,B03,,,1,,2,,,8,8,1,6,4,120.703075,24.104305,3
4941,66000,387130000C,(04)23274275,(04)23288582,2025,6,13,19,33,臺中市,霧峰區,0,2,0,5,1,6,50,3,1,1,4,4,6,6,4,4,5,5,5,2,16,2,8,1,1,C03,7,6,1,10,2,11,,14,14,1,12,4,120.697017,24.064484,2
4942,66000,387130000C,(04)23274275,(04)23288582,2025,6,13,19,34,臺中市,西屯區,0,0,0,6,,,60,,,,,,,,,,,,,,,,,,,B03,,,1,,1,,,49,49,1,12,4,120.638467,24.168039,3
4943,66000,387130000C,(04)23274275,(04)23288582,2025,6,13,19,35,臺中市,大甲區,0,1,0,5,1,6,50,13,9,1,4,4,6,6,4,4,5,5,5,1,18,2,9,3,1,B03,7,9,1,8,7,1,,53,53,1,12,4,120.663012,24.374647,2
4944,66000,387130000C,(04)23274275,(04)23288582,2025,6,13,19,38,臺中市,北屯區,0,1,0,5,2,6,50,4,1,1,4,4,6,6,2,1,10,5,5,2,12,2,8,1,1,C03,7,9,1,10,2,11,,7,7,1,12,4,120.696122,24.167847,2
4945,66000,387130000C,(04)23274275,(04)23288582,2025,6,13,19,39,臺中市,太平區,0,0,0,5,,,80,,,,,,,,,,,,,,13,,,,,B03,,,1,,2,,,7,7,1,6,4,120.717367,24.157693,3
4946,66000,387130000C,(04)23274275,(04)23288582,2025,6,13,19,43,臺中市,烏日區,0,0,0,7,,,50,,,,,,,,,,,,,,13,,,,,B03,,,1,,2,,,7,7,1,6,4,120.618815,24.115264,3
4947,66000,387130000C,(04)23274275,(04)23288582,2025,6,13,19,46,臺中市,豐原區,0,1,0,5,1,6,50,4,1,1,4,4,6,6,2,1,5,4,4,2,17,3,10,5,4,B03,7,6,1,8,2,2,,11,11,1,12,4,120.712658,24.250852,2
4948,66000,387130000C,(04)23274275,(04)23288582,2025,6,13,19,47,臺中市,龍井區,0,0,0,6,,,50,,,,,,,,,,,,,,13,,,,,B03,,,1,,1,,,7,7,1,12,4,120.584117,24.181516,3