序號,縣市別代碼,機關代碼,市話,傳真,年,月,日,時,分,縣市,區,死亡數量,受傷數量,2-30,天候,道路照明設備,道路類別,道路速限,道路型態,事故位置,路面鋪裝,路面狀態,路面缺陷,障礙物,視距,號誌種類,號誌動作,分向設施,快車道或一般車道間,快慢車道間,路面邊線,事故類型及型態,受傷程度,主要傷處,保護裝備,行動電話或功能裝置,當事者區分(類別),車輛用途,當事者行動狀態,駕照狀態,駕照種類,飲酒情形,車輛撞擊部位最初,車輛撞擊部位其他,肇事因素個別,肇事因素主要,肇事逃逸,職業,共享經濟或外送平台,GPS座標X,GPS座標Y,事故類別
5173,66000,387130000C,(04)23274275,(04)23288582,2025,6,14,14,15,臺中市,北區,0,0,0,7,,,50,,,,,,,,,,,,,,12,,,,,B03,,,1,,2,,,84,84,1,12,4,120.674211,24.163313,3
5174,66000,387130000C,(04)23274275,(04)23288582,2025,6,14,14,17,臺中市,南屯區,0,0,0,7,,,50,,,,,,,,,,,,,,17,,,,,B13,,,1,,2,,,73,73,1,13,4,120.64647,24.15459,3
5175,66000,387130000C,(04)23274275,(04)23288582,2025,6,14,14,23,臺中市,沙鹿區,0,0,0,7,,,50,,,,,,,,,,,,,,17,,,,,B03,,,1,,2,,,59,59,1,6,4,120.570084,24.198031,3
5176,66000,387130000C,(04)23274275,(04)23288582,2025,6,14,14,30,臺中市,南屯區,0,0,0,7,,,50,,,,,,,,,,,,,,,,,,,B03,,,1,,1,,,59,59,1,6,4,120.650647,24.148829,3
5177,66000,387130000C,(04)23274275,(04)23288582,2025,6,14,14,30,臺中市,太平區,0,0,0,6,,,30,,,,,,,,,,,,,,,,,,,B12,,,1,,2,,,58,58,1,12,4,120.723901,24.153092,3
5178,66000,387130000C,(04)23274275,(04)23288582,2025,6,14,14,36,臺中市,龍井區,0,0,0,7,,,30,,,,,,,,,,,,,,11,,,,,B03,,,1,,1,,,8,8,1,6,4,120.575786,24.183149,3
5179,66000,387130000C,(04)23274275,(04)23288582,2025,6,14,14,38,臺中市,南屯區,0,0,0,7,,,50,,,,,,,,,,,,,,,,,,,B03,,,1,,1,,,8,8,1,12,4,120.649546,24.142697,3
5180,66000,387130000C,(04)23274275,(04)23288582,2025,6,14,14,38,臺中市,大甲區,0,0,0,7,,,50,,,,,,,,,,,,,,13,,,,,B03,,,1,,1,,,84,84,1,6,4,120.633497,24.345041,3
5181,66000,387130000C,(04)23274275,(04)23288582,2025,6,14,14,40,臺中市,南屯區,0,0,0,7,,,50,,,,,,,,,,,,,,13,,,,,C03,,,1,,1,,,58,58,1,5,4,120.623115,24.14989,3
5182,66000,387130000C,(04)23274275,(04)23288582,2025,6,14,14,42,臺中市,西屯區,0,1,0,7,2,6,50,13,9,1,5,4,6,6,4,4,1,4,5,2,12,3,10,3,4,B03,7,7,1,8,2,5,,40,40,1,12,4,120.65019,24.163724,2
5183,66000,387130000C,(04)23274275,(04)23288582,2025,6,14,14,46,臺中市,北區,0,1,0,7,2,6,40,4,1,1,5,4,6,6,1,1,1,4,4,2,16,2,9,1,1,C03,7,9,1,10,2,11,,21,21,1,12,4,120.694253,24.161269,2
5184,66000,387130000C,(04)23274275,(04)23288582,2025,6,14,14,48,臺中市,大雅區,0,0,0,7,,,50,,,,,,,,,,,,,,9,,,,,B03,,,1,,9,,,8,8,1,13,4,120.644536,24.221136,3
5185,66000,387130000C,(04)23274275,(04)23288582,2025,6,14,14,50,臺中市,大雅區,0,0,0,7,,,30,,,,,,,,,,,,,,,,,,,E03,,,1,,2,,,84,84,1,12,4,120.647566,24.22126,3
5186,66000,387130000C,(04)23274275,(04)23288582,2025,6,14,14,54,臺中市,西屯區,0,0,0,7,,,50,,,,,,,,,,,,,,12,,,,,C03,,,1,,1,,,59,59,1,13,4,120.647894,24.174161,3
5187,66000,387130000C,(04)23274275,(04)23288582,2025,6,14,14,55,臺中市,沙鹿區,0,1,0,7,3,6,50,5,1,1,5,4,6,6,1,1,1,4,4,2,17,2,9,1,1,C03,7,11,1,10,2,12,,36,36,1,13,4,120.558681,24.233563,2
5188,66000,387130000C,(04)23274275,(04)23288582,2025,6,14,14,56,臺中市,西區,0,0,0,7,,,50,,,,,,,,,,,,,,,,,,,B03,,,1,,1,,,84,84,1,12,4,120.670492,24.153412,3
5189,66000,387130000C,(04)23274275,(04)23288582,2025,6,14,14,57,臺中市,西屯區,0,0,0,7,,,50,,,,,,,,,,,,,,14,,,,,B03,,,1,,2,,,49,49,1,13,4,120.609717,24.18832,3
5190,66000,387130000C,(04)23274275,(04)23288582,2025,6,14,14,58,臺中市,霧峰區,0,1,0,7,2,6,50,13,9,1,5,4,6,6,4,4,5,5,5,1,13,3,10,3,1,B03,7,9,5,19,2,1,,7,7,1,12,4,120.698623,24.043263,2
5191,66000,387130000C,(04)23274275,(04)23288582,2025,6,14,15,6,臺中市,西屯區,0,0,0,6,,,40,,,,,,,,,,,,,,17,,,,,B03,,,1,,2,,,50,50,1,12,4,120.635804,24.168699,3
5192,66000,387130000C,(04)23274275,(04)23288582,2025,6,14,15,7,臺中市,北屯區,0,1,0,7,1,6,50,4,1,1,5,4,6,6,4,4,10,5,5,2,15,3,10,5,4,C03,7,9,1,9,1,11,,15,15,1,13,4,120.70286,24.168944,2
5193,66000,387130000C,(04)23274275,(04)23288582,2025,6,14,15,8,臺中市,烏日區,0,0,0,7,,,50,,,,,,,,,,,,,,13,,,,,C03,,,1,,2,,,84,84,1,6,4,120.610676,24.113578,3
5194,66000,387130000C,(04)23274275,(04)23288582,2025,6,14,15,12,臺中市,潭子區,0,0,0,6,,,50,,,,,,,,,,,,,,,,,,,B03,,,1,,2,,,48,48,1,13,4,120.709422,24.200329,3
5195,66000,387130000C,(04)23274275,(04)23288582,2025,6,14,15,12,臺中市,后里區,0,0,0,7,,,50,,,,,,,,,,,,,,,,,,,B03,,,1,,2,,,15,15,1,6,4,120.681,24.305401,3
5196,66000,387130000C,(04)23274275,(04)23288582,2025,6,14,15,13,臺中市,南區,0,0,0,7,,,50,,,,,,,,,,,,,,17,,,,,B12,,,1,,2,,,51,51,1,12,4,120.674002,24.124593,3
5197,66000,387130000C,(04)23274275,(04)23288582,2025,6,14,15,17,臺中市,東區,0,0,0,7,,,50,,,,,,,,,,,,,,16,,,,,F01,,,7,,1,,,48,48,1,2,4,120.706049,24.144484,3
5198,66000,387130000C,(04)23274275,(04)23288582,2025,6,14,15,20,臺中市,北屯區,0,0,0,7,,,50,,,,,,,,,,,,,,10,,,,,C03,,,1,,1,,,41,41,1,12,4,120.742449,24.191943,3
5199,66000,387130000C,(04)23274275,(04)23288582,2025,6,14,15,21,臺中市,北區,0,0,0,7,,,50,,,,,,,,,,,,,,,,,,,B03,,,1,,1,,,84,84,1,13,4,120.674616,24.162533,3
5200,66000,387130000C,(04)23274275,(04)23288582,2025,6,14,15,24,臺中市,北區,0,0,0,7,,,40,,,,,,,,,,,,,,,,,,,B03,,,1,,1,,,49,49,1,12,4,120.682492,24.14517,3
5201,66000,387130000C,(04)23274275,(04)23288582,2025,6,14,15,27,臺中市,南屯區,0,1,0,7,3,6,50,4,1,1,5,4,6,6,2,1,10,5,5,2,15,2,7,5,4,C03,7,9,1,10,2,11,,21,21,1,6,4,120.648253,24.129518,2
5202,66000,387130000C,(04)23274275,(04)23288582,2025,6,14,15,29,臺中市,梧棲區,0,0,0,7,,,40,,,,,,,,,,,,,,13,,,,,B12,,,1,,1,,,7,7,1,6,4,120.534589,24.250407,3
5203,66000,387130000C,(04)23274275,(04)23288582,2025,6,14,15,33,臺中市,北區,0,1,0,7,2,6,50,4,1,1,5,4,6,6,4,4,5,5,5,2,15,2,9,1,1,C03,7,9,1,10,2,11,,15,15,1,12,4,120.678817,24.158193,2
5204,66000,387130000C,(04)23274275,(04)23288582,2025,6,14,15,37,臺中市,后里區,0,0,0,7,,,50,,,,,,,,,,,,,,,,,,,B03,,,1,,2,,,51,51,1,6,4,120.712815,24.310445,3
5205,66000,387130000C,(04)23274275,(04)23288582,2025,6,14,15,38,臺中市,北區,0,0,0,7,,,50,,,,,,,,,,,,,,,,,,,B03,,,1,,2,,,87,87,1,13,4,120.674112,24.155734,3
5206,66000,387130000C,(04)23274275,(04)23288582,2025,6,14,15,41,臺中市,霧峰區,0,0,0,7,,,50,,,,,,,,,,,,,,17,,,,,B03,,,1,8,2,,,85,85,1,13,4,120.70234,24.070838,3
5207,66000,387130000C,(04)23274275,(04)23288582,2025,6,14,15,50,臺中市,西屯區,0,1,0,7,2,6,40,3,1,1,5,4,6,6,4,4,10,5,5,2,13,2,9,1,1,C03,7,9,1,10,2,11,,7,7,1,13,4,120.647016,24.170606,2
5208,66000,387130000C,(04)23274275,(04)23288582,2025,6,14,15,53,臺中市,北屯區,0,1,0,7,3,6,40,13,8,1,5,4,6,6,4,4,1,4,1,2,17,2,1,3,1,B02,7,9,4,8,6,5,,53,53,1,12,4,120.730161,24.161093,2
5209,66000,387130000C,(04)23274275,(04)23288582,2025,6,14,15,56,臺中市,神岡區,0,0,0,7,,,50,,,,,,,,,,,,,,30,,,,,A11,,,1,,2,,,59,59,1,13,4,120.65873,24.256543,3
5210,66000,387130000C,(04)23274275,(04)23288582,2025,6,14,16,5,臺中市,西區,0,0,0,7,,,50,,,,,,,,,,,,,,,,,,,B03,,,1,,1,,,84,84,1,12,4,120.665275,24.147883,3
5211,66000,387130000C,(04)23274275,(04)23288582,2025,6,14,16,6,臺中市,神岡區,0,0,0,7,,,60,,,,,,,,,,,,,,12,,,,,B03,,,1,,2,,,84,84,1,13,4,120.692608,24.248189,3
5212,66000,387130000C,(04)23274275,(04)23288582,2025,6,14,16,10,臺中市,北區,0,0,0,5,2,6,50,13,9,1,4,4,6,6,4,4,5,4,5,2,17,,,,,B03,,,1,,1,,,50,50,1,12,4,120.675208,24.146,3
5213,66000,387130000C,(04)23274275,(04)23288582,2025,6,14,16,12,臺中市,大里區,0,0,0,7,,,50,,,,,,,,,,,,,,,,,,,B03,,,1,,2,,,1,1,1,12,4,120.699534,24.096373,3
5214,66000,387130000C,(04)23274275,(04)23288582,2025,6,14,16,16,臺中市,太平區,0,2,0,6,2,6,50,4,4,1,5,4,6,6,1,1,5,4,5,2,13,2,9,1,1,C03,7,9,1,10,2,11,,7,7,1,12,4,120.701848,24.153605,2
5215,66000,387130000C,(04)23274275,(04)23288582,2025,6,14,16,24,臺中市,大里區,0,1,0,7,2,6,50,4,1,1,5,4,6,6,1,1,10,5,5,2,17,3,10,5,4,B03,7,5,1,8,2,2,,87,87,1,13,4,120.715726,24.099169,2
5216,66000,387130000C,(04)23274275,(04)23288582,2025,6,14,16,24,臺中市,豐原區,0,1,0,7,2,6,50,13,8,1,5,4,6,6,1,1,1,4,4,1,17,3,10,5,4,B03,7,7,1,8,2,5,,59,59,1,12,4,120.742555,24.263713,2
5217,66000,387130000C,(04)23274275,(04)23288582,2025,6,14,16,26,臺中市,豐原區,0,0,0,7,,,50,,,,,,,,,,,,,,17,,,,,B03,,,1,,2,,,84,84,1,13,4,120.713301,24.254337,3
5218,66000,387130000C,(04)23274275,(04)23288582,2025,6,14,16,29,臺中市,沙鹿區,0,1,0,7,2,6,40,3,1,1,5,4,6,6,1,1,3,3,3,2,17,2,9,1,1,C03,7,9,1,10,2,11,,7,7,1,13,4,120.574615,24.228355,2
5219,66000,387130000C,(04)23274275,(04)23288582,2025,6,14,16,30,臺中市,豐原區,0,0,0,7,,,50,,,,,,,,,,,,,,13,,,,,B13,,,1,,2,,,59,59,1,13,4,120.749853,24.268327,3
5220,66000,387130000C,(04)23274275,(04)23288582,2025,6,14,16,31,臺中市,西屯區,0,1,0,7,2,6,40,4,1,1,5,4,6,6,1,1,10,5,5,2,12,3,10,3,4,B03,7,5,1,8,2,2,,20,20,1,13,4,120.624293,24.178419,2
5221,66000,387130000C,(04)23274275,(04)23288582,2025,6,14,16,32,臺中市,北屯區,0,0,0,7,,,50,,,,,,,,,,,,,,12,,,,,B03,,,1,,1,,,40,40,1,6,4,120.724333,24.161911,3
5222,66000,387130000C,(04)23274275,(04)23288582,2025,6,14,16,34,臺中市,南區,0,0,0,7,,,50,,,,,,,,,,,,,,17,,,,,C03,,,1,,1,,,49,49,1,5,4,120.679492,24.120829,3
5223,66000,387130000C,(04)23274275,(04)23288582,2025,6,14,16,35,臺中市,北區,0,2,0,7,2,6,50,4,1,1,5,4,6,6,1,1,5,5,5,2,17,2,9,2,1,C03,7,6,1,10,2,12,,11,11,1,12,4,120.677601,24.159187,2
5224,66000,387130000C,(04)23274275,(04)23288582,2025,6,14,16,36,臺中市,新社區,0,0,0,7,,,30,,,,,,,,,,,,,,,,,,,C01,,,1,,2,,,41,41,1,12,4,120.770808,24.237459,3
5225,66000,387130000C,(04)23274275,(04)23288582,2025,6,14,16,37,臺中市,大雅區,0,2,0,7,1,6,50,4,1,1,5,4,6,6,1,1,10,5,5,2,16,2,9,2,1,C03,7,6,1,10,2,11,,11,11,1,12,4,120.648289,24.226613,2
5226,66000,387130000C,(04)23274275,(04)23288582,2025,6,14,16,38,臺中市,西區,0,0,0,7,,,50,,,,,,,,,,,,,,,,,,,B03,,,1,,1,,,84,84,1,13,4,120.666792,24.141224,3
5227,66000,387130000C,(04)23274275,(04)23288582,2025,6,14,16,41,臺中市,霧峰區,0,1,0,7,2,6,50,4,1,1,5,4,6,6,4,4,10,5,5,2,17,3,10,3,1,B03,7,14,1,8,2,4,,76,76,1,12,4,120.698357,24.062445,2
5228,66000,387130000C,(04)23274275,(04)23288582,2025,6,14,16,42,臺中市,外埔區,0,0,0,7,2,6,30,13,9,1,5,4,6,6,4,4,10,5,5,2,14,3,10,3,1,B03,7,2,1,8,2,7,,49,49,1,12,4,120.621638,24.321046,3
5229,66000,387130000C,(04)23274275,(04)23288582,2025,6,14,16,45,臺中市,潭子區,0,1,0,7,2,8,20,13,13,1,5,4,6,6,4,4,10,5,5,1,2,3,10,6,1,F01,7,9,7,21,2,11,,84,84,1,12,4,120.706542,24.219898,2
5230,66000,387130000C,(04)23274275,(04)23288582,2025,6,14,16,47,臺中市,北屯區,0,2,0,7,1,6,50,4,1,1,5,4,6,6,2,1,10,5,5,2,17,3,10,5,4,B03,7,5,1,8,2,5,,11,11,1,13,4,120.671321,24.193079,2
5231,66000,387130000C,(04)23274275,(04)23288582,2025,6,14,16,48,臺中市,潭子區,0,1,0,6,3,6,60,13,14,1,5,4,6,6,4,4,1,4,4,1,17,2,9,2,1,C03,7,9,1,10,2,12,,84,84,1,13,4,120.706366,24.219466,2
5232,66000,387130000C,(04)23274275,(04)23288582,2025,6,14,16,48,臺中市,南屯區,0,0,0,7,,,50,,,,,,,,,,,,,,,,,,,B03,,,1,,1,,,50,50,1,12,4,120.654575,24.140311,3
5233,66000,387130000C,(04)23274275,(04)23288582,2025,6,14,16,50,臺中市,東區,0,0,0,7,,,50,,,,,,,,,,,,,,12,,,,,B03,,,1,,1,,,76,76,1,12,4,120.694166,24.134788,3
5234,66000,387130000C,(04)23274275,(04)23288582,2025,6,14,16,51,臺中市,西屯區,0,1,0,7,2,6,50,4,1,1,5,4,6,6,4,4,10,5,5,2,16,3,10,5,1,B02,7,9,1,8,2,2,,4,4,1,12,4,120.646517,24.167576,2
5235,66000,387130000C,(04)23274275,(04)23288582,2025,6,14,16,52,臺中市,南屯區,0,0,0,7,,,50,,,,,,,,,,,,,,16,,,,,B03,,,1,,2,,,20,20,1,13,4,120.630787,24.144785,3
5236,66000,387130000C,(04)23274275,(04)23288582,2025,6,14,16,53,臺中市,沙鹿區,0,1,0,7,2,6,40,13,8,1,5,4,6,6,4,4,1,5,5,2,18,2,9,4,1,F01,7,9,7,21,2,14,,59,59,1,6,1,120.581048,24.201336,2
5237,66000,387130000C,(04)23274275,(04)23288582,2025,6,14,16,54,臺中市,豐原區,0,3,0,7,2,6,30,13,9,4,5,4,6,6,4,4,10,5,5,2,11,4,11,1,1,C03,7,9,3,19,9,14,,8,8,1,13,4,120.738231,24.266363,2
5238,66000,387130000C,(04)23274275,(04)23288582,2025,6,14,17,0,臺中市,西區,0,0,0,7,,,50,,,,,,,,,,,,,,,,,,,B03,,,1,,2,,,14,14,1,12,4,120.66097,24.154839,3
5239,66000,387130000C,(04)23274275,(04)23288582,2025,6,14,17,2,臺中市,北屯區,0,1,0,7,2,6,40,5,1,1,5,4,6,6,1,1,10,5,5,2,16,3,10,5,4,C03,7,5,1,10,2,12,,47,47,1,12,4,120.690629,24.172802,2
5240,66000,387130000C,(04)23274275,(04)23288582,2025,6,14,17,7,臺中市,霧峰區,0,1,0,7,2,6,30,3,1,1,5,4,6,6,4,4,10,5,5,2,17,2,7,5,4,C03,7,6,3,19,9,11,,84,84,1,13,4,120.673542,24.07599,2
5241,66000,387130000C,(04)23274275,(04)23288582,2025,6,14,17,10,臺中市,大里區,0,0,0,7,,,50,,,,,,,,,,,,,,,,,,,,,,,,,,,86,86,1,,,120.690366,24.084438,3
5242,66000,387130000C,(04)23274275,(04)23288582,2025,6,14,17,16,臺中市,東區,0,1,0,7,2,6,50,4,2,1,5,4,6,6,1,1,9,4,5,2,17,3,10,3,1,B03,7,5,1,8,1,5,,47,47,1,12,4,120.688521,24.139731,2
5243,66000,387130000C,(04)23274275,(04)23288582,2025,6,14,17,19,臺中市,東勢區,0,0,0,7,,,50,,,,,,,,,,,,,,,,,,,B12,,,1,,1,,,87,87,1,12,4,120.76949,24.315338,3
5244,66000,387130000C,(04)23274275,(04)23288582,2025,6,14,17,20,臺中市,北屯區,0,2,0,7,2,6,50,3,2,1,5,4,6,6,4,4,10,5,5,2,16,3,10,3,1,B03,7,5,1,8,2,1,,12,12,1,12,4,120.686935,24.18825,2
5245,66000,387130000C,(04)23274275,(04)23288582,2025,6,14,17,23,臺中市,南區,0,0,0,7,,,50,,,,,,,,,,,,,,12,,,,,B03,,,1,,2,,,40,40,1,13,4,120.65094,24.120247,3
5246,66000,387130000C,(04)23274275,(04)23288582,2025,6,14,17,24,臺中市,大里區,0,0,0,7,,,80,,,,,,,,,,,,,,13,,,,,B12,,,1,,2,,,7,7,1,6,4,120.684096,24.076017,3
5247,66000,387130000C,(04)23274275,(04)23288582,2025,6,14,17,25,臺中市,東區,0,1,0,7,2,6,50,3,2,1,5,4,6,6,1,1,5,5,5,2,13,2,8,1,1,C03,7,9,1,10,1,11,,59,59,1,12,4,120.695023,24.134822,2
5248,66000,387130000C,(04)23274275,(04)23288582,2025,6,14,17,25,臺中市,北屯區,0,1,0,7,3,6,40,13,8,1,5,4,6,6,4,4,1,4,4,2,13,2,8,1,1,C03,7,9,1,10,2,11,,7,7,1,12,4,120.666641,24.180788,2
5249,66000,387130000C,(04)23274275,(04)23288582,2025,6,14,17,25,臺中市,大里區,0,0,0,7,,,50,,,,,,,,,,,,,,17,,,,,B03,,,1,,2,,,84,84,1,6,4,120.671702,24.105487,3
5250,66000,387130000C,(04)23274275,(04)23288582,2025,6,14,17,25,臺中市,神岡區,0,0,0,7,,,50,,,,,,,,,,,,,,2,,,,,B03,,,1,,1,,,59,59,1,12,4,120.697553,24.279442,3
5251,66000,387130000C,(04)23274275,(04)23288582,2025,6,14,17,27,臺中市,西區,0,1,0,7,2,6,40,5,1,1,5,4,6,6,1,1,10,5,5,2,17,2,2,1,1,C03,7,9,1,10,2,11,,7,7,1,12,4,120.668626,24.132086,2
5252,66000,387130000C,(04)23274275,(04)23288582,2025,6,14,17,27,臺中市,北屯區,0,1,0,7,2,6,50,4,1,1,5,4,6,6,1,1,10,5,5,2,17,3,10,3,1,B03,7,6,1,8,2,2,,11,11,1,12,4,120.706947,24.189144,2
5253,66000,387130000C,(04)23274275,(04)23288582,2025,6,14,17,29,臺中市,梧棲區,0,1,0,7,3,6,70,3,1,1,5,4,6,6,4,4,10,5,5,2,16,3,10,3,1,B03,7,5,1,8,2,2,,20,20,1,6,4,120.550417,24.240722,2
5254,66000,387130000C,(04)23274275,(04)23288582,2025,6,14,17,30,臺中市,豐原區,0,1,0,7,2,6,30,13,9,1,5,4,3,6,4,4,10,5,5,2,1,3,10,5,4,B03,7,9,1,8,2,2,,59,59,1,13,4,120.725956,24.261641,2
5255,66000,387130000C,(04)23274275,(04)23288582,2025,6,14,17,33,臺中市,中區,0,0,0,7,,,50,,,,,,,,,,,,,,,,,,,B03,,,1,,1,,,84,84,1,12,4,120.682075,24.136437,3
5256,66000,387130000C,(04)23274275,(04)23288582,2025,6,14,17,33,臺中市,外埔區,0,0,0,7,,,50,,,,,,,,,,,,,,,,,,,B03,,,1,,2,,,7,7,1,6,4,120.638796,24.341832,3
5257,66000,387130000C,(04)23274275,(04)23288582,2025,6,14,17,38,臺中市,豐原區,0,1,0,7,2,6,50,3,1,1,5,4,6,6,4,4,5,4,4,2,17,2,9,2,1,C03,7,6,1,10,2,11,,84,84,1,12,4,120.719286,24.253478,2
5258,66000,387130000C,(04)23274275,(04)23288582,2025,6,14,17,40,臺中市,南屯區,0,1,0,7,1,6,50,13,9,1,5,4,6,6,4,4,5,5,5,2,17,2,3,1,1,C03,7,15,1,10,2,12,,39,39,1,6,4,120.633327,24.152627,2
5259,66000,387130000C,(04)23274275,(04)23288582,2025,6,14,17,46,臺中市,西區,0,0,0,5,,,50,,,,,,,,,,,,,,,,,,,B01,,,1,,11,,,84,84,1,12,4,120.664529,24.156024,3
5260,66000,387130000C,(04)23274275,(04)23288582,2025,6,14,17,46,臺中市,東區,0,0,0,7,,,30,,,,,,,,,,,,,,17,,,,,B02,,,1,,2,,,59,59,1,12,4,120.696239,24.147958,3
5261,66000,387130000C,(04)23274275,(04)23288582,2025,6,14,17,47,臺中市,南區,0,0,0,7,,,50,,,,,,,,,,,,,,13,,,,,C03,,,1,,1,,,7,7,1,6,4,120.651303,24.115133,3
5262,66000,387130000C,(04)23274275,(04)23288582,2025,6,14,17,51,臺中市,梧棲區,0,0,0,7,,,50,,,,,,,,,,,,,,16,,,,,C03,,,1,,1,,,40,40,1,6,4,120.533254,24.263887,3
5263,66000,387130000C,(04)23274275,(04)23288582,2025,6,14,17,52,臺中市,西屯區,0,0,0,7,,,50,,,,,,,,,,,,,,14,,,,,B13,,,1,,2,,,8,8,1,12,4,120.595186,24.16529,3
5264,66000,387130000C,(04)23274275,(04)23288582,2025,6,14,17,54,臺中市,北區,0,1,0,7,2,6,50,4,19,1,5,4,6,6,1,1,1,4,5,2,9,3,10,3,1,B12,7,6,1,8,2,4,,10,10,1,12,4,120.676524,24.163238,2
5265,66000,387130000C,(04)23274275,(04)23288582,2025,6,14,17,58,臺中市,北區,0,1,0,7,3,6,50,4,2,1,5,4,6,6,1,1,5,2,5,2,12,3,10,5,4,B12,7,9,1,7,2,2,,84,84,1,13,4,120.682788,24.146225,2
5266,66000,387130000C,(04)23274275,(04)23288582,2025,6,14,18,1,臺中市,太平區,0,0,0,7,,,50,,,,,,,,,,,,,,13,,,,,F03,,,1,,2,,,84,84,1,12,4,120.713045,24.125552,3
5267,66000,387130000C,(04)23274275,(04)23288582,2025,6,14,18,4,臺中市,沙鹿區,0,1,0,7,2,6,30,3,1,1,5,4,6,2,4,4,10,5,5,2,16,3,10,3,1,B03,7,6,1,8,2,1,,12,12,1,12,4,120.560724,24.246291,2
5268,66000,387130000C,(04)23274275,(04)23288582,2025,6,14,18,5,臺中市,西屯區,0,0,0,7,,,50,,,,,,,,,,,,,,13,,,,,B03,,,1,,1,,,59,59,1,13,4,120.64296,24.169841,3
5269,66000,387130000C,(04)23274275,(04)23288582,2025,6,14,18,16,臺中市,大甲區,0,1,0,7,3,6,50,4,1,1,5,4,6,6,1,1,5,5,5,1,16,3,10,3,1,B03,7,6,1,8,2,16,,11,11,1,10,4,120.620464,24.34815,2
5270,66000,387130000C,(04)23274275,(04)23288582,2025,6,14,18,18,臺中市,東區,0,3,0,7,2,6,50,4,1,1,5,4,6,6,1,1,9,4,4,2,17,2,3,1,1,C03,7,11,1,10,2,16,,39,39,1,12,4,120.701623,24.138767,2
5271,66000,387130000C,(04)23274275,(04)23288582,2025,6,14,18,20,臺中市,南區,0,0,0,7,,,50,,,,,,,,,,,,,,12,,,,,B03,,,1,,1,,,40,40,1,13,4,120.6575,24.129812,3
5272,66000,387130000C,(04)23274275,(04)23288582,2025,6,14,18,21,臺中市,北屯區,0,0,0,7,,,50,,,,,,,,,,,,,,16,,,,,C03,,,1,,1,,,11,11,1,6,4,120.722559,24.161416,4
5273,66000,387130000C,(04)23274275,(04)23288582,2025,6,14,18,23,臺中市,南區,0,0,0,7,,,30,,,,,,,,,,,,,,17,,,,,,,,,,,,,86,86,1,,,120.682638,24.130642,3
5274,66000,387130000C,(04)23274275,(04)23288582,2025,6,14,18,24,臺中市,豐原區,0,1,0,7,2,6,30,13,9,1,5,4,6,6,4,4,10,5,5,1,17,3,10,3,1,B03,7,1,1,8,2,8,,51,51,1,13,4,120.725143,24.269735,2
5275,66000,387130000C,(04)23274275,(04)23288582,2025,6,14,18,25,臺中市,沙鹿區,0,1,0,7,1,6,50,4,1,1,5,4,6,6,1,1,10,5,5,2,16,3,10,3,1,B03,7,5,1,8,2,2,,47,47,1,6,4,120.563713,24.206393,2
5276,66000,387130000C,(04)23274275,(04)23288582,2025,6,14,18,26,臺中市,中區,0,2,0,7,2,6,30,4,1,1,5,4,6,6,4,4,10,5,5,2,15,2,9,2,1,C03,7,9,1,10,2,12,,15,15,1,13,4,120.681046,24.137549,2
5277,66000,387130000C,(04)23274275,(04)23288582,2025,6,14,18,28,臺中市,大甲區,0,0,0,7,,,50,,,,,,,,,,,,,,,,,,,B03,,,1,,1,,,51,51,1,6,4,120.625795,24.346644,3
5278,66000,387130000C,(04)23274275,(04)23288582,2025,6,14,18,32,臺中市,霧峰區,0,1,0,7,2,6,40,13,17,1,5,4,6,6,4,4,10,5,5,1,17,3,10,5,4,B12,7,9,1,8,2,5,,84,84,1,13,4,120.664004,24.07526,2
5279,66000,387130000C,(04)23274275,(04)23288582,2025,6,14,18,37,臺中市,南區,0,1,0,7,2,6,50,4,1,1,5,4,6,6,2,1,10,5,5,2,16,3,10,3,1,B03,7,6,1,8,2,1,,11,11,1,6,4,120.653899,24.122333,2
5280,66000,387130000C,(04)23274275,(04)23288582,2025,6,14,18,43,臺中市,西屯區,0,0,0,6,,,50,,,,,,,,,,,,,,,,,,,B02,,,1,,2,,,7,7,1,13,4,120.661208,24.16379,4
5281,66000,387130000C,(04)23274275,(04)23288582,2025,6,14,18,55,臺中市,東區,0,0,0,7,,,50,,,,,,,,,,,,,,17,,,,,B03,,,1,,1,,,40,40,1,12,4,120.683726,24.134986,3
5282,66000,387130000C,(04)23274275,(04)23288582,2025,6,14,18,56,臺中市,烏日區,0,1,0,7,1,6,30,13,9,1,5,4,6,6,4,4,10,5,5,2,10,2,9,2,1,F03,7,9,7,21,5,11,,53,53,1,6,4,120.642803,24.087653,2
5283,66000,387130000C,(04)23274275,(04)23288582,2025,6,14,19,0,臺中市,沙鹿區,0,1,0,7,1,6,50,13,9,1,5,4,6,6,4,4,9,5,5,2,17,3,10,2,1,C03,7,1,3,19,2,14,,51,51,1,6,4,120.577811,24.222366,2
5284,66000,387130000C,(04)23274275,(04)23288582,2025,6,14,19,5,臺中市,沙鹿區,0,0,0,7,,,40,,,,,,,,,,,,,,17,,,,,B03,,,1,,1,,,50,50,1,6,4,120.566825,24.229907,3
5285,66000,387130000C,(04)23274275,(04)23288582,2025,6,14,19,9,臺中市,西屯區,0,2,0,7,1,6,50,4,1,1,5,4,6,6,2,1,10,5,5,2,3,2,8,1,1,C03,7,9,1,10,2,12,14,10,10,1,12,4,120.647894,24.174161,2