序號,縣市別代碼,機關代碼,市話,傳真,年,月,日,時,分,縣市,區,死亡數量,受傷數量,2-30,天候,道路照明設備,道路類別,道路速限,道路型態,事故位置,路面鋪裝,路面狀態,路面缺陷,障礙物,視距,號誌種類,號誌動作,分向設施,快車道或一般車道間,快慢車道間,路面邊線,事故類型及型態,受傷程度,主要傷處,保護裝備,行動電話或功能裝置,當事者區分(類別),車輛用途,當事者行動狀態,駕照狀態,駕照種類,飲酒情形,車輛撞擊部位最初,車輛撞擊部位其他,肇事因素個別,肇事因素主要,肇事逃逸,職業,共享經濟或外送平台,GPS座標X,GPS座標Y,事故類別
5286,66000,387130000C,(04)23274275,(04)23288582,2025,6,14,19,18,臺中市,豐原區,0,0,0,7,,,50,,,,,,,,,,,,,,14,,,,,A11,,,1,,2,,,49,49,1,12,4,120.72091,24.253632,3
5287,66000,387130000C,(04)23274275,(04)23288582,2025,6,14,19,20,臺中市,豐原區,0,1,0,7,1,6,30,13,9,1,5,4,6,6,4,4,10,5,5,1,16,3,10,5,4,B03,7,5,1,8,2,2,,84,84,1,13,4,120.720993,24.227796,2
5288,66000,387130000C,(04)23274275,(04)23288582,2025,6,14,19,21,臺中市,北屯區,0,0,0,7,,,30,,,,,,,,,,,,,,,,,,,B03,,,1,,1,,,49,49,1,13,4,120.701875,24.168187,3
5289,66000,387130000C,(04)23274275,(04)23288582,2025,6,14,19,28,臺中市,南區,0,0,0,7,,,50,,,,,,,,,,,,,,13,,,,,B03,,,1,,1,,,84,84,1,13,4,120.653432,24.123315,3
5290,66000,387130000C,(04)23274275,(04)23288582,2025,6,14,19,29,臺中市,烏日區,0,0,0,7,,,30,,,,,,,,,,,,,,17,,,,,B03,,,1,,1,,,84,84,1,6,4,120.632225,24.10808,3
5291,66000,387130000C,(04)23274275,(04)23288582,2025,6,14,19,38,臺中市,中區,0,0,0,7,,,50,,,,,,,,,,,,,,,,,,,B03,,,1,,2,,,49,49,1,13,4,120.678052,24.145058,3
5292,66000,387130000C,(04)23274275,(04)23288582,2025,6,14,19,41,臺中市,南屯區,1,1,0,7,1,6,50,3,1,1,5,4,6,6,4,4,10,5,5,2,17,2,9,3,1,B03,7,11,1,8,2,2,,45,45,1,12,4,120.611248,24.133496,1
5293,66000,387130000C,(04)23274275,(04)23288582,2025,6,14,19,47,臺中市,清水區,0,2,0,7,1,6,70,13,7,1,5,4,6,6,4,4,1,4,4,1,12,2,9,2,1,F03,7,9,7,21,2,12,,84,84,1,12,4,120.568736,24.273182,2
5294,66000,387130000C,(04)23274275,(04)23288582,2025,6,14,19,49,臺中市,東區,0,0,0,7,,,30,,,,,,,,,,,,,,12,,,,,A12,,,1,,9,,,76,76,1,12,4,120.69395,24.128334,3
5295,66000,387130000C,(04)23274275,(04)23288582,2025,6,14,19,51,臺中市,太平區,0,1,0,7,1,6,50,13,9,1,5,4,6,6,4,4,5,4,5,1,17,3,10,5,4,B03,7,15,1,8,2,4,,76,76,1,10,4,120.712835,24.15755,2
5296,66000,387130000C,(04)23274275,(04)23288582,2025,6,14,19,52,臺中市,東區,0,0,0,7,,,50,,,,,,,,,,,,,,17,,,,,B01,,,1,,2,,,7,7,1,6,4,120.701059,24.135463,3
5297,66000,387130000C,(04)23274275,(04)23288582,2025,6,14,19,56,臺中市,南屯區,0,0,0,7,,,50,,,,,,,,,,,,,,13,,,,,B03,,,1,,1,,,7,7,1,13,4,120.649423,24.155616,4
5298,66000,387130000C,(04)23274275,(04)23288582,2025,6,14,19,58,臺中市,烏日區,0,1,0,7,1,6,50,13,9,1,5,4,6,6,4,4,5,4,5,1,17,3,10,3,1,B03,7,11,1,8,2,4,,45,45,1,6,4,120.643484,24.080303,2
5299,66000,387130000C,(04)23274275,(04)23288582,2025,6,14,19,59,臺中市,沙鹿區,0,0,0,7,,,0,,,,,,,,,,,,,,14,,,,,C03,,,1,,9,,,49,49,2,6,4,120.56543,24.241087,3
5300,66000,387130000C,(04)23274275,(04)23288582,2025,6,14,20,0,臺中市,西區,0,1,0,6,2,6,50,13,7,1,5,4,6,6,1,1,5,2,5,2,17,2,9,1,1,C03,7,9,1,10,2,11,,7,7,1,12,4,120.676016,24.145499,2
5301,66000,387130000C,(04)23274275,(04)23288582,2025,6,14,20,0,臺中市,太平區,0,3,0,7,1,6,50,5,1,1,5,4,6,6,4,4,10,5,4,2,15,2,9,2,1,C03,7,9,1,10,2,14,,12,12,1,12,4,120.718348,24.153782,2
5302,66000,387130000C,(04)23274275,(04)23288582,2025,6,14,20,1,臺中市,大里區,0,0,0,7,,,50,,,,,,,,,,,,,,13,,,,,C03,,,1,,2,,,84,84,1,6,4,120.679809,24.115078,3
5303,66000,387130000C,(04)23274275,(04)23288582,2025,6,14,20,15,臺中市,西屯區,0,0,0,7,,,50,,,,,,,,,,,,,,17,,,,,,,,,,,,,119,119,1,,,120.605916,24.187623,3
5304,66000,387130000C,(04)23274275,(04)23288582,2025,6,14,20,15,臺中市,大甲區,0,0,0,7,,,40,,,,,,,,,,,,,,,,,,,B03,,,1,,2,,,8,8,1,12,4,120.625068,24.349301,3
5305,66000,387130000C,(04)23274275,(04)23288582,2025,6,14,20,23,臺中市,龍井區,0,0,0,7,,,50,,,,,,,,,,,,,,16,,,,,C03,,,1,,1,,,84,84,1,6,4,120.582248,24.182302,3
5306,66000,387130000C,(04)23274275,(04)23288582,2025,6,14,20,26,臺中市,南區,0,0,0,7,,,50,,,,,,,,,,,,,,17,,,,,B03,,,1,,1,,,76,76,1,12,4,120.65422,24.123306,3
5307,66000,387130000C,(04)23274275,(04)23288582,2025,6,14,20,27,臺中市,后里區,0,0,0,7,1,6,50,3,1,1,5,4,6,6,4,4,5,5,4,2,17,3,10,3,1,B03,7,9,1,8,2,2,,84,84,1,12,4,120.714992,24.30672,3
5308,66000,387130000C,(04)23274275,(04)23288582,2025,6,14,20,32,臺中市,霧峰區,0,1,0,7,1,6,50,18,9,1,5,4,6,6,4,4,5,5,5,1,18,2,9,5,4,C03,7,15,1,10,2,14,,84,84,1,13,4,120.718148,24.070724,2
5309,66000,387130000C,(04)23274275,(04)23288582,2025,6,14,20,33,臺中市,霧峰區,0,1,0,7,1,6,50,4,1,1,5,4,6,6,4,4,10,5,5,2,18,2,9,1,1,C03,7,5,1,10,2,12,,59,59,1,12,4,120.710514,24.072892,2
5310,66000,387130000C,(04)23274275,(04)23288582,2025,6,14,20,35,臺中市,南區,0,0,0,7,,,50,,,,,,,,,,,,,,17,,,,,B03,,,1,,2,,,84,84,1,13,4,120.655104,24.124016,3
5311,66000,387130000C,(04)23274275,(04)23288582,2025,6,14,20,37,臺中市,南屯區,0,0,0,7,,,50,,,,,,,,,,,,,,,,,,,B02,,,1,,1,,,59,59,1,6,4,120.637514,24.135702,3
5312,66000,387130000C,(04)23274275,(04)23288582,2025,6,14,20,39,臺中市,西區,0,0,0,7,1,6,40,3,1,1,5,4,6,6,1,1,10,5,5,2,17,,,,,B03,,,1,,1,,,11,11,1,13,4,120.658977,24.155921,3
5313,66000,387130000C,(04)23274275,(04)23288582,2025,6,14,20,40,臺中市,大里區,0,1,0,7,1,6,40,13,9,1,5,4,6,6,4,4,4,4,5,1,12,3,10,1,1,C03,7,9,5,10,2,14,,84,84,2,13,4,120.693153,24.105443,2
5314,66000,387130000C,(04)23274275,(04)23288582,2025,6,14,20,49,臺中市,西區,0,0,0,7,,,50,,,,,,,,,,,,,,,,,,,B03,,,1,,2,,,84,84,1,13,4,120.65935,24.150974,3
5315,66000,387130000C,(04)23274275,(04)23288582,2025,6,14,20,59,臺中市,北區,0,1,0,7,1,6,50,4,1,1,5,4,6,6,4,4,10,5,5,2,17,3,10,3,1,B01,7,9,1,4,2,16,,15,15,1,12,4,120.677679,24.158207,2
5316,66000,387130000C,(04)23274275,(04)23288582,2025,6,14,21,0,臺中市,潭子區,0,0,0,7,,,30,,,,,,,,,,,,,,9,,,,,B03,,,1,,2,,,84,84,1,12,4,120.709138,24.199089,3
5317,66000,387130000C,(04)23274275,(04)23288582,2025,6,14,21,5,臺中市,西區,0,1,0,7,1,6,50,13,7,1,5,4,6,6,4,4,5,4,4,2,18,2,8,2,1,C03,7,9,1,10,2,12,,84,84,1,12,4,120.67145,24.131895,2
5318,66000,387130000C,(04)23274275,(04)23288582,2025,6,14,21,5,臺中市,北區,0,1,0,7,1,6,50,4,1,1,5,4,6,6,1,1,10,5,5,2,13,2,9,5,4,C03,7,9,1,10,2,11,,7,7,1,13,4,120.677155,24.150953,2
5319,66000,387130000C,(04)23274275,(04)23288582,2025,6,14,21,6,臺中市,中區,0,1,0,7,1,6,50,4,1,1,5,4,6,6,1,1,10,5,5,2,17,3,10,3,1,B03,7,9,1,8,2,2,,42,42,1,12,4,120.677522,24.140169,2
5320,66000,387130000C,(04)23274275,(04)23288582,2025,6,14,21,11,臺中市,西屯區,0,0,0,7,,,50,,,,,,,,,,,,,,13,,,,,C03,,,1,,1,,,7,7,1,12,4,120.64514,24.177648,3
5321,66000,387130000C,(04)23274275,(04)23288582,2025,6,14,21,12,臺中市,清水區,0,0,0,7,,,50,,,,,,,,,,,,,,,,,,,B03,,,1,,2,,,59,59,1,12,4,120.572551,24.262553,3
5322,66000,387130000C,(04)23274275,(04)23288582,2025,6,14,21,20,臺中市,太平區,0,0,0,7,,,30,,,,,,,,,,,,,,17,,,,,B03,,,1,,2,,,58,58,1,6,4,120.702124,24.146476,3
5323,66000,387130000C,(04)23274275,(04)23288582,2025,6,14,21,26,臺中市,南屯區,0,1,0,7,2,6,50,5,2,1,5,4,6,6,2,1,1,4,5,2,12,2,9,4,1,F01,7,1,7,21,4,14,,84,84,1,12,1,120.637722,24.142305,2
5324,66000,387130000C,(04)23274275,(04)23288582,2025,6,14,21,32,臺中市,北區,0,0,0,7,1,6,50,13,9,1,5,4,6,6,4,4,1,4,5,2,13,3,10,3,1,B03,7,9,1,8,2,1,,59,59,1,12,4,120.681899,24.163021,3
5325,66000,387130000C,(04)23274275,(04)23288582,2025,6,14,21,34,臺中市,西屯區,0,0,0,7,,,40,,,,,,,,,,,,,,9,,,,,C03,,,1,,1,,,8,8,1,12,4,120.64219,24.177659,4
5326,66000,387130000C,(04)23274275,(04)23288582,2025,6,14,21,36,臺中市,南區,0,0,0,7,,,50,,,,,,,,,,,,,,12,,,,,B02,,,1,,2,,,40,40,1,12,4,120.669899,24.126629,3
5327,66000,387130000C,(04)23274275,(04)23288582,2025,6,14,21,40,臺中市,潭子區,0,1,0,7,2,6,50,3,1,1,5,4,6,6,4,4,1,4,5,2,17,3,10,3,1,B03,7,5,1,8,2,16,,20,20,1,12,4,120.704321,24.215636,2
5328,66000,387130000C,(04)23274275,(04)23288582,2025,6,14,21,42,臺中市,清水區,0,0,0,7,,,90,,,,,,,,,,,,,,,,,,,B03,,,1,,1,,,84,84,1,12,4,120.565134,24.318502,3
5329,66000,387130000C,(04)23274275,(04)23288582,2025,6,14,21,42,臺中市,梧棲區,0,0,0,7,,,50,,,,,,,,,,,,,,14,,,,,B03,,,1,,1,,,49,49,1,6,4,120.532229,24.259857,3
5330,66000,387130000C,(04)23274275,(04)23288582,2025,6,14,21,44,臺中市,西屯區,0,0,0,7,,,0,,,,,,,,,,,,,,14,,,,,C03,,,1,,2,,,7,7,1,13,4,120.613672,24.175392,3
5331,66000,387130000C,(04)23274275,(04)23288582,2025,6,14,21,45,臺中市,西屯區,0,0,0,6,,,40,,,,,,,,,,,,,,,,,,,B03,,,1,,1,,,47,47,1,13,4,120.620392,24.180944,4
5332,66000,387130000C,(04)23274275,(04)23288582,2025,6,14,21,55,臺中市,沙鹿區,0,0,0,7,,,30,,,,,,,,,,,,,,,,,,,B03,,,1,,2,,,49,49,1,6,4,120.59526,24.227348,3
5333,66000,387130000C,(04)23274275,(04)23288582,2025,6,14,22,3,臺中市,東區,0,0,0,7,,,50,,,,,,,,,,,,,,17,,,,,B01,,,1,,1,,,51,51,1,6,4,120.695498,24.147885,3
5334,66000,387130000C,(04)23274275,(04)23288582,2025,6,14,22,15,臺中市,北區,0,2,0,7,1,6,50,4,1,1,5,4,6,6,1,1,10,5,5,2,15,2,9,5,4,C03,7,9,5,19,2,12,,21,21,1,13,4,120.673085,24.166983,2
5335,66000,387130000C,(04)23274275,(04)23288582,2025,6,14,22,15,臺中市,沙鹿區,0,0,0,7,,,50,,,,,,,,,,,,,,,,,,,B03,,,1,,2,,,55,55,1,6,4,120.571229,24.215954,3
5336,66000,387130000C,(04)23274275,(04)23288582,2025,6,14,22,23,臺中市,南區,0,2,0,7,1,6,50,4,1,1,5,4,6,6,1,1,9,5,4,2,17,2,9,1,1,C03,7,6,1,10,2,11,,42,42,1,12,4,120.658319,24.11709,2
5337,66000,387130000C,(04)23274275,(04)23288582,2025,6,14,22,23,臺中市,西屯區,0,0,0,7,,,50,,,,,,,,,,,,,,13,,,,,C03,,,1,,1,,,7,7,1,10,4,120.640527,24.173681,3
5338,66000,387130000C,(04)23274275,(04)23288582,2025,6,14,22,23,臺中市,西屯區,0,0,0,7,,,30,,,,,,,,,,,,,,,,,,,B03,,,1,,1,,,58,58,1,12,4,120.645341,24.17282,3
5339,66000,387130000C,(04)23274275,(04)23288582,2025,6,14,22,28,臺中市,太平區,0,0,0,7,,,50,,,,,,,,,,,,,,,,,,,B03,,,1,,9,,,8,8,1,12,4,120.717419,24.129844,3
5340,66000,387130000C,(04)23274275,(04)23288582,2025,6,14,22,33,臺中市,北屯區,0,0,0,7,,,50,,,,,,,,,,,,,,12,,,,,B03,,,1,,2,,,40,40,1,12,4,120.665609,24.183361,3
5341,66000,387130000C,(04)23274275,(04)23288582,2025,6,14,22,44,臺中市,龍井區,0,0,0,7,,,60,,,,,,,,,,,,,,,,,,,B03,,,1,,1,,,8,8,1,6,4,120.580157,24.189864,3
5342,66000,387130000C,(04)23274275,(04)23288582,2025,6,14,22,50,臺中市,太平區,0,0,0,7,,,50,,,,,,,,,,,,,,,,,,,B03,,,1,,2,,,84,84,1,12,4,120.711271,24.152865,3
5343,66000,387130000C,(04)23274275,(04)23288582,2025,6,14,22,55,臺中市,沙鹿區,0,1,0,7,1,6,50,13,8,1,5,4,6,6,4,4,1,4,4,2,17,3,10,3,1,B03,7,3,1,8,2,2,,50,50,1,6,4,120.562301,24.246558,2
5344,66000,387130000C,(04)23274275,(04)23288582,2025,6,14,22,58,臺中市,烏日區,0,1,0,7,1,6,30,4,1,1,5,4,6,6,4,4,10,5,5,2,15,2,9,1,1,C03,7,9,1,10,2,12,,20,20,1,6,4,120.626139,24.109385,2
5345,66000,387130000C,(04)23274275,(04)23288582,2025,6,14,22,59,臺中市,西屯區,0,0,0,7,,,60,,,,,,,,,,,,,,,,,,,B03,,,1,,1,,,40,40,1,12,4,120.64156,24.168492,3
5346,66000,387130000C,(04)23274275,(04)23288582,2025,6,14,23,6,臺中市,中區,0,0,0,7,,,50,,,,,,,,,,,,,,13,,,,,B03,,,1,,1,,,7,7,1,12,4,120.678967,24.146818,3
5347,66000,387130000C,(04)23274275,(04)23288582,2025,6,14,23,14,臺中市,西屯區,0,2,0,7,1,6,50,5,1,1,5,4,6,6,4,4,5,4,4,2,10,2,9,1,1,C03,7,9,1,10,2,11,,84,84,1,12,4,120.593534,24.180452,2
5348,66000,387130000C,(04)23274275,(04)23288582,2025,6,14,23,18,臺中市,東區,0,1,0,7,1,6,50,4,1,1,5,4,6,6,1,1,10,5,5,2,16,3,10,5,4,B01,7,5,1,4,2,6,,11,11,1,12,4,120.701504,24.14022,2
5349,66000,387130000C,(04)23274275,(04)23288582,2025,6,14,23,30,臺中市,沙鹿區,0,1,0,7,1,6,60,4,1,1,5,4,6,6,1,1,10,5,5,2,18,2,9,2,1,C03,7,9,1,10,2,12,,87,87,1,6,4,120.568045,24.238617,2
5350,66000,387130000C,(04)23274275,(04)23288582,2025,6,14,23,33,臺中市,南區,0,1,0,7,1,6,50,4,1,1,5,4,6,6,2,1,3,2,4,2,12,2,7,3,1,B12,7,8,1,8,2,4,,40,40,1,13,4,120.670076,24.114792,2
5351,66000,387130000C,(04)23274275,(04)23288582,2025,6,14,23,53,臺中市,南區,0,1,0,7,1,6,40,3,1,1,5,4,6,6,1,1,10,5,5,2,15,2,8,5,4,C03,7,15,3,19,2,15,,21,21,1,12,4,120.657578,24.124635,2
5352,66000,387130000C,(04)23274275,(04)23288582,2025,6,15,0,12,臺中市,南屯區,0,0,0,7,,,50,,,,,,,,,,,,,,,,,,,B03,,,1,,1,,,8,8,1,12,4,120.623884,24.149486,3
5353,66000,387130000C,(04)23274275,(04)23288582,2025,6,15,0,35,臺中市,烏日區,0,0,0,7,,,50,,,,,,,,,,,,,,12,,,,,B03,,,1,,2,,,40,40,1,6,4,120.624949,24.107022,3
5354,66000,387130000C,(04)23274275,(04)23288582,2025,6,15,0,37,臺中市,烏日區,0,0,0,7,,,50,,,,,,,,,,,,,,12,,,,,B03,,,1,,2,,,84,84,1,12,4,120.583902,24.112535,3
5355,66000,387130000C,(04)23274275,(04)23288582,2025,6,15,0,41,臺中市,西區,0,0,0,7,,,50,,,,,,,,,,,,,,17,,,,,B01,,,1,,9,,,43,43,1,12,4,120.662736,24.147959,3
5356,66000,387130000C,(04)23274275,(04)23288582,2025,6,15,1,2,臺中市,西屯區,0,0,0,7,,,50,,,,,,,,,,,,,,,,,,,C03,,,1,,1,,,51,51,1,12,4,120.644847,24.181308,3
5357,66000,387130000C,(04)23274275,(04)23288582,2025,6,15,1,3,臺中市,龍井區,0,2,0,7,1,6,60,4,1,1,5,4,6,6,2,1,10,5,5,2,16,3,10,5,4,B03,7,5,1,8,2,5,,38,38,1,6,4,120.592836,24.182718,2
5358,66000,387130000C,(04)23274275,(04)23288582,2025,6,15,1,31,臺中市,南區,0,1,0,7,1,6,40,13,8,1,5,4,6,6,4,4,9,5,4,2,12,2,9,2,1,C03,7,9,1,10,2,12,,84,84,1,13,4,120.671946,24.120204,2
5359,66000,387130000C,(04)23274275,(04)23288582,2025,6,15,1,39,臺中市,北屯區,0,2,0,7,1,6,50,4,1,1,5,4,6,6,1,1,10,5,5,2,17,3,10,1,1,C03,7,6,1,10,2,11,,36,36,1,12,4,120.698333,24.172948,2
5360,66000,387130000C,(04)23274275,(04)23288582,2025,6,15,1,55,臺中市,北區,0,1,0,7,1,6,50,4,24,1,5,4,6,6,1,1,1,5,5,2,17,2,1,5,4,B03,7,9,1,8,2,1,,84,84,1,13,4,120.676201,24.150493,2
5361,66000,387130000C,(04)23274275,(04)23288582,2025,6,15,2,7,臺中市,大甲區,0,0,0,7,,,50,,,,,,,,,,,,,,,,,,,B03,,,1,,2,,,84,84,1,12,4,120.627428,24.350736,3
5362,66000,387130000C,(04)23274275,(04)23288582,2025,6,15,2,24,臺中市,北區,0,2,0,7,1,6,50,13,9,1,5,4,6,6,4,4,1,4,5,2,17,3,10,3,1,B03,7,7,1,8,2,7,,40,40,1,13,4,120.684855,24.159941,2
5363,66000,387130000C,(04)23274275,(04)23288582,2025,6,15,2,49,臺中市,豐原區,0,1,0,7,2,6,40,13,8,1,5,4,6,6,4,4,5,4,4,2,17,2,9,2,1,C03,7,9,1,10,8,11,,53,53,1,6,4,120.722102,24.248732,2
5364,66000,387130000C,(04)23274275,(04)23288582,2025,6,15,3,7,臺中市,北屯區,0,1,0,7,1,6,50,4,4,1,5,4,6,6,2,1,10,5,5,2,13,3,10,2,1,C03,7,9,3,19,2,11,,58,58,1,6,4,120.677494,24.186482,2
5365,66000,387130000C,(04)23274275,(04)23288582,2025,6,15,3,20,臺中市,豐原區,0,0,0,7,,,50,,,,,,,,,,,,,,17,,,,,B03,,,4,,2,,,84,84,1,6,4,120.755306,24.274351,3
5366,66000,387130000C,(04)23274275,(04)23288582,2025,6,15,4,26,臺中市,沙鹿區,0,0,0,7,,,30,,,,,,,,,,,,,,,,,,,B03,,,1,,2,,,49,49,1,6,4,120.568034,24.25809,3
5367,66000,387130000C,(04)23274275,(04)23288582,2025,6,15,5,3,臺中市,南屯區,0,0,0,7,,,50,,,,,,,,,,,,,,,,,,,B02,,,1,,2,,,24,24,1,13,4,120.648335,24.13335,3
5368,66000,387130000C,(04)23274275,(04)23288582,2025,6,15,5,27,臺中市,北屯區,0,0,0,7,,,50,,,,,,,,,,,,,,30,,,,,B03,,,1,,2,,,59,59,1,12,4,120.697745,24.170349,3
5369,66000,387130000C,(04)23274275,(04)23288582,2025,6,15,5,41,臺中市,霧峰區,0,0,0,7,,,40,,,,,,,,,,,,,,13,,,,,B03,,,1,,2,,,58,58,1,12,4,120.663019,24.072322,3
5370,66000,387130000C,(04)23274275,(04)23288582,2025,6,15,6,5,臺中市,大里區,0,1,0,7,2,6,50,13,8,1,5,4,6,6,4,4,5,5,4,2,17,2,9,1,1,C03,7,9,1,10,2,11,,84,84,1,12,4,120.684814,24.095401,2
5371,66000,387130000C,(04)23274275,(04)23288582,2025,6,15,7,0,臺中市,南屯區,0,1,0,7,2,6,50,4,1,1,5,4,6,6,1,1,8,3,5,1,17,3,10,3,1,B01,7,5,1,4,1,16,,84,84,1,12,4,120.648305,24.132052,2
5372,66000,387130000C,(04)23274275,(04)23288582,2025,6,15,7,0,臺中市,外埔區,0,0,0,7,3,7,,13,9,1,5,4,6,6,4,4,5,5,5,1,17,3,10,5,1,,7,21,,10,,11,,84,84,2,13,4,120.714639,24.332666,3
5373,66000,387130000C,(04)23274275,(04)23288582,2025,6,15,7,9,臺中市,梧棲區,0,0,0,7,,,50,,,,,,,,,,,,,,16,,,,,B03,,,1,,1,,,47,47,1,12,4,120.531417,24.254506,3
5374,66000,387130000C,(04)23274275,(04)23288582,2025,6,15,7,14,臺中市,西屯區,0,1,0,7,2,6,50,13,7,1,5,4,6,6,4,4,5,5,4,2,14,3,10,5,4,C03,7,2,1,10,2,13,,49,49,1,13,4,120.667277,24.175073,2
5375,66000,387130000C,(04)23274275,(04)23288582,2025,6,15,7,15,臺中市,后里區,0,1,0,7,2,6,50,3,2,1,5,4,6,6,1,1,5,5,5,1,13,3,10,3,1,B03,7,9,1,8,2,1,,7,7,1,12,4,120.706345,24.306818,2
5376,66000,387130000C,(04)23274275,(04)23288582,2025,6,15,7,15,臺中市,豐原區,0,0,0,7,,,50,,,,,,,,,,,,,,17,,,,,B03,,,1,,9,,,84,84,1,12,4,120.73027,24.242559,3
5377,66000,387130000C,(04)23274275,(04)23288582,2025,6,15,7,17,臺中市,北屯區,0,0,0,7,,,50,,,,,,,,,,,,,,13,,,,,F03,,,1,,2,,,84,84,1,12,4,120.707673,24.186588,3
5378,66000,387130000C,(04)23274275,(04)23288582,2025,6,15,7,24,臺中市,龍井區,0,0,0,7,2,6,40,,1,1,5,4,6,6,4,4,10,5,5,2,15,3,10,2,1,C03,7,9,1,10,2,11,,6,6,1,6,4,120.5898,24.184229,3
5379,66000,387130000C,(04)23274275,(04)23288582,2025,6,15,7,25,臺中市,神岡區,0,0,0,7,1,6,50,3,1,1,5,4,6,6,4,4,1,5,4,2,12,,,,,B03,,,1,,2,,,8,8,1,12,4,120.685745,24.246504,3
5380,66000,387130000C,(04)23274275,(04)23288582,2025,6,15,7,26,臺中市,大肚區,0,1,0,7,2,6,70,4,7,1,5,4,6,6,1,1,1,3,4,1,13,2,9,2,1,C02,7,12,1,9,2,11,,7,7,1,6,4,120.550606,24.138471,2
5381,66000,387130000C,(04)23274275,(04)23288582,2025,6,15,7,34,臺中市,沙鹿區,0,1,0,7,3,6,50,13,9,1,5,4,6,6,4,4,5,5,5,1,9,3,10,6,5,H01,8,17,7,21,10,17,,109,109,1,12,5,120.601502,24.258541,2
5382,66000,387130000C,(04)23274275,(04)23288582,2025,6,15,7,36,臺中市,西屯區,0,0,0,7,,,40,,,,,,,,,,,,,,12,,,,,B03,,,1,,1,,,27,27,1,12,4,120.616364,24.190958,3
5383,66000,387130000C,(04)23274275,(04)23288582,2025,6,15,7,38,臺中市,東區,0,2,0,7,3,6,50,4,1,1,5,4,6,6,1,1,5,5,5,2,10,2,9,2,1,C03,7,9,3,19,2,11,,4,4,1,13,4,120.692467,24.142724,2
5384,66000,387130000C,(04)23274275,(04)23288582,2025,6,15,7,45,臺中市,西區,0,0,0,7,,,50,,,,,,,,,,,,,,17,,,,,B03,,,1,,2,,,47,47,1,12,4,120.676989,24.134996,3
5385,66000,387130000C,(04)23274275,(04)23288582,2025,6,15,7,45,臺中市,沙鹿區,0,1,0,7,2,6,40,13,9,1,5,4,6,6,4,4,4,3,4,2,16,2,8,2,1,C03,7,1,1,10,2,14,,51,51,1,12,4,120.565907,24.250368,2
5386,66000,387130000C,(04)23274275,(04)23288582,2025,6,15,7,46,臺中市,新社區,0,0,0,7,,,50,,,,,,,,,,,,,,12,,,,,B03,,,1,,2,,,84,84,1,13,4,120.794363,24.205689,3
5387,66000,387130000C,(04)23274275,(04)23288582,2025,6,15,7,54,臺中市,太平區,0,1,0,7,2,6,50,3,1,1,5,4,6,6,4,4,5,2,5,1,13,2,9,1,1,C03,7,9,1,10,2,11,,59,59,1,6,4,120.735295,24.133551,2
5388,66000,387130000C,(04)23274275,(04)23288582,2025,6,15,8,0,臺中市,豐原區,0,0,0,7,,,60,,,,,,,,,,,,,,18,,,,,,,,,,,,,119,119,1,,,120.735811,24.247365,3
5389,66000,387130000C,(04)23274275,(04)23288582,2025,6,15,8,7,臺中市,西區,0,0,0,7,,,30,,,,,,,,,,,,,,,,,,,B03,,,1,,1,,,7,7,1,13,4,120.655707,24.144348,3
5390,66000,387130000C,(04)23274275,(04)23288582,2025,6,15,8,11,臺中市,北屯區,0,1,0,7,2,6,50,13,7,1,5,4,6,6,4,4,5,5,4,2,17,3,10,5,4,C03,7,11,1,10,2,11,,85,85,1,12,4,120.694705,24.175527,2
5391,66000,387130000C,(04)23274275,(04)23288582,2025,6,15,8,12,臺中市,南區,0,0,0,7,,,50,,,,,,,,,,,,,,17,,,,,B03,,,1,,2,,,40,40,1,12,4,120.676913,24.131387,3
5392,66000,387130000C,(04)23274275,(04)23288582,2025,6,15,8,13,臺中市,豐原區,0,1,0,7,2,6,30,13,9,1,5,4,6,6,4,4,10,5,5,2,11,2,9,5,4,C03,7,9,5,19,3,14,,5,5,1,13,4,120.728481,24.262504,2
5393,66000,387130000C,(04)23274275,(04)23288582,2025,6,15,8,18,臺中市,大雅區,0,0,0,7,,,30,,,,,,,,,,,,,,16,,,,,B03,,,1,,2,,,14,14,1,12,4,120.64093,24.232875,3
5394,66000,387130000C,(04)23274275,(04)23288582,2025,6,15,8,20,臺中市,西區,0,1,0,7,2,6,50,4,1,1,5,4,6,6,1,1,10,5,5,2,17,2,9,1,1,C03,7,9,1,10,2,13,,21,21,1,12,4,120.657375,24.146713,2
5395,66000,387130000C,(04)23274275,(04)23288582,2025,6,15,8,28,臺中市,豐原區,0,2,0,7,3,6,50,3,1,1,5,4,6,6,3,1,1,4,5,1,17,2,9,4,1,F01,7,6,7,21,2,13,,36,36,1,12,4,120.708936,24.251138,2
5396,66000,387130000C,(04)23274275,(04)23288582,2025,6,15,8,29,臺中市,龍井區,0,1,0,7,3,6,50,13,9,1,5,4,6,6,4,4,5,5,5,1,18,2,9,5,4,C03,7,9,1,10,2,14,,6,6,1,12,4,120.524933,24.212352,2
5397,66000,387130000C,(04)23274275,(04)23288582,2025,6,15,8,33,臺中市,新社區,0,0,0,7,,,30,,,,,,,,,,,,,,25,,,,,B03,,,1,,11,,,43,43,1,12,4,120.80221,24.245505,3
5398,66000,387130000C,(04)23274275,(04)23288582,2025,6,15,8,34,臺中市,烏日區,0,2,0,7,2,6,50,4,1,1,5,4,6,6,2,1,10,5,5,2,12,3,10,2,1,C03,7,9,1,10,2,14,,39,39,1,6,4,120.614085,24.106776,2