序號,縣市別代碼,機關代碼,市話,傳真,年,月,日,時,分,縣市,區,死亡數量,受傷數量,2-30,天候,道路照明設備,道路類別,道路速限,道路型態,事故位置,路面鋪裝,路面狀態,路面缺陷,障礙物,視距,號誌種類,號誌動作,分向設施,快車道或一般車道間,快慢車道間,路面邊線,事故類型及型態,受傷程度,主要傷處,保護裝備,行動電話或功能裝置,當事者區分(類別),車輛用途,當事者行動狀態,駕照狀態,駕照種類,飲酒情形,車輛撞擊部位最初,車輛撞擊部位其他,肇事因素個別,肇事因素主要,肇事逃逸,職業,共享經濟或外送平台,GPS座標X,GPS座標Y,事故類別
5399,66000,387130000C,(04)23274275,(04)23288582,2025,6,15,8,36,臺中市,西屯區,0,2,0,7,2,6,40,4,1,1,5,4,6,6,2,1,10,5,5,2,16,2,9,2,1,C03,7,9,1,10,2,11,,59,59,1,12,4,120.622185,24.174168,2
5400,66000,387130000C,(04)23274275,(04)23288582,2025,6,15,8,37,臺中市,北屯區,0,1,0,7,2,6,50,4,1,1,5,4,6,6,2,1,10,5,5,2,16,3,10,3,1,B03,7,6,1,8,2,2,,11,11,1,6,4,120.720605,24.167873,2
5401,66000,387130000C,(04)23274275,(04)23288582,2025,6,15,8,39,臺中市,西區,0,0,0,7,,,50,,,,,,,,,,,,,,,,,,,B02,,,1,,1,,,84,84,1,6,4,120.65907,24.155745,3
5402,66000,387130000C,(04)23274275,(04)23288582,2025,6,15,8,40,臺中市,梧棲區,0,1,0,7,2,6,60,4,1,1,5,4,6,6,1,1,10,5,5,2,16,3,10,3,1,B03,7,5,1,8,2,5,,47,47,1,12,4,120.535776,24.248325,2
5403,66000,387130000C,(04)23274275,(04)23288582,2025,6,15,8,45,臺中市,大甲區,0,0,0,7,,,50,,,,,,,,,,,,,,,,,,,B03,,,1,,2,,,59,59,1,6,4,120.630291,24.345708,3
5404,66000,387130000C,(04)23274275,(04)23288582,2025,6,15,8,48,臺中市,北區,0,0,0,7,,,50,,,,,,,,,,,,,,,,,,,C03,,,1,,11,,,84,84,1,13,4,120.689621,24.1589,3
5405,66000,387130000C,(04)23274275,(04)23288582,2025,6,15,8,50,臺中市,北區,0,1,0,7,3,6,50,4,1,1,5,4,6,6,4,4,10,5,5,2,15,2,9,1,1,C03,7,9,1,10,2,12,,20,20,1,12,4,120.666979,24.160323,2
5406,66000,387130000C,(04)23274275,(04)23288582,2025,6,15,8,53,臺中市,南屯區,0,1,0,7,2,6,60,4,2,1,5,4,6,6,2,1,7,2,5,2,12,3,10,3,1,B03,7,12,1,8,2,2,,84,84,1,12,4,120.61211,24.150139,2
5407,66000,387130000C,(04)23274275,(04)23288582,2025,6,15,8,57,臺中市,北區,0,1,0,7,2,6,50,4,1,1,5,4,6,6,1,1,10,5,5,2,15,3,10,5,4,B03,7,9,1,6,2,2,,21,21,1,12,4,120.680829,24.167105,2
5408,66000,387130000C,(04)23274275,(04)23288582,2025,6,15,8,58,臺中市,西屯區,0,0,0,7,,,30,,,,,,,,,,,,,,27,,,,,B02,,,1,,2,,,59,59,1,13,4,120.651019,24.160673,3
5409,66000,387130000C,(04)23274275,(04)23288582,2025,6,15,9,0,臺中市,東區,0,0,0,7,,,50,,,,,,,,,,,,,,17,,,,,B03,,,1,,1,,,85,85,1,12,4,120.685536,24.129767,4
5410,66000,387130000C,(04)23274275,(04)23288582,2025,6,15,9,5,臺中市,東區,0,1,0,7,3,6,50,18,24,1,5,4,6,6,4,4,5,5,5,2,17,2,9,5,4,C03,7,15,1,8,2,11,,84,84,1,6,4,120.689355,24.145723,2
5411,66000,387130000C,(04)23274275,(04)23288582,2025,6,15,9,7,臺中市,南屯區,0,1,0,7,3,6,40,13,8,1,5,4,6,6,4,4,1,4,1,2,17,2,9,2,4,C03,7,9,1,10,2,11,,84,84,1,6,4,120.625426,24.131348,2
5412,66000,387130000C,(04)23274275,(04)23288582,2025,6,15,9,8,臺中市,豐原區,0,0,0,7,,,50,,,,,,,,,,,,,,12,,,,,A12,,,1,,2,,,8,8,1,13,4,120.729622,24.256433,4
5413,66000,387130000C,(04)23274275,(04)23288582,2025,6,15,9,10,臺中市,豐原區,0,2,0,7,2,6,50,4,1,1,5,4,6,6,1,1,10,5,5,2,16,2,9,1,1,F03,7,6,7,21,2,11,,48,48,1,13,4,120.704773,24.246469,2
5414,66000,387130000C,(04)23274275,(04)23288582,2025,6,15,9,12,臺中市,北屯區,0,1,0,7,3,6,50,13,8,1,5,4,6,6,4,4,3,4,4,2,17,3,10,1,1,C03,7,5,1,10,2,13,,85,85,1,12,4,120.712302,24.175946,2
5415,66000,387130000C,(04)23274275,(04)23288582,2025,6,15,9,12,臺中市,北屯區,0,1,0,6,2,6,50,3,1,1,5,4,6,6,2,1,10,5,5,2,12,3,10,3,1,B03,7,4,1,8,2,5,,8,8,1,6,4,120.747301,24.193214,2
5416,66000,387130000C,(04)23274275,(04)23288582,2025,6,15,9,25,臺中市,西區,0,0,0,7,,,50,,,,,,,,,,,,,,,,,,,B03,,,5,,9,,,56,56,1,12,4,120.661885,24.146531,3
5417,66000,387130000C,(04)23274275,(04)23288582,2025,6,15,9,31,臺中市,北屯區,0,1,0,7,2,6,50,13,8,1,5,4,6,6,4,4,9,5,4,2,16,3,10,1,1,C03,7,11,3,19,6,12,,84,84,1,12,4,120.669951,24.177882,2
5418,66000,387130000C,(04)23274275,(04)23288582,2025,6,15,9,34,臺中市,大里區,0,0,0,7,,,30,,,,,,,,,,,,,,19,,,,,B03,,,1,,2,,,84,84,1,12,4,120.705969,24.09155,3
5419,66000,387130000C,(04)23274275,(04)23288582,2025,6,15,9,35,臺中市,后里區,0,1,0,7,3,6,50,4,1,1,5,4,6,6,1,1,10,5,5,2,17,3,10,3,1,B03,7,5,1,8,2,2,,8,8,1,6,4,120.692176,24.316804,2
5420,66000,387130000C,(04)23274275,(04)23288582,2025,6,15,9,40,臺中市,西屯區,0,2,0,7,1,6,50,4,1,1,5,4,6,6,1,1,10,5,5,2,16,2,9,1,1,C03,7,6,1,10,2,14,,11,11,1,12,4,120.639512,24.174659,2
5421,66000,387130000C,(04)23274275,(04)23288582,2025,6,15,9,40,臺中市,大甲區,0,1,0,7,3,6,30,13,9,1,5,4,6,6,4,4,10,5,5,2,17,3,10,1,1,C03,7,1,3,19,2,11,,51,51,1,12,4,120.632791,24.35639,2
5422,66000,387130000C,(04)23274275,(04)23288582,2025,6,15,9,47,臺中市,沙鹿區,0,1,0,7,2,6,50,11,9,1,5,4,6,6,4,4,5,5,5,2,18,2,9,1,1,C03,7,15,1,10,2,14,,87,87,1,12,4,120.562928,24.248354,2
5423,66000,387130000C,(04)23274275,(04)23288582,2025,6,15,9,47,臺中市,梧棲區,0,1,0,7,2,6,50,4,1,1,5,4,6,6,1,1,10,5,5,2,16,2,9,1,1,C03,7,5,1,10,2,12,,11,11,1,12,4,120.534932,24.257678,2
5424,66000,387130000C,(04)23274275,(04)23288582,2025,6,15,9,50,臺中市,西屯區,0,0,0,7,,,50,,,,,,,,,,,,,,,,,,,B03,,,1,,1,,,7,7,1,12,4,120.602967,24.192523,3
5425,66000,387130000C,(04)23274275,(04)23288582,2025,6,15,10,0,臺中市,沙鹿區,0,0,0,7,,,40,,,,,,,,,,,,,,13,,,,,B03,,,1,,2,,,7,7,1,12,4,120.570009,24.205196,3
5426,66000,387130000C,(04)23274275,(04)23288582,2025,6,15,10,5,臺中市,潭子區,0,0,0,7,,,30,,,,,,,,,,,,,,14,,,,,B03,,,1,,2,,,49,49,1,13,4,120.695679,24.191671,3
5427,66000,387130000C,(04)23274275,(04)23288582,2025,6,15,10,12,臺中市,霧峰區,0,1,0,7,2,6,30,13,9,1,5,4,6,6,4,4,10,5,5,2,17,2,8,1,1,C03,7,1,1,10,2,11,,51,51,1,13,4,120.709227,24.07568,2
5428,66000,387130000C,(04)23274275,(04)23288582,2025,6,15,10,15,臺中市,大雅區,0,0,0,7,,,50,,,,,,,,,,,,,,13,,,,,B03,,,1,,1,,,7,7,1,12,4,120.646647,24.226168,3
5429,66000,387130000C,(04)23274275,(04)23288582,2025,6,15,10,16,臺中市,東區,0,1,0,7,3,6,50,4,2,1,5,4,6,6,2,1,1,5,5,2,12,3,10,3,1,B03,7,1,1,8,2,5,,84,84,1,13,4,120.690295,24.131799,2
5430,66000,387130000C,(04)23274275,(04)23288582,2025,6,15,10,18,臺中市,烏日區,0,0,0,7,,,30,,,,,,,,,,,,,,,,,,,B03,,,1,,1,,,40,40,1,13,4,120.616427,24.112868,3
5431,66000,387130000C,(04)23274275,(04)23288582,2025,6,15,10,18,臺中市,東勢區,0,0,0,7,,,50,,,,,,,,,,,,,,13,,,,,B03,,,1,,1,,,7,7,1,13,4,120.832087,24.247062,3
5432,66000,387130000C,(04)23274275,(04)23288582,2025,6,15,10,19,臺中市,北屯區,0,1,0,7,2,6,30,13,9,1,5,4,6,6,4,4,10,5,5,2,17,2,7,1,1,C03,7,9,1,10,9,12,,59,59,2,6,4,120.692842,24.177344,2
5433,66000,387130000C,(04)23274275,(04)23288582,2025,6,15,10,21,臺中市,東區,0,2,0,7,3,6,50,4,9,1,5,4,6,6,4,4,5,5,5,2,16,2,9,5,4,C03,7,6,1,10,2,11,,12,12,1,6,4,120.690251,24.140033,2
5434,66000,387130000C,(04)23274275,(04)23288582,2025,6,15,10,23,臺中市,南區,0,0,0,7,,,30,,,,,,,,,,,,,,17,,,,,C03,,,1,,2,,,41,41,1,6,4,120.678372,24.125988,3
5435,66000,387130000C,(04)23274275,(04)23288582,2025,6,15,10,25,臺中市,西屯區,0,2,0,7,2,6,40,13,8,1,5,4,6,6,1,1,1,5,1,2,13,2,9,2,1,C03,7,9,1,10,2,11,,7,7,1,12,4,120.613874,24.183654,2
5436,66000,387130000C,(04)23274275,(04)23288582,2025,6,15,10,27,臺中市,霧峰區,0,1,0,7,3,6,50,4,1,1,5,4,1,6,1,1,10,4,4,1,12,2,9,1,1,C03,7,7,1,10,2,12,,4,4,1,12,4,120.692519,24.046557,2
5437,66000,387130000C,(04)23274275,(04)23288582,2025,6,15,10,29,臺中市,大肚區,0,0,0,7,2,6,50,13,2,1,5,4,6,6,4,4,10,5,5,2,14,3,10,3,1,B03,7,2,1,8,1,3,,49,49,1,6,4,120.579406,24.172793,3
5438,66000,387130000C,(04)23274275,(04)23288582,2025,6,15,10,32,臺中市,南屯區,0,1,0,7,3,6,40,13,9,1,5,4,6,6,4,4,1,5,1,2,17,3,10,3,1,B03,7,7,1,8,1,16,,39,39,1,12,4,120.640113,24.116946,2
5439,66000,387130000C,(04)23274275,(04)23288582,2025,6,15,10,34,臺中市,南屯區,0,0,0,7,,,50,,,,,,,,,,,,,,14,,,,,B03,,,1,,1,,,49,49,1,6,4,120.627749,24.146864,3
5440,66000,387130000C,(04)23274275,(04)23288582,2025,6,15,10,35,臺中市,北屯區,0,1,0,7,2,6,50,13,9,1,5,4,6,6,4,4,9,4,5,2,12,2,7,6,1,F01,7,9,7,21,2,12,,59,59,1,6,4,120.732326,24.173801,2
5441,66000,387130000C,(04)23274275,(04)23288582,2025,6,15,10,36,臺中市,南屯區,0,1,0,7,2,6,50,3,1,1,5,4,6,6,4,4,8,3,5,1,17,3,10,1,1,C03,7,6,1,10,1,11,,14,14,1,12,4,120.649042,24.129611,2
5442,66000,387130000C,(04)23274275,(04)23288582,2025,6,15,10,41,臺中市,石岡區,0,1,0,7,2,6,70,3,1,1,5,4,6,6,1,1,10,5,5,2,17,3,10,3,1,B03,7,5,1,8,2,6,,47,47,1,12,4,120.782574,24.274691,2
5443,66000,387130000C,(04)23274275,(04)23288582,2025,6,15,10,42,臺中市,北區,0,1,0,7,3,6,50,3,1,1,5,4,6,6,4,4,9,5,5,2,17,3,10,3,1,B03,7,5,1,8,2,8,,14,14,1,12,4,120.683545,24.158582,2
5444,66000,387130000C,(04)23274275,(04)23288582,2025,6,15,10,50,臺中市,沙鹿區,0,0,0,7,,,50,,,,,,,,,,,,,,13,,,,,C03,,,3,,2,,,7,7,1,12,4,120.560459,24.240172,4
5445,66000,387130000C,(04)23274275,(04)23288582,2025,6,15,10,51,臺中市,西區,0,0,0,7,,,50,,,,,,,,,,,,,,9,,,,,B12,,,1,,1,,,20,20,1,12,4,120.663026,24.158046,3
5446,66000,387130000C,(04)23274275,(04)23288582,2025,6,15,10,53,臺中市,龍井區,0,0,0,7,2,6,40,13,9,1,5,4,6,6,4,4,5,2,5,2,12,3,10,3,1,B03,7,9,1,8,2,2,,8,8,1,6,4,120.586846,24.189195,3
5447,66000,387130000C,(04)23274275,(04)23288582,2025,6,15,10,55,臺中市,西屯區,0,0,0,7,,,50,,,,,,,,,,,,,,14,,,,,B03,,,1,,1,,,49,49,1,12,4,120.620132,24.182804,3
5448,66000,387130000C,(04)23274275,(04)23288582,2025,6,15,10,56,臺中市,清水區,0,0,0,7,,,50,,,,,,,,,,,,,,12,,,,,A02,,,1,,1,,,8,8,1,6,4,120.57508,24.267921,3
5449,66000,387130000C,(04)23274275,(04)23288582,2025,6,15,10,58,臺中市,西區,0,1,0,7,2,6,50,13,8,1,5,4,6,6,4,4,1,4,5,2,17,3,10,3,1,B03,7,7,1,8,2,2,,40,40,1,13,4,120.657374,24.145755,2
5450,66000,387130000C,(04)23274275,(04)23288582,2025,6,15,11,3,臺中市,霧峰區,0,0,0,7,,,50,,,,,,,,,,,,,,17,,,,,B03,,,1,,2,,,11,11,1,13,4,120.696292,24.054267,3
5451,66000,387130000C,(04)23274275,(04)23288582,2025,6,15,11,5,臺中市,龍井區,0,0,0,7,2,6,50,13,9,1,5,4,6,6,4,4,10,5,5,2,14,3,10,3,1,B03,7,2,1,8,2,7,,49,49,1,6,4,120.596431,24.189372,3
5452,66000,387130000C,(04)23274275,(04)23288582,2025,6,15,11,7,臺中市,沙鹿區,0,0,0,7,,,70,,,,,,,,,,,,,,,,,,,B03,,,1,,2,,,40,40,1,12,4,120.601358,24.2495,3
5453,66000,387130000C,(04)23274275,(04)23288582,2025,6,15,11,11,臺中市,大甲區,0,0,0,7,,,50,,,,,,,,,,,,,,15,,,,,B03,,,1,,1,,,21,21,1,6,4,120.619146,24.351075,3
5454,66000,387130000C,(04)23274275,(04)23288582,2025,6,15,11,16,臺中市,西屯區,0,1,0,7,2,6,50,4,2,1,5,4,6,6,4,4,5,5,5,2,17,3,10,5,4,C03,7,1,1,10,2,16,,51,51,1,12,4,120.665659,24.174101,2
5455,66000,387130000C,(04)23274275,(04)23288582,2025,6,15,11,17,臺中市,潭子區,0,0,0,7,,,0,,,,,,,,,,,,,,,,,,,B03,,,1,,1,,,78,78,1,12,4,120.711745,24.209382,3
5456,66000,387130000C,(04)23274275,(04)23288582,2025,6,15,11,21,臺中市,西屯區,0,1,0,7,2,6,50,4,1,1,5,4,6,6,2,1,10,5,5,2,16,3,10,3,4,B03,7,5,1,8,2,5,,11,11,1,12,4,120.639083,24.164986,2
5457,66000,387130000C,(04)23274275,(04)23288582,2025,6,15,11,22,臺中市,西屯區,0,0,0,7,,,60,,,,,,,,,,,,,,12,,,,,B02,,,1,,1,,,8,8,1,13,4,120.647847,24.196114,3
5458,66000,387130000C,(04)23274275,(04)23288582,2025,6,15,11,26,臺中市,太平區,0,2,0,7,3,6,50,3,1,1,5,4,6,6,4,4,5,5,4,1,16,2,9,2,1,C03,7,6,3,19,2,12,,14,14,1,12,4,120.717776,24.148768,2
5459,66000,387130000C,(04)23274275,(04)23288582,2025,6,15,11,26,臺中市,神岡區,0,0,0,7,,,50,,,,,,,,,,,,,,12,,,,,C03,,,1,,2,,,8,8,1,13,4,120.670804,24.256297,3
5460,66000,387130000C,(04)23274275,(04)23288582,2025,6,15,11,28,臺中市,西區,0,0,0,7,,,50,,,,,,,,,,,,,,,,,,,B03,,,1,,1,,,50,50,1,6,4,120.66221,24.15074,3
5461,66000,387130000C,(04)23274275,(04)23288582,2025,6,15,11,30,臺中市,烏日區,0,0,0,7,,,50,,,,,,,,,,,,,,13,,,,,B12,,,1,,1,,,84,84,1,6,4,120.618638,24.116206,3
5462,66000,387130000C,(04)23274275,(04)23288582,2025,6,15,11,33,臺中市,南區,0,2,0,7,2,6,40,4,1,1,5,4,6,6,1,1,10,5,5,2,17,2,9,1,1,C03,7,15,1,10,2,12,,42,42,1,12,4,120.670283,24.129527,2
5463,66000,387130000C,(04)23274275,(04)23288582,2025,6,15,11,34,臺中市,大里區,0,0,0,7,,,50,,,,,,,,,,,,,,13,,,,,B01,,,1,,2,,,7,7,1,13,4,120.695172,24.099542,3
5464,66000,387130000C,(04)23274275,(04)23288582,2025,6,15,11,38,臺中市,后里區,0,1,0,7,2,6,50,3,1,1,5,4,6,6,4,4,5,5,5,2,3,3,10,3,1,B03,7,9,1,8,2,8,,84,84,1,12,4,120.712998,24.307331,2
5465,66000,387130000C,(04)23274275,(04)23288582,2025,6,15,11,50,臺中市,西屯區,0,0,0,7,,,80,,,,,,,,,,,,,,13,,,,,B03,,,1,,1,,,7,7,1,13,4,120.651551,24.198048,3
5466,66000,387130000C,(04)23274275,(04)23288582,2025,6,15,11,52,臺中市,南屯區,0,0,0,7,,,60,,,,,,,,,,,,,,13,,,,,B03,,,1,,1,,,59,59,1,12,4,120.647317,24.155533,3
5467,66000,387130000C,(04)23274275,(04)23288582,2025,6,15,11,54,臺中市,東區,0,0,0,7,,,50,,,,,,,,,,,,,,,,,,,C03,,,1,,1,,,51,51,1,6,4,120.709159,24.149445,3
5468,66000,387130000C,(04)23274275,(04)23288582,2025,6,15,11,55,臺中市,北屯區,0,1,0,7,3,6,50,4,2,1,5,4,6,6,1,1,5,4,5,2,9,3,10,3,1,B03,7,14,1,8,2,6,,87,87,1,6,4,120.719473,24.176101,2
5469,66000,387130000C,(04)23274275,(04)23288582,2025,6,15,11,58,臺中市,北屯區,0,1,0,7,3,6,50,4,1,1,5,4,6,6,4,4,10,5,5,2,17,3,10,3,1,B03,7,9,1,8,2,4,,13,13,1,12,4,120.680228,24.178137,2
5470,66000,387130000C,(04)23274275,(04)23288582,2025,6,15,12,1,臺中市,大甲區,0,0,0,7,,,50,,,,,,,,,,,,,,,,,,,B03,,,1,,1,,,84,84,1,6,4,120.626232,24.34806,3
5471,66000,387130000C,(04)23274275,(04)23288582,2025,6,15,12,14,臺中市,西區,0,0,0,7,,,50,,,,,,,,,,,,,,,,,,,B03,,,1,,9,,,84,84,1,13,4,120.674448,24.137508,3
5472,66000,387130000C,(04)23274275,(04)23288582,2025,6,15,12,15,臺中市,北屯區,0,2,0,7,2,6,50,4,1,1,5,4,6,6,1,1,10,5,5,2,17,2,9,1,1,C03,7,1,1,10,2,14,,51,51,1,12,4,120.6921,24.180187,2
5473,66000,387130000C,(04)23274275,(04)23288582,2025,6,15,12,17,臺中市,大里區,0,1,0,7,3,6,40,4,2,1,5,4,6,6,1,1,3,4,4,1,13,3,10,1,1,C03,7,7,3,19,2,12,,65,65,1,12,4,120.691326,24.091713,2
5474,66000,387130000C,(04)23274275,(04)23288582,2025,6,15,12,17,臺中市,豐原區,0,1,0,7,2,6,50,13,8,1,5,4,6,6,4,4,5,5,4,1,17,3,10,2,1,C03,7,1,1,10,2,11,,51,51,1,13,4,120.729862,24.250587,2
5475,66000,387130000C,(04)23274275,(04)23288582,2025,6,15,12,20,臺中市,西屯區,0,0,0,7,,,50,,,,,,,,,,,,,,16,,,,,B03,,,1,,1,,,48,48,1,12,4,120.658712,24.166447,3
5476,66000,387130000C,(04)23274275,(04)23288582,2025,6,15,12,20,臺中市,大里區,0,0,0,7,,,30,,,,,,,,,,,,,,19,,,,,B03,,,1,,2,,,57,57,1,13,4,120.661418,24.098808,3
5477,66000,387130000C,(04)23274275,(04)23288582,2025,6,15,12,20,臺中市,大甲區,0,1,0,7,3,6,50,13,9,1,5,4,6,6,4,4,10,5,5,2,16,3,10,3,1,B03,7,1,1,8,2,8,,51,51,1,6,4,120.617455,24.428479,2
5478,66000,387130000C,(04)23274275,(04)23288582,2025,6,15,12,21,臺中市,西屯區,0,2,0,7,2,6,50,4,1,1,5,4,6,6,1,1,1,4,5,2,16,2,9,2,1,C03,7,1,5,19,2,14,,51,51,1,12,4,120.616558,24.185997,2
5479,66000,387130000C,(04)23274275,(04)23288582,2025,6,15,12,27,臺中市,西屯區,0,0,0,7,2,6,50,13,9,1,5,4,6,6,4,4,10,5,5,2,14,,,,,B03,,,1,,2,,,49,49,1,13,4,120.60907,24.18868,3
5480,66000,387130000C,(04)23274275,(04)23288582,2025,6,15,12,30,臺中市,豐原區,0,0,0,7,,,50,,,,,,,,,,,,,,13,,,,,B03,,,1,,2,,,7,7,1,13,4,120.748672,24.267861,3
5481,66000,387130000C,(04)23274275,(04)23288582,2025,6,15,12,33,臺中市,大里區,0,0,0,7,,,50,,,,,,,,,,,,,,17,,,,,C03,,,1,,1,,,4,4,1,12,4,120.680189,24.1149,3
5482,66000,387130000C,(04)23274275,(04)23288582,2025,6,15,12,33,臺中市,太平區,0,0,0,7,,,50,,,,,,,,,,,,,,,,,,,B03,,,1,,2,,,14,14,1,12,4,120.712769,24.125855,3
5483,66000,387130000C,(04)23274275,(04)23288582,2025,6,15,12,35,臺中市,西屯區,0,0,0,7,,,60,,,,,,,,,,,,,,13,,,,,B03,,,1,,1,,,7,7,1,12,4,120.650637,24.161953,3
5484,66000,387130000C,(04)23274275,(04)23288582,2025,6,15,12,36,臺中市,南屯區,0,0,0,7,,,40,,,,,,,,,,,,,,12,,,,,B01,,,1,,1,,,40,40,1,6,4,120.623679,24.149638,3
5485,66000,387130000C,(04)23274275,(04)23288582,2025,6,15,12,37,臺中市,太平區,0,2,0,7,2,6,50,4,2,1,5,4,6,6,1,1,5,5,5,1,17,2,9,1,1,C03,7,1,5,9,2,12,,51,51,1,6,4,120.719696,24.121245,2
5486,66000,387130000C,(04)23274275,(04)23288582,2025,6,15,12,38,臺中市,西屯區,0,0,0,7,,,60,,,,,,,,,,,,,,13,,,,,B03,,,1,,1,,,56,56,1,12,4,120.63981,24.168592,3
5487,66000,387130000C,(04)23274275,(04)23288582,2025,6,15,12,41,臺中市,太平區,0,0,0,7,,,50,,,,,,,,,,,,,,13,,,,,C03,,,1,,2,,,84,84,1,12,2,120.729425,24.135037,3
5488,66000,387130000C,(04)23274275,(04)23288582,2025,6,15,12,44,臺中市,南區,0,1,0,7,3,6,50,13,9,1,5,4,6,6,4,4,3,5,5,2,17,2,9,5,4,F02,7,9,7,21,2,11,,84,84,1,6,4,120.650118,24.120638,2
5489,66000,387130000C,(04)23274275,(04)23288582,2025,6,15,12,46,臺中市,西區,0,1,0,7,2,6,50,13,9,1,5,4,6,6,4,4,4,4,5,2,18,2,9,5,4,C03,7,9,1,10,2,14,,84,84,1,12,4,120.661453,24.142755,2
5490,66000,387130000C,(04)23274275,(04)23288582,2025,6,15,12,51,臺中市,大里區,0,2,0,7,2,6,50,13,9,1,5,4,6,6,4,4,5,5,5,2,17,2,9,1,1,C03,7,9,1,10,2,12,,84,84,1,13,4,120.694771,24.08768,2
5491,66000,387130000C,(04)23274275,(04)23288582,2025,6,15,12,57,臺中市,南屯區,0,0,0,7,3,6,50,13,9,1,5,4,6,6,4,4,5,5,5,2,14,,,,,B03,,,1,,2,,,49,49,1,12,4,120.632249,24.142134,3
5492,66000,387130000C,(04)23274275,(04)23288582,2025,6,15,13,2,臺中市,南屯區,0,1,0,7,3,6,50,13,9,1,5,4,6,6,1,1,5,5,4,2,9,3,10,3,1,B03,7,6,1,8,2,1,,10,10,1,12,4,120.649739,24.153601,2
5493,66000,387130000C,(04)23274275,(04)23288582,2025,6,15,13,3,臺中市,霧峰區,0,2,0,7,2,6,50,13,9,1,5,4,6,6,4,4,1,4,4,1,17,2,9,2,1,C03,7,6,1,10,2,11,,20,20,1,13,4,120.694432,24.050444,2
5494,66000,387130000C,(04)23274275,(04)23288582,2025,6,15,13,8,臺中市,西區,0,1,0,7,2,6,50,4,1,1,5,4,6,6,1,1,10,5,5,2,17,3,10,3,1,B03,7,5,1,8,2,5,,11,11,1,12,4,120.657453,24.144256,2
5495,66000,387130000C,(04)23274275,(04)23288582,2025,6,15,13,8,臺中市,西屯區,0,0,0,7,,,40,,,,,,,,,,,,,,13,,,,,C03,,,1,,1,,,7,7,1,12,4,120.653155,24.160469,3
5496,66000,387130000C,(04)23274275,(04)23288582,2025,6,15,13,10,臺中市,南屯區,0,1,0,7,2,6,50,13,9,1,5,4,6,6,4,4,4,3,4,2,12,3,10,2,4,C03,7,8,1,10,2,13,,40,40,1,13,4,120.645716,24.129528,2
5497,66000,387130000C,(04)23274275,(04)23288582,2025,6,15,13,14,臺中市,北屯區,0,0,0,7,,,50,,,,,,,,,,,,,,13,,,,,B03,,,6,,1,,,59,59,1,6,4,120.66035,24.193025,3
5498,66000,387130000C,(04)23274275,(04)23288582,2025,6,15,13,17,臺中市,大雅區,0,2,0,7,2,6,50,13,9,1,5,4,6,6,4,4,9,5,5,1,27,2,7,3,1,B03,7,9,1,8,2,1,,84,84,1,13,4,120.672724,24.229964,2
5499,66000,387130000C,(04)23274275,(04)23288582,2025,6,15,13,22,臺中市,西區,0,0,0,7,,,50,,,,,,,,,,,,,,,,,,,B03,,,1,,1,,,49,49,1,13,4,120.66774,24.13095,3
5500,66000,387130000C,(04)23274275,(04)23288582,2025,6,15,13,25,臺中市,大甲區,0,0,0,7,,,50,,,,,,,,,,,,,,12,,,,,B03,,,1,,1,,,84,84,1,13,4,120.630409,24.346133,3
5501,66000,387130000C,(04)23274275,(04)23288582,2025,6,15,13,28,臺中市,太平區,0,0,0,7,,,30,,,,,,,,,,,,,,,,,,,B03,,,1,,2,,,84,84,1,12,4,120.721366,24.148619,3
5502,66000,387130000C,(04)23274275,(04)23288582,2025,6,15,13,34,臺中市,梧棲區,0,0,0,7,,,50,,,,,,,,,,,,,,17,,,,,B03,,,1,,1,,,51,51,1,12,4,120.549215,24.248138,3
5503,66000,387130000C,(04)23274275,(04)23288582,2025,6,15,13,35,臺中市,南區,0,0,0,7,,,50,,,,,,,,,,,,,,17,,,,,B03,,,1,,1,,,84,84,1,12,4,120.66999,24.119723,3
5504,66000,387130000C,(04)23274275,(04)23288582,2025,6,15,13,39,臺中市,西屯區,0,1,0,7,2,6,50,4,1,1,5,4,6,6,2,1,3,4,5,1,13,2,9,1,1,C03,7,9,1,9,2,11,,7,7,1,12,4,120.641103,24.173546,2
5505,66000,387130000C,(04)23274275,(04)23288582,2025,6,15,13,39,臺中市,霧峰區,0,1,0,7,3,6,50,3,2,1,5,4,6,6,1,1,10,5,5,2,13,3,10,3,1,B03,7,9,1,8,2,1,,7,7,1,12,4,120.688183,24.044996,2
5506,66000,387130000C,(04)23274275,(04)23288582,2025,6,15,13,40,臺中市,南屯區,0,0,0,7,,,40,,,,,,,,,,,,,,,,,,,B02,,,1,,1,,,51,51,1,6,4,120.635191,24.150169,3
5507,66000,387130000C,(04)23274275,(04)23288582,2025,6,15,13,40,臺中市,北屯區,0,1,0,7,3,6,50,5,1,1,5,4,6,6,1,1,10,5,5,2,17,3,10,3,1,B03,7,5,1,8,2,5,,47,47,1,12,4,120.686251,24.188697,2
5508,66000,387130000C,(04)23274275,(04)23288582,2025,6,15,13,45,臺中市,北屯區,0,0,0,7,,,30,,,,,,,,,,,,,,9,,,,,B03,,,1,,9,,,87,87,1,6,4,120.668164,24.19331,3
5509,66000,387130000C,(04)23274275,(04)23288582,2025,6,15,13,45,臺中市,龍井區,0,1,0,7,2,6,30,13,9,1,5,4,6,6,4,4,10,5,5,2,19,2,9,2,1,C03,7,9,1,10,2,12,,59,59,1,6,4,120.568697,24.19499,2
5510,66000,387130000C,(04)23274275,(04)23288582,2025,6,15,13,46,臺中市,西區,0,1,0,7,3,6,50,3,2,1,5,4,6,6,4,4,5,4,5,2,13,3,10,3,1,B03,7,9,1,8,2,1,,84,84,1,6,4,120.673908,24.147399,2