序號,縣市別代碼,機關代碼,市話,傳真,年,月,日,時,分,縣市,區,死亡數量,受傷數量,2-30,天候,道路照明設備,道路類別,道路速限,道路型態,事故位置,路面鋪裝,路面狀態,路面缺陷,障礙物,視距,號誌種類,號誌動作,分向設施,快車道或一般車道間,快慢車道間,路面邊線,事故類型及型態,受傷程度,主要傷處,保護裝備,行動電話或功能裝置,當事者區分(類別),車輛用途,當事者行動狀態,駕照狀態,駕照種類,飲酒情形,車輛撞擊部位最初,車輛撞擊部位其他,肇事因素個別,肇事因素主要,肇事逃逸,職業,共享經濟或外送平台,GPS座標X,GPS座標Y,事故類別
5511,66000,387130000C,(04)23274275,(04)23288582,2025,6,15,13,48,臺中市,太平區,0,6,0,7,2,3,80,13,9,1,5,4,6,6,4,4,1,3,5,1,13,3,10,3,1,B03,7,9,1,8,2,1,3,7,7,1,12,4,120.717034,24.155134,2
5512,66000,387130000C,(04)23274275,(04)23288582,2025,6,15,13,50,臺中市,霧峰區,0,1,0,7,2,6,60,4,1,1,5,4,6,6,1,1,10,5,5,1,17,3,10,3,1,B03,7,6,1,8,2,6,,11,11,1,13,4,120.691951,24.041142,2
5513,66000,387130000C,(04)23274275,(04)23288582,2025,6,15,13,51,臺中市,西區,0,1,0,7,3,6,50,4,1,1,5,4,6,6,2,1,10,5,5,2,15,3,10,3,1,B03,7,9,1,8,2,1,,84,84,1,13,4,120.678,24.134074,2
5514,66000,387130000C,(04)23274275,(04)23288582,2025,6,15,13,52,臺中市,豐原區,0,1,0,7,3,6,50,4,1,1,5,4,6,6,1,1,5,4,4,2,16,3,10,5,4,B03,7,5,1,8,2,6,,47,47,1,12,4,120.721575,24.248965,2
5515,66000,387130000C,(04)23274275,(04)23288582,2025,6,15,13,53,臺中市,南屯區,0,0,0,7,,,50,,,,,,,,,,,,,,,,,,,B03,,,1,,1,,,7,7,1,12,4,120.638391,24.151464,3
5516,66000,387130000C,(04)23274275,(04)23288582,2025,6,15,14,2,臺中市,南區,0,0,0,7,,,50,,,,,,,,,,,,,,13,,,,,B03,,,1,,2,,,56,56,1,6,4,120.654919,24.10896,3
5517,66000,387130000C,(04)23274275,(04)23288582,2025,6,15,14,9,臺中市,南區,0,2,0,7,3,6,50,5,9,1,5,4,6,6,1,1,3,5,5,2,16,3,10,5,4,B03,7,6,1,8,2,5,,20,20,1,6,4,120.679293,24.125653,2
5518,66000,387130000C,(04)23274275,(04)23288582,2025,6,15,14,9,臺中市,東區,0,0,0,7,,,50,,,,,,,,,,,,,,,,,,,C03,,,1,,1,,,84,84,1,13,4,120.705846,24.148064,3
5519,66000,387130000C,(04)23274275,(04)23288582,2025,6,15,14,14,臺中市,東區,0,2,0,7,2,6,50,3,1,1,5,4,6,6,4,4,10,5,5,2,16,2,9,1,1,C03,7,8,1,10,2,14,,40,40,1,12,4,120.689243,24.141451,2
5520,66000,387130000C,(04)23274275,(04)23288582,2025,6,15,14,17,臺中市,北區,0,0,0,7,,,50,,,,,,,,,,,,,,12,,,,,C03,,,3,,2,,,42,42,1,13,4,120.685172,24.166052,3
5521,66000,387130000C,(04)23274275,(04)23288582,2025,6,15,14,20,臺中市,龍井區,0,0,0,7,,,40,,,,,,,,,,,,,,,,,,,B12,,,1,,2,,,49,49,1,12,4,120.526938,24.217647,3
5522,66000,387130000C,(04)23274275,(04)23288582,2025,6,15,14,22,臺中市,沙鹿區,0,0,0,7,,,50,,,,,,,,,,,,,,17,,,,,B03,,,1,,2,,,84,84,1,6,4,120.569786,24.257054,3
5523,66000,387130000C,(04)23274275,(04)23288582,2025,6,15,14,25,臺中市,神岡區,0,0,0,7,,,30,,,,,,,,,,,,,,9,,,,,B03,,,1,,1,,,87,87,1,12,4,120.698783,24.253378,4
5524,66000,387130000C,(04)23274275,(04)23288582,2025,6,15,14,27,臺中市,沙鹿區,0,4,0,7,2,6,50,3,2,1,5,4,6,6,4,4,10,5,5,2,13,2,9,2,1,C03,7,9,2,19,2,11,,7,7,1,4,4,120.55472,24.225848,2
5525,66000,387130000C,(04)23274275,(04)23288582,2025,6,15,14,33,臺中市,東區,0,2,0,7,3,6,50,4,1,1,5,4,6,6,4,4,5,5,5,2,15,2,9,2,1,C03,7,9,3,19,2,12,,13,13,1,13,4,120.706045,24.143293,2
5526,66000,387130000C,(04)23274275,(04)23288582,2025,6,15,14,34,臺中市,北區,0,1,0,7,2,6,50,3,2,1,5,4,6,6,4,4,5,2,4,2,17,2,9,1,1,C03,7,1,1,10,2,12,,51,51,1,12,4,120.665541,24.156372,2
5527,66000,387130000C,(04)23274275,(04)23288582,2025,6,15,14,39,臺中市,西區,0,1,0,7,3,6,50,3,1,1,5,4,6,6,4,4,10,5,5,2,17,3,10,3,1,B03,7,5,1,8,2,2,,14,14,1,13,4,120.670246,24.151176,2
5528,66000,387130000C,(04)23274275,(04)23288582,2025,6,15,14,45,臺中市,太平區,0,1,0,7,2,6,30,11,9,1,5,4,6,6,4,4,5,5,5,1,18,2,9,1,1,C03,7,9,1,10,2,12,,84,84,1,6,4,120.808065,24.095749,2
5529,66000,387130000C,(04)23274275,(04)23288582,2025,6,15,14,48,臺中市,東區,0,0,0,7,,,50,,,,,,,,,,,,,,13,,,,,C03,,,1,,2,,,7,7,1,6,4,120.694453,24.151108,3
5530,66000,387130000C,(04)23274275,(04)23288582,2025,6,15,14,50,臺中市,北區,0,3,0,7,2,6,50,13,9,1,5,4,6,6,4,4,1,4,5,1,16,2,9,1,1,C03,7,5,1,11,2,12,,20,20,1,12,4,120.681613,24.163042,2
5531,66000,387130000C,(04)23274275,(04)23288582,2025,6,15,14,58,臺中市,大里區,0,0,0,7,,,40,,,,,,,,,,,,,,13,,,,,B03,,,1,,2,,,7,7,1,13,4,120.69267,24.102954,3
5532,66000,387130000C,(04)23274275,(04)23288582,2025,6,15,15,0,臺中市,后里區,0,0,0,7,,,50,,,,,,,,,,,,,,,,,,,B03,,,1,,1,,,49,49,1,6,4,120.716357,24.306128,3
5533,66000,387130000C,(04)23274275,(04)23288582,2025,6,15,15,3,臺中市,西區,0,1,0,7,3,6,50,4,1,1,5,4,6,6,4,4,10,5,5,2,15,2,9,1,1,C03,7,9,1,10,2,12,,15,15,1,13,4,120.663725,24.13107,2
5534,66000,387130000C,(04)23274275,(04)23288582,2025,6,15,15,11,臺中市,清水區,0,0,0,7,,,60,,,,,,,,,,,,,,,,,,,B03,,,1,,2,,,7,7,1,12,4,120.562233,24.272144,3
5535,66000,387130000C,(04)23274275,(04)23288582,2025,6,15,15,19,臺中市,北屯區,0,1,0,7,2,6,50,13,9,1,5,4,6,6,4,4,10,5,5,2,13,2,9,5,4,C03,7,9,1,10,2,12,,1,1,1,12,4,120.680365,24.1726,2
5536,66000,387130000C,(04)23274275,(04)23288582,2025,6,15,15,19,臺中市,太平區,0,1,0,7,3,6,50,5,2,1,5,4,6,6,1,1,10,5,5,2,16,3,10,3,1,B03,7,1,1,8,2,8,,51,51,1,12,4,120.73393,24.156025,2
5537,66000,387130000C,(04)23274275,(04)23288582,2025,6,15,15,20,臺中市,北屯區,0,0,0,7,,,30,,,,,,,,,,,,,,,,,,,B03,,,1,,2,,,84,84,1,13,4,120.714327,24.171756,3
5538,66000,387130000C,(04)23274275,(04)23288582,2025,6,15,15,25,臺中市,西屯區,0,0,0,7,,,40,,,,,,,,,,,,,,13,,,,,C03,,,1,,1,,,59,59,1,12,4,120.657166,24.163191,3
5539,66000,387130000C,(04)23274275,(04)23288582,2025,6,15,15,34,臺中市,和平區,0,0,0,7,,,40,,,,,,,,,,,,,,30,,,,,H03,,,1,,10,,,112,112,1,6,5,120.92169,24.325157,3
5540,66000,387130000C,(04)23274275,(04)23288582,2025,6,15,15,35,臺中市,北屯區,0,0,0,7,,,50,,,,,,,,,,,,,,17,,,,,C03,,,1,,1,,,39,39,1,12,4,120.720696,24.174503,3
5541,66000,387130000C,(04)23274275,(04)23288582,2025,6,15,15,40,臺中市,南屯區,0,0,0,7,,,40,,,,,,,,,,,,,,13,,,,,B03,,,1,,2,,,7,7,1,6,4,120.634148,24.151307,3
5542,66000,387130000C,(04)23274275,(04)23288582,2025,6,15,15,40,臺中市,烏日區,0,0,0,5,2,6,30,13,7,1,5,4,6,6,4,4,1,4,5,2,12,3,10,3,1,B03,7,7,1,7,1,5,,39,39,1,6,4,120.617391,24.110223,3
5543,66000,387130000C,(04)23274275,(04)23288582,2025,6,15,15,44,臺中市,北屯區,0,1,0,7,3,6,50,4,1,1,5,4,6,6,1,1,10,5,5,2,16,3,10,2,1,C03,7,9,1,10,2,16,,21,21,1,6,4,120.713777,24.161336,2
5544,66000,387130000C,(04)23274275,(04)23288582,2025,6,15,15,48,臺中市,西屯區,0,0,0,7,,,40,,,,,,,,,,,,,,,,,,,B03,,,1,,1,,,81,81,1,12,4,120.638526,24.160036,3
5545,66000,387130000C,(04)23274275,(04)23288582,2025,6,15,15,56,臺中市,太平區,0,0,0,7,2,6,50,4,1,1,5,4,6,6,2,1,1,2,1,2,16,3,10,3,1,B12,7,5,1,8,2,5,,38,38,1,6,4,120.717044,24.156757,3
5546,66000,387130000C,(04)23274275,(04)23288582,2025,6,15,16,1,臺中市,龍井區,0,1,0,7,2,6,40,4,1,1,5,4,6,6,1,1,10,5,5,2,17,2,9,1,1,C03,7,9,1,10,4,14,,25,25,1,6,4,120.575605,24.185021,2
5547,66000,387130000C,(04)23274275,(04)23288582,2025,6,15,16,4,臺中市,太平區,0,2,0,7,3,6,50,4,1,1,5,4,6,6,4,4,10,5,5,2,15,2,9,1,1,C03,7,9,1,10,2,14,,13,13,1,12,4,120.72213,24.106522,2
5548,66000,387130000C,(04)23274275,(04)23288582,2025,6,15,16,4,臺中市,烏日區,0,0,0,7,,,50,,,,,,,,,,,,,,17,,,,,A12,,,1,,2,,,8,8,1,6,4,120.64278,24.072904,3
5549,66000,387130000C,(04)23274275,(04)23288582,2025,6,15,16,6,臺中市,北屯區,0,1,0,7,2,6,50,3,1,1,5,4,6,6,4,4,10,5,5,2,17,2,9,1,1,C03,7,9,1,10,2,11,,41,41,1,12,4,120.666083,24.18571,2
5550,66000,387130000C,(04)23274275,(04)23288582,2025,6,15,16,7,臺中市,南區,0,0,0,7,,,50,,,,,,,,,,,,,,17,,,,,B03,,,1,,1,,,7,7,1,12,4,120.648816,24.111452,3
5551,66000,387130000C,(04)23274275,(04)23288582,2025,6,15,16,17,臺中市,大甲區,0,0,0,7,,,50,,,,,,,,,,,,,,,,,,,C03,,,1,,1,,,51,51,1,6,4,120.632125,24.355393,3
5552,66000,387130000C,(04)23274275,(04)23288582,2025,6,15,16,21,臺中市,大里區,0,0,0,7,,,50,,,,,,,,,,,,,,17,,,,,B03,,,1,,2,,,54,54,1,13,4,120.676038,24.116701,3
5553,66000,387130000C,(04)23274275,(04)23288582,2025,6,15,16,23,臺中市,大甲區,0,3,0,7,3,6,50,3,1,1,5,4,6,6,4,4,5,5,5,1,16,2,9,2,1,C03,7,4,1,10,2,12,14,84,84,1,6,4,120.626055,24.350129,2
5554,66000,387130000C,(04)23274275,(04)23288582,2025,6,15,16,25,臺中市,北屯區,0,0,0,7,,,0,,,,,,,,,,,,,,17,,,,,,,,,,,,,119,119,1,,,120.665794,24.182743,3
5555,66000,387130000C,(04)23274275,(04)23288582,2025,6,15,16,27,臺中市,西屯區,0,3,0,7,2,6,50,4,4,1,5,4,6,6,2,1,10,5,5,2,13,2,9,1,1,C03,7,9,1,10,2,11,,59,59,1,12,4,120.648294,24.167899,2
5556,66000,387130000C,(04)23274275,(04)23288582,2025,6,15,16,28,臺中市,南區,0,3,0,7,2,6,40,3,1,1,5,4,6,6,4,4,10,5,5,2,13,2,9,1,1,C03,7,9,1,10,2,11,,84,84,1,12,4,120.661491,24.116884,2
5557,66000,387130000C,(04)23274275,(04)23288582,2025,6,15,16,28,臺中市,西屯區,0,0,0,7,,,50,,,,,,,,,,,,,,13,,,,,B03,,,1,,1,,,59,59,1,13,4,120.630444,24.165219,3
5558,66000,387130000C,(04)23274275,(04)23288582,2025,6,15,16,29,臺中市,北屯區,0,1,0,7,1,6,30,13,9,1,5,4,6,6,4,4,1,4,5,2,18,2,9,5,4,C03,7,1,1,10,2,14,,51,51,1,13,4,120.699721,24.176222,2
5559,66000,387130000C,(04)23274275,(04)23288582,2025,6,15,16,30,臺中市,西區,0,0,0,7,,,50,,,,,,,,,,,,,,17,,,,,B03,,,1,,1,,,84,84,1,12,4,120.68211,24.135711,3
5560,66000,387130000C,(04)23274275,(04)23288582,2025,6,15,16,31,臺中市,西屯區,0,0,0,7,,,40,,,,,,,,,,,,,,17,,,,,C03,,,1,,2,,,42,42,1,13,4,120.662138,24.165401,4
5561,66000,387130000C,(04)23274275,(04)23288582,2025,6,15,16,37,臺中市,南區,0,0,0,7,,,50,,,,,,,,,,,,,,2,,,,,B03,,,1,,1,,,84,84,1,12,4,120.681637,24.130838,3
5562,66000,387130000C,(04)23274275,(04)23288582,2025,6,15,16,37,臺中市,太平區,0,1,0,7,2,6,40,11,9,1,5,4,6,6,4,4,10,5,5,1,13,2,8,1,1,C03,7,9,1,10,2,11,,7,7,1,12,4,120.729125,24.140932,2
5563,66000,387130000C,(04)23274275,(04)23288582,2025,6,15,16,44,臺中市,龍井區,0,0,0,7,,,50,,,,,,,,,,,,,,,,,,,B03,,,1,,2,,,6,6,1,12,4,120.523448,24.201427,3
5564,66000,387130000C,(04)23274275,(04)23288582,2025,6,15,16,44,臺中市,梧棲區,0,1,0,7,2,6,30,13,14,1,5,4,6,6,4,4,5,4,5,1,17,2,9,6,1,F01,7,9,7,21,1,11,,84,84,1,2,4,120.534509,24.256931,2
5565,66000,387130000C,(04)23274275,(04)23288582,2025,6,15,16,46,臺中市,太平區,0,3,0,7,3,6,30,11,9,1,5,4,6,6,4,4,4,5,5,1,18,2,9,1,1,C03,7,5,1,10,2,14,,84,84,1,12,4,120.819352,24.078155,2
5566,66000,387130000C,(04)23274275,(04)23288582,2025,6,15,16,48,臺中市,西屯區,0,0,0,7,,,30,,,,,,,,,,,,,,15,,,,,C03,,,1,,1,,,15,15,1,12,4,120.643319,24.180167,3
5567,66000,387130000C,(04)23274275,(04)23288582,2025,6,15,16,53,臺中市,后里區,0,0,0,7,,,50,,,,,,,,,,,,,,,,,,,B03,,,1,,2,,,14,14,1,6,4,120.70377,24.297964,3
5568,66000,387130000C,(04)23274275,(04)23288582,2025,6,15,16,56,臺中市,東區,0,0,0,7,,,50,,,,,,,,,,,,,,17,,,,,C03,,,1,,1,,,50,50,1,12,4,120.693024,24.134762,3
5569,66000,387130000C,(04)23274275,(04)23288582,2025,6,15,17,0,臺中市,北屯區,0,0,0,7,,,50,,,,,,,,,,,,,,17,,,,,B03,,,1,,2,,,51,51,1,12,4,120.708466,24.186561,3
5570,66000,387130000C,(04)23274275,(04)23288582,2025,6,15,17,7,臺中市,西區,0,0,0,7,,,50,,,,,,,,,,,,,,,,,,,C03,,,1,,9,,,84,84,1,13,4,120.661422,24.154196,3
5571,66000,387130000C,(04)23274275,(04)23288582,2025,6,15,17,8,臺中市,太平區,0,1,0,7,3,6,30,11,9,1,5,4,6,6,4,4,4,5,5,1,18,2,9,1,1,C03,7,5,3,19,2,12,,84,84,1,12,4,120.815886,24.090766,2
5572,66000,387130000C,(04)23274275,(04)23288582,2025,6,15,17,10,臺中市,南區,0,0,0,7,,,50,,,,,,,,,,,,,,13,,,,,B03,,,1,,1,,,82,82,1,13,4,120.669796,24.114738,3
5573,66000,387130000C,(04)23274275,(04)23288582,2025,6,15,17,10,臺中市,北屯區,0,1,0,7,3,6,50,5,1,1,5,4,6,6,1,1,10,5,5,2,3,3,10,2,1,F01,7,9,7,21,2,11,,21,21,1,6,4,120.681685,24.17266,2
5574,66000,387130000C,(04)23274275,(04)23288582,2025,6,15,17,13,臺中市,太平區,0,0,0,7,,,50,,,,,,,,,,,,,,12,,,,,C02,,,1,,2,,,84,84,1,12,4,120.733183,24.150526,3
5575,66000,387130000C,(04)23274275,(04)23288582,2025,6,15,17,14,臺中市,南區,0,2,0,7,2,6,50,4,1,1,5,4,6,6,4,4,10,5,5,2,15,2,9,1,1,C03,7,9,1,10,2,11,,15,15,1,12,2,120.682539,24.12566,2
5576,66000,387130000C,(04)23274275,(04)23288582,2025,6,15,17,16,臺中市,北屯區,0,0,0,7,,,50,,,,,,,,,,,,,,17,,,,,C01,,,1,,1,,,35,35,1,12,4,120.721341,24.18012,3
5577,66000,387130000C,(04)23274275,(04)23288582,2025,6,15,17,17,臺中市,西屯區,0,2,0,7,2,6,30,4,1,1,5,4,6,6,4,4,5,5,5,2,15,2,9,2,1,C03,7,9,1,10,2,14,,12,12,1,12,4,120.644274,24.180545,2
5578,66000,387130000C,(04)23274275,(04)23288582,2025,6,15,17,24,臺中市,東區,0,0,0,7,,,50,,,,,,,,,,,,,,9,,,,,B03,,,1,,1,,,51,51,1,12,4,120.709028,24.145441,3
5579,66000,387130000C,(04)23274275,(04)23288582,2025,6,15,17,24,臺中市,西屯區,0,0,0,7,,,50,,,,,,,,,,,,,,13,,,,,C03,,,1,,2,,,7,7,1,12,4,120.653455,24.198483,3
5580,66000,387130000C,(04)23274275,(04)23288582,2025,6,15,17,25,臺中市,大雅區,0,1,0,7,2,6,30,3,2,1,5,4,6,6,4,4,9,5,5,2,16,3,10,3,1,B03,7,6,1,8,2,1,,14,14,1,13,4,120.633595,24.227532,2
5581,66000,387130000C,(04)23274275,(04)23288582,2025,6,15,17,25,臺中市,南區,0,0,0,7,,,50,,,,,,,,,,,,,,17,,,,,B03,,,1,,2,,,50,50,1,12,4,120.675675,24.125549,3
5582,66000,387130000C,(04)23274275,(04)23288582,2025,6,15,17,28,臺中市,西區,0,0,0,7,,,50,,,,,,,,,,,,,,,,,,,B03,,,1,,1,,,51,51,1,13,4,120.664027,24.151383,3
5583,66000,387130000C,(04)23274275,(04)23288582,2025,6,15,17,29,臺中市,大里區,0,0,0,7,,,30,,,,,,,,,,,,,,14,,,,,B03,,,1,,2,,,49,49,1,6,4,120.680518,24.115261,3
5584,66000,387130000C,(04)23274275,(04)23288582,2025,6,15,17,32,臺中市,西屯區,0,1,0,7,2,6,50,13,9,1,5,4,6,6,4,4,1,4,5,2,12,2,8,5,4,C03,7,7,1,10,2,11,,40,40,1,13,4,120.624287,24.182242,2
5585,66000,387130000C,(04)23274275,(04)23288582,2025,6,15,17,38,臺中市,烏日區,0,1,0,7,2,6,50,12,8,1,5,4,6,6,4,4,1,4,1,2,18,2,9,5,4,F01,7,9,7,21,2,11,,84,84,1,12,4,120.651132,24.105981,2
5586,66000,387130000C,(04)23274275,(04)23288582,2025,6,15,17,40,臺中市,大安區,0,1,0,7,3,6,50,4,1,1,5,4,6,6,1,1,10,5,5,2,17,3,10,5,4,B03,7,5,1,8,2,6,,11,11,1,6,4,120.603463,24.360925,2
5587,66000,387130000C,(04)23274275,(04)23288582,2025,6,15,17,42,臺中市,后里區,0,0,0,7,2,6,50,3,2,1,5,4,6,6,1,1,1,2,4,1,13,3,10,3,1,B03,7,9,1,8,2,1,,7,7,1,12,4,120.723503,24.298126,3
5588,66000,387130000C,(04)23274275,(04)23288582,2025,6,15,17,50,臺中市,西屯區,0,0,0,7,,,50,,,,,,,,,,,,,,35,,,,,C03,,,3,,1,,,84,84,1,13,4,120.64408,24.175827,3
5589,66000,387130000C,(04)23274275,(04)23288582,2025,6,15,17,55,臺中市,大雅區,0,0,0,7,,,30,,,,,,,,,,,,,,,,,,,B03,,,1,,2,,,20,20,1,13,4,120.66724,24.239525,3
5590,66000,387130000C,(04)23274275,(04)23288582,2025,6,15,17,55,臺中市,大甲區,0,0,0,7,,,50,,,,,,,,,,,,,,14,,,,,B03,,,1,,1,,,49,49,1,6,4,120.620225,24.346973,3
5591,66000,387130000C,(04)23274275,(04)23288582,2025,6,15,18,4,臺中市,豐原區,0,1,0,7,2,6,50,4,4,1,5,4,6,6,1,1,5,5,5,2,13,3,10,3,1,B03,7,9,1,8,2,3,,84,84,1,13,4,120.706129,24.250152,2
5592,66000,387130000C,(04)23274275,(04)23288582,2025,6,15,18,7,臺中市,大雅區,0,1,0,7,2,6,30,4,1,1,5,4,6,6,4,4,10,5,5,1,16,3,10,4,1,F01,7,6,7,21,2,13,,14,14,1,13,4,120.646786,24.23512,2
5593,66000,387130000C,(04)23274275,(04)23288582,2025,6,15,18,7,臺中市,大安區,0,0,0,7,,,40,,,,,,,,,,,,,,9,,,,,B03,,,1,,2,,,84,84,1,13,4,120.586424,24.345827,3
5594,66000,387130000C,(04)23274275,(04)23288582,2025,6,15,18,8,臺中市,南區,0,0,0,7,,,50,,,,,,,,,,,,,,12,,,,,B03,,,1,,2,,,20,20,1,12,4,120.655247,24.12377,3
5595,66000,387130000C,(04)23274275,(04)23288582,2025,6,15,18,11,臺中市,太平區,0,1,0,7,2,6,50,5,1,1,5,4,6,6,2,1,10,5,5,2,16,3,10,3,1,B03,7,5,1,8,2,2,,22,22,1,12,4,120.712977,24.143405,2
5596,66000,387130000C,(04)23274275,(04)23288582,2025,6,15,18,15,臺中市,西區,0,0,0,7,,,50,,,,,,,,,,,,,,,,,,,B03,,,1,,1,,,49,49,1,12,4,120.663766,24.132007,3
5597,66000,387130000C,(04)23274275,(04)23288582,2025,6,15,18,18,臺中市,太平區,0,1,0,7,3,6,30,11,9,1,5,4,6,6,4,4,4,5,5,1,18,2,9,1,1,C03,7,5,1,10,2,12,,5,5,1,12,4,120.816383,24.087966,2
5598,66000,387130000C,(04)23274275,(04)23288582,2025,6,15,18,18,臺中市,外埔區,0,1,0,7,2,6,50,13,9,1,5,4,6,6,4,4,5,5,5,1,18,2,9,1,1,C03,7,9,1,10,8,12,,59,59,1,12,4,120.675353,24.34387,2
5599,66000,387130000C,(04)23274275,(04)23288582,2025,6,15,18,19,臺中市,后里區,0,0,0,7,2,6,50,3,9,1,5,4,6,6,4,4,5,4,5,2,17,3,10,3,1,B03,7,5,1,8,2,6,,84,84,1,12,4,120.701245,24.325333,3
5600,66000,387130000C,(04)23274275,(04)23288582,2025,6,15,18,24,臺中市,新社區,0,1,0,7,3,6,40,3,1,1,5,4,6,6,1,1,5,4,4,1,12,2,9,5,4,F03,7,9,7,21,2,14,,84,84,1,13,4,120.806766,24.238722,2
5601,66000,387130000C,(04)23274275,(04)23288582,2025,6,15,18,29,臺中市,南屯區,0,0,0,7,,,50,,,,,,,,,,,,,,17,,,,,B03,,,1,,1,,,76,76,1,13,4,120.645455,24.151151,3
5602,66000,387130000C,(04)23274275,(04)23288582,2025,6,15,18,33,臺中市,南區,0,0,0,7,,,50,,,,,,,,,,,,,,3,,,,,B03,,,1,,2,,,10,10,1,13,4,120.657269,24.116791,4
5603,66000,387130000C,(04)23274275,(04)23288582,2025,6,15,18,33,臺中市,西屯區,0,0,0,7,,,60,,,,,,,,,,,,,,12,,,,,B03,,,1,,1,,,39,39,1,12,4,120.62904,24.163157,3
5604,66000,387130000C,(04)23274275,(04)23288582,2025,6,15,18,40,臺中市,烏日區,0,1,0,7,1,6,40,13,9,1,5,4,6,6,1,1,1,4,5,2,13,2,4,1,1,C03,7,9,1,10,2,11,,7,7,1,13,4,120.619132,24.110791,2
5605,66000,387130000C,(04)23274275,(04)23288582,2025,6,15,18,45,臺中市,西區,0,2,0,7,1,6,50,4,2,1,5,4,6,6,1,1,9,4,5,2,13,2,8,1,1,F03,7,12,7,21,2,12,,7,7,1,12,4,120.655083,24.140025,2
5606,66000,387130000C,(04)23274275,(04)23288582,2025,6,15,18,51,臺中市,西區,0,0,0,7,,,50,,,,,,,,,,,,,,,,,,,B01,,,1,,1,,,84,84,1,13,4,120.661687,24.146708,3
5607,66000,387130000C,(04)23274275,(04)23288582,2025,6,15,18,55,臺中市,北區,0,0,0,7,,,50,,,,,,,,,,,,,,17,,,,,B03,,,1,,1,,,49,49,1,13,4,120.681122,24.158451,3
5608,66000,387130000C,(04)23274275,(04)23288582,2025,6,15,18,59,臺中市,西屯區,0,2,0,7,1,6,30,13,9,1,5,4,6,6,4,4,10,5,5,2,17,2,7,2,1,C03,7,9,1,10,2,13,,87,87,1,12,4,120.644738,24.175612,2
5609,66000,387130000C,(04)23274275,(04)23288582,2025,6,15,19,0,臺中市,西屯區,0,0,0,7,,,50,,,,,,,,,,,,,,12,,,,,C03,,,1,,2,,,59,59,1,12,4,120.666949,24.17664,3
5610,66000,387130000C,(04)23274275,(04)23288582,2025,6,15,19,0,臺中市,太平區,0,1,0,7,1,6,50,3,2,1,5,4,6,6,4,4,9,4,5,1,17,3,10,3,1,B03,7,9,1,8,2,1,,7,7,1,12,4,120.719104,24.125092,2
5611,66000,387130000C,(04)23274275,(04)23288582,2025,6,15,19,2,臺中市,太平區,0,0,0,7,,,50,,,,,,,,,,,,,,17,,,,,B11,,,1,,2,,,8,8,1,6,4,120.714598,24.141278,3
5612,66000,387130000C,(04)23274275,(04)23288582,2025,6,15,19,8,臺中市,北區,0,2,0,7,1,6,50,4,1,1,5,4,6,6,2,1,10,5,5,2,17,2,9,5,4,C03,7,6,1,10,2,14,,48,48,1,13,4,120.677416,24.165293,2
5613,66000,387130000C,(04)23274275,(04)23288582,2025,6,15,19,10,臺中市,南屯區,0,0,0,7,,,50,,,,,,,,,,,,,,,,,,,B03,,,1,,2,,,7,7,1,6,4,120.636709,24.142299,3
5614,66000,387130000C,(04)23274275,(04)23288582,2025,6,15,19,13,臺中市,南區,0,0,0,7,,,50,,,,,,,,,,,,,,13,,,,,B03,,,1,,2,,,84,84,1,12,4,120.653534,24.122801,3
5615,66000,387130000C,(04)23274275,(04)23288582,2025,6,15,19,19,臺中市,沙鹿區,0,1,0,7,1,6,50,3,1,1,5,4,6,6,3,1,10,5,5,2,16,3,10,2,1,C03,7,6,1,10,2,11,,48,48,1,6,4,120.564521,24.238511,2
5616,66000,387130000C,(04)23274275,(04)23288582,2025,6,15,19,24,臺中市,大里區,0,0,0,7,,,30,,,,,,,,,,,,,,16,,,,,C03,,,1,,2,,,14,14,1,13,4,120.679009,24.096488,3
5617,66000,387130000C,(04)23274275,(04)23288582,2025,6,15,19,24,臺中市,大里區,0,1,0,7,1,6,50,3,2,1,5,4,6,6,1,1,5,5,5,1,13,2,8,1,1,C03,7,9,1,10,2,11,,7,7,1,12,4,120.70076,24.088841,2
5618,66000,387130000C,(04)23274275,(04)23288582,2025,6,15,19,26,臺中市,太平區,0,0,0,7,,,30,,,,,,,,,,,,,,,,,,,C03,,,1,,2,,,6,6,1,12,4,120.730666,24.14293,3
5619,66000,387130000C,(04)23274275,(04)23288582,2025,6,15,19,27,臺中市,北屯區,0,0,0,7,,,50,,,,,,,,,,,,,,,,,,,C03,,,1,,1,,,7,7,1,13,4,120.740012,24.178871,4
5620,66000,387130000C,(04)23274275,(04)23288582,2025,6,15,19,30,臺中市,霧峰區,0,0,0,7,,,50,,,,,,,,,,,,,,,,,,,B12,,,1,,11,,,8,8,1,12,4,120.696916,24.062665,3
5621,66000,387130000C,(04)23274275,(04)23288582,2025,6,15,19,31,臺中市,烏日區,0,0,0,7,1,6,50,13,14,1,5,4,6,6,4,4,9,5,5,1,30,3,10,3,1,B03,7,15,1,8,2,5,,83,83,1,6,4,120.64483,24.05852,3
5622,66000,387130000C,(04)23274275,(04)23288582,2025,6,15,19,32,臺中市,大肚區,0,0,0,6,,,50,,,,,,,,,,,,,,,,,,,B03,,,1,,2,,,49,49,1,6,4,120.544941,24.157745,3
5623,66000,387130000C,(04)23274275,(04)23288582,2025,6,15,19,35,臺中市,北屯區,0,0,0,7,,,50,,,,,,,,,,,,,,12,,,,,B03,,,1,,2,,,40,40,1,12,4,120.670689,24.19982,3