序號,縣市別代碼,機關代碼,市話,傳真,年,月,日,時,分,縣市,區,死亡數量,受傷數量,2-30,天候,道路照明設備,道路類別,道路速限,道路型態,事故位置,路面鋪裝,路面狀態,路面缺陷,障礙物,視距,號誌種類,號誌動作,分向設施,快車道或一般車道間,快慢車道間,路面邊線,事故類型及型態,受傷程度,主要傷處,保護裝備,行動電話或功能裝置,當事者區分(類別),車輛用途,當事者行動狀態,駕照狀態,駕照種類,飲酒情形,車輛撞擊部位最初,車輛撞擊部位其他,肇事因素個別,肇事因素主要,肇事逃逸,職業,共享經濟或外送平台,GPS座標X,GPS座標Y,事故類別
5624,66000,387130000C,(04)23274275,(04)23288582,2025,6,15,19,36,臺中市,北區,0,0,0,7,1,6,50,4,4,1,5,4,6,6,1,1,2,4,5,2,12,3,10,1,1,C03,7,9,1,10,2,12,,7,7,1,12,4,120.682554,24.146182,3
5625,66000,387130000C,(04)23274275,(04)23288582,2025,6,15,19,50,臺中市,沙鹿區,0,0,0,7,,,50,,,,,,,,,,,,,,17,,,,,B03,,,1,,2,,,50,50,1,12,4,120.563795,24.247203,3
5626,66000,387130000C,(04)23274275,(04)23288582,2025,6,15,19,51,臺中市,北屯區,0,0,0,7,,,50,,,,,,,,,,,,,,17,,,,,B03,,,1,,1,,,40,40,1,12,4,120.664063,24.185579,3
5627,66000,387130000C,(04)23274275,(04)23288582,2025,6,15,19,53,臺中市,大里區,0,0,0,7,,,30,,,,,,,,,,,,,,14,,,,,B03,,,1,,2,,,49,49,1,6,4,120.667004,24.093396,3
5628,66000,387130000C,(04)23274275,(04)23288582,2025,6,15,19,55,臺中市,南屯區,0,0,0,7,,,50,,,,,,,,,,,,,,,,,,,B03,,,1,,1,,,8,8,1,12,4,120.642563,24.140449,3
5629,66000,387130000C,(04)23274275,(04)23288582,2025,6,15,20,2,臺中市,龍井區,0,0,0,7,,,40,,,,,,,,,,,,,,,,,,,B03,,,1,,1,,,59,59,1,6,4,120.53516,24.220112,3
5630,66000,387130000C,(04)23274275,(04)23288582,2025,6,15,20,4,臺中市,北屯區,0,1,0,7,1,6,50,4,1,1,5,4,6,6,2,1,10,5,5,2,17,3,10,3,1,B03,7,11,1,8,2,4,,45,45,1,13,4,120.696119,24.167805,2
5631,66000,387130000C,(04)23274275,(04)23288582,2025,6,15,20,5,臺中市,南屯區,0,0,0,7,,,50,,,,,,,,,,,,,,,,,,,B02,,,1,,9,,,50,50,1,12,4,120.643927,24.131156,3
5632,66000,387130000C,(04)23274275,(04)23288582,2025,6,15,20,10,臺中市,南區,0,1,0,7,1,6,50,4,1,1,5,4,6,6,1,1,9,4,4,2,17,3,10,3,1,B03,7,5,1,8,2,2,,47,47,1,12,4,120.679201,24.127259,2
5633,66000,387130000C,(04)23274275,(04)23288582,2025,6,15,20,12,臺中市,南區,0,0,0,7,,,50,,,,,,,,,,,,,,12,,,,,B03,,,1,,1,,,8,8,1,13,4,120.684801,24.13086,4
5634,66000,387130000C,(04)23274275,(04)23288582,2025,6,15,20,16,臺中市,東區,0,0,0,7,,,50,,,,,,,,,,,,,,13,,,,,B03,,,1,,1,,,84,84,1,12,4,120.693103,24.133332,3
5635,66000,387130000C,(04)23274275,(04)23288582,2025,6,15,20,17,臺中市,大里區,0,0,0,7,,,60,,,,,,,,,,,,,,13,,,,,B02,,,1,,2,,,40,40,1,13,1,120.661838,24.108964,3
5636,66000,387130000C,(04)23274275,(04)23288582,2025,6,15,20,20,臺中市,東區,0,2,0,7,1,6,50,4,1,1,5,4,6,6,1,1,10,5,5,2,13,3,10,3,1,B03,7,9,1,8,2,8,,84,84,1,12,4,120.689799,24.132911,2
5637,66000,387130000C,(04)23274275,(04)23288582,2025,6,15,20,34,臺中市,大甲區,0,2,0,7,1,6,40,4,9,1,5,4,6,6,4,4,6,3,5,1,10,2,9,1,1,F03,7,15,7,21,2,11,,48,48,1,12,4,120.618187,24.348527,2
5638,66000,387130000C,(04)23274275,(04)23288582,2025,6,15,20,39,臺中市,西區,0,1,0,7,3,6,50,3,1,1,5,4,6,6,2,1,10,5,5,2,3,2,9,1,1,C03,7,6,1,10,2,11,,10,10,1,13,4,120.669812,24.146865,2
5639,66000,387130000C,(04)23274275,(04)23288582,2025,6,15,20,39,臺中市,西區,0,0,0,7,,,40,,,,,,,,,,,,,,,,,,,B03,,,1,,9,,,84,84,1,12,4,120.669989,24.138051,3
5640,66000,387130000C,(04)23274275,(04)23288582,2025,6,15,20,44,臺中市,西屯區,0,0,0,7,,,50,,,,,,,,,,,,,,30,,,,,B03,,,1,,2,,,59,59,1,13,4,120.606253,24.15724,3
5641,66000,387130000C,(04)23274275,(04)23288582,2025,6,15,20,59,臺中市,東區,0,0,0,7,,,50,,,,,,,,,,,,,,9,,,,,B03,,,1,,1,,,7,7,1,12,4,120.694457,24.147985,3
5642,66000,387130000C,(04)23274275,(04)23288582,2025,6,15,21,1,臺中市,西區,0,1,0,6,1,6,50,3,4,1,5,4,6,6,2,1,5,2,5,2,13,3,10,5,1,B03,7,9,1,8,2,1,,84,84,1,6,4,120.669806,24.146727,2
5643,66000,387130000C,(04)23274275,(04)23288582,2025,6,15,21,8,臺中市,大雅區,0,0,0,7,,,60,,,,,,,,,,,,,,,,,,,B03,,,1,,2,,,40,40,1,13,4,120.646684,24.223,3
5644,66000,387130000C,(04)23274275,(04)23288582,2025,6,15,21,8,臺中市,大雅區,0,1,0,7,1,6,40,13,8,1,5,4,6,6,4,4,1,5,4,2,6,3,10,3,1,B03,7,9,1,8,2,5,,87,87,1,11,4,120.654863,24.220911,2
5645,66000,387130000C,(04)23274275,(04)23288582,2025,6,15,21,8,臺中市,潭子區,0,0,0,7,,,50,,,,,,,,,,,,,,,,,,,C03,,,1,,2,,,51,51,1,13,4,120.701669,24.211663,3
5646,66000,387130000C,(04)23274275,(04)23288582,2025,6,15,21,15,臺中市,豐原區,0,0,0,7,,,50,,,,,,,,,,,,,,14,,,,,B03,,,1,,2,,,50,50,1,13,4,120.72032,24.251759,3
5647,66000,387130000C,(04)23274275,(04)23288582,2025,6,15,21,18,臺中市,霧峰區,0,0,0,7,,,40,,,,,,,,,,,,,,,,,,,B03,,,1,,2,,,47,47,1,13,4,120.664713,24.064359,3
5648,66000,387130000C,(04)23274275,(04)23288582,2025,6,15,21,20,臺中市,西區,0,0,0,7,,,30,,,,,,,,,,,,,,17,,,,,B03,,,1,,2,,,84,84,1,12,4,120.657495,24.155448,3
5649,66000,387130000C,(04)23274275,(04)23288582,2025,6,15,21,27,臺中市,西屯區,0,0,0,7,,,40,,,,,,,,,,,,,,13,,,,,C03,,,1,,1,,,7,7,1,12,4,120.593044,24.183185,4
5650,66000,387130000C,(04)23274275,(04)23288582,2025,6,15,21,30,臺中市,西區,0,0,0,7,,,50,,,,,,,,,,,,,,13,,,,,C03,,,1,,1,,,7,7,1,12,4,120.674373,24.137219,3
5651,66000,387130000C,(04)23274275,(04)23288582,2025,6,15,21,33,臺中市,烏日區,0,0,0,7,,,50,,,,,,,,,,,,,,12,,,,,B03,,,1,,1,,,40,40,1,12,4,120.618724,24.115942,3
5652,66000,387130000C,(04)23274275,(04)23288582,2025,6,15,21,36,臺中市,東區,0,1,0,7,1,6,50,4,1,1,5,4,6,6,1,1,10,5,5,2,16,2,9,2,1,C03,7,6,1,10,2,14,,48,48,1,6,4,120.697168,24.135159,2
5653,66000,387130000C,(04)23274275,(04)23288582,2025,6,15,21,38,臺中市,大里區,0,0,0,7,,,50,,,,,,,,,,,,,,17,,,,,B03,,,1,,2,,,50,50,1,6,4,120.688746,24.110938,3
5654,66000,387130000C,(04)23274275,(04)23288582,2025,6,15,21,38,臺中市,豐原區,0,0,0,7,,,40,,,,,,,,,,,,,,10,,,,,C03,,,1,,2,,,39,39,1,13,4,120.753842,24.261893,3
5655,66000,387130000C,(04)23274275,(04)23288582,2025,6,15,21,45,臺中市,大里區,0,1,0,7,1,6,50,4,1,1,5,4,6,6,1,1,10,5,5,2,3,3,10,3,1,B03,7,6,1,8,2,4,,10,10,1,13,4,120.68633,24.103907,2
5656,66000,387130000C,(04)23274275,(04)23288582,2025,6,15,21,49,臺中市,潭子區,0,2,0,7,1,6,50,3,1,1,5,4,6,6,3,1,10,5,5,2,17,2,9,2,1,C03,7,1,1,10,2,14,,51,51,1,11,4,120.692682,24.215907,2
5657,66000,387130000C,(04)23274275,(04)23288582,2025,6,15,21,54,臺中市,南區,0,2,0,7,1,6,50,4,2,1,5,4,6,6,1,1,5,5,4,2,13,3,10,1,1,C03,7,9,1,10,2,11,,59,59,1,12,4,120.683669,24.130333,2
5658,66000,387130000C,(04)23274275,(04)23288582,2025,6,15,21,57,臺中市,北區,0,2,0,7,2,6,50,18,24,1,5,4,6,6,4,4,10,5,5,2,17,2,9,5,4,C03,7,9,2,19,2,11,,7,7,1,13,4,120.681989,24.1592,2
5659,66000,387130000C,(04)23274275,(04)23288582,2025,6,15,21,58,臺中市,北區,0,0,0,7,,,50,,,,,,,,,,,,,,,,,,,B03,,,1,,2,,,11,11,1,13,4,120.685643,24.154199,3
5660,66000,387130000C,(04)23274275,(04)23288582,2025,6,15,21,59,臺中市,北區,0,0,0,7,,,50,,,,,,,,,,,,,,17,,,,,B03,,,6,,1,,,85,85,1,13,4,120.671302,24.167048,4
5661,66000,387130000C,(04)23274275,(04)23288582,2025,6,15,22,0,臺中市,大肚區,0,1,0,7,1,6,60,13,7,1,5,4,6,6,4,4,1,4,4,1,13,3,10,3,1,B03,7,9,1,8,2,5,,7,7,1,6,4,120.542327,24.169065,2
5662,66000,387130000C,(04)23274275,(04)23288582,2025,6,15,22,5,臺中市,太平區,0,0,0,7,,,50,,,,,,,,,,,,,,,,,,,B03,,,1,,2,,,14,14,1,6,4,120.710824,24.126359,3
5663,66000,387130000C,(04)23274275,(04)23288582,2025,6,15,22,6,臺中市,西屯區,0,0,0,7,,,50,,,,,,,,,,,,,,20,,,,,B03,,,1,,2,,,84,84,1,12,4,120.646076,24.190758,3
5664,66000,387130000C,(04)23274275,(04)23288582,2025,6,15,22,18,臺中市,東區,0,2,0,7,1,6,50,4,1,1,5,4,6,6,1,1,10,5,5,2,18,2,9,2,1,C03,7,9,1,10,2,15,,84,84,1,12,4,120.708917,24.135554,2
5665,66000,387130000C,(04)23274275,(04)23288582,2025,6,15,22,26,臺中市,北區,0,1,0,7,1,6,50,13,7,1,5,4,6,6,4,4,3,4,4,2,30,2,9,5,4,C03,7,9,1,10,2,11,,59,59,1,13,4,120.687707,24.146334,2
5666,66000,387130000C,(04)23274275,(04)23288582,2025,6,15,22,26,臺中市,梧棲區,0,1,0,7,1,6,50,3,1,1,5,4,6,6,4,4,1,4,4,2,16,3,10,3,1,B03,7,5,1,8,2,5,,20,20,1,6,4,120.536404,24.259072,2
5667,66000,387130000C,(04)23274275,(04)23288582,2025,6,15,22,34,臺中市,西屯區,0,0,0,7,,,50,,,,,,,,,,,,,,19,,,,,B02,,,1,,2,,,59,59,1,12,4,120.633215,24.173522,3
5668,66000,387130000C,(04)23274275,(04)23288582,2025,6,15,22,39,臺中市,北屯區,0,1,0,7,1,6,50,4,1,1,5,4,6,6,1,1,10,5,5,2,17,3,10,3,1,B03,7,5,1,8,2,5,,85,85,1,12,4,120.733425,24.160769,2
5669,66000,387130000C,(04)23274275,(04)23288582,2025,6,15,22,40,臺中市,北屯區,0,1,0,7,1,6,50,4,1,1,5,4,6,6,1,1,10,5,5,2,18,2,1,1,4,C04,7,9,1,10,2,14,,85,85,1,12,4,120.671342,24.189352,2
5670,66000,387130000C,(04)23274275,(04)23288582,2025,6,15,22,51,臺中市,沙鹿區,0,0,0,7,,,60,,,,,,,,,,,,,,13,,,,,B03,,,1,,1,,,7,7,1,6,4,120.569956,24.238173,3
5671,66000,387130000C,(04)23274275,(04)23288582,2025,6,15,23,9,臺中市,北區,0,1,0,7,1,6,50,4,1,1,5,4,6,6,2,1,1,5,5,2,17,3,10,3,1,B01,7,5,1,4,2,2,,20,20,1,6,4,120.682429,24.145896,2
5672,66000,387130000C,(04)23274275,(04)23288582,2025,6,15,23,17,臺中市,大里區,0,0,0,7,,,50,,,,,,,,,,,,,,13,,,,,B01,,,1,,2,,,84,84,1,12,4,120.69008,24.101144,3
5673,66000,387130000C,(04)23274275,(04)23288582,2025,6,15,23,29,臺中市,豐原區,0,1,0,7,1,6,50,13,7,1,5,4,6,6,4,4,1,4,5,2,18,2,9,1,1,C03,7,9,1,10,2,14,,84,84,1,13,4,120.707994,24.250414,2
5674,66000,387130000C,(04)23274275,(04)23288582,2025,6,15,23,39,臺中市,北區,0,0,0,7,,,50,,,,,,,,,,,,,,17,,,,,B03,,,1,,2,,,84,84,1,13,4,120.676797,24.15187,3
5675,66000,387130000C,(04)23274275,(04)23288582,2025,6,15,23,39,臺中市,南區,0,0,0,7,,,50,,,,,,,,,,,,,,13,,,,,B03,,,1,8,1,,,7,7,1,12,4,120.655075,24.114755,3
5676,66000,387130000C,(04)23274275,(04)23288582,2025,6,16,0,24,臺中市,西區,0,1,0,7,1,6,50,13,7,1,5,4,6,6,4,4,5,5,4,2,17,3,10,5,1,B03,7,6,1,8,2,8,,43,43,1,6,4,120.66356,24.156669,2
5677,66000,387130000C,(04)23274275,(04)23288582,2025,6,16,0,39,臺中市,北區,0,1,0,7,1,6,50,4,9,1,5,4,6,6,1,1,5,4,5,2,13,2,9,5,4,C03,7,12,1,10,2,12,,58,58,1,13,4,120.69061,24.156812,2
5678,66000,387130000C,(04)23274275,(04)23288582,2025,6,16,0,40,臺中市,北屯區,0,0,0,7,,,50,,,,,,,,,,,,,,,,,,,C03,,,1,,9,,,21,21,1,12,4,120.687477,24.170632,3
5679,66000,387130000C,(04)23274275,(04)23288582,2025,6,16,2,1,臺中市,西屯區,0,0,0,7,,,50,,,,,,,,,,,,,,,,,,,B03,,,1,,2,,,56,56,1,12,4,120.645437,24.172478,3
5680,66000,387130000C,(04)23274275,(04)23288582,2025,6,16,2,30,臺中市,西屯區,0,0,0,7,,,30,,,,,,,,,,,,,,12,,,,,B03,,,1,,1,,,59,59,1,12,4,120.644772,24.180049,3
5681,66000,387130000C,(04)23274275,(04)23288582,2025,6,16,2,45,臺中市,西屯區,0,1,0,7,1,6,40,3,1,1,5,4,6,6,4,4,10,5,5,2,16,3,10,3,1,B03,7,5,1,8,2,6,,47,47,1,12,4,120.636104,24.182324,2
5682,66000,387130000C,(04)23274275,(04)23288582,2025,6,16,2,46,臺中市,南屯區,0,1,0,7,2,6,50,13,8,1,5,4,6,6,4,4,1,4,1,2,12,3,10,2,1,C03,7,8,1,10,2,14,,84,84,1,13,4,120.639015,24.117665,2
5683,66000,387130000C,(04)23274275,(04)23288582,2025,6,16,2,59,臺中市,大雅區,0,0,0,7,,,60,,,,,,,,,,,,,,,,,,,B03,,,1,,2,,,84,84,1,13,4,120.647529,24.220992,3
5684,66000,387130000C,(04)23274275,(04)23288582,2025,6,16,6,5,臺中市,南屯區,0,1,0,5,3,6,30,13,9,1,4,4,6,6,4,4,10,5,5,2,17,2,9,1,1,C03,7,9,1,10,2,14,,6,6,1,12,4,120.639334,24.137603,2
5685,66000,387130000C,(04)23274275,(04)23288582,2025,6,16,6,10,臺中市,沙鹿區,0,0,0,5,2,6,60,4,7,1,4,4,6,6,1,1,1,3,1,2,13,,,,,B12,,,1,,2,,,7,7,1,12,4,120.571621,24.242324,3
5686,66000,387130000C,(04)23274275,(04)23288582,2025,6,16,6,24,臺中市,東區,0,1,0,5,3,6,50,4,1,1,4,4,6,6,1,1,10,5,5,2,16,3,10,5,4,B12,7,6,1,8,2,15,,48,48,1,12,4,120.699644,24.144665,2
5687,66000,387130000C,(04)23274275,(04)23288582,2025,6,16,6,30,臺中市,沙鹿區,0,1,0,5,2,6,50,4,9,1,4,4,6,6,1,1,4,5,5,2,18,2,9,2,1,C03,7,6,1,10,2,14,,84,84,1,12,4,120.562405,24.242348,2
5688,66000,387130000C,(04)23274275,(04)23288582,2025,6,16,6,39,臺中市,大甲區,0,1,0,7,3,6,30,4,9,1,5,4,6,6,4,4,6,5,5,2,15,2,9,1,1,C03,7,9,1,10,2,11,,15,15,1,12,4,120.632254,24.373785,2
5689,66000,387130000C,(04)23274275,(04)23288582,2025,6,16,6,40,臺中市,大雅區,0,1,0,5,2,6,50,4,2,1,4,4,6,6,2,1,5,2,5,1,30,2,9,2,1,C03,7,9,1,10,2,12,,84,84,1,13,4,120.654541,24.229538,2
5690,66000,387130000C,(04)23274275,(04)23288582,2025,6,16,6,58,臺中市,北屯區,0,0,0,7,,,50,,,,,,,,,,,,,,13,,,,,B03,,,1,,1,,,7,7,1,12,4,120.721811,24.181854,3
5691,66000,387130000C,(04)23274275,(04)23288582,2025,6,16,6,58,臺中市,西屯區,0,0,0,5,,,60,,,,,,,,,,,,,,12,,,,,B03,,,1,,2,,,8,8,1,12,4,120.613517,24.172724,3
5692,66000,387130000C,(04)23274275,(04)23288582,2025,6,16,7,2,臺中市,烏日區,0,1,0,5,2,6,50,13,9,1,4,4,6,6,4,4,1,4,5,1,18,2,9,2,2,C03,7,9,1,10,2,14,,58,58,1,6,4,120.634271,24.106457,2
5693,66000,387130000C,(04)23274275,(04)23288582,2025,6,16,7,7,臺中市,外埔區,0,1,0,5,2,6,40,3,2,1,4,4,6,6,4,4,5,4,4,1,18,2,9,1,1,C03,7,9,1,10,2,12,,59,59,1,12,4,120.643401,24.338346,2
5694,66000,387130000C,(04)23274275,(04)23288582,2025,6,16,7,10,臺中市,南區,0,1,0,5,1,6,50,13,8,1,4,4,6,6,4,4,1,4,4,2,17,3,10,3,1,B03,7,15,1,8,2,4,,76,76,1,12,4,120.679159,24.125326,2
5695,66000,387130000C,(04)23274275,(04)23288582,2025,6,16,7,14,臺中市,霧峰區,0,1,0,5,2,6,30,3,1,1,4,4,6,6,4,4,10,5,5,2,17,3,10,5,4,B03,7,5,1,8,2,16,,12,12,1,12,4,120.679196,24.064861,2
5696,66000,387130000C,(04)23274275,(04)23288582,2025,6,16,7,14,臺中市,太平區,0,0,0,5,,,50,,,,,,,,,,,,,,16,,,,,F01,,,7,,1,,,39,39,1,12,4,120.710678,24.140807,3
5697,66000,387130000C,(04)23274275,(04)23288582,2025,6,16,7,18,臺中市,大里區,0,0,0,5,,,50,,,,,,,,,,,,,,30,,,,,B12,,,1,,2,,,84,84,1,12,4,120.694148,24.090956,3
5698,66000,387130000C,(04)23274275,(04)23288582,2025,6,16,7,18,臺中市,烏日區,0,2,0,5,3,6,50,13,9,1,4,4,6,6,4,4,9,5,5,2,12,2,8,1,1,C03,7,9,1,10,2,14,,7,7,1,6,4,120.59638,24.110621,2
5699,66000,387130000C,(04)23274275,(04)23288582,2025,6,16,7,19,臺中市,南區,0,0,0,5,,,50,,,,,,,,,,,,,,,,,,,B03,,,1,,1,,,7,7,1,6,4,120.679144,24.126939,3
5700,66000,387130000C,(04)23274275,(04)23288582,2025,6,16,7,21,臺中市,西屯區,0,0,0,7,,,50,,,,,,,,,,,,,,13,,,,,B03,,,1,,1,,,7,7,1,12,4,120.656697,24.200623,3
5701,66000,387130000C,(04)23274275,(04)23288582,2025,6,16,7,24,臺中市,潭子區,0,0,0,5,,,50,,,,,,,,,,,,,,25,,,,,A11,,,1,,2,,,58,58,1,13,4,120.678351,24.203479,3
5702,66000,387130000C,(04)23274275,(04)23288582,2025,6,16,7,25,臺中市,北區,0,1,0,5,3,9,50,3,1,1,4,4,6,6,4,4,10,5,5,2,16,3,10,3,1,B03,7,5,1,8,2,2,,20,20,1,12,4,120.678134,24.163784,2
5703,66000,387130000C,(04)23274275,(04)23288582,2025,6,16,7,27,臺中市,北區,0,0,0,5,,,30,,,,,,,,,,,,,,14,,,,,B03,,,1,,1,,,49,49,1,12,4,120.671508,24.169504,3
5704,66000,387130000C,(04)23274275,(04)23288582,2025,6,16,7,28,臺中市,大里區,0,0,0,5,,,50,,,,,,,,,,,,,,16,,,,,B03,,,1,,2,,,11,11,1,13,4,120.69447,24.100344,3
5705,66000,387130000C,(04)23274275,(04)23288582,2025,6,16,7,29,臺中市,南屯區,0,1,0,5,1,6,50,4,1,1,4,4,6,6,2,1,1,2,1,2,17,2,9,5,4,C03,7,6,1,10,2,14,,36,36,1,13,4,120.623399,24.135649,2
5706,66000,387130000C,(04)23274275,(04)23288582,2025,6,16,7,30,臺中市,北區,0,1,0,5,2,6,50,13,9,1,4,4,6,6,4,4,1,5,5,2,13,2,8,1,1,C03,7,9,1,10,2,11,,59,59,1,12,4,120.681394,24.165519,2
5707,66000,387130000C,(04)23274275,(04)23288582,2025,6,16,7,30,臺中市,北屯區,0,1,0,5,3,6,40,13,8,1,4,4,6,6,4,4,9,5,4,2,17,3,10,3,1,B03,7,14,1,8,2,4,,76,76,1,13,4,120.689502,24.17066,2
5708,66000,387130000C,(04)23274275,(04)23288582,2025,6,16,7,32,臺中市,西屯區,0,1,0,5,2,6,50,4,1,1,4,4,6,6,2,1,9,5,5,2,11,3,10,5,4,B03,7,6,1,8,2,8,,11,11,1,12,4,120.641712,24.17826,2
5709,66000,387130000C,(04)23274275,(04)23288582,2025,6,16,7,33,臺中市,龍井區,0,1,0,6,3,6,50,4,1,1,5,4,6,6,1,1,10,5,4,2,17,3,10,3,1,B03,7,15,1,5,2,16,,22,22,1,8,4,120.546549,24.196605,2
5710,66000,387130000C,(04)23274275,(04)23288582,2025,6,16,7,34,臺中市,潭子區,0,1,0,5,2,6,50,13,9,1,4,4,6,6,4,4,1,4,5,1,17,2,9,2,1,C03,7,9,1,10,2,14,,84,84,1,13,4,120.710464,24.200988,2
5711,66000,387130000C,(04)23274275,(04)23288582,2025,6,16,7,35,臺中市,太平區,0,0,0,5,,,50,,,,,,,,,,,,,,17,,,,,B03,,,1,,2,,,84,84,1,12,4,120.715738,24.127294,3
5712,66000,387130000C,(04)23274275,(04)23288582,2025,6,16,7,36,臺中市,豐原區,0,0,0,5,,,60,,,,,,,,,,,,,,13,,,,,B12,,,1,,2,,,59,59,1,12,4,120.729763,24.243619,3
5713,66000,387130000C,(04)23274275,(04)23288582,2025,6,16,7,37,臺中市,南屯區,0,0,0,5,,,50,,,,,,,,,,,,,,13,,,,,B03,,,1,,1,,,7,7,1,12,4,120.597872,24.155393,3
5714,66000,387130000C,(04)23274275,(04)23288582,2025,6,16,7,38,臺中市,沙鹿區,0,1,0,5,2,6,50,3,1,1,4,4,6,6,1,1,5,4,4,2,16,3,10,3,1,B03,7,6,1,5,2,5,2,11,11,1,12,4,120.565417,24.201617,2
5715,66000,387130000C,(04)23274275,(04)23288582,2025,6,16,7,39,臺中市,北區,0,0,0,5,,,50,,,,,,,,,,,,,,13,,,,,B03,,,1,,1,,,59,59,1,12,4,120.670329,24.162636,3
5716,66000,387130000C,(04)23274275,(04)23288582,2025,6,16,7,40,臺中市,南屯區,0,0,0,5,,,60,,,,,,,,,,,,,,16,,,,,B03,,,1,,1,,,14,14,1,12,4,120.654573,24.137842,3
5717,66000,387130000C,(04)23274275,(04)23288582,2025,6,16,7,41,臺中市,北區,0,0,0,5,,,30,,,,,,,,,,,,,,14,,,,,B12,,,1,,2,,,59,59,1,12,4,120.695169,24.157812,3
5718,66000,387130000C,(04)23274275,(04)23288582,2025,6,16,7,41,臺中市,太平區,0,1,0,5,3,6,50,13,9,1,4,4,6,6,4,4,5,5,4,1,18,2,8,2,1,C02,7,5,1,9,2,12,,84,84,1,12,4,120.73113,24.150113,2
5719,66000,387130000C,(04)23274275,(04)23288582,2025,6,16,7,42,臺中市,梧棲區,0,1,0,5,3,6,40,3,1,1,4,4,6,6,4,4,1,4,5,2,17,2,9,1,1,C03,7,9,1,10,2,16,,87,87,1,6,4,120.541846,24.24821,2
5720,66000,387130000C,(04)23274275,(04)23288582,2025,6,16,7,43,臺中市,豐原區,0,1,0,5,3,6,50,18,24,1,4,4,6,6,4,4,5,5,4,2,17,2,9,1,4,C03,7,6,1,10,2,13,,48,48,1,12,4,120.699437,24.248034,2
5721,66000,387130000C,(04)23274275,(04)23288582,2025,6,16,7,44,臺中市,大雅區,0,1,0,5,3,6,60,13,7,1,4,4,6,6,4,4,5,2,4,1,17,3,10,3,1,A05,7,9,1,6,2,16,,94,94,1,12,4,120.646203,24.223053,2
5722,66000,387130000C,(04)23274275,(04)23288582,2025,6,16,7,44,臺中市,大雅區,0,1,0,5,2,6,50,3,2,1,4,4,6,6,4,4,5,5,5,1,13,2,9,2,1,C03,7,4,1,10,2,11,,1,1,1,13,4,120.603981,24.227575,2
5723,66000,387130000C,(04)23274275,(04)23288582,2025,6,16,7,44,臺中市,北區,0,1,0,5,2,6,50,4,1,1,4,4,6,6,1,1,10,5,5,2,17,3,10,5,4,B03,7,6,1,8,2,2,,11,11,1,12,4,120.692251,24.161431,2
5724,66000,387130000C,(04)23274275,(04)23288582,2025,6,16,7,45,臺中市,西屯區,0,1,0,7,1,6,50,4,1,1,5,4,6,6,2,1,10,5,5,2,3,,,,,,,21,,,,,,86,86,2,,,120.61582,24.190194,2
5725,66000,387130000C,(04)23274275,(04)23288582,2025,6,16,7,45,臺中市,太平區,0,0,0,5,,,50,,,,,,,,,,,,,,14,,,,,B03,,,1,,1,,,49,49,1,12,4,120.726627,24.152231,3
5726,66000,387130000C,(04)23274275,(04)23288582,2025,6,16,7,45,臺中市,龍井區,0,1,0,5,2,6,40,13,8,1,4,4,6,6,4,4,3,4,3,1,18,2,9,2,1,C03,7,9,1,10,2,14,,59,59,1,6,4,120.580143,24.19664,2
5727,66000,387130000C,(04)23274275,(04)23288582,2025,6,16,7,45,臺中市,清水區,0,1,0,5,3,6,50,11,9,1,4,4,6,6,4,4,10,4,5,2,18,2,9,2,1,C03,7,5,1,10,1,12,,84,84,1,12,4,120.580784,24.267969,2
5728,66000,387130000C,(04)23274275,(04)23288582,2025,6,16,7,46,臺中市,沙鹿區,0,1,0,5,3,6,40,3,8,1,4,4,6,6,4,4,3,4,3,1,18,2,9,2,1,C03,7,9,1,10,2,12,,87,87,1,5,4,120.570776,24.235829,2
5729,66000,387130000C,(04)23274275,(04)23288582,2025,6,16,7,46,臺中市,清水區,0,1,0,5,2,6,50,5,1,1,4,4,6,6,2,1,1,2,4,1,16,3,10,3,1,B03,7,5,1,8,2,2,,47,47,1,13,4,120.575168,24.27812,2
5730,66000,387130000C,(04)23274275,(04)23288582,2025,6,16,7,47,臺中市,南屯區,0,0,0,5,,,50,,,,,,,,,,,,,,13,,,,,C03,,,1,,1,,,7,7,1,6,4,120.646931,24.138532,3
5731,66000,387130000C,(04)23274275,(04)23288582,2025,6,16,7,47,臺中市,大里區,0,1,0,5,2,6,50,3,1,1,4,4,6,6,4,4,10,5,5,2,17,2,9,1,1,C03,7,9,1,10,2,12,,84,84,1,12,4,120.655191,24.088804,2
5732,66000,387130000C,(04)23274275,(04)23288582,2025,6,16,7,47,臺中市,沙鹿區,0,0,0,7,,,30,,,,,,,,,,,,,,15,,,,,B03,,,1,,2,,,12,12,1,12,4,120.567214,24.251837,3
5733,66000,387130000C,(04)23274275,(04)23288582,2025,6,16,7,48,臺中市,西屯區,0,0,0,5,,,50,,,,,,,,,,,,,,12,,,,,B03,,,1,,1,,,26,26,1,12,4,120.655755,24.199611,3
5734,66000,387130000C,(04)23274275,(04)23288582,2025,6,16,7,48,臺中市,清水區,0,0,0,6,,,30,,,,,,,,,,,,,,15,,,,,B03,,,1,,2,,,15,15,1,13,4,120.561939,24.275343,3
5735,66000,387130000C,(04)23274275,(04)23288582,2025,6,16,7,50,臺中市,沙鹿區,0,0,0,5,,,60,,,,,,,,,,,,,,13,,,,,B12,,,1,,2,,,7,7,1,12,4,120.585148,24.250087,3