序號,縣市別代碼,機關代碼,市話,傳真,年,月,日,時,分,縣市,區,死亡數量,受傷數量,2-30,天候,道路照明設備,道路類別,道路速限,道路型態,事故位置,路面鋪裝,路面狀態,路面缺陷,障礙物,視距,號誌種類,號誌動作,分向設施,快車道或一般車道間,快慢車道間,路面邊線,事故類型及型態,受傷程度,主要傷處,保護裝備,行動電話或功能裝置,當事者區分(類別),車輛用途,當事者行動狀態,駕照狀態,駕照種類,飲酒情形,車輛撞擊部位最初,車輛撞擊部位其他,肇事因素個別,肇事因素主要,肇事逃逸,職業,共享經濟或外送平台,GPS座標X,GPS座標Y,事故類別
5736,66000,387130000C,(04)23274275,(04)23288582,2025,6,16,7,51,臺中市,大雅區,0,1,0,5,2,6,60,3,2,1,4,4,6,6,2,1,1,4,4,1,17,3,10,3,1,A05,7,6,1,2,2,16,,85,85,1,13,4,120.647434,24.220989,2
5737,66000,387130000C,(04)23274275,(04)23288582,2025,6,16,7,51,臺中市,南屯區,0,0,0,5,,,50,,,,,,,,,,,,,,13,,,,,B03,,,1,,1,,,7,7,1,6,4,120.646913,24.155612,3
5738,66000,387130000C,(04)23274275,(04)23288582,2025,6,16,7,52,臺中市,大甲區,0,2,0,7,3,6,50,13,9,1,5,4,6,6,4,4,5,5,5,1,17,2,9,5,4,C03,7,6,1,10,2,11,,39,39,1,6,4,120.660768,24.376582,2
5739,66000,387130000C,(04)23274275,(04)23288582,2025,6,16,7,53,臺中市,西屯區,0,1,0,5,2,6,50,4,1,1,4,4,6,6,2,1,10,5,5,2,18,2,9,2,1,C03,7,9,1,10,2,16,,84,84,1,12,4,120.617498,24.185346,2
5740,66000,387130000C,(04)23274275,(04)23288582,2025,6,16,7,53,臺中市,豐原區,0,0,0,5,,,50,,,,,,,,,,,,,,17,,,,,B03,,,1,,2,,,34,34,1,12,4,120.721583,24.254624,3
5741,66000,387130000C,(04)23274275,(04)23288582,2025,6,16,7,55,臺中市,西區,0,0,0,5,,,50,,,,,,,,,,,,,,,,,,,B03,,,1,,2,,,49,49,1,12,4,120.676276,24.137099,3
5742,66000,387130000C,(04)23274275,(04)23288582,2025,6,16,7,56,臺中市,西屯區,0,1,0,5,2,6,50,3,2,1,4,4,6,6,4,4,10,5,5,2,13,3,10,5,4,B02,7,5,1,8,2,1,,58,58,1,12,4,120.629473,24.163279,2
5743,66000,387130000C,(04)23274275,(04)23288582,2025,6,16,7,56,臺中市,豐原區,0,1,0,6,3,6,50,5,1,1,4,4,6,6,1,1,5,5,4,2,17,2,9,1,4,C03,7,9,1,10,2,12,,84,84,1,12,4,120.715806,24.25453,2
5744,66000,387130000C,(04)23274275,(04)23288582,2025,6,16,7,58,臺中市,大里區,0,2,0,5,2,6,50,5,1,1,4,4,6,6,1,1,10,5,5,2,15,2,9,2,1,C03,7,9,1,10,2,11,,84,84,1,12,4,120.661977,24.108997,2
5745,66000,387130000C,(04)23274275,(04)23288582,2025,6,16,8,3,臺中市,大雅區,0,1,0,5,3,6,60,4,1,1,4,4,6,6,2,1,5,5,5,1,17,3,10,3,1,A05,7,9,1,2,2,16,,94,94,1,13,4,120.646571,24.222751,2
5746,66000,387130000C,(04)23274275,(04)23288582,2025,6,16,8,4,臺中市,北區,0,0,0,5,,,50,,,,,,,,,,,,,,12,,,,,B03,,,1,,1,,,40,40,1,12,4,120.672956,24.166709,3
5747,66000,387130000C,(04)23274275,(04)23288582,2025,6,16,8,4,臺中市,北屯區,0,0,0,5,,,50,,,,,,,,,,,,,,13,,,,,B03,,,1,,1,,,59,59,1,12,4,120.716055,24.182306,3
5748,66000,387130000C,(04)23274275,(04)23288582,2025,6,16,8,5,臺中市,中區,0,1,0,5,2,6,50,4,1,1,4,4,6,6,1,1,10,5,5,2,17,3,10,3,1,B03,7,5,1,8,2,5,,84,84,1,12,4,120.677538,24.142711,2
5749,66000,387130000C,(04)23274275,(04)23288582,2025,6,16,8,5,臺中市,南屯區,0,1,0,5,1,6,50,4,2,1,4,4,6,6,2,1,1,2,4,2,17,2,9,5,4,C03,7,7,1,10,2,14,,84,84,1,13,4,120.61653,24.153576,2
5750,66000,387130000C,(04)23274275,(04)23288582,2025,6,16,8,5,臺中市,西屯區,0,2,0,5,2,6,30,4,1,1,4,4,6,6,4,4,10,5,5,2,15,2,9,1,1,C03,7,9,1,10,2,12,,15,15,1,12,4,120.660265,24.166591,2
5751,66000,387130000C,(04)23274275,(04)23288582,2025,6,16,8,5,臺中市,石岡區,0,1,0,5,2,6,50,13,9,1,4,4,6,6,4,4,1,4,5,1,17,2,9,5,4,C03,7,9,1,10,2,11,,84,84,1,13,4,120.762909,24.277011,2
5752,66000,387130000C,(04)23274275,(04)23288582,2025,6,16,8,6,臺中市,西區,0,0,0,5,,,30,,,,,,,,,,,,,,,,,,,B03,,,1,,1,,,49,49,1,6,4,120.670343,24.13144,3
5753,66000,387130000C,(04)23274275,(04)23288582,2025,6,16,8,6,臺中市,大里區,0,0,0,5,,,50,,,,,,,,,,,,,,14,,,,,B03,,,1,,2,,,49,49,1,13,4,120.694519,24.100171,3
5754,66000,387130000C,(04)23274275,(04)23288582,2025,6,16,8,8,臺中市,北屯區,0,0,0,5,,,50,,,,,,,,,,,,,,13,,,,,C03,,,1,,1,,,7,7,1,6,4,120.686546,24.172227,3
5755,66000,387130000C,(04)23274275,(04)23288582,2025,6,16,8,9,臺中市,烏日區,0,1,0,5,2,6,70,4,1,1,4,4,6,6,1,1,10,5,5,2,2,3,10,5,4,B03,7,6,1,8,2,1,,10,10,1,10,4,120.600486,24.110638,2
5756,66000,387130000C,(04)23274275,(04)23288582,2025,6,16,8,11,臺中市,太平區,0,1,0,5,3,6,30,5,1,1,4,4,6,6,4,4,10,5,5,2,16,2,7,2,1,C03,7,6,1,10,2,11,,14,14,1,12,4,120.731579,24.111566,2
5757,66000,387130000C,(04)23274275,(04)23288582,2025,6,16,8,13,臺中市,烏日區,0,0,0,5,,,60,,,,,,,,,,,,,,13,,,,,B03,,,1,,1,,,84,84,1,6,4,120.648134,24.087146,3
5758,66000,387130000C,(04)23274275,(04)23288582,2025,6,16,8,14,臺中市,太平區,0,1,0,5,3,6,50,4,2,1,4,4,6,6,1,1,5,5,5,2,18,2,9,2,1,C03,7,9,1,10,2,14,,84,84,1,12,4,120.722525,24.142371,2
5759,66000,387130000C,(04)23274275,(04)23288582,2025,6,16,8,15,臺中市,西屯區,0,1,0,5,2,6,40,4,1,1,4,4,6,6,2,1,1,5,5,2,18,2,9,1,1,C03,7,9,1,10,2,14,,84,84,1,12,4,120.640845,24.167622,2
5760,66000,387130000C,(04)23274275,(04)23288582,2025,6,16,8,16,臺中市,北區,0,1,0,5,2,6,50,13,9,1,4,4,6,6,4,4,3,4,5,2,13,2,8,5,4,C03,7,9,1,9,2,11,,84,84,1,12,4,120.685227,24.163126,2
5761,66000,387130000C,(04)23274275,(04)23288582,2025,6,16,8,17,臺中市,大雅區,0,0,0,5,,,30,,,,,,,,,,,,,,,,,,,B03,,,1,,2,,,84,84,1,12,4,120.66286,24.220508,3
5762,66000,387130000C,(04)23274275,(04)23288582,2025,6,16,8,17,臺中市,西區,0,1,0,6,2,6,50,13,9,1,4,4,6,6,4,4,5,5,5,2,18,2,9,1,1,C03,7,9,1,10,2,14,,84,84,1,12,4,120.661683,24.161764,2
5763,66000,387130000C,(04)23274275,(04)23288582,2025,6,16,8,17,臺中市,烏日區,0,1,0,5,3,6,70,4,2,1,4,4,6,6,2,1,1,4,5,1,13,2,9,1,1,C03,7,12,1,10,2,11,14,7,7,1,12,4,120.603661,24.109596,2
5764,66000,387130000C,(04)23274275,(04)23288582,2025,6,16,8,18,臺中市,大甲區,0,0,0,7,,,40,,,,,,,,,,,,,,30,,,,,B03,,,1,,1,,,50,50,1,13,4,120.646149,24.408579,3
5765,66000,387130000C,(04)23274275,(04)23288582,2025,6,16,8,19,臺中市,大里區,0,2,0,5,2,6,50,4,1,1,4,4,6,6,4,4,10,5,5,2,10,2,9,1,1,C03,7,9,1,10,2,11,,12,12,1,12,4,120.680625,24.103874,2
5766,66000,387130000C,(04)23274275,(04)23288582,2025,6,16,8,20,臺中市,大里區,0,1,0,5,2,6,50,13,9,1,4,4,6,6,1,1,5,5,5,1,13,2,8,5,4,C03,7,9,1,10,2,11,,84,84,1,12,4,120.710385,24.083984,2
5767,66000,387130000C,(04)23274275,(04)23288582,2025,6,16,8,20,臺中市,沙鹿區,0,0,0,7,2,6,50,4,9,1,5,4,6,6,4,4,4,3,4,2,19,,,,,B12,,,1,,1,,,82,82,1,12,4,120.578742,24.214705,3
5768,66000,387130000C,(04)23274275,(04)23288582,2025,6,16,8,22,臺中市,西區,0,0,0,5,,,50,,,,,,,,,,,,,,,,,,,B03,,,1,,2,,,40,40,1,12,4,120.666117,24.140948,3
5769,66000,387130000C,(04)23274275,(04)23288582,2025,6,16,8,22,臺中市,西區,0,1,0,5,2,6,50,4,1,1,4,4,6,6,2,1,10,5,5,2,16,3,10,3,1,B03,7,5,1,8,2,5,,84,84,1,12,4,120.658939,24.150896,2
5770,66000,387130000C,(04)23274275,(04)23288582,2025,6,16,8,23,臺中市,沙鹿區,0,3,0,5,3,6,40,10,8,1,4,4,6,6,4,4,3,4,3,1,17,2,9,2,1,C03,7,9,1,10,2,13,,85,85,1,12,4,120.550696,24.216556,2
5771,66000,387130000C,(04)23274275,(04)23288582,2025,6,16,8,25,臺中市,南屯區,0,1,0,5,2,6,60,4,1,1,4,4,6,6,1,1,7,4,5,2,16,3,10,3,1,B03,7,6,1,8,2,8,,84,84,1,12,4,120.643879,24.136004,2
5772,66000,387130000C,(04)23274275,(04)23288582,2025,6,16,8,30,臺中市,中區,0,1,0,5,2,6,50,13,9,1,4,4,6,6,4,4,5,4,5,2,17,3,10,2,1,C03,7,6,1,10,2,12,,39,39,1,12,4,120.684437,24.137999,2
5773,66000,387130000C,(04)23274275,(04)23288582,2025,6,16,8,30,臺中市,沙鹿區,0,0,0,5,,,30,,,,,,,,,,,,,,13,,,,,B12,,,1,,1,,,7,7,1,12,4,120.582285,24.249778,3
5774,66000,387130000C,(04)23274275,(04)23288582,2025,6,16,8,32,臺中市,南屯區,0,0,0,5,,,30,,,,,,,,,,,,,,17,,,,,B03,,,1,,1,,,59,59,1,12,4,120.616394,24.153226,3
5775,66000,387130000C,(04)23274275,(04)23288582,2025,6,16,8,33,臺中市,沙鹿區,0,1,0,5,2,6,50,3,1,1,4,4,6,6,4,4,5,4,4,2,16,3,10,3,1,B03,7,6,1,8,2,8,,14,14,1,12,4,120.566119,24.234785,2
5776,66000,387130000C,(04)23274275,(04)23288582,2025,6,16,8,34,臺中市,西屯區,0,0,0,5,,,30,,,,,,,,,,,,,,14,,,,,B03,,,1,,2,,,49,49,1,12,4,120.64106,24.175453,3
5777,66000,387130000C,(04)23274275,(04)23288582,2025,6,16,8,39,臺中市,大里區,0,0,0,5,,,50,,,,,,,,,,,,,,16,,,,,B03,,,1,,2,,,84,84,1,12,4,120.70118,24.100283,3
5778,66000,387130000C,(04)23274275,(04)23288582,2025,6,16,8,40,臺中市,南屯區,0,0,0,5,,,50,,,,,,,,,,,,,,,,,,,B03,,,1,,1,,,11,11,1,6,4,120.653007,24.138905,3
5779,66000,387130000C,(04)23274275,(04)23288582,2025,6,16,8,40,臺中市,沙鹿區,0,0,0,5,2,6,50,3,9,1,4,4,6,6,1,3,4,3,5,2,13,,,,,B03,,,1,,2,,,7,7,1,12,4,120.567181,24.211625,3
5780,66000,387130000C,(04)23274275,(04)23288582,2025,6,16,8,43,臺中市,西屯區,0,0,0,5,2,6,50,13,9,1,4,4,6,6,4,4,1,4,5,2,13,,,,,B03,,,1,,2,,,7,7,1,12,4,120.647217,24.168605,3
5781,66000,387130000C,(04)23274275,(04)23288582,2025,6,16,8,43,臺中市,大甲區,0,0,0,7,,,50,,,,,,,,,,,,,,,,,,,C03,,,1,,1,,,7,7,1,6,4,120.60804,24.326358,4
5782,66000,387130000C,(04)23274275,(04)23288582,2025,6,16,8,44,臺中市,南屯區,0,0,0,5,,,40,,,,,,,,,,,,,,13,,,,,B03,,,1,,1,,,7,7,1,6,4,120.623786,24.151595,3
5783,66000,387130000C,(04)23274275,(04)23288582,2025,6,16,8,44,臺中市,西屯區,0,0,0,5,,,80,,,,,,,,,,,,,,12,,,,,B03,,,1,,1,,,40,40,1,12,4,120.633854,24.174647,3
5784,66000,387130000C,(04)23274275,(04)23288582,2025,6,16,8,45,臺中市,西區,0,2,0,5,3,9,0,18,21,4,4,4,6,6,4,4,10,5,5,2,10,2,8,1,1,C03,7,15,1,10,2,13,,39,39,1,6,4,120.660452,24.157034,2
5785,66000,387130000C,(04)23274275,(04)23288582,2025,6,16,8,45,臺中市,大里區,0,0,0,7,,,50,,,,,,,,,,,,,,,,,,,A42,,,1,,2,,,49,49,1,12,4,120.699471,24.114626,3
5786,66000,387130000C,(04)23274275,(04)23288582,2025,6,16,8,46,臺中市,北區,0,0,0,5,,,50,,,,,,,,,,,,,,13,,,,,B03,,,1,,1,,,7,7,1,13,4,120.676409,24.163381,3
5787,66000,387130000C,(04)23274275,(04)23288582,2025,6,16,8,49,臺中市,霧峰區,0,0,0,5,,,50,,,,,,,,,,,,,,13,,,,,B03,,,1,,2,,,7,7,1,12,4,120.685591,24.054046,4
5788,66000,387130000C,(04)23274275,(04)23288582,2025,6,16,8,50,臺中市,東區,0,1,0,5,3,6,50,13,8,1,4,4,6,6,1,1,5,5,4,2,17,3,10,3,1,B03,7,7,1,8,2,16,,40,40,1,6,4,120.699913,24.142778,2
5789,66000,387130000C,(04)23274275,(04)23288582,2025,6,16,8,50,臺中市,南屯區,0,1,0,5,3,6,50,13,9,1,4,4,6,6,4,4,5,5,5,2,9,3,10,5,4,C03,7,9,1,10,2,11,12,43,43,1,6,4,120.641338,24.138444,2
5790,66000,387130000C,(04)23274275,(04)23288582,2025,6,16,8,51,臺中市,太平區,0,1,0,5,3,6,50,4,1,1,4,4,6,6,1,1,5,5,4,1,18,2,9,2,1,C03,7,9,1,10,2,12,,84,84,1,12,4,120.7139,24.145009,2
5791,66000,387130000C,(04)23274275,(04)23288582,2025,6,16,8,52,臺中市,西區,0,0,0,5,,,50,,,,,,,,,,,,,,,,,,,B03,,,1,,2,,,84,84,1,12,4,120.66092,24.135158,3
5792,66000,387130000C,(04)23274275,(04)23288582,2025,6,16,8,52,臺中市,北屯區,0,0,0,5,,,30,,,,,,,,,,,,,,17,,,,,B03,,,1,,2,,,84,84,1,6,4,120.70037,24.179813,3
5793,66000,387130000C,(04)23274275,(04)23288582,2025,6,16,8,55,臺中市,西屯區,0,0,0,5,,,30,,,,,,,,,,,,,,12,,,,,B03,,,1,,2,,,8,8,1,12,4,120.661223,24.175131,3
5794,66000,387130000C,(04)23274275,(04)23288582,2025,6,16,8,55,臺中市,烏日區,0,1,0,5,2,6,0,13,21,4,4,4,6,6,4,4,10,5,5,2,17,2,8,5,4,C03,7,9,1,10,2,11,,84,84,1,5,4,120.61745,24.111763,2
5795,66000,387130000C,(04)23274275,(04)23288582,2025,6,16,8,55,臺中市,大甲區,0,1,0,7,2,6,50,3,1,1,5,4,6,6,4,4,5,5,4,2,16,2,9,2,1,C03,7,9,1,10,2,12,,39,39,1,6,4,120.625278,24.343701,2
5796,66000,387130000C,(04)23274275,(04)23288582,2025,6,16,8,56,臺中市,東區,0,0,0,5,,,50,,,,,,,,,,,,,,,,,,,B03,,,1,,1,,,7,7,1,6,4,120.70128,24.142716,3
5797,66000,387130000C,(04)23274275,(04)23288582,2025,6,16,8,59,臺中市,大雅區,0,0,0,6,,,30,,,,,,,,,,,,,,1,,,,,B03,,,1,,1,,,8,8,1,13,4,120.667087,24.204028,3
5798,66000,387130000C,(04)23274275,(04)23288582,2025,6,16,8,59,臺中市,南區,0,0,0,5,,,50,,,,,,,,,,,,,,13,,,,,A02,,,1,,1,,,84,84,1,12,4,120.679302,24.124943,3
5799,66000,387130000C,(04)23274275,(04)23288582,2025,6,16,9,0,臺中市,北區,0,1,0,7,2,6,50,13,9,1,4,4,6,6,4,4,8,3,5,2,18,2,9,2,1,C03,7,9,1,10,2,14,,84,84,1,13,4,120.682665,24.146831,2
5800,66000,387130000C,(04)23274275,(04)23288582,2025,6,16,9,2,臺中市,西屯區,0,0,0,5,,,80,,,,,,,,,,,,,,13,,,,,B13,,,1,,1,,,59,59,1,13,4,120.63397,24.17412,3
5801,66000,387130000C,(04)23274275,(04)23288582,2025,6,16,9,4,臺中市,北區,0,0,0,5,,,50,,,,,,,,,,,,,,13,,,,,B03,,,1,,1,,,59,59,1,12,4,120.67644,24.165615,3
5802,66000,387130000C,(04)23274275,(04)23288582,2025,6,16,9,5,臺中市,西屯區,0,0,0,5,,,50,,,,,,,,,,,,,,18,,,,,C03,,,1,,2,,,59,59,1,12,4,120.606247,24.161817,3
5803,66000,387130000C,(04)23274275,(04)23288582,2025,6,16,9,7,臺中市,南屯區,0,1,0,5,1,6,50,13,8,1,4,4,6,6,4,4,9,4,5,2,11,3,10,5,4,B03,7,6,1,8,2,8,,48,48,1,13,4,120.649085,24.153492,2
5804,66000,387130000C,(04)23274275,(04)23288582,2025,6,16,9,7,臺中市,西屯區,0,0,0,5,,,60,,,,,,,,,,,,,,13,,,,,B01,,,1,,1,,,59,59,1,12,4,120.638295,24.159312,3
5805,66000,387130000C,(04)23274275,(04)23288582,2025,6,16,9,13,臺中市,西區,0,0,0,5,,,30,,,,,,,,,,,,,,,,,,,B12,,,1,,2,,,84,84,1,12,4,120.662459,24.161519,3
5806,66000,387130000C,(04)23274275,(04)23288582,2025,6,16,9,15,臺中市,霧峰區,0,0,0,6,,,30,,,,,,,,,,,,,,17,,,,,B03,,,1,,2,,,51,51,1,6,4,120.693194,24.045234,3
5807,66000,387130000C,(04)23274275,(04)23288582,2025,6,16,9,20,臺中市,西區,0,1,0,5,2,6,50,4,1,1,4,4,6,6,4,4,10,5,5,2,17,3,10,3,1,B03,7,11,1,8,2,5,,45,45,1,12,4,120.658803,24.141564,2
5808,66000,387130000C,(04)23274275,(04)23288582,2025,6,16,9,20,臺中市,北屯區,0,1,0,5,2,6,50,13,9,1,4,4,6,6,4,4,1,4,4,2,18,2,8,1,1,C03,7,12,1,10,1,12,,84,84,1,6,4,120.720987,24.169003,2
5809,66000,387130000C,(04)23274275,(04)23288582,2025,6,16,9,20,臺中市,西屯區,0,0,0,5,,,50,,,,,,,,,,,,,,13,,,,,B01,,,1,,1,,,84,84,1,12,4,120.602874,24.18456,3
5810,66000,387130000C,(04)23274275,(04)23288582,2025,6,16,9,22,臺中市,西屯區,0,0,0,5,,,80,,,,,,,,,,,,,,13,,,,,B03,,,1,,1,,,7,7,1,12,4,120.648777,24.196881,3
5811,66000,387130000C,(04)23274275,(04)23288582,2025,6,16,9,22,臺中市,霧峰區,0,1,0,5,3,6,50,11,14,1,4,4,6,6,4,4,5,5,5,1,16,3,10,3,1,B03,7,5,1,8,2,2,,65,65,1,5,4,120.715149,24.073843,2
5812,66000,387130000C,(04)23274275,(04)23288582,2025,6,16,9,23,臺中市,北屯區,0,0,0,7,,,50,,,,,,,,,,,,,,9,,,,,B03,,,1,,1,,,84,84,1,6,4,120.7175,24.175504,3
5813,66000,387130000C,(04)23274275,(04)23288582,2025,6,16,9,23,臺中市,太平區,0,0,0,5,,,80,,,,,,,,,,,,,,20,,,,,A12,,,1,,2,,,84,84,1,12,4,120.714272,24.148696,3
5814,66000,387130000C,(04)23274275,(04)23288582,2025,6,16,9,24,臺中市,大雅區,0,1,0,5,3,6,30,4,2,1,4,4,6,6,3,1,5,2,5,1,17,3,10,3,1,B03,7,6,1,8,2,8,,11,11,1,12,4,120.656872,24.222751,2
5815,66000,387130000C,(04)23274275,(04)23288582,2025,6,16,9,25,臺中市,太平區,0,0,0,7,,,80,,,,,,,,,,,,,,,,,,,A41,,,1,,1,,,43,43,1,12,4,120.71772,24.159294,3
5816,66000,387130000C,(04)23274275,(04)23288582,2025,6,16,9,26,臺中市,西屯區,0,1,0,5,2,6,50,13,8,1,4,4,6,6,4,4,1,4,5,2,5,2,9,5,4,C03,7,9,1,10,2,11,,59,59,1,13,4,120.63922,24.189346,2
5817,66000,387130000C,(04)23274275,(04)23288582,2025,6,16,9,28,臺中市,南屯區,0,0,0,5,,,50,,,,,,,,,,,,,,17,,,,,,,,,,,,,119,119,1,,,120.635711,24.143383,3
5818,66000,387130000C,(04)23274275,(04)23288582,2025,6,16,9,30,臺中市,南屯區,0,0,0,5,,,50,,,,,,,,,,,,,,17,,,,,B03,,,1,,2,,,50,50,1,12,4,120.617182,24.151624,3
5819,66000,387130000C,(04)23274275,(04)23288582,2025,6,16,9,34,臺中市,外埔區,0,1,0,7,2,6,50,13,8,1,5,4,6,6,4,4,5,4,4,1,16,3,10,3,1,B03,7,5,1,8,2,2,,20,20,1,12,4,120.661562,24.323936,2
5820,66000,387130000C,(04)23274275,(04)23288582,2025,6,16,9,36,臺中市,大里區,0,0,0,5,,,50,,,,,,,,,,,,,,17,,,,,C03,,,5,,2,,,14,14,1,13,4,120.683566,24.103038,3
5821,66000,387130000C,(04)23274275,(04)23288582,2025,6,16,9,37,臺中市,潭子區,0,0,0,6,,,50,,,,,,,,,,,,,,13,,,,,B12,,,1,,2,,,7,7,1,13,4,120.721817,24.198057,3
5822,66000,387130000C,(04)23274275,(04)23288582,2025,6,16,9,39,臺中市,豐原區,0,0,0,7,,,50,,,,,,,,,,,,,,13,,,,,B03,,,1,,1,,,84,84,1,12,4,120.704099,24.249771,3
5823,66000,387130000C,(04)23274275,(04)23288582,2025,6,16,9,40,臺中市,神岡區,0,1,0,7,2,6,50,13,9,1,5,4,6,6,1,1,1,2,5,2,13,2,9,1,1,C03,7,8,1,10,2,11,,84,84,1,12,4,120.693897,24.232441,2
5824,66000,387130000C,(04)23274275,(04)23288582,2025,6,16,9,43,臺中市,北屯區,0,1,0,5,3,6,50,13,9,1,4,4,6,6,4,4,5,4,5,2,18,2,9,2,1,C03,7,9,1,10,2,14,,43,43,1,13,4,120.680281,24.189342,2
5825,66000,387130000C,(04)23274275,(04)23288582,2025,6,16,9,45,臺中市,南屯區,0,0,0,5,,,40,,,,,,,,,,,,,,17,,,,,B02,,,1,,9,,,87,87,1,6,4,120.644538,24.143639,3
5826,66000,387130000C,(04)23274275,(04)23288582,2025,6,16,9,51,臺中市,西屯區,0,1,0,5,2,6,50,3,1,1,4,4,6,6,4,4,10,5,5,2,16,2,9,1,1,C03,7,9,3,19,1,11,,34,34,1,13,4,120.661256,24.172675,2
5827,66000,387130000C,(04)23274275,(04)23288582,2025,6,16,9,53,臺中市,北屯區,0,2,0,5,2,6,50,13,9,1,4,4,6,6,4,4,1,4,5,2,13,2,9,5,4,C03,7,9,1,9,2,11,,7,7,1,12,4,120.693462,24.185576,2
5828,66000,387130000C,(04)23274275,(04)23288582,2025,6,16,9,54,臺中市,中區,0,0,0,5,,,50,,,,,,,,,,,,,,,,,,,B03,,,1,,1,,,39,39,1,6,4,120.679867,24.139342,3
5829,66000,387130000C,(04)23274275,(04)23288582,2025,6,16,9,58,臺中市,西屯區,0,1,0,5,1,6,50,5,1,1,4,1,6,6,1,1,10,5,5,2,18,2,9,1,1,C03,7,9,1,10,2,12,,59,59,1,12,4,120.658794,24.1761,2
5830,66000,387130000C,(04)23274275,(04)23288582,2025,6,16,9,59,臺中市,大里區,0,0,0,7,,,50,,,,,,,,,,,,,,30,,,,,B12,,,1,,2,,,84,84,1,12,4,120.69675,24.090389,3
5831,66000,387130000C,(04)23274275,(04)23288582,2025,6,16,10,2,臺中市,中區,0,0,0,5,,,50,,,,,,,,,,,,,,,,,,,B12,,,1,,2,,,84,84,1,12,4,120.680358,24.139184,3
5832,66000,387130000C,(04)23274275,(04)23288582,2025,6,16,10,3,臺中市,太平區,0,0,0,7,,,50,,,,,,,,,,,,,,,,,,,B03,,,1,,1,,,84,84,1,12,4,120.711341,24.159074,3
5833,66000,387130000C,(04)23274275,(04)23288582,2025,6,16,10,5,臺中市,南區,0,0,0,7,1,6,50,13,7,1,5,4,6,6,4,4,1,4,4,2,13,3,10,3,1,B03,7,9,1,8,1,1,,84,84,1,12,4,120.670194,24.115884,3
5834,66000,387130000C,(04)23274275,(04)23288582,2025,6,16,10,10,臺中市,北屯區,0,0,0,5,,,50,,,,,,,,,,,,,,13,,,,,B12,,,1,,1,,,84,84,1,6,4,120.698076,24.170349,3
5835,66000,387130000C,(04)23274275,(04)23288582,2025,6,16,10,15,臺中市,大里區,0,2,0,6,2,6,50,13,12,1,4,4,6,6,4,4,5,5,4,2,17,2,9,1,1,C03,7,7,1,10,2,13,,40,40,1,12,4,120.692303,24.117535,2
5836,66000,387130000C,(04)23274275,(04)23288582,2025,6,16,10,18,臺中市,西區,0,0,0,5,,,50,,,,,,,,,,,,,,,,,,,C03,,,1,,1,,,84,84,1,12,4,120.675616,24.141135,3
5837,66000,387130000C,(04)23274275,(04)23288582,2025,6,16,10,18,臺中市,西屯區,0,1,0,5,2,6,50,4,1,1,4,4,6,6,4,4,9,5,5,2,17,2,9,5,4,C03,7,5,1,10,2,16,,59,59,1,13,4,120.643908,24.173914,2
5838,66000,387130000C,(04)23274275,(04)23288582,2025,6,16,10,20,臺中市,豐原區,0,0,0,7,,,50,,,,,,,,,,,,,,17,,,,,C03,,,1,,2,,,84,84,1,13,4,120.733632,24.253658,3
5839,66000,387130000C,(04)23274275,(04)23288582,2025,6,16,10,21,臺中市,烏日區,0,1,0,6,2,6,50,13,9,1,5,4,6,6,4,4,5,5,5,1,17,3,10,3,1,B03,7,13,1,8,2,16,,76,76,1,6,4,120.624473,24.103701,2
5840,66000,387130000C,(04)23274275,(04)23288582,2025,6,16,10,22,臺中市,北屯區,0,0,0,7,,,50,,,,,,,,,,,,,,12,,,,,B03,,,1,,2,,,35,35,1,6,4,120.694208,24.165277,3
5841,66000,387130000C,(04)23274275,(04)23288582,2025,6,16,10,23,臺中市,大甲區,0,0,0,7,,,50,,,,,,,,,,,,,,,,,,,B03,,,1,,2,,,49,49,1,6,4,120.622518,24.345633,3
5842,66000,387130000C,(04)23274275,(04)23288582,2025,6,16,10,25,臺中市,豐原區,0,0,0,6,,,0,,,,,,,,,,,,,,17,,,,,B02,,,1,,2,,,84,84,1,12,4,120.70995,24.23653,3
5843,66000,387130000C,(04)23274275,(04)23288582,2025,6,16,10,26,臺中市,西區,0,1,0,6,2,6,50,4,2,1,5,4,6,6,2,1,3,5,5,2,13,3,10,3,1,B03,7,9,1,8,2,1,,84,84,1,12,4,120.667643,24.131028,2
5844,66000,387130000C,(04)23274275,(04)23288582,2025,6,16,10,27,臺中市,北區,0,1,0,7,2,6,50,4,2,1,5,4,6,6,2,1,10,5,5,2,9,3,10,6,5,H04,8,20,7,21,2,17,,119,119,1,13,5,120.68199,24.159448,2
5845,66000,387130000C,(04)23274275,(04)23288582,2025,6,16,10,27,臺中市,太平區,0,0,0,5,,,50,,,,,,,,,,,,,,17,,,,,B12,,,1,,10,,,84,84,1,12,4,120.720402,24.152895,3
5846,66000,387130000C,(04)23274275,(04)23288582,2025,6,16,10,29,臺中市,西區,0,1,0,5,2,6,50,4,1,1,4,4,6,6,1,1,10,5,5,2,18,2,9,2,1,C03,7,9,1,10,2,12,,84,84,1,12,4,120.675325,24.13368,2
5847,66000,387130000C,(04)23274275,(04)23288582,2025,6,16,10,29,臺中市,南區,0,1,0,6,3,6,50,4,1,1,4,4,6,6,1,1,5,5,5,2,18,2,9,2,1,C03,7,9,1,10,2,16,,84,84,1,13,4,120.650317,24.115823,2
5848,66000,387130000C,(04)23274275,(04)23288582,2025,6,16,10,30,臺中市,豐原區,0,1,0,7,3,6,50,3,1,1,5,4,6,6,3,1,5,5,5,1,17,3,10,5,4,B03,7,11,1,8,2,5,,45,45,1,12,4,120.719343,24.24249,2