序號,縣市別代碼,機關代碼,市話,傳真,年,月,日,時,分,縣市,區,死亡數量,受傷數量,2-30,天候,道路照明設備,道路類別,道路速限,道路型態,事故位置,路面鋪裝,路面狀態,路面缺陷,障礙物,視距,號誌種類,號誌動作,分向設施,快車道或一般車道間,快慢車道間,路面邊線,事故類型及型態,受傷程度,主要傷處,保護裝備,行動電話或功能裝置,當事者區分(類別),車輛用途,當事者行動狀態,駕照狀態,駕照種類,飲酒情形,車輛撞擊部位最初,車輛撞擊部位其他,肇事因素個別,肇事因素主要,肇事逃逸,職業,共享經濟或外送平台,GPS座標X,GPS座標Y,事故類別
5849,66000,387130000C,(04)23274275,(04)23288582,2025,6,16,10,31,臺中市,北屯區,0,0,0,5,,,50,,,,,,,,,,,,,,13,,,,,B03,,,1,,1,,,7,7,1,13,4,120.718319,24.160128,3
5850,66000,387130000C,(04)23274275,(04)23288582,2025,6,16,10,33,臺中市,北屯區,0,0,0,7,,,50,,,,,,,,,,,,,,17,,,,,B03,,,1,,2,,,51,51,1,12,4,120.68909,24.175796,3
5851,66000,387130000C,(04)23274275,(04)23288582,2025,6,16,10,33,臺中市,太平區,0,0,0,5,,,40,,,,,,,,,,,,,,12,,,,,B03,,,1,,2,,,84,84,1,12,4,120.724025,24.111108,3
5852,66000,387130000C,(04)23274275,(04)23288582,2025,6,16,10,35,臺中市,東區,0,0,0,7,,,30,,,,,,,,,,,,,,14,,,,,A31,,,1,,1,,,49,49,1,6,4,120.705879,24.139289,3
5853,66000,387130000C,(04)23274275,(04)23288582,2025,6,16,10,37,臺中市,西屯區,0,2,0,6,2,6,50,4,1,1,4,4,6,6,2,1,1,4,5,2,13,2,7,5,4,B12,7,9,3,19,2,1,,58,58,1,12,4,120.655601,24.199887,2
5854,66000,387130000C,(04)23274275,(04)23288582,2025,6,16,10,39,臺中市,潭子區,0,1,0,6,2,6,60,3,2,1,5,4,6,6,4,4,1,4,4,1,16,3,10,3,1,B03,7,5,1,8,2,6,,14,14,1,13,4,120.705091,24.208497,2
5855,66000,387130000C,(04)23274275,(04)23288582,2025,6,16,10,43,臺中市,西屯區,0,1,0,7,2,6,50,4,1,1,5,4,6,6,2,1,10,5,5,2,13,3,10,6,1,F01,7,9,7,21,2,13,,42,42,1,12,4,120.655938,24.165527,2
5856,66000,387130000C,(04)23274275,(04)23288582,2025,6,16,10,44,臺中市,太平區,0,1,0,6,2,6,50,13,9,1,5,4,6,6,4,4,4,4,5,2,17,3,10,1,1,C03,7,4,1,10,2,12,,71,71,1,12,4,120.710806,24.134388,2
5857,66000,387130000C,(04)23274275,(04)23288582,2025,6,16,10,45,臺中市,豐原區,0,1,0,7,1,6,50,3,1,1,5,4,6,6,4,4,5,4,4,2,17,3,10,3,1,B03,7,11,1,8,2,8,,45,45,1,6,4,120.695685,24.239701,2
5858,66000,387130000C,(04)23274275,(04)23288582,2025,6,16,10,55,臺中市,北屯區,0,0,0,7,,,80,,,,,,,,,,,,,,17,,,,,B03,,,1,,1,,,40,40,1,6,4,120.696888,24.200995,3
5859,66000,387130000C,(04)23274275,(04)23288582,2025,6,16,10,56,臺中市,太平區,0,0,0,7,,,50,,,,,,,,,,,,,,13,,,,,B03,,,1,,2,,,7,7,1,12,4,120.720774,24.120642,3
5860,66000,387130000C,(04)23274275,(04)23288582,2025,6,16,11,0,臺中市,后里區,0,0,0,7,,,50,,,,,,,,,,,,,,,,,,,B03,,,1,,1,,,7,7,1,6,4,120.682073,24.315654,3
5861,66000,387130000C,(04)23274275,(04)23288582,2025,6,16,11,5,臺中市,烏日區,0,0,0,7,,,50,,,,,,,,,,,,,,,,,,,B12,,,1,,1,,,84,84,1,6,4,120.618334,24.1027,3
5862,66000,387130000C,(04)23274275,(04)23288582,2025,6,16,11,5,臺中市,清水區,0,1,0,7,3,6,50,4,1,1,5,4,6,6,4,4,5,5,4,2,15,3,10,3,1,B03,7,9,1,8,2,1,,12,12,1,12,4,120.576943,24.26895,2
5863,66000,387130000C,(04)23274275,(04)23288582,2025,6,16,11,8,臺中市,西屯區,0,0,0,7,,,50,,,,,,,,,,,,,,13,,,,,A12,,,1,,2,,,7,7,1,12,4,120.619299,24.16845,3
5864,66000,387130000C,(04)23274275,(04)23288582,2025,6,16,11,9,臺中市,龍井區,0,1,0,7,3,6,60,18,7,1,5,4,6,6,4,4,1,5,5,1,23,2,9,3,1,A41,7,15,1,1,2,1,,6,6,1,6,4,120.510966,24.229172,2
5865,66000,387130000C,(04)23274275,(04)23288582,2025,6,16,11,10,臺中市,北區,0,1,0,7,2,6,50,3,1,1,5,4,6,6,4,4,10,5,5,2,17,3,10,1,1,C03,7,3,1,10,2,12,,50,50,1,12,4,120.675422,24.157522,2
5866,66000,387130000C,(04)23274275,(04)23288582,2025,6,16,11,13,臺中市,西區,0,1,0,7,3,6,40,3,2,1,5,4,6,6,4,4,1,4,1,2,12,2,9,1,1,C03,7,9,1,10,2,14,,85,85,1,6,4,120.659894,24.158815,2
5867,66000,387130000C,(04)23274275,(04)23288582,2025,6,16,11,14,臺中市,大甲區,0,0,0,6,,,50,,,,,,,,,,,,,,14,,,,,B11,,,1,,2,,,49,49,1,6,4,120.621012,24.344277,3
5868,66000,387130000C,(04)23274275,(04)23288582,2025,6,16,11,16,臺中市,梧棲區,0,0,0,7,,,50,,,,,,,,,,,,,,14,,,,,B03,,,1,,1,,,49,49,1,6,4,120.532312,24.262108,3
5869,66000,387130000C,(04)23274275,(04)23288582,2025,6,16,11,24,臺中市,太平區,0,1,0,7,2,6,50,5,1,1,5,4,6,6,1,1,10,4,5,1,16,2,9,2,1,C03,7,9,1,10,2,14,,39,39,1,13,4,120.722378,24.112677,2
5870,66000,387130000C,(04)23274275,(04)23288582,2025,6,16,11,25,臺中市,西屯區,0,0,0,6,,,0,,,,,,,,,,,,,,17,,,,,B12,,,1,,2,,,8,8,1,12,4,120.660735,24.172949,3
5871,66000,387130000C,(04)23274275,(04)23288582,2025,6,16,11,25,臺中市,沙鹿區,0,1,0,6,2,6,40,4,9,1,5,4,6,6,1,1,4,5,5,2,13,3,10,3,1,B03,7,1,1,8,2,1,,51,51,1,12,4,120.560689,24.235871,2
5872,66000,387130000C,(04)23274275,(04)23288582,2025,6,16,11,26,臺中市,龍井區,0,0,0,6,2,6,50,13,9,1,4,4,6,6,4,4,5,2,5,1,13,3,10,3,1,B03,7,9,1,8,1,1,,7,7,1,6,4,120.585384,24.18498,3
5873,66000,387130000C,(04)23274275,(04)23288582,2025,6,16,11,27,臺中市,北屯區,0,0,0,6,,,50,,,,,,,,,,,,,,13,,,,,B03,,,1,,2,,,84,84,1,6,4,120.658346,24.184478,3
5874,66000,387130000C,(04)23274275,(04)23288582,2025,6,16,11,28,臺中市,大甲區,0,0,0,7,,,50,,,,,,,,,,,,,,,,,,,B03,,,3,,2,,,49,49,1,6,4,120.63359,24.34493,3
5875,66000,387130000C,(04)23274275,(04)23288582,2025,6,16,11,30,臺中市,太平區,0,2,0,7,3,6,50,3,1,1,5,4,6,6,4,4,5,5,5,1,16,3,10,3,1,B02,7,6,1,8,2,1,,14,14,1,12,4,120.703644,24.112422,2
5876,66000,387130000C,(04)23274275,(04)23288582,2025,6,16,11,32,臺中市,太平區,0,1,0,7,2,6,50,3,9,1,5,4,6,6,4,4,10,5,5,2,14,3,10,3,1,B03,7,2,1,8,2,3,,49,49,1,12,4,120.702054,24.150109,2
5877,66000,387130000C,(04)23274275,(04)23288582,2025,6,16,11,36,臺中市,豐原區,0,1,0,6,2,6,50,5,1,1,5,4,6,6,1,1,1,4,4,1,15,3,10,5,4,C03,7,9,1,10,2,12,,21,21,1,12,4,120.709364,24.248679,2
5878,66000,387130000C,(04)23274275,(04)23288582,2025,6,16,11,43,臺中市,豐原區,0,2,0,7,3,6,40,13,8,1,5,4,6,6,4,4,5,5,4,2,13,2,9,1,4,C03,7,9,1,10,2,11,,7,7,1,12,4,120.706938,24.247807,2
5879,66000,387130000C,(04)23274275,(04)23288582,2025,6,16,11,45,臺中市,西區,0,1,0,7,2,6,40,13,8,1,5,4,6,6,4,4,1,4,4,2,13,2,9,1,1,C03,7,9,1,10,2,11,,7,7,1,13,4,120.656951,24.150618,2
5880,66000,387130000C,(04)23274275,(04)23288582,2025,6,16,11,45,臺中市,沙鹿區,0,0,0,7,,,40,,,,,,,,,,,,,,30,,,,,B12,,,1,,2,,,84,84,1,12,4,120.561513,24.242472,3
5881,66000,387130000C,(04)23274275,(04)23288582,2025,6,16,11,49,臺中市,石岡區,0,0,0,7,,,70,,,,,,,,,,,,,,,,,,,B03,,,1,,2,,,54,54,1,13,4,120.788946,24.273813,3
5882,66000,387130000C,(04)23274275,(04)23288582,2025,6,16,11,50,臺中市,北屯區,0,0,0,7,,,50,,,,,,,,,,,,,,12,,,,,B02,,,1,,2,,,59,59,1,12,4,120.69405,24.164151,3
5883,66000,387130000C,(04)23274275,(04)23288582,2025,6,16,11,50,臺中市,豐原區,0,1,0,7,2,6,30,3,1,1,5,4,6,6,4,4,10,5,5,2,17,2,9,2,1,C03,7,6,1,10,2,14,,14,14,1,13,4,120.730056,24.236293,2
5884,66000,387130000C,(04)23274275,(04)23288582,2025,6,16,11,53,臺中市,沙鹿區,0,1,0,6,3,6,60,4,1,1,5,4,6,6,1,1,10,5,5,2,17,2,7,2,1,C03,7,5,1,10,2,11,,22,22,1,6,4,120.570507,24.241104,2
5885,66000,387130000C,(04)23274275,(04)23288582,2025,6,16,11,58,臺中市,烏日區,0,0,0,7,,,50,,,,,,,,,,,,,,,,,,,B03,,,1,,1,,,84,84,1,13,4,120.633816,24.105987,3
5886,66000,387130000C,(04)23274275,(04)23288582,2025,6,16,12,5,臺中市,太平區,0,0,0,7,,,30,,,,,,,,,,,,,,17,,,,,A12,,,1,,2,,,78,78,1,13,4,120.726833,24.098729,3
5887,66000,387130000C,(04)23274275,(04)23288582,2025,6,16,12,6,臺中市,南區,0,2,0,7,3,6,50,4,9,1,5,4,6,6,4,4,5,5,5,2,15,2,9,5,4,C03,7,9,1,10,2,11,,6,6,1,6,4,120.681842,24.124912,2
5888,66000,387130000C,(04)23274275,(04)23288582,2025,6,16,12,8,臺中市,后里區,0,0,0,7,2,6,30,13,9,1,5,4,6,6,4,4,10,5,5,1,12,3,10,3,1,B12,7,9,3,19,2,2,,8,8,1,12,4,120.702757,24.292673,3
5889,66000,387130000C,(04)23274275,(04)23288582,2025,6,16,12,10,臺中市,沙鹿區,0,1,0,6,2,6,30,13,9,2,4,1,2,6,4,4,10,5,5,2,18,2,9,2,1,C03,7,9,1,10,2,14,,84,84,1,12,4,120.597087,24.215726,2
5890,66000,387130000C,(04)23274275,(04)23288582,2025,6,16,12,13,臺中市,北屯區,0,1,0,7,3,6,50,4,1,1,5,4,6,6,1,1,10,5,5,2,17,3,10,3,1,B03,7,5,1,10,2,2,,65,65,1,12,4,120.727303,24.166697,2
5891,66000,387130000C,(04)23274275,(04)23288582,2025,6,16,12,23,臺中市,南屯區,0,0,0,7,,,40,,,,,,,,,,,,,,14,,,,,B03,,,1,,2,,,50,50,1,6,4,120.627598,24.146567,3
5892,66000,387130000C,(04)23274275,(04)23288582,2025,6,16,12,24,臺中市,西屯區,0,1,0,7,2,6,50,4,1,1,5,4,6,6,1,1,10,5,5,2,16,3,10,3,1,B03,7,5,1,8,2,2,,47,47,1,12,4,120.608091,24.18732,2
5893,66000,387130000C,(04)23274275,(04)23288582,2025,6,16,12,28,臺中市,中區,0,0,0,7,,,50,,,,,,,,,,,,,,,,,,,B03,,,1,,1,,,84,84,1,13,4,120.684316,24.141886,3
5894,66000,387130000C,(04)23274275,(04)23288582,2025,6,16,12,31,臺中市,北區,0,1,0,7,3,6,50,4,1,1,5,4,6,6,4,4,10,5,5,2,16,3,10,1,1,C03,7,5,1,10,2,12,,20,20,1,12,4,120.684561,24.153183,2
5895,66000,387130000C,(04)23274275,(04)23288582,2025,6,16,12,40,臺中市,和平區,0,0,0,7,3,6,30,12,14,1,5,4,6,6,4,4,10,5,5,1,13,3,10,6,4,B03,7,3,1,8,2,1,,50,50,1,12,5,121.253978,24.254085,3
5896,66000,387130000C,(04)23274275,(04)23288582,2025,6,16,12,43,臺中市,太平區,0,1,0,7,3,6,50,4,2,1,5,4,6,6,1,1,5,5,5,1,16,3,10,3,1,B03,7,1,1,8,2,8,,51,51,1,12,4,120.721331,24.101346,2
5897,66000,387130000C,(04)23274275,(04)23288582,2025,6,16,12,45,臺中市,北屯區,0,0,0,7,,,50,,,,,,,,,,,,,,13,,,,,C03,,,1,,1,,,7,7,1,12,4,120.692042,24.162479,3
5898,66000,387130000C,(04)23274275,(04)23288582,2025,6,16,12,45,臺中市,大里區,0,0,0,7,,,50,,,,,,,,,,,,,,13,,,,,A12,,,1,,2,,,7,7,1,12,4,120.691048,24.081338,3
5899,66000,387130000C,(04)23274275,(04)23288582,2025,6,16,12,49,臺中市,中區,0,0,0,7,,,50,,,,,,,,,,,,,,,,,,,B03,,,1,,1,,,51,51,1,12,4,120.681432,24.144181,3
5900,66000,387130000C,(04)23274275,(04)23288582,2025,6,16,12,54,臺中市,太平區,0,1,0,7,2,6,30,3,1,1,5,4,6,6,4,4,10,5,5,2,18,2,9,5,1,C03,7,6,3,19,8,14,,84,84,1,12,4,120.728009,24.127062,2
5901,66000,387130000C,(04)23274275,(04)23288582,2025,6,16,12,56,臺中市,大里區,0,2,0,6,2,6,50,4,1,1,5,4,6,6,4,4,10,5,5,2,15,2,9,2,1,C03,7,9,1,10,2,12,,12,12,1,12,4,120.699885,24.108891,2
5902,66000,387130000C,(04)23274275,(04)23288582,2025,6,16,13,5,臺中市,沙鹿區,0,1,0,7,2,6,50,13,7,1,5,4,6,6,4,4,5,5,4,2,9,3,10,4,1,B03,7,13,1,8,1,4,,76,76,1,6,4,120.574145,24.222398,2
5903,66000,387130000C,(04)23274275,(04)23288582,2025,6,16,13,7,臺中市,南屯區,0,0,0,7,,,50,,,,,,,,,,,,,,,,,,,B03,,,1,,1,,,7,7,1,13,4,120.653608,24.128899,3
5904,66000,387130000C,(04)23274275,(04)23288582,2025,6,16,13,10,臺中市,西屯區,0,0,0,7,2,6,50,13,9,1,5,4,6,,4,4,1,4,5,2,12,,,,,B03,,,1,,2,,,8,8,1,13,4,120.607047,24.187395,3
5905,66000,387130000C,(04)23274275,(04)23288582,2025,6,16,13,14,臺中市,太平區,0,0,0,7,,,30,,,,,,,,,,,,,,17,,,,,B03,,,1,,2,,,84,84,1,13,4,120.734198,24.146934,3
5906,66000,387130000C,(04)23274275,(04)23288582,2025,6,16,13,17,臺中市,北屯區,0,0,0,7,,,60,,,,,,,,,,,,,,14,,,,,B03,,,1,,1,,,49,49,1,12,4,120.713116,24.164783,3
5907,66000,387130000C,(04)23274275,(04)23288582,2025,6,16,13,19,臺中市,南屯區,0,0,0,7,,,50,,,,,,,,,,,,,,,,,,,B03,,,1,,1,,,78,78,1,13,4,120.626335,24.14892,3
5908,66000,387130000C,(04)23274275,(04)23288582,2025,6,16,13,22,臺中市,西屯區,0,0,0,5,,,30,,,,,,,,,,,,,,12,,,,,B03,,,1,,1,,,8,8,1,12,4,120.64439,24.181813,3
5909,66000,387130000C,(04)23274275,(04)23288582,2025,6,16,13,30,臺中市,東區,0,0,0,7,1,6,50,13,7,1,5,4,6,6,4,4,5,4,5,2,14,3,10,3,1,B03,7,2,1,8,1,3,,49,49,1,12,4,120.691794,24.133639,3
5910,66000,387130000C,(04)23274275,(04)23288582,2025,6,16,13,30,臺中市,龍井區,0,0,0,7,,3,60,,,,,,,,,,,,,,,,,,,B03,,,1,,2,,,84,84,1,6,4,120.50676,24.193541,3
5911,66000,387130000C,(04)23274275,(04)23288582,2025,6,16,13,40,臺中市,西區,0,1,0,6,2,6,50,13,9,1,5,4,6,6,4,4,5,5,5,2,17,3,10,5,1,A12,7,13,1,6,2,15,,72,72,1,12,4,120.659319,24.147753,2
5912,66000,387130000C,(04)23274275,(04)23288582,2025,6,16,13,40,臺中市,南屯區,0,1,0,7,3,6,50,13,9,1,5,4,6,6,4,4,5,4,5,2,12,2,9,1,1,C03,7,9,1,10,2,12,,59,59,1,12,4,120.653041,24.143833,2
5913,66000,387130000C,(04)23274275,(04)23288582,2025,6,16,13,41,臺中市,西屯區,0,1,0,7,2,6,50,13,9,1,5,4,6,6,4,4,5,5,5,2,13,2,9,5,4,C03,7,9,1,10,2,11,,7,7,1,13,2,120.657705,24.168046,2
5914,66000,387130000C,(04)23274275,(04)23288582,2025,6,16,13,43,臺中市,北屯區,0,0,0,7,,,50,,,,,,,,,,,,,,14,,,,,A12,,,1,,9,,,49,49,1,6,4,120.68171,24.178303,3
5915,66000,387130000C,(04)23274275,(04)23288582,2025,6,16,13,44,臺中市,豐原區,0,1,0,7,2,6,50,4,1,1,5,4,6,6,2,1,5,4,5,2,12,2,9,1,1,C03,7,9,1,10,2,12,,84,84,1,12,4,120.714686,24.245214,2
5916,66000,387130000C,(04)23274275,(04)23288582,2025,6,16,13,48,臺中市,南屯區,0,1,0,7,2,6,50,13,9,1,5,4,6,6,4,4,8,5,5,2,12,3,10,5,4,B03,7,9,1,8,2,5,,59,59,1,13,4,120.638927,24.14394,2
5917,66000,387130000C,(04)23274275,(04)23288582,2025,6,16,13,48,臺中市,烏日區,0,1,0,7,2,6,50,4,1,1,5,4,6,6,1,1,1,4,1,2,15,2,9,1,1,C03,7,9,5,19,2,16,,21,21,1,6,4,120.640411,24.116672,2
5918,66000,387130000C,(04)23274275,(04)23288582,2025,6,16,13,53,臺中市,西屯區,0,2,0,7,1,6,50,13,9,1,5,4,6,6,4,4,1,4,5,2,17,2,9,1,1,C03,7,9,1,10,2,11,,59,59,1,12,4,120.650355,24.163307,2
5919,66000,387130000C,(04)23274275,(04)23288582,2025,6,16,13,58,臺中市,南屯區,0,0,0,7,,,50,,,,,,,,,,,,,,,,,,,C03,,,1,,1,,,40,40,1,12,4,120.641204,24.14663,3
5920,66000,387130000C,(04)23274275,(04)23288582,2025,6,16,13,59,臺中市,西屯區,0,2,0,6,2,6,30,3,1,1,5,4,6,6,1,1,9,5,5,2,16,3,10,3,1,B03,7,6,1,7,2,1,,11,11,1,12,4,120.642964,24.189496,2
5921,66000,387130000C,(04)23274275,(04)23288582,2025,6,16,14,1,臺中市,北區,0,0,0,7,,,50,,,,,,,,,,,,,,17,,,,,B03,,,1,,1,,,84,84,1,12,4,120.672777,24.160459,4
5922,66000,387130000C,(04)23274275,(04)23288582,2025,6,16,14,8,臺中市,大里區,0,0,0,6,,,50,,,,,,,,,,,,,,9,,,,,B03,,,1,,1,,,8,8,1,12,4,120.678914,24.112059,3
5923,66000,387130000C,(04)23274275,(04)23288582,2025,6,16,14,11,臺中市,北屯區,0,0,0,7,,,50,,,,,,,,,,,,,,13,,,,,B03,,,1,,1,,,59,59,1,12,4,120.690295,24.165103,3
5924,66000,387130000C,(04)23274275,(04)23288582,2025,6,16,14,12,臺中市,西屯區,0,0,0,7,,,50,,,,,,,,,,,,,,16,,,,,B03,,,1,,2,,,20,20,1,12,4,120.652388,24.166501,3
5925,66000,387130000C,(04)23274275,(04)23288582,2025,6,16,14,14,臺中市,西屯區,0,1,0,7,2,6,30,3,1,1,5,4,6,6,4,4,10,5,5,2,15,3,10,2,1,C03,7,9,1,10,2,13,,13,13,1,12,4,120.646446,24.179949,2
5926,66000,387130000C,(04)23274275,(04)23288582,2025,6,16,14,20,臺中市,西屯區,0,0,0,7,,,30,,,,,,,,,,,,,,11,,,,,B12,,,1,,9,,,84,84,1,12,4,120.627387,24.186057,3
5927,66000,387130000C,(04)23274275,(04)23288582,2025,6,16,14,20,臺中市,清水區,0,0,0,7,2,6,50,13,9,1,5,4,6,6,4,4,8,3,5,1,16,,,,,B03,,,1,,1,,,45,45,1,12,4,120.551714,24.269321,3
5928,66000,387130000C,(04)23274275,(04)23288582,2025,6,16,14,22,臺中市,太平區,0,0,0,7,,,50,,,,,,,,,,,,,,,,,,,C03,,,1,,2,,,42,42,1,5,4,120.712672,24.125769,3
5929,66000,387130000C,(04)23274275,(04)23288582,2025,6,16,14,28,臺中市,大肚區,0,0,0,7,,,50,,,,,,,,,,,,,,13,,,,,A11,,,1,,1,,,8,8,1,6,4,120.57839,24.118315,3
5930,66000,387130000C,(04)23274275,(04)23288582,2025,6,16,14,30,臺中市,北屯區,0,0,0,7,,,30,,,,,,,,,,,,,,17,,,,,,,,,,,,,119,119,1,,,120.663391,24.184642,3
5931,66000,387130000C,(04)23274275,(04)23288582,2025,6,16,14,33,臺中市,南屯區,0,1,0,7,1,6,50,4,1,1,5,4,6,6,2,1,5,2,4,2,12,2,9,5,4,F01,7,6,7,21,2,14,,48,48,1,13,4,120.649991,24.13204,2
5932,66000,387130000C,(04)23274275,(04)23288582,2025,6,16,14,36,臺中市,霧峰區,0,0,0,7,,,50,,,,,,,,,,,,,,17,,,,,B03,,,1,8,2,,,84,84,1,13,4,120.691926,24.042729,3
5933,66000,387130000C,(04)23274275,(04)23288582,2025,6,16,14,37,臺中市,太平區,0,0,0,7,,,50,,,,,,,,,,,,,,17,,,,,B03,,,1,,11,,,87,87,1,13,4,120.716055,24.149606,3
5934,66000,387130000C,(04)23274275,(04)23288582,2025,6,16,14,44,臺中市,南屯區,0,1,0,7,2,6,50,4,1,1,5,4,6,6,1,1,10,5,5,2,13,3,10,3,1,B03,7,9,1,8,2,1,,7,7,1,12,4,120.643921,24.13821,2
5935,66000,387130000C,(04)23274275,(04)23288582,2025,6,16,14,45,臺中市,北屯區,0,0,0,7,,,50,,,,,,,,,,,,,,13,,,,,B03,,,5,,2,,,59,59,1,6,4,120.68606,24.200793,4
5936,66000,387130000C,(04)23274275,(04)23288582,2025,6,16,14,48,臺中市,大里區,0,0,0,6,2,6,0,13,9,1,4,4,6,6,4,4,1,4,5,1,30,,,,,H03,,,7,,10,,,109,109,1,13,5,120.700982,24.121057,3
5937,66000,387130000C,(04)23274275,(04)23288582,2025,6,16,14,50,臺中市,梧棲區,0,1,0,7,2,6,40,13,14,1,5,4,6,6,4,4,5,5,5,1,17,2,9,1,1,F03,7,9,7,21,2,11,,59,59,1,12,4,120.548222,24.23301,2
5938,66000,387130000C,(04)23274275,(04)23288582,2025,6,16,14,50,臺中市,清水區,0,0,0,7,,,50,,,,,,,,,,,,,,13,,,,,A04,,,1,,2,,,84,84,1,12,4,120.558557,24.27369,4
5939,66000,387130000C,(04)23274275,(04)23288582,2025,6,16,14,55,臺中市,西區,0,0,0,7,,,50,,,,,,,,,,,,,,17,,,,,B12,,,1,8,2,,,84,84,1,13,4,120.679965,24.136425,3
5940,66000,387130000C,(04)23274275,(04)23288582,2025,6,16,14,55,臺中市,西區,0,1,0,7,2,6,50,4,1,1,5,4,6,6,1,1,10,5,5,2,17,3,10,3,1,B03,7,6,1,8,2,6,,11,11,1,12,4,120.663478,24.150897,2
5941,66000,387130000C,(04)23274275,(04)23288582,2025,6,16,14,58,臺中市,北屯區,0,0,0,5,,,30,,,,,,,,,,,,,,17,,,,,B03,,,1,,1,,,8,8,1,6,4,120.669321,24.182469,3
5942,66000,387130000C,(04)23274275,(04)23288582,2025,6,16,15,10,臺中市,大雅區,0,1,0,7,1,6,30,4,1,1,5,4,6,6,3,1,1,5,5,1,17,3,10,3,1,B03,7,6,1,8,2,2,,11,11,1,13,4,120.642726,24.243271,2
5943,66000,387130000C,(04)23274275,(04)23288582,2025,6,16,15,11,臺中市,大里區,0,1,0,6,2,6,50,4,2,1,5,4,6,6,1,1,10,5,5,1,17,2,9,1,1,C03,7,8,1,10,2,13,,40,40,1,13,4,120.698965,24.096604,2
5944,66000,387130000C,(04)23274275,(04)23288582,2025,6,16,15,12,臺中市,西區,0,0,0,7,,,50,,,,,,,,,,,,,,,,,,,C03,,,1,,1,,,84,84,1,13,4,120.660155,24.151127,4
5945,66000,387130000C,(04)23274275,(04)23288582,2025,6,16,15,12,臺中市,豐原區,0,0,0,7,2,6,50,13,9,1,5,4,6,6,1,,5,3,4,1,12,3,10,5,4,B03,7,9,1,8,2,1,,7,7,1,13,4,120.727233,24.248966,3
5946,66000,387130000C,(04)23274275,(04)23288582,2025,6,16,15,14,臺中市,北區,0,0,0,7,,,30,,,,,,,,,,,,,,17,,,,,B11,,,1,,1,,,8,8,1,13,4,120.666624,24.166677,3
5947,66000,387130000C,(04)23274275,(04)23288582,2025,6,16,15,15,臺中市,大甲區,0,1,0,7,3,6,30,13,9,1,5,4,6,6,4,4,10,5,5,2,17,3,10,5,4,B12,7,1,1,7,2,16,,51,51,1,6,4,120.6204,24.349082,2
5948,66000,387130000C,(04)23274275,(04)23288582,2025,6,16,15,16,臺中市,烏日區,0,0,0,5,,,50,,,,,,,,,,,,,,13,,,,,B03,,,1,,9,,,7,7,1,6,4,120.653104,24.08999,3
5949,66000,387130000C,(04)23274275,(04)23288582,2025,6,16,15,20,臺中市,中區,0,0,0,7,,,50,,,,,,,,,,,,,,,,,,,B01,,,1,,1,,,51,51,1,13,4,120.684323,24.137238,3
5950,66000,387130000C,(04)23274275,(04)23288582,2025,6,16,15,20,臺中市,南屯區,0,0,0,7,,,50,,,,,,,,,,,,,,16,,,,,B03,,,1,,2,,,84,84,1,13,4,120.634432,24.155706,4
5951,66000,387130000C,(04)23274275,(04)23288582,2025,6,16,15,24,臺中市,北屯區,0,1,0,7,3,6,50,4,1,1,5,4,6,6,1,1,10,5,5,2,15,3,10,3,1,B03,7,9,1,8,2,1,,21,21,1,6,4,120.682216,24.169587,2
5952,66000,387130000C,(04)23274275,(04)23288582,2025,6,16,15,27,臺中市,南區,0,1,0,5,2,6,50,3,1,1,4,4,6,6,3,1,10,5,5,2,16,3,10,3,1,B02,7,6,3,19,2,1,,24,24,1,12,4,120.666315,24.112558,2
5953,66000,387130000C,(04)23274275,(04)23288582,2025,6,16,15,30,臺中市,烏日區,0,0,0,7,,,30,,,,,,,,,,,,,,,,,,,A12,,,1,,2,,,8,8,1,6,4,120.605252,24.110304,3
5954,66000,387130000C,(04)23274275,(04)23288582,2025,6,16,15,33,臺中市,大里區,0,1,0,7,2,6,50,13,9,1,5,4,6,6,4,4,5,5,4,2,18,2,7,1,1,C03,7,9,1,10,2,14,,84,84,1,13,4,120.684158,24.095661,2
5955,66000,387130000C,(04)23274275,(04)23288582,2025,6,16,15,35,臺中市,大雅區,0,0,0,7,,,30,,,,,,,,,,,,,,14,,,,,B03,,,1,,2,,,49,49,2,13,4,120.624236,24.241703,3
5956,66000,387130000C,(04)23274275,(04)23288582,2025,6,16,15,36,臺中市,南屯區,0,0,0,7,,,50,,,,,,,,,,,,,,14,,,,,B03,,,1,,1,,,49,49,1,13,4,120.633211,24.13716,3
5957,66000,387130000C,(04)23274275,(04)23288582,2025,6,16,15,38,臺中市,西區,0,0,0,6,,,40,,,,,,,,,,,,,,,,,,,C03,,,1,,1,,,84,84,1,12,4,120.665284,24.156415,3
5958,66000,387130000C,(04)23274275,(04)23288582,2025,6,16,15,38,臺中市,龍井區,0,0,0,6,,,50,,,,,,,,,,,,,,11,,,,,B12,,,1,,2,,,8,8,1,6,4,120.591514,24.181371,3
5959,66000,387130000C,(04)23274275,(04)23288582,2025,6,16,15,43,臺中市,南屯區,0,0,0,7,,,50,,,,,,,,,,,,,,13,,,,,B12,,,1,,1,,,7,7,1,13,4,120.638184,24.139737,3
5960,66000,387130000C,(04)23274275,(04)23288582,2025,6,16,15,46,臺中市,北屯區,0,0,0,5,,,30,,,,,,,,,,,,,,14,,,,,B03,,,1,,1,,,49,49,1,13,4,120.681133,24.188473,3