序號,縣市別代碼,機關代碼,市話,傳真,年,月,日,時,分,縣市,區,死亡數量,受傷數量,2-30,天候,道路照明設備,道路類別,道路速限,道路型態,事故位置,路面鋪裝,路面狀態,路面缺陷,障礙物,視距,號誌種類,號誌動作,分向設施,快車道或一般車道間,快慢車道間,路面邊線,事故類型及型態,受傷程度,主要傷處,保護裝備,行動電話或功能裝置,當事者區分(類別),車輛用途,當事者行動狀態,駕照狀態,駕照種類,飲酒情形,車輛撞擊部位最初,車輛撞擊部位其他,肇事因素個別,肇事因素主要,肇事逃逸,職業,共享經濟或外送平台,GPS座標X,GPS座標Y,事故類別
5961,66000,387130000C,(04)23274275,(04)23288582,2025,6,16,15,49,臺中市,西屯區,0,1,0,7,2,6,40,4,1,1,5,4,6,6,2,1,10,5,5,2,3,3,10,5,1,C03,7,9,1,10,2,11,,21,21,1,12,4,120.593044,24.183185,2
5962,66000,387130000C,(04)23274275,(04)23288582,2025,6,16,15,51,臺中市,潭子區,0,0,0,7,,,50,,,,,,,,,,,,,,,,,,,,,,,,,,,86,86,1,,,120.723713,24.218405,3
5963,66000,387130000C,(04)23274275,(04)23288582,2025,6,16,15,52,臺中市,大雅區,0,1,0,6,1,6,30,11,9,1,5,4,6,6,4,4,10,5,5,2,17,3,10,3,1,B03,7,6,1,8,2,8,,84,84,1,12,4,120.64397,24.22986,2
5964,66000,387130000C,(04)23274275,(04)23288582,2025,6,16,15,55,臺中市,北屯區,0,0,0,7,,,50,,,,,,,,,,,,,,14,,,,,B12,,,1,,1,,,49,49,1,6,4,120.666836,24.180728,3
5965,66000,387130000C,(04)23274275,(04)23288582,2025,6,16,15,58,臺中市,烏日區,0,1,0,7,2,6,50,4,1,1,5,4,6,6,1,1,1,4,1,2,13,2,8,1,1,C03,7,9,1,10,2,11,,84,84,1,6,4,120.640645,24.116897,2
5966,66000,387130000C,(04)23274275,(04)23288582,2025,6,16,16,0,臺中市,南區,0,0,0,7,,,50,,,,,,,,,,,,,,13,,,,,B03,,,1,,1,,,84,84,1,12,4,120.657929,24.116962,4
5967,66000,387130000C,(04)23274275,(04)23288582,2025,6,16,16,0,臺中市,大甲區,0,1,0,7,3,6,50,13,9,1,5,4,6,6,4,4,10,5,5,2,5,3,10,3,1,B03,7,1,1,8,2,8,,51,51,1,6,4,120.633082,24.359637,2
5968,66000,387130000C,(04)23274275,(04)23288582,2025,6,16,16,3,臺中市,大雅區,0,0,0,7,,,50,,,,,,,,,,,,,,13,,,,,C03,,,1,,1,,,84,84,1,13,4,120.648119,24.22125,3
5969,66000,387130000C,(04)23274275,(04)23288582,2025,6,16,16,6,臺中市,北屯區,0,0,0,6,,,80,,,,,,,,,,,,,,13,,,,,B03,,,1,,1,,,59,59,1,6,4,120.720706,24.169554,3
5970,66000,387130000C,(04)23274275,(04)23288582,2025,6,16,16,6,臺中市,烏日區,0,1,0,5,2,6,40,3,1,1,4,4,6,6,1,1,10,5,5,2,17,3,10,5,4,B12,7,11,1,8,3,8,,45,45,1,6,4,120.648866,24.091815,2
5971,66000,387130000C,(04)23274275,(04)23288582,2025,6,16,16,7,臺中市,龍井區,0,0,0,7,2,6,50,4,1,1,5,4,6,6,2,1,10,5,5,2,12,,,,,B03,,,1,,1,,,8,8,1,6,4,120.575562,24.180603,3
5972,66000,387130000C,(04)23274275,(04)23288582,2025,6,16,16,11,臺中市,西屯區,0,2,0,5,2,6,30,13,9,1,4,4,6,6,4,4,10,5,5,1,10,2,8,1,1,C03,7,9,1,10,2,11,,41,41,1,12,4,120.632635,24.172533,2
5973,66000,387130000C,(04)23274275,(04)23288582,2025,6,16,16,11,臺中市,太平區,0,0,0,5,,,40,,,,,,,,,,,,,,17,,,,,B12,,,1,,9,,,7,7,1,12,4,120.715674,24.118754,3
5974,66000,387130000C,(04)23274275,(04)23288582,2025,6,16,16,13,臺中市,霧峰區,0,1,0,7,2,6,50,4,1,1,5,4,6,6,4,4,5,5,5,1,13,2,9,2,1,C03,7,9,1,10,2,11,,7,7,1,13,4,120.714813,24.074775,2
5975,66000,387130000C,(04)23274275,(04)23288582,2025,6,16,16,16,臺中市,西區,0,2,0,5,2,6,50,4,1,1,4,4,6,6,4,4,10,5,5,2,15,2,9,1,1,C03,7,9,1,10,1,14,,15,15,1,13,4,120.660506,24.135842,2
5976,66000,387130000C,(04)23274275,(04)23288582,2025,6,16,16,17,臺中市,潭子區,0,1,0,5,2,6,40,13,9,1,4,4,6,6,4,4,10,5,5,2,27,2,9,3,1,B03,7,9,1,8,2,5,,58,58,1,12,4,120.702898,24.200366,2
5977,66000,387130000C,(04)23274275,(04)23288582,2025,6,16,16,17,臺中市,大甲區,0,1,0,7,3,6,50,4,1,1,5,4,6,6,3,1,10,5,5,2,15,2,9,5,4,C03,7,9,1,10,2,12,,20,20,1,6,4,120.621496,24.352473,2
5978,66000,387130000C,(04)23274275,(04)23288582,2025,6,16,16,21,臺中市,南區,0,0,0,7,,,50,,,,,,,,,,,,,,17,,,,,B03,,,1,,1,,,49,49,1,12,4,120.674287,24.128958,3
5979,66000,387130000C,(04)23274275,(04)23288582,2025,6,16,16,22,臺中市,北區,0,1,0,6,2,6,50,3,1,1,5,4,6,6,1,1,10,5,5,2,17,3,10,5,4,B03,7,6,1,8,2,2,,11,11,1,13,4,120.688879,24.153525,2
5980,66000,387130000C,(04)23274275,(04)23288582,2025,6,16,16,24,臺中市,北屯區,0,0,0,7,,,50,,,,,,,,,,,,,,,,,,,B03,,,1,,2,,,51,51,1,12,4,120.68378,24.177688,3
5981,66000,387130000C,(04)23274275,(04)23288582,2025,6,16,16,28,臺中市,大里區,0,1,0,5,3,6,60,13,12,1,4,4,6,6,4,4,1,4,4,1,17,3,10,3,1,B03,7,1,1,8,2,7,,51,51,1,12,4,120.677399,24.103587,2
5982,66000,387130000C,(04)23274275,(04)23288582,2025,6,16,16,28,臺中市,大肚區,0,1,0,7,2,6,30,3,1,1,5,4,6,6,4,4,10,5,5,2,16,3,10,3,1,B03,7,6,1,8,2,8,,12,12,1,6,4,120.581105,24.174114,2
5983,66000,387130000C,(04)23274275,(04)23288582,2025,6,16,16,29,臺中市,西屯區,0,1,0,7,2,6,50,12,9,1,5,4,6,6,4,4,5,4,5,2,18,2,7,1,4,C03,7,9,3,19,2,12,,43,43,1,12,4,120.599397,24.162787,2
5984,66000,387130000C,(04)23274275,(04)23288582,2025,6,16,16,34,臺中市,西屯區,0,1,0,5,2,6,50,13,9,1,4,4,6,6,4,4,5,2,5,2,18,2,9,2,1,C03,7,9,1,10,2,12,,59,59,1,12,4,120.635282,24.17943,2
5985,66000,387130000C,(04)23274275,(04)23288582,2025,6,16,16,37,臺中市,東區,0,1,0,5,2,6,50,4,1,1,4,4,6,6,1,1,10,5,5,2,15,3,10,2,1,C03,7,9,5,19,1,12,,21,21,1,13,4,120.696201,24.14275,2
5986,66000,387130000C,(04)23274275,(04)23288582,2025,6,16,16,37,臺中市,豐原區,0,2,0,5,2,6,50,13,8,1,4,4,6,6,2,1,5,4,4,2,13,2,8,1,1,C03,7,9,1,10,9,12,,7,7,1,12,4,120.714777,24.250503,2
5987,66000,387130000C,(04)23274275,(04)23288582,2025,6,16,16,38,臺中市,烏日區,0,0,0,7,,,60,,,,,,,,,,,,,,,,,,,B12,,,1,,2,,,7,7,1,6,4,120.647767,24.092092,3
5988,66000,387130000C,(04)23274275,(04)23288582,2025,6,16,16,39,臺中市,烏日區,0,0,0,5,,,50,,,,,,,,,,,,,,12,,,,,B03,,,1,,2,,,7,7,1,6,4,120.647972,24.091972,3
5989,66000,387130000C,(04)23274275,(04)23288582,2025,6,16,16,41,臺中市,西屯區,0,0,0,7,,,50,,,,,,,,,,,,,,17,,,,,B02,,,1,,2,,,50,50,1,12,4,120.59454,24.164293,3
5990,66000,387130000C,(04)23274275,(04)23288582,2025,6,16,16,44,臺中市,潭子區,0,1,0,5,2,6,50,4,1,1,4,4,6,6,1,1,5,4,4,2,17,3,10,3,1,B03,7,11,1,8,2,2,,45,45,1,13,4,120.703409,24.209964,2
5991,66000,387130000C,(04)23274275,(04)23288582,2025,6,16,16,45,臺中市,西區,0,0,0,7,,,50,,,,,,,,,,,,,,,,,,,B03,,,1,,1,,,84,84,1,13,4,120.66199,24.149858,3
5992,66000,387130000C,(04)23274275,(04)23288582,2025,6,16,16,47,臺中市,大肚區,0,0,0,7,,,30,,,,,,,,,,,,,,12,,,,,B03,,,1,,2,,,39,39,1,6,4,120.541943,24.151445,3
5993,66000,387130000C,(04)23274275,(04)23288582,2025,6,16,16,47,臺中市,梧棲區,0,1,0,7,3,6,50,3,1,1,5,4,6,6,1,1,10,5,5,2,16,3,10,3,1,B03,7,5,5,8,2,2,,47,47,1,6,4,120.552455,24.256892,2
5994,66000,387130000C,(04)23274275,(04)23288582,2025,6,16,16,48,臺中市,南屯區,0,0,0,7,,,50,,,,,,,,,,,,,,13,,,,,B03,,,1,,1,,,7,7,1,13,4,120.648082,24.150902,3
5995,66000,387130000C,(04)23274275,(04)23288582,2025,6,16,16,48,臺中市,西屯區,0,0,0,5,,,30,,,,,,,,,,,,,,13,,,,,C03,,,1,,2,,,58,58,1,12,4,120.660552,24.163051,3
5996,66000,387130000C,(04)23274275,(04)23288582,2025,6,16,16,49,臺中市,南區,0,1,0,7,1,6,50,13,8,1,5,4,6,6,4,4,9,4,5,2,21,2,9,3,1,B03,7,9,1,8,2,1,,84,84,1,12,4,120.647321,24.119166,2
5997,66000,387130000C,(04)23274275,(04)23288582,2025,6,16,16,49,臺中市,梧棲區,0,0,0,7,,,70,,,,,,,,,,,,,,13,,,,,B03,,,1,,2,,,7,7,1,12,4,120.549209,24.237968,3
5998,66000,387130000C,(04)23274275,(04)23288582,2025,6,16,16,52,臺中市,豐原區,0,1,0,5,2,6,30,3,1,1,4,4,6,6,4,4,1,4,5,2,16,3,10,3,1,B03,7,5,1,8,2,8,,14,14,1,6,4,120.707408,24.249997,2
5999,66000,387130000C,(04)23274275,(04)23288582,2025,6,16,16,54,臺中市,西區,0,1,0,7,3,6,50,3,1,1,5,4,6,6,4,4,10,5,5,2,13,2,9,1,1,C03,7,9,1,10,2,11,,84,84,1,13,4,120.667491,24.14679,2
6000,66000,387130000C,(04)23274275,(04)23288582,2025,6,16,16,55,臺中市,北區,0,1,0,7,2,6,50,13,9,1,5,4,6,6,4,4,8,3,5,2,17,2,9,2,1,C03,7,9,3,19,2,12,,84,84,1,13,4,120.673429,24.16551,2
6001,66000,387130000C,(04)23274275,(04)23288582,2025,6,16,16,57,臺中市,潭子區,0,0,0,5,,,50,,,,,,,,,,,,,,13,,,,,B03,,,1,,2,,,58,58,1,12,4,120.696231,24.194349,3
6002,66000,387130000C,(04)23274275,(04)23288582,2025,6,16,16,57,臺中市,北屯區,0,1,0,7,2,6,40,13,8,1,4,4,6,6,4,4,5,5,4,2,17,3,10,3,1,B03,7,1,1,8,2,8,,51,51,1,12,4,120.676565,24.193372,2
6003,66000,387130000C,(04)23274275,(04)23288582,2025,6,16,16,58,臺中市,西屯區,0,1,0,7,1,6,50,13,9,1,3,4,6,6,4,4,1,4,5,2,12,3,10,3,1,B03,7,9,5,19,6,4,,53,53,1,12,4,120.655771,24.19961,2
6004,66000,387130000C,(04)23274275,(04)23288582,2025,6,16,17,0,臺中市,南屯區,0,0,0,7,,,40,,,,,,,,,,,,,,,,,,,B03,,,1,,1,,,50,50,1,6,4,120.645985,24.141139,3
6005,66000,387130000C,(04)23274275,(04)23288582,2025,6,16,17,5,臺中市,沙鹿區,0,1,0,7,2,6,50,4,1,1,5,4,6,6,1,1,10,5,5,2,16,3,10,3,1,B03,7,5,1,10,2,2,5,47,47,1,6,4,120.569018,24.256241,2
6006,66000,387130000C,(04)23274275,(04)23288582,2025,6,16,17,6,臺中市,太平區,0,2,0,6,2,6,40,3,1,1,4,4,6,6,1,1,9,5,5,1,16,2,8,2,1,C03,7,9,5,10,2,12,,21,21,1,12,4,120.724835,24.116187,2
6007,66000,387130000C,(04)23274275,(04)23288582,2025,6,16,17,7,臺中市,大雅區,0,1,0,6,1,6,30,3,2,1,4,4,6,2,4,4,10,5,5,1,17,3,10,3,1,B12,7,5,1,8,2,8,,14,14,1,13,4,120.652307,24.214527,2
6008,66000,387130000C,(04)23274275,(04)23288582,2025,6,16,17,7,臺中市,西區,0,1,0,5,2,6,50,4,1,1,4,4,6,6,1,1,10,5,5,2,13,2,9,1,1,C03,7,9,1,10,2,11,,7,7,1,13,4,120.667365,24.131657,2
6009,66000,387130000C,(04)23274275,(04)23288582,2025,6,16,17,9,臺中市,北屯區,0,0,0,5,,,50,,,,,,,,,,,,,,13,,,,,B03,,,1,,1,,,84,84,1,13,4,120.727488,24.158711,3
6010,66000,387130000C,(04)23274275,(04)23288582,2025,6,16,17,12,臺中市,西屯區,0,1,0,7,2,6,40,4,1,1,5,4,6,6,1,1,10,5,5,2,13,2,8,5,1,C03,7,9,1,10,2,11,,7,7,1,12,4,120.657616,24.158269,2
6011,66000,387130000C,(04)23274275,(04)23288582,2025,6,16,17,13,臺中市,北屯區,0,1,0,5,1,6,40,13,8,1,4,4,6,6,4,4,5,5,4,2,17,3,10,5,4,B03,7,14,1,8,2,2,,76,76,1,13,4,120.696045,24.185615,2
6012,66000,387130000C,(04)23274275,(04)23288582,2025,6,16,17,13,臺中市,豐原區,0,0,0,5,,,50,,,,,,,,,,,,,,,,,,,B03,,,1,,2,,,58,58,1,13,4,120.71366,24.25331,3
6013,66000,387130000C,(04)23274275,(04)23288582,2025,6,16,17,14,臺中市,大雅區,0,1,0,7,2,6,60,13,8,1,5,4,6,6,1,1,1,4,4,1,13,3,10,1,1,C03,7,9,1,10,2,11,,85,85,1,13,4,120.649667,24.213659,2
6014,66000,387130000C,(04)23274275,(04)23288582,2025,6,16,17,14,臺中市,北區,0,3,0,7,2,6,30,4,1,1,5,4,6,6,4,4,10,5,5,2,15,3,10,3,1,B03,7,9,1,8,2,1,,20,20,1,12,4,120.679275,24.152817,2
6015,66000,387130000C,(04)23274275,(04)23288582,2025,6,16,17,14,臺中市,后里區,0,1,0,7,3,6,50,13,9,1,4,4,6,6,4,4,9,5,5,1,18,2,9,1,1,C03,7,9,1,10,2,12,,7,7,1,6,4,120.72302,24.323789,2
6016,66000,387130000C,(04)23274275,(04)23288582,2025,6,16,17,15,臺中市,大雅區,0,0,0,6,,,0,,,,,,,,,,,,,,,,,,,B03,,,1,,1,,,49,49,1,13,4,120.644474,24.226791,3
6017,66000,387130000C,(04)23274275,(04)23288582,2025,6,16,17,15,臺中市,東區,0,0,0,7,,,50,,,,,,,,,,,,,,13,,,,,G06,,,7,,1,,,84,84,1,12,4,120.697256,24.148128,3
6018,66000,387130000C,(04)23274275,(04)23288582,2025,6,16,17,15,臺中市,沙鹿區,0,0,0,7,,,60,,,,,,,,,,,,,,,,,,,B03,,,1,,1,,,7,7,1,6,4,120.608729,24.246423,3
6019,66000,387130000C,(04)23274275,(04)23288582,2025,6,16,17,18,臺中市,西屯區,0,1,0,6,2,6,50,3,1,1,4,4,6,6,4,4,10,5,5,2,18,2,9,1,1,C03,7,5,1,10,2,12,,87,87,1,12,4,120.654735,24.163743,2
6020,66000,387130000C,(04)23274275,(04)23288582,2025,6,16,17,20,臺中市,清水區,0,0,0,7,,,30,,,,,,,,,,,,,,17,,,,,B03,,,1,,3,,,15,15,1,12,4,120.600966,24.310608,3
6021,66000,387130000C,(04)23274275,(04)23288582,2025,6,16,17,20,臺中市,梧棲區,0,0,0,7,,,50,,,,,,,,,,,,,,16,,,,,B03,,,1,,1,,,59,59,1,6,4,120.555353,24.238344,3
6022,66000,387130000C,(04)23274275,(04)23288582,2025,6,16,17,25,臺中市,西區,0,1,0,7,3,6,40,4,1,1,5,4,6,6,1,1,10,5,5,2,1,4,11,1,1,C03,7,5,1,10,2,11,,10,10,1,13,4,120.662609,24.155678,2
6023,66000,387130000C,(04)23274275,(04)23288582,2025,6,16,17,25,臺中市,北屯區,0,1,0,5,2,6,50,4,1,1,4,4,6,6,1,1,10,5,5,2,18,2,9,5,4,C03,7,9,1,10,2,14,,59,59,1,12,4,120.719258,24.163055,2
6024,66000,387130000C,(04)23274275,(04)23288582,2025,6,16,17,25,臺中市,清水區,0,2,0,7,2,6,50,3,9,1,5,4,6,6,4,4,8,3,5,1,11,2,9,1,1,C03,7,6,1,10,2,12,,14,14,1,12,4,120.552688,24.265262,2
6025,66000,387130000C,(04)23274275,(04)23288582,2025,6,16,17,26,臺中市,豐原區,0,0,0,5,,,50,,,,,,,,,,,,,,17,,,,,B03,,,1,,2,,,45,45,1,12,4,120.718879,24.253019,4
6026,66000,387130000C,(04)23274275,(04)23288582,2025,6,16,17,28,臺中市,西區,0,1,0,7,3,6,40,13,8,1,5,4,6,6,4,4,10,5,4,2,18,2,9,1,1,C03,7,9,1,10,2,14,,84,84,1,13,4,120.66338,24.157166,2
6027,66000,387130000C,(04)23274275,(04)23288582,2025,6,16,17,29,臺中市,大雅區,0,1,0,6,1,6,30,11,9,1,5,4,6,6,4,4,10,5,5,2,18,2,9,1,1,C03,7,9,1,10,2,11,,59,59,1,12,4,120.628007,24.234589,2
6028,66000,387130000C,(04)23274275,(04)23288582,2025,6,16,17,29,臺中市,西區,0,1,0,7,3,6,50,4,1,1,5,4,6,6,2,1,10,5,5,2,17,3,10,1,1,C03,7,9,1,10,2,12,,4,4,1,13,4,120.674271,24.148307,2
6029,66000,387130000C,(04)23274275,(04)23288582,2025,6,16,17,29,臺中市,大肚區,0,0,0,7,,,30,,,,,,,,,,,,,,14,,,,,B03,,,1,,2,,,49,49,1,6,4,120.575613,24.166102,3
6030,66000,387130000C,(04)23274275,(04)23288582,2025,6,16,17,29,臺中市,沙鹿區,0,2,0,7,2,6,40,3,2,1,5,4,6,6,4,4,3,3,3,1,17,2,9,5,4,B03,7,5,1,8,2,2,,14,14,1,13,4,120.572839,24.232305,2
6031,66000,387130000C,(04)23274275,(04)23288582,2025,6,16,17,30,臺中市,南區,0,0,0,7,,,30,,,,,,,,,,,,,,17,,,,,,,,,,,,,86,86,1,,,120.656938,24.13156,3
6032,66000,387130000C,(04)23274275,(04)23288582,2025,6,16,17,30,臺中市,北屯區,0,1,0,7,3,6,50,4,2,1,4,4,6,6,1,1,1,4,5,1,18,2,9,2,1,C03,7,9,1,10,2,11,,84,84,1,6,4,120.664063,24.185579,2
6033,66000,387130000C,(04)23274275,(04)23288582,2025,6,16,17,30,臺中市,西屯區,0,0,0,7,,,60,,,,,,,,,,,,,,12,,,,,B03,,,1,,2,,,40,40,1,12,4,120.647847,24.196114,3
6034,66000,387130000C,(04)23274275,(04)23288582,2025,6,16,17,30,臺中市,沙鹿區,0,0,0,7,,,40,,,,,,,,,,,,,,13,,,,,B03,,,1,,2,,,7,7,1,6,4,120.58264,24.216736,3
6035,66000,387130000C,(04)23274275,(04)23288582,2025,6,16,17,30,臺中市,大甲區,0,0,0,7,,,50,,,,,,,,,,,,,,13,,,,,B03,,,1,,1,,,7,7,1,6,4,120.64178,24.365707,3
6036,66000,387130000C,(04)23274275,(04)23288582,2025,6,16,17,30,臺中市,大甲區,0,1,0,7,3,6,50,4,1,1,5,4,6,6,2,1,10,5,5,2,12,3,10,5,4,B12,7,5,1,8,2,5,,11,11,1,6,4,120.614844,24.351052,2
6037,66000,387130000C,(04)23274275,(04)23288582,2025,6,16,17,32,臺中市,北區,0,0,0,7,2,6,50,13,7,1,5,4,6,6,4,4,1,4,4,2,17,,,,,B03,,,1,,1,,,7,7,1,12,4,120.675035,24.16225,3
6038,66000,387130000C,(04)23274275,(04)23288582,2025,6,16,17,34,臺中市,北區,0,1,0,7,2,6,50,13,9,1,5,4,6,6,4,4,1,4,5,2,13,2,9,1,1,C03,7,9,1,10,2,11,,85,85,1,12,4,120.670839,24.164907,2
6039,66000,387130000C,(04)23274275,(04)23288582,2025,6,16,17,37,臺中市,霧峰區,0,0,0,7,,,40,,,,,,,,,,,,,,13,,,,,B03,,,1,,2,,,7,7,1,6,4,120.662623,24.068416,3
6040,66000,387130000C,(04)23274275,(04)23288582,2025,6,16,17,38,臺中市,沙鹿區,0,1,0,7,2,6,50,4,1,1,5,4,6,6,4,4,10,5,5,2,16,3,10,3,1,B01,7,11,1,1,2,4,,45,45,1,6,4,120.572165,24.222578,2
6041,66000,387130000C,(04)23274275,(04)23288582,2025,6,16,17,40,臺中市,大甲區,0,0,0,6,,,50,,,,,,,,,,,,,,16,,,,,A11,,,1,,1,,,7,7,1,6,4,120.661377,24.401736,3
6042,66000,387130000C,(04)23274275,(04)23288582,2025,6,16,17,42,臺中市,北屯區,0,2,0,7,2,6,50,3,9,1,5,4,6,6,4,4,10,5,5,2,17,2,9,5,4,C03,7,1,1,10,2,14,,51,51,1,12,4,120.709185,24.171185,2
6043,66000,387130000C,(04)23274275,(04)23288582,2025,6,16,17,45,臺中市,東區,0,2,0,7,2,6,50,3,1,1,5,4,6,6,1,1,9,5,5,2,17,3,10,3,1,B03,7,9,1,8,2,1,,7,7,1,12,4,120.696896,24.146066,2
6044,66000,387130000C,(04)23274275,(04)23288582,2025,6,16,17,46,臺中市,大里區,0,1,0,7,1,6,50,4,9,1,4,4,6,6,2,1,5,4,4,2,17,3,10,3,1,B03,7,14,1,8,2,2,,84,84,1,6,4,120.679439,24.115018,2
6045,66000,387130000C,(04)23274275,(04)23288582,2025,6,16,17,47,臺中市,南區,0,1,0,7,2,6,40,13,12,1,4,4,6,6,4,4,5,5,5,2,17,3,10,2,1,C03,7,1,1,10,2,14,,51,51,1,13,4,120.66642,24.113935,2
6046,66000,387130000C,(04)23274275,(04)23288582,2025,6,16,17,47,臺中市,豐原區,0,1,0,5,2,6,50,13,9,1,4,4,6,6,4,4,5,2,5,1,17,3,10,3,1,B03,7,6,1,8,2,5,,34,34,1,13,4,120.702171,24.251557,2
6047,66000,387130000C,(04)23274275,(04)23288582,2025,6,16,17,48,臺中市,北區,0,0,0,7,,,30,,,,,,,,,,,,,,17,,,,,C03,,,6,,1,,,85,85,1,13,4,120.695763,24.152462,4
6048,66000,387130000C,(04)23274275,(04)23288582,2025,6,16,17,53,臺中市,東區,0,0,0,7,,,50,,,,,,,,,,,,,,13,,,,,B03,,,1,,1,,,7,7,1,12,4,120.697967,24.144581,3
6049,66000,387130000C,(04)23274275,(04)23288582,2025,6,16,17,53,臺中市,西屯區,0,0,0,6,,,80,,,,,,,,,,,,,,13,,,,,C01,,,1,,2,,,7,7,1,12,4,120.654659,24.199177,3
6050,66000,387130000C,(04)23274275,(04)23288582,2025,6,16,17,54,臺中市,太平區,0,0,0,7,,,50,,,,,,,,,,,,,,,,,,,,,,,,,,,85,85,1,,,120.733518,24.146705,4
6051,66000,387130000C,(04)23274275,(04)23288582,2025,6,16,17,56,臺中市,北屯區,0,0,0,7,,,50,,,,,,,,,,,,,,,,,,,B03,,,1,,1,,,84,84,1,12,4,120.673008,24.174173,3
6052,66000,387130000C,(04)23274275,(04)23288582,2025,6,16,17,56,臺中市,西屯區,0,0,0,7,,,50,,,,,,,,,,,,,,12,,,,,B03,,,1,,1,,,40,40,1,12,4,120.643405,24.160321,3
6053,66000,387130000C,(04)23274275,(04)23288582,2025,6,16,17,56,臺中市,龍井區,0,0,0,7,,,50,,,,,,,,,,,,,,13,,,,,B03,,,1,,2,,,7,7,1,6,4,120.592787,24.182102,3
6054,66000,387130000C,(04)23274275,(04)23288582,2025,6,16,17,56,臺中市,外埔區,0,1,0,6,2,6,50,13,8,1,4,4,6,6,4,4,5,4,4,1,12,3,10,3,1,B03,7,7,1,8,1,16,,40,40,1,12,4,120.662176,24.323294,2
6055,66000,387130000C,(04)23274275,(04)23288582,2025,6,16,17,59,臺中市,西區,0,0,0,7,,,30,,,,,,,,,,,,,,14,,,,,B02,,,1,,1,,,49,49,1,12,4,120.665015,24.137281,3
6056,66000,387130000C,(04)23274275,(04)23288582,2025,6,16,17,59,臺中市,南區,0,1,0,7,1,6,50,4,1,1,5,4,6,6,1,1,10,5,5,2,13,3,10,3,1,B03,7,5,1,8,2,1,,84,84,1,12,4,120.68413,24.122156,2
6057,66000,387130000C,(04)23274275,(04)23288582,2025,6,16,18,0,臺中市,西屯區,0,0,0,7,,,40,,,,,,,,,,,,,,12,,,,,C03,,,1,,1,,,8,8,1,12,4,120.650295,24.162607,4
6058,66000,387130000C,(04)23274275,(04)23288582,2025,6,16,18,0,臺中市,西屯區,0,0,0,7,,,80,,,,,,,,,,,,,,13,,,,,B03,,,1,,1,,,7,7,1,12,4,120.634948,24.179291,3
6059,66000,387130000C,(04)23274275,(04)23288582,2025,6,16,18,1,臺中市,西屯區,0,1,0,7,2,6,40,3,1,1,5,4,6,6,1,1,5,4,4,2,12,3,10,3,1,B03,7,5,1,8,2,6,,8,8,1,12,4,120.597043,24.172275,2
6060,66000,387130000C,(04)23274275,(04)23288582,2025,6,16,18,3,臺中市,南屯區,0,1,0,7,2,6,50,4,1,1,5,4,6,6,2,1,9,4,5,2,12,2,9,1,1,C03,7,7,1,10,2,13,,40,40,1,12,4,120.649956,24.134835,2
6061,66000,387130000C,(04)23274275,(04)23288582,2025,6,16,18,3,臺中市,太平區,0,1,0,5,2,6,50,3,2,1,4,4,6,6,1,1,1,4,5,2,18,2,9,2,1,C03,7,9,1,10,2,14,,84,84,1,13,4,120.727214,24.157022,2
6062,66000,387130000C,(04)23274275,(04)23288582,2025,6,16,18,4,臺中市,南屯區,0,1,0,7,1,6,50,3,1,1,5,4,6,6,4,4,10,5,5,2,16,3,10,3,1,B12,7,11,1,8,1,8,,45,45,1,13,4,120.627873,24.118652,2
6063,66000,387130000C,(04)23274275,(04)23288582,2025,6,16,18,4,臺中市,豐原區,0,1,0,6,2,6,50,13,9,1,4,2,6,6,4,4,9,5,5,1,18,2,9,1,1,C03,7,9,1,10,2,14,,82,82,1,13,4,120.714847,24.251764,2
6064,66000,387130000C,(04)23274275,(04)23288582,2025,6,16,18,8,臺中市,西區,0,0,0,7,,,50,,,,,,,,,,,,,,,,,,,B03,,,1,8,1,,,11,11,1,13,4,120.661685,24.135131,3
6065,66000,387130000C,(04)23274275,(04)23288582,2025,6,16,18,9,臺中市,北區,0,1,0,7,2,6,40,3,1,1,5,4,6,6,4,4,10,5,4,2,18,2,9,1,1,C03,7,9,1,10,2,12,,59,59,1,12,4,120.682958,24.145632,2
6066,66000,387130000C,(04)23274275,(04)23288582,2025,6,16,18,14,臺中市,西區,0,1,0,7,3,6,50,4,1,1,5,4,6,6,4,4,10,5,5,2,15,2,9,4,1,F01,7,9,7,21,2,11,,15,15,1,13,4,120.658813,24.141573,2
6067,66000,387130000C,(04)23274275,(04)23288582,2025,6,16,18,15,臺中市,南區,0,1,0,7,2,6,50,5,1,1,5,4,6,6,1,1,9,4,4,2,17,2,9,1,1,C03,7,9,1,10,2,11,,7,7,1,12,4,120.684287,24.129124,2
6068,66000,387130000C,(04)23274275,(04)23288582,2025,6,16,18,15,臺中市,南屯區,0,2,0,7,1,6,50,13,9,1,5,4,6,6,4,4,1,4,5,2,13,2,9,1,1,C03,7,9,1,10,2,11,,7,7,1,12,4,120.647309,24.123992,2
6069,66000,387130000C,(04)23274275,(04)23288582,2025,6,16,18,20,臺中市,南屯區,0,0,0,7,,,50,,,,,,,,,,,,,,,,,,,A11,,,1,,1,,,39,39,1,6,4,120.635034,24.146362,3
6070,66000,387130000C,(04)23274275,(04)23288582,2025,6,16,18,22,臺中市,南屯區,0,1,0,7,2,6,50,5,1,1,5,4,6,6,3,1,10,5,5,2,17,3,10,5,4,B03,7,14,1,8,2,4,,76,76,1,13,4,120.635773,24.147858,2
6071,66000,387130000C,(04)23274275,(04)23288582,2025,6,16,18,26,臺中市,北屯區,0,0,0,7,,,50,,,,,,,,,,,,,,,,,,,B03,,,1,,2,,,84,84,1,13,4,120.706776,24.191205,3