序號,縣市別代碼,機關代碼,市話,傳真,年,月,日,時,分,縣市,區,死亡數量,受傷數量,2-30,天候,道路照明設備,道路類別,道路速限,道路型態,事故位置,路面鋪裝,路面狀態,路面缺陷,障礙物,視距,號誌種類,號誌動作,分向設施,快車道或一般車道間,快慢車道間,路面邊線,事故類型及型態,受傷程度,主要傷處,保護裝備,行動電話或功能裝置,當事者區分(類別),車輛用途,當事者行動狀態,駕照狀態,駕照種類,飲酒情形,車輛撞擊部位最初,車輛撞擊部位其他,肇事因素個別,肇事因素主要,肇事逃逸,職業,共享經濟或外送平台,GPS座標X,GPS座標Y,事故類別
6072,66000,387130000C,(04)23274275,(04)23288582,2025,6,16,18,27,臺中市,西屯區,0,1,0,6,1,6,50,12,9,1,4,4,6,6,4,4,5,4,5,2,18,2,9,1,4,C03,7,9,1,10,2,14,,43,43,1,12,4,120.603068,24.192687,2
6073,66000,387130000C,(04)23274275,(04)23288582,2025,6,16,18,30,臺中市,北屯區,0,0,0,7,,,40,,,,,,,,,,,,,,9,,,,,B03,,,1,,1,,,77,77,1,12,4,120.711799,24.165155,3
6074,66000,387130000C,(04)23274275,(04)23288582,2025,6,16,18,30,臺中市,西屯區,0,0,0,7,,,80,,,,,,,,,,,,,,13,,,,,B03,,,1,,1,,,7,7,1,12,4,120.637668,24.186276,3
6075,66000,387130000C,(04)23274275,(04)23288582,2025,6,16,18,32,臺中市,西屯區,0,0,0,7,,,50,,,,,,,,,,,,,,13,,,,,C03,,,1,,1,,,7,7,1,12,4,120.653719,24.161233,3
6076,66000,387130000C,(04)23274275,(04)23288582,2025,6,16,18,36,臺中市,大里區,0,0,0,7,,,50,,,,,,,,,,,,,,13,,,,,B03,,,1,,2,,,84,84,1,13,4,120.689575,24.115378,3
6077,66000,387130000C,(04)23274275,(04)23288582,2025,6,16,18,40,臺中市,大里區,0,1,0,6,2,6,50,4,1,1,5,4,6,6,1,1,5,2,5,1,16,3,10,3,1,B03,7,6,1,7,2,6,,11,11,1,12,4,120.689961,24.11001,2
6078,66000,387130000C,(04)23274275,(04)23288582,2025,6,16,18,40,臺中市,梧棲區,0,1,0,7,2,6,30,3,1,1,5,4,6,6,4,4,10,5,5,2,16,2,9,2,1,C03,7,6,1,10,2,14,,14,14,1,12,4,120.55621,24.239456,2
6079,66000,387130000C,(04)23274275,(04)23288582,2025,6,16,18,44,臺中市,沙鹿區,0,1,0,7,2,6,30,3,1,1,5,4,6,6,4,4,10,5,5,2,17,3,10,3,1,B03,7,5,1,8,2,8,1,13,13,1,6,4,120.60879,24.246424,2
6080,66000,387130000C,(04)23274275,(04)23288582,2025,6,16,18,46,臺中市,太平區,0,0,0,6,,,40,,,,,,,,,,,,,,17,,,,,B03,,,1,,2,,,84,84,1,6,4,120.730473,24.094834,3
6081,66000,387130000C,(04)23274275,(04)23288582,2025,6,16,18,55,臺中市,中區,0,1,0,7,3,6,50,4,1,1,5,4,6,6,2,1,10,5,5,2,13,2,9,1,1,C03,7,9,1,10,2,11,,84,84,1,13,4,120.682344,24.13574,2
6082,66000,387130000C,(04)23274275,(04)23288582,2025,6,16,18,56,臺中市,沙鹿區,0,1,0,7,1,6,50,4,2,1,5,2,1,6,4,4,5,5,5,2,16,2,9,2,1,C03,7,6,1,10,2,11,,34,34,1,6,4,120.570885,24.229705,2
6083,66000,387130000C,(04)23274275,(04)23288582,2025,6,16,18,58,臺中市,南屯區,0,0,0,7,,,50,,,,,,,,,,,,,,13,,,,,B03,,,1,,2,,,7,7,1,12,4,120.64183,24.132268,3
6084,66000,387130000C,(04)23274275,(04)23288582,2025,6,16,19,0,臺中市,北屯區,0,1,0,6,1,6,50,13,9,1,5,4,6,6,4,4,9,5,5,2,11,3,10,3,1,B03,7,4,1,8,2,8,,4,4,1,6,4,120.73003,24.171055,2
6085,66000,387130000C,(04)23274275,(04)23288582,2025,6,16,19,0,臺中市,北屯區,0,0,0,7,,,50,,,,,,,,,,,,,,14,,,,,B03,,,1,,1,,,49,49,1,6,4,120.696181,24.17111,3
6086,66000,387130000C,(04)23274275,(04)23288582,2025,6,16,19,6,臺中市,南屯區,0,0,0,6,,,50,,,,,,,,,,,,,,13,,,,,B03,,,1,,2,,,7,7,1,13,4,120.61213,24.149117,3
6087,66000,387130000C,(04)23274275,(04)23288582,2025,6,16,19,8,臺中市,南區,0,1,0,5,1,6,50,3,2,1,4,4,6,6,1,1,9,4,5,2,12,3,10,3,1,B03,7,5,1,8,2,2,,8,8,1,12,4,120.660534,24.116903,2
6088,66000,387130000C,(04)23274275,(04)23288582,2025,6,16,19,10,臺中市,西區,0,1,0,7,1,6,50,4,1,1,5,4,6,6,2,1,10,5,5,2,2,3,10,3,1,B03,7,6,1,8,2,5,,10,10,1,13,4,120.675966,24.141277,2
6089,66000,387130000C,(04)23274275,(04)23288582,2025,6,16,19,10,臺中市,北屯區,0,1,0,7,1,6,50,4,1,1,5,4,6,6,1,1,5,5,4,2,13,2,7,2,1,C03,7,9,1,10,2,11,,7,7,1,12,4,120.688289,24.176588,2
6090,66000,387130000C,(04)23274275,(04)23288582,2025,6,16,19,12,臺中市,霧峰區,0,1,0,7,1,6,50,3,1,1,5,4,6,6,4,4,5,4,4,1,3,3,10,2,1,C03,7,9,1,10,2,11,,84,84,1,13,4,120.696879,24.065269,2
6091,66000,387130000C,(04)23274275,(04)23288582,2025,6,16,19,13,臺中市,后里區,0,1,0,7,1,6,50,4,1,1,5,4,6,6,1,1,5,5,4,2,17,2,9,2,1,C03,7,4,1,10,2,12,,84,84,1,12,4,120.713143,24.30538,2
6092,66000,387130000C,(04)23274275,(04)23288582,2025,6,16,19,17,臺中市,大里區,0,0,0,7,,,50,,,,,,,,,,,,,,13,,,,,B03,,,1,,2,,,7,7,1,6,4,120.688247,24.102311,3
6093,66000,387130000C,(04)23274275,(04)23288582,2025,6,16,19,22,臺中市,中區,0,2,0,7,1,6,50,4,1,1,5,4,6,6,1,1,10,5,5,2,13,2,9,2,1,C03,7,9,1,10,2,11,,7,7,1,12,4,120.679499,24.142244,2
6094,66000,387130000C,(04)23274275,(04)23288582,2025,6,16,19,29,臺中市,北區,0,1,0,7,1,6,50,4,2,1,5,4,6,6,1,1,5,4,5,2,13,3,10,3,1,B03,7,8,5,8,2,5,,59,59,1,12,4,120.6705,24.15576,2
6095,66000,387130000C,(04)23274275,(04)23288582,2025,6,16,19,35,臺中市,大里區,0,1,0,6,1,6,30,4,1,1,5,4,6,6,4,4,10,5,5,2,17,2,9,1,1,C03,7,9,1,10,2,11,,15,15,1,13,4,120.69359,24.090413,2
6096,66000,387130000C,(04)23274275,(04)23288582,2025,6,16,19,38,臺中市,西區,0,0,0,7,,,50,,,,,,,,,,,,,,,,,,,C03,,,1,10,1,,,49,49,1,13,4,120.654646,24.14662,3
6097,66000,387130000C,(04)23274275,(04)23288582,2025,6,16,20,3,臺中市,南屯區,0,0,0,7,,,50,,,,,,,,,,,,,,11,,,,,B03,,,1,,1,,,11,11,1,13,4,120.650573,24.152369,3
6098,66000,387130000C,(04)23274275,(04)23288582,2025,6,16,20,15,臺中市,沙鹿區,0,1,0,7,2,6,50,13,9,1,5,4,6,6,4,4,9,5,5,2,17,2,8,2,1,C03,7,9,1,10,2,11,12,59,59,1,6,4,120.579499,24.217259,2
6099,66000,387130000C,(04)23274275,(04)23288582,2025,6,16,20,15,臺中市,豐原區,0,0,0,5,,,50,,,,,,,,,,,,,,16,,,,,B02,,,1,,2,,,39,39,1,13,4,120.724657,24.248987,3
6100,66000,387130000C,(04)23274275,(04)23288582,2025,6,16,20,17,臺中市,潭子區,0,1,0,6,1,6,50,4,4,1,5,4,6,6,1,1,5,5,4,2,12,2,8,2,1,C03,7,9,1,10,2,14,,42,42,1,13,4,120.703197,24.207223,2
6101,66000,387130000C,(04)23274275,(04)23288582,2025,6,16,20,25,臺中市,西屯區,0,0,0,6,,,40,,,,,,,,,,,,,,13,,,,,B03,,,1,,1,,,7,7,1,12,4,120.657382,24.163178,3
6102,66000,387130000C,(04)23274275,(04)23288582,2025,6,16,20,27,臺中市,太平區,0,1,0,7,1,6,50,13,7,1,5,4,6,6,4,4,5,2,4,1,13,2,7,1,1,C03,7,9,1,10,2,11,,58,58,1,6,4,120.702142,24.147991,2
6103,66000,387130000C,(04)23274275,(04)23288582,2025,6,16,20,27,臺中市,后里區,0,2,0,7,1,6,40,13,8,1,5,4,6,6,4,4,1,4,4,1,13,2,9,2,1,C03,7,9,1,9,2,11,,84,84,1,12,4,120.723693,24.292968,2
6104,66000,387130000C,(04)23274275,(04)23288582,2025,6,16,20,35,臺中市,南區,0,0,0,7,,,50,,,,,,,,,,,,,,13,,,,,C03,,,1,,1,,,7,7,1,13,4,120.677363,24.127689,3
6105,66000,387130000C,(04)23274275,(04)23288582,2025,6,16,20,43,臺中市,北屯區,0,0,0,7,,,50,,,,,,,,,,,,,,16,,,,,B03,,,1,8,1,,,35,35,1,12,4,120.715533,24.163955,3
6106,66000,387130000C,(04)23274275,(04)23288582,2025,6,16,20,45,臺中市,神岡區,0,0,0,7,,,50,,,,,,,,,,,,,,12,,,,,B03,,,1,,2,,,40,40,1,13,4,120.708133,24.272884,3
6107,66000,387130000C,(04)23274275,(04)23288582,2025,6,16,20,52,臺中市,北屯區,0,1,0,6,1,6,50,4,1,1,5,4,6,6,4,4,10,5,5,2,15,3,10,3,1,B03,7,9,1,8,2,2,,12,12,1,6,4,120.717221,24.172879,2
6108,66000,387130000C,(04)23274275,(04)23288582,2025,6,16,20,52,臺中市,西屯區,0,0,0,7,,,,,,,,,,,,,,,,,17,,,,,,,,,,,,,8,8,1,,,120.589808,24.176751,3
6109,66000,387130000C,(04)23274275,(04)23288582,2025,6,16,21,0,臺中市,北屯區,0,2,0,5,3,6,50,4,1,1,4,4,6,6,4,4,10,5,5,2,15,3,10,2,1,C03,7,9,1,9,2,12,,15,15,1,5,4,120.725184,24.157846,2
6110,66000,387130000C,(04)23274275,(04)23288582,2025,6,16,21,3,臺中市,大里區,0,1,0,5,3,6,30,4,1,1,4,4,6,6,4,4,10,5,5,2,15,2,9,1,1,F03,7,9,7,21,2,11,,15,15,1,13,4,120.707331,24.085552,2
6111,66000,387130000C,(04)23274275,(04)23288582,2025,6,16,21,8,臺中市,太平區,0,2,0,6,1,6,50,3,2,1,5,4,6,6,1,1,5,4,5,2,13,2,9,1,1,C03,7,9,1,10,2,11,,84,84,1,6,4,120.721877,24.149176,2
6112,66000,387130000C,(04)23274275,(04)23288582,2025,6,16,21,9,臺中市,北屯區,0,1,0,7,3,6,50,13,8,1,5,4,6,6,4,4,1,4,4,2,13,3,10,3,1,B03,7,3,1,8,2,6,,85,85,1,6,4,120.664584,24.185089,2
6113,66000,387130000C,(04)23274275,(04)23288582,2025,6,16,21,15,臺中市,太平區,0,2,0,5,1,6,30,3,1,1,4,4,6,6,4,4,10,5,5,2,17,2,9,5,4,C03,7,6,3,19,2,11,,13,13,1,6,4,120.727782,24.150026,2
6114,66000,387130000C,(04)23274275,(04)23288582,2025,6,16,21,18,臺中市,太平區,0,1,0,5,1,6,40,13,8,1,4,4,6,6,4,4,1,2,5,2,18,2,9,1,1,C03,7,9,1,10,2,12,,58,58,1,6,4,120.712103,24.144101,2
6115,66000,387130000C,(04)23274275,(04)23288582,2025,6,16,21,27,臺中市,西區,0,1,0,7,1,6,50,13,9,1,5,4,6,6,4,4,5,4,5,2,17,2,9,2,1,C03,7,15,1,10,2,12,,65,65,1,6,4,120.6767,24.13961,2
6116,66000,387130000C,(04)23274275,(04)23288582,2025,6,16,21,34,臺中市,大里區,0,1,0,5,1,6,50,4,1,1,4,4,6,6,1,1,10,5,5,2,3,3,10,3,1,B03,7,6,1,8,2,1,,10,10,1,13,4,120.686074,24.113285,2
6117,66000,387130000C,(04)23274275,(04)23288582,2025,6,16,21,42,臺中市,西區,0,0,0,7,,,50,,,,,,,,,,,,,,,,,,,C03,,,1,,1,,,11,11,1,6,4,120.657245,24.136592,3
6118,66000,387130000C,(04)23274275,(04)23288582,2025,6,16,21,44,臺中市,中區,0,1,0,7,1,6,50,4,1,1,5,4,6,6,4,4,10,5,5,2,17,2,8,2,1,C03,7,11,1,10,2,14,,45,45,1,12,4,120.675382,24.14389,2
6119,66000,387130000C,(04)23274275,(04)23288582,2025,6,16,21,59,臺中市,西區,0,0,0,7,,,40,,,,,,,,,,,,,,,,,,,C03,,,1,,9,,,84,84,1,12,4,120.669989,24.138051,3
6120,66000,387130000C,(04)23274275,(04)23288582,2025,6,16,22,2,臺中市,西屯區,0,0,0,7,,,50,,,,,,,,,,,,,,14,,,,,B03,,,3,,1,,,49,49,1,12,4,120.647531,24.171214,3
6121,66000,387130000C,(04)23274275,(04)23288582,2025,6,16,22,5,臺中市,北區,0,0,0,7,,,50,,,,,,,,,,,,,,12,,,,,A02,,,1,,2,,,40,40,1,6,4,120.684029,24.149318,3
6122,66000,387130000C,(04)23274275,(04)23288582,2025,6,16,22,17,臺中市,北區,0,0,0,7,,,50,,,,,,,,,,,,,,17,,,,,B03,,,6,,1,,,85,85,1,13,4,120.681604,24.162952,3
6123,66000,387130000C,(04)23274275,(04)23288582,2025,6,16,22,21,臺中市,南屯區,0,3,0,7,2,6,50,4,1,1,5,4,6,6,1,1,9,4,4,2,11,2,9,1,1,C03,7,6,1,10,2,11,,11,11,1,12,4,120.642806,24.148794,2
6124,66000,387130000C,(04)23274275,(04)23288582,2025,6,16,22,31,臺中市,北屯區,0,1,0,7,1,6,40,13,8,1,5,4,6,6,4,4,9,5,4,2,17,3,10,3,1,B03,7,1,1,8,2,8,,51,51,1,13,4,120.663013,24.181034,2
6125,66000,387130000C,(04)23274275,(04)23288582,2025,6,16,22,31,臺中市,沙鹿區,0,1,0,6,1,6,50,4,2,1,5,4,6,6,3,1,8,3,5,2,17,3,10,5,4,B03,7,9,1,8,2,4,,24,24,1,13,4,120.562138,24.238681,2
6126,66000,387130000C,(04)23274275,(04)23288582,2025,6,16,22,41,臺中市,東區,0,0,0,7,,,50,,,,,,,,,,,,,,,,,,,B02,,,1,,2,,,8,8,1,12,4,120.687676,24.138151,3
6127,66000,387130000C,(04)23274275,(04)23288582,2025,6,16,22,57,臺中市,西屯區,0,2,0,7,2,6,50,3,1,1,5,4,6,6,1,1,10,5,5,2,13,2,9,5,1,C03,7,9,1,10,2,12,,7,7,1,12,4,120.646886,24.15706,2
6128,66000,387130000C,(04)23274275,(04)23288582,2025,6,16,23,0,臺中市,南屯區,0,0,0,7,1,6,50,13,9,1,5,4,6,6,4,4,5,5,5,2,12,,,,,B12,,,1,,2,,,51,51,1,12,4,120.642908,24.152395,3
6129,66000,387130000C,(04)23274275,(04)23288582,2025,6,16,23,12,臺中市,北屯區,0,1,0,7,1,6,50,4,1,1,5,4,6,6,2,1,10,5,5,2,16,3,10,3,1,B03,7,6,1,8,2,2,,11,11,1,12,4,120.693287,24.182973,2
6130,66000,387130000C,(04)23274275,(04)23288582,2025,6,16,23,41,臺中市,太平區,0,1,0,7,1,6,50,13,9,1,5,4,6,6,1,1,5,4,5,2,16,2,9,1,1,C03,7,6,1,10,2,13,,39,39,1,6,4,120.710692,24.126806,2
6131,66000,387130000C,(04)23274275,(04)23288582,2025,6,16,23,49,臺中市,太平區,0,0,0,7,,,50,,,,,,,,,,,,,,,,,,,B03,,,1,,1,,,51,51,1,6,4,120.733306,24.153743,3
6132,66000,387130000C,(04)23274275,(04)23288582,2025,6,17,0,2,臺中市,北區,0,0,0,7,,,30,,,,,,,,,,,,,,17,,,,,B03,,,1,,1,,,84,84,1,13,4,120.672784,24.171333,3
6133,66000,387130000C,(04)23274275,(04)23288582,2025,6,17,0,13,臺中市,西屯區,0,2,0,7,1,6,50,3,1,1,5,4,6,6,4,4,10,5,5,2,16,2,9,1,1,C03,7,1,1,10,2,14,,51,51,1,12,4,120.622928,24.18579,2
6134,66000,387130000C,(04)23274275,(04)23288582,2025,6,17,0,50,臺中市,南屯區,0,0,0,7,,,50,,,,,,,,,,,,,,,,,,,A11,,,1,,2,,,8,8,1,12,4,120.623772,24.149569,3
6135,66000,387130000C,(04)23274275,(04)23288582,2025,6,17,0,58,臺中市,太平區,0,1,0,7,1,6,50,4,2,1,5,4,6,6,1,1,5,5,5,1,13,3,10,3,1,B03,7,9,1,8,2,1,,59,59,1,6,4,120.703185,24.153418,2
6136,66000,387130000C,(04)23274275,(04)23288582,2025,6,17,1,0,臺中市,大肚區,0,1,0,7,1,6,30,5,1,1,5,4,6,6,2,1,10,5,5,2,18,2,9,1,1,C03,7,9,1,10,2,12,,84,84,1,6,4,120.578055,24.118298,2
6137,66000,387130000C,(04)23274275,(04)23288582,2025,6,17,1,30,臺中市,南屯區,0,1,0,7,1,6,50,13,9,1,5,4,6,6,4,4,5,4,5,2,12,2,9,1,1,C03,7,9,1,10,2,11,,59,59,1,12,4,120.652771,24.138253,2
6138,66000,387130000C,(04)23274275,(04)23288582,2025,6,17,1,45,臺中市,北屯區,0,1,0,7,1,6,50,3,1,1,5,4,6,6,2,1,10,5,5,2,12,2,9,2,1,C03,7,4,1,10,2,14,,8,8,1,12,4,120.69824,24.173264,2
6139,66000,387130000C,(04)23274275,(04)23288582,2025,6,17,1,48,臺中市,北區,0,0,0,7,,,50,,,,,,,,,,,,,,17,,,,,B03,,,1,,1,,,84,84,1,13,4,120.672846,24.168786,3
6140,66000,387130000C,(04)23274275,(04)23288582,2025,6,17,2,7,臺中市,霧峰區,0,1,0,7,1,6,40,13,17,1,5,4,6,6,4,4,10,4,4,1,18,2,9,1,1,C03,7,11,1,10,2,14,,59,59,1,5,4,120.663799,24.073947,2
6141,66000,387130000C,(04)23274275,(04)23288582,2025,6,17,2,25,臺中市,西區,0,1,0,7,1,6,50,5,1,1,5,4,6,6,1,1,10,5,5,2,16,3,10,3,1,B02,7,6,1,8,2,1,2,25,25,1,12,4,120.669801,24.150724,2
6142,66000,387130000C,(04)23274275,(04)23288582,2025,6,17,3,40,臺中市,南屯區,0,2,0,7,2,6,50,4,1,1,5,4,6,6,2,1,9,4,5,2,12,3,10,3,1,B03,7,6,1,8,2,1,,84,84,1,12,4,120.646808,24.148836,2
6143,66000,387130000C,(04)23274275,(04)23288582,2025,6,17,5,19,臺中市,潭子區,0,1,0,7,2,6,50,4,2,1,5,4,6,6,4,4,1,4,5,1,13,3,10,3,1,B03,7,9,1,10,2,1,,56,56,1,13,4,120.719925,24.228639,2
6144,66000,387130000C,(04)23274275,(04)23288582,2025,6,17,5,20,臺中市,豐原區,0,1,0,7,1,6,50,5,1,1,5,4,6,6,1,1,10,5,5,2,13,3,10,3,1,B02,7,9,3,19,2,1,,54,54,1,12,4,120.723504,24.252139,2
6145,66000,387130000C,(04)23274275,(04)23288582,2025,6,17,5,55,臺中市,石岡區,0,2,0,7,3,6,40,13,8,1,5,4,6,6,4,4,1,4,4,1,13,2,9,5,4,C03,7,9,1,10,2,11,,7,7,1,13,4,120.801217,24.268812,2
6146,66000,387130000C,(04)23274275,(04)23288582,2025,6,17,5,57,臺中市,北屯區,0,1,0,7,2,6,50,13,9,1,5,4,6,6,4,4,10,4,5,2,16,3,10,3,1,B03,7,1,1,8,2,4,,51,51,1,12,4,120.686283,24.171095,2
6147,66000,387130000C,(04)23274275,(04)23288582,2025,6,17,6,41,臺中市,神岡區,0,2,0,7,2,6,50,13,9,1,5,4,6,6,4,4,10,5,5,1,17,3,10,3,4,B03,7,2,6,20,11,6,,49,49,1,12,4,120.653375,24.265517,2
6148,66000,387130000C,(04)23274275,(04)23288582,2025,6,17,6,42,臺中市,神岡區,0,2,0,7,2,6,30,3,1,1,5,4,6,6,4,4,10,5,5,2,16,2,9,1,1,C03,7,5,1,10,2,11,,14,14,1,12,4,120.697248,24.252916,2
6149,66000,387130000C,(04)23274275,(04)23288582,2025,6,17,6,49,臺中市,大里區,0,2,0,7,2,6,30,4,1,1,5,4,6,6,4,4,10,5,5,2,16,2,9,2,1,C03,7,6,1,11,2,14,,48,48,1,13,4,120.703278,24.095194,2
6150,66000,387130000C,(04)23274275,(04)23288582,2025,6,17,6,54,臺中市,東區,0,1,0,7,2,6,50,13,9,1,5,4,6,6,4,4,5,4,5,2,12,2,9,1,1,C03,7,9,1,10,2,12,,8,8,1,12,4,120.694417,24.140087,2
6151,66000,387130000C,(04)23274275,(04)23288582,2025,6,17,7,1,臺中市,西屯區,0,0,0,7,,,60,,,,,,,,,,,,,,17,,,,,B03,,,1,,1,,,84,84,1,13,4,120.659102,24.200844,3
6152,66000,387130000C,(04)23274275,(04)23288582,2025,6,17,7,5,臺中市,烏日區,0,1,0,7,2,6,40,4,1,1,5,4,6,6,1,1,5,5,4,2,12,2,9,1,1,C03,7,15,1,10,2,13,,6,6,1,6,4,120.608073,24.117734,2
6153,66000,387130000C,(04)23274275,(04)23288582,2025,6,17,7,11,臺中市,龍井區,0,2,0,7,3,6,50,4,1,1,5,4,6,6,4,4,5,5,5,1,17,2,9,2,1,C03,7,6,1,10,2,14,,20,20,1,12,4,120.538835,24.213722,2
6154,66000,387130000C,(04)23274275,(04)23288582,2025,6,17,7,15,臺中市,霧峰區,0,0,0,7,2,6,50,13,9,1,5,4,6,6,4,4,5,5,5,1,1,,,,,B03,,,1,,1,,,8,8,1,6,4,120.698967,24.06447,3
6155,66000,387130000C,(04)23274275,(04)23288582,2025,6,17,7,21,臺中市,西屯區,0,1,0,6,1,6,30,4,9,1,5,4,6,6,4,4,10,5,5,2,9,3,10,3,1,B03,7,9,1,8,2,5,,8,8,1,12,4,120.667152,24.177108,2
6156,66000,387130000C,(04)23274275,(04)23288582,2025,6,17,7,23,臺中市,大雅區,0,1,0,7,3,6,40,13,8,1,5,4,6,6,4,4,1,2,1,1,17,3,10,3,1,B03,7,3,1,8,2,2,,84,84,1,12,4,120.632283,24.205455,2
6157,66000,387130000C,(04)23274275,(04)23288582,2025,6,17,7,24,臺中市,北屯區,0,1,0,7,3,6,50,3,1,1,5,4,6,6,1,1,10,5,5,2,16,3,10,3,1,B03,7,5,1,8,2,5,,11,11,1,13,4,120.70566,24.172837,2
6158,66000,387130000C,(04)23274275,(04)23288582,2025,6,17,7,24,臺中市,太平區,0,1,0,7,3,6,40,3,1,1,5,4,6,6,4,4,5,5,5,2,13,2,9,2,1,C03,7,9,3,19,2,14,,7,7,1,12,4,120.701195,24.11243,2
6159,66000,387130000C,(04)23274275,(04)23288582,2025,6,17,7,25,臺中市,西區,0,0,0,7,,,50,,,,,,,,,,,,,,13,,,,,C03,,,1,,2,,,7,7,1,13,4,120.655083,24.140025,3
6160,66000,387130000C,(04)23274275,(04)23288582,2025,6,17,7,25,臺中市,南屯區,0,0,0,7,,,50,,,,,,,,,,,,,,,,,,,B03,,,1,,1,,,7,7,1,13,4,120.597872,24.155393,3
6161,66000,387130000C,(04)23274275,(04)23288582,2025,6,17,7,27,臺中市,西屯區,0,0,0,7,,,50,,,,,,,,,,,,,,16,,,,,C03,,,1,,2,,,42,42,1,12,2,120.620166,24.187297,3
6162,66000,387130000C,(04)23274275,(04)23288582,2025,6,17,7,29,臺中市,太平區,0,0,0,7,,,30,,,,,,,,,,,,,,16,,,,,B12,,,1,,1,,,14,14,1,12,4,120.718281,24.132498,3
6163,66000,387130000C,(04)23274275,(04)23288582,2025,6,17,7,30,臺中市,大里區,0,1,0,7,2,6,50,4,1,1,5,4,6,6,1,1,10,5,5,2,17,2,9,1,1,C03,7,1,1,10,2,14,,51,51,1,12,4,120.675125,24.103136,2
6164,66000,387130000C,(04)23274275,(04)23288582,2025,6,17,7,36,臺中市,大雅區,0,1,0,7,2,6,50,13,9,1,5,4,6,6,4,4,9,5,5,2,13,3,10,3,1,B12,7,9,1,8,2,1,,7,7,1,13,4,120.66771,24.216156,2
6165,66000,387130000C,(04)23274275,(04)23288582,2025,6,17,7,36,臺中市,大里區,0,1,0,7,3,6,30,4,1,1,5,4,6,6,1,1,10,5,5,2,17,2,9,1,1,C03,7,1,1,10,2,12,,51,51,1,13,4,120.694568,24.118281,2
6166,66000,387130000C,(04)23274275,(04)23288582,2025,6,17,7,37,臺中市,南區,0,0,0,7,,,50,,,,,,,,,,,,,,23,,,,,B03,,,1,,11,,,84,84,1,12,4,120.655457,24.115199,3
6167,66000,387130000C,(04)23274275,(04)23288582,2025,6,17,7,37,臺中市,南區,0,2,0,7,3,6,50,3,2,1,5,4,6,6,1,1,5,4,4,2,13,2,9,2,1,C03,7,9,1,10,2,11,,84,84,1,6,4,120.657467,24.113203,2
6168,66000,387130000C,(04)23274275,(04)23288582,2025,6,17,7,37,臺中市,豐原區,0,1,0,7,2,6,50,13,8,1,5,4,6,6,4,4,1,4,4,2,17,3,10,3,1,B03,7,5,1,8,2,3,,47,47,1,12,4,120.716261,24.256728,2
6169,66000,387130000C,(04)23274275,(04)23288582,2025,6,17,7,39,臺中市,南屯區,0,1,0,7,1,6,50,4,1,1,5,4,6,6,4,4,5,5,5,2,11,2,9,1,1,C03,7,9,1,10,2,11,,84,84,1,13,4,120.650581,24.155212,2
6170,66000,387130000C,(04)23274275,(04)23288582,2025,6,17,7,40,臺中市,西屯區,0,0,0,7,,,40,,,,,,,,,,,,,,12,,,,,C03,,,1,,2,,,40,40,1,12,4,120.655444,24.158573,3
6171,66000,387130000C,(04)23274275,(04)23288582,2025,6,17,7,41,臺中市,神岡區,0,0,0,7,,,30,,,,,,,,,,,,,,17,,,,,B03,,,1,,2,,,51,51,1,12,4,120.683067,24.248054,3
6172,66000,387130000C,(04)23274275,(04)23288582,2025,6,17,7,42,臺中市,大肚區,0,0,0,7,2,6,50,13,1,1,5,4,6,6,2,1,5,5,5,2,12,3,10,3,1,B03,7,9,1,8,2,2,,8,8,1,6,4,120.579044,24.168673,3
6173,66000,387130000C,(04)23274275,(04)23288582,2025,6,17,7,47,臺中市,南區,0,0,0,7,,,50,,,,,,,,,,,,,,,,,,,B03,,,1,,1,,,7,7,1,12,4,120.666823,24.119688,3
6174,66000,387130000C,(04)23274275,(04)23288582,2025,6,17,7,47,臺中市,大肚區,0,0,0,7,,,60,,,,,,,,,,,,,,16,,,,,B03,,,1,,2,,,25,25,1,6,4,120.547745,24.155704,3
6175,66000,387130000C,(04)23274275,(04)23288582,2025,6,17,7,47,臺中市,沙鹿區,0,1,0,7,2,6,40,13,8,1,5,4,6,6,4,4,1,4,3,1,13,2,9,2,1,C03,7,9,1,10,2,11,,7,7,1,6,4,120.570444,24.236159,2
6176,66000,387130000C,(04)23274275,(04)23288582,2025,6,17,7,48,臺中市,南區,0,1,0,7,3,6,50,3,2,1,5,4,6,6,1,1,5,4,5,2,13,2,7,2,1,C03,7,9,1,10,2,11,,7,7,1,13,4,120.644866,24.110156,2
6177,66000,387130000C,(04)23274275,(04)23288582,2025,6,17,7,49,臺中市,大里區,0,0,0,7,,,50,,,,,,,,,,,,,,17,,,,,F03,,,1,,1,,,7,7,1,12,4,120.681447,24.104847,3
6178,66000,387130000C,(04)23274275,(04)23288582,2025,6,17,7,50,臺中市,沙鹿區,0,0,0,7,,,60,,,,,,,,,,,,,,13,,,,,B03,,,1,,1,,,7,7,1,12,4,120.605656,24.247531,3
6179,66000,387130000C,(04)23274275,(04)23288582,2025,6,17,7,54,臺中市,北屯區,0,0,0,7,,,50,,,,,,,,,,,,,,13,,,,,B03,,,1,,1,,,7,7,1,12,4,120.68837,24.182084,3
6180,66000,387130000C,(04)23274275,(04)23288582,2025,6,17,7,55,臺中市,龍井區,0,0,0,7,2,6,50,13,9,1,5,4,6,6,4,4,9,4,5,1,17,3,10,3,1,A11,7,15,1,7,1,3,,78,78,1,6,4,120.573407,24.186977,3
6181,66000,387130000C,(04)23274275,(04)23288582,2025,6,17,7,56,臺中市,東區,0,2,0,6,3,6,50,3,1,1,5,4,6,6,3,1,5,5,5,2,3,2,9,2,1,F03,7,9,7,21,2,11,,10,10,1,6,4,120.687231,24.14009,2