序號,縣市別代碼,機關代碼,市話,傳真,年,月,日,時,分,縣市,區,死亡數量,受傷數量,2-30,天候,道路照明設備,道路類別,道路速限,道路型態,事故位置,路面鋪裝,路面狀態,路面缺陷,障礙物,視距,號誌種類,號誌動作,分向設施,快車道或一般車道間,快慢車道間,路面邊線,事故類型及型態,受傷程度,主要傷處,保護裝備,行動電話或功能裝置,當事者區分(類別),車輛用途,當事者行動狀態,駕照狀態,駕照種類,飲酒情形,車輛撞擊部位最初,車輛撞擊部位其他,肇事因素個別,肇事因素主要,肇事逃逸,職業,共享經濟或外送平台,GPS座標X,GPS座標Y,事故類別
6182,66000,387130000C,(04)23274275,(04)23288582,2025,6,17,7,58,臺中市,西屯區,0,0,0,7,,,40,,,,,,,,,,,,,,12,,,,,C03,,,1,,1,,,48,48,1,13,4,120.606877,24.193803,3
6183,66000,387130000C,(04)23274275,(04)23288582,2025,6,17,7,59,臺中市,沙鹿區,0,0,0,7,,,50,,,,,,,,,,,,,,13,,,,,B03,,,1,,1,,,7,7,1,12,4,120.56917,24.221961,3
6184,66000,387130000C,(04)23274275,(04)23288582,2025,6,17,8,0,臺中市,大里區,0,0,0,7,,,50,,,,,,,,,,,,,,16,,,,,B03,,,1,,2,,,14,14,1,13,4,120.684394,24.109706,3
6185,66000,387130000C,(04)23274275,(04)23288582,2025,6,17,8,0,臺中市,外埔區,0,0,0,7,,,50,,,,,,,,,,,,,,11,,,,,B03,,,1,,2,,,8,8,1,12,4,120.659054,24.328144,3
6186,66000,387130000C,(04)23274275,(04)23288582,2025,6,17,8,1,臺中市,梧棲區,0,0,0,7,,,50,,,,,,,,,,,,,,16,,,,,B03,,,1,,2,,,14,14,1,6,4,120.550573,24.241437,3
6187,66000,387130000C,(04)23274275,(04)23288582,2025,6,17,8,6,臺中市,太平區,0,0,0,7,,,50,,,,,,,,,,,,,,,,,,,B03,,,1,,2,,,7,7,1,12,4,120.716189,24.133468,3
6188,66000,387130000C,(04)23274275,(04)23288582,2025,6,17,8,6,臺中市,大甲區,0,0,0,7,,,50,,,,,,,,,,,,,,13,,,,,B03,,,1,,2,,,7,7,1,12,4,120.627746,24.346617,3
6189,66000,387130000C,(04)23274275,(04)23288582,2025,6,17,8,7,臺中市,南區,0,0,0,6,,,50,,,,,,,,,,,,,,14,,,,,B03,,,1,,1,,,49,49,1,6,4,120.660927,24.12337,3
6190,66000,387130000C,(04)23274275,(04)23288582,2025,6,17,8,8,臺中市,南屯區,0,0,0,7,,,50,,,,,,,,,,,,,,17,,,,,B12,,,1,,2,,,40,40,1,12,4,120.623399,24.135649,3
6191,66000,387130000C,(04)23274275,(04)23288582,2025,6,17,8,8,臺中市,西屯區,0,2,0,7,2,6,50,3,1,1,5,4,6,6,4,4,10,5,5,2,16,2,8,2,4,C03,7,9,1,10,2,11,,84,84,1,13,1,120.64455,24.17161,2
6192,66000,387130000C,(04)23274275,(04)23288582,2025,6,17,8,10,臺中市,烏日區,0,1,0,7,2,6,40,3,1,1,5,4,6,6,1,1,10,5,5,2,17,3,10,5,4,B03,7,5,1,8,2,2,,11,11,1,12,4,120.648523,24.091971,2
6193,66000,387130000C,(04)23274275,(04)23288582,2025,6,17,8,10,臺中市,后里區,0,0,0,7,,,50,,,,,,,,,,,,,,17,,,,,,,,,,,,,86,86,1,,,120.72349,24.293713,3
6194,66000,387130000C,(04)23274275,(04)23288582,2025,6,17,8,12,臺中市,梧棲區,0,2,0,6,3,6,70,3,7,1,5,4,6,6,1,1,1,4,1,1,13,2,7,3,1,B03,7,9,1,8,2,1,,7,7,1,6,4,120.549892,24.244922,2
6195,66000,387130000C,(04)23274275,(04)23288582,2025,6,17,8,13,臺中市,北區,0,2,0,7,3,6,50,18,9,1,5,4,6,6,4,4,5,4,5,2,17,2,9,1,1,C03,7,11,5,19,2,15,,39,39,1,12,4,120.675107,24.146328,2
6196,66000,387130000C,(04)23274275,(04)23288582,2025,6,17,8,13,臺中市,北區,0,0,0,7,,,50,,,,,,,,,,,,,,13,,,,,B03,,,1,,1,5,,59,59,1,12,4,120.670545,24.165155,3
6197,66000,387130000C,(04)23274275,(04)23288582,2025,6,17,8,14,臺中市,北屯區,0,0,0,7,,,50,,,,,,,,,,,,,,14,,,,,B03,,,1,,1,,,50,50,1,6,4,120.696799,24.172604,3
6198,66000,387130000C,(04)23274275,(04)23288582,2025,6,17,8,18,臺中市,龍井區,0,0,0,7,2,6,50,13,9,1,5,4,6,6,4,4,5,2,5,1,17,3,10,2,1,C03,7,5,1,10,1,11,,43,43,1,6,4,120.575557,24.181596,3
6199,66000,387130000C,(04)23274275,(04)23288582,2025,6,17,8,23,臺中市,南區,0,0,0,7,,,50,,,,,,,,,,,,,,,,,,,B12,,,1,,1,,,7,7,1,6,4,120.663106,24.119504,4
6200,66000,387130000C,(04)23274275,(04)23288582,2025,6,17,8,23,臺中市,大里區,0,0,0,7,,,,,,,,,,,,,,,,,17,,,,,,,,,,,,,51,51,1,,,120.698367,24.10142,3
6201,66000,387130000C,(04)23274275,(04)23288582,2025,6,17,8,24,臺中市,南區,0,1,0,7,3,6,50,4,1,1,5,4,6,6,2,1,10,5,5,2,16,3,10,2,1,C03,7,9,1,10,2,11,,85,85,1,13,4,120.64849,24.122731,2
6202,66000,387130000C,(04)23274275,(04)23288582,2025,6,17,8,24,臺中市,東區,0,0,0,7,,,50,,,,,,,,,,,,,,,,,,,B03,,,1,,1,,,7,7,1,6,4,120.694222,24.142718,3
6203,66000,387130000C,(04)23274275,(04)23288582,2025,6,17,8,27,臺中市,西屯區,0,0,0,7,,,50,,,,,,,,,,,,,,12,,,,,B02,,,1,,1,,,26,26,1,12,4,120.62904,24.163157,3
6204,66000,387130000C,(04)23274275,(04)23288582,2025,6,17,8,28,臺中市,北區,0,1,0,7,3,6,50,4,1,1,5,4,6,6,4,4,10,5,5,2,15,2,9,1,1,C03,7,9,1,10,2,11,,20,20,1,12,4,120.691035,24.155857,2
6205,66000,387130000C,(04)23274275,(04)23288582,2025,6,17,8,28,臺中市,后里區,0,1,0,7,2,6,50,5,1,1,5,4,6,6,1,1,10,5,5,2,16,3,10,3,1,B03,7,6,1,8,2,1,,11,11,1,12,4,120.673207,24.310105,2
6206,66000,387130000C,(04)23274275,(04)23288582,2025,6,17,8,29,臺中市,南屯區,0,1,0,7,2,6,50,13,9,1,5,4,6,6,4,4,9,4,5,2,17,3,10,3,1,B03,7,15,1,8,2,4,,76,76,1,12,4,120.639222,24.13929,2
6207,66000,387130000C,(04)23274275,(04)23288582,2025,6,17,8,31,臺中市,西屯區,0,0,0,7,,,30,,,,,,,,,,,,,,17,,,,,B03,,,1,,2,,,8,8,1,12,4,120.640054,24.176476,3
6208,66000,387130000C,(04)23274275,(04)23288582,2025,6,17,8,32,臺中市,大雅區,0,0,0,7,,,50,,,,,,,,,,,,,,,,,,,B03,,,1,,2,,,8,8,1,13,4,120.648421,24.226296,3
6209,66000,387130000C,(04)23274275,(04)23288582,2025,6,17,8,32,臺中市,潭子區,0,2,0,7,3,6,50,4,1,1,5,4,6,6,1,1,5,4,4,2,15,2,9,1,1,F03,7,9,7,21,2,12,,21,21,1,13,4,120.703602,24.212746,2
6210,66000,387130000C,(04)23274275,(04)23288582,2025,6,17,8,32,臺中市,太平區,0,1,0,7,3,6,50,13,9,1,5,4,6,6,4,4,5,5,5,2,17,2,9,2,1,C03,7,9,1,10,2,11,,84,84,1,12,4,120.717056,24.125729,2
6211,66000,387130000C,(04)23274275,(04)23288582,2025,6,17,8,33,臺中市,大里區,0,0,0,7,,,50,,,,,,,,,,,,,,9,,,,,C03,,,1,,2,,,7,7,1,12,4,120.695321,24.122393,3
6212,66000,387130000C,(04)23274275,(04)23288582,2025,6,17,8,36,臺中市,西屯區,0,1,0,7,2,6,50,3,1,1,5,4,6,6,2,1,10,5,5,2,16,2,7,5,4,C03,7,11,1,10,1,11,,59,59,1,13,4,120.637023,24.172144,2
6213,66000,387130000C,(04)23274275,(04)23288582,2025,6,17,8,36,臺中市,霧峰區,0,0,0,7,,,40,,,,,,,,,,,,,,16,,,,,C03,,,1,,2,,,7,7,1,12,4,120.696264,24.02183,3
6214,66000,387130000C,(04)23274275,(04)23288582,2025,6,17,8,42,臺中市,西區,0,0,0,7,,,30,,,,,,,,,,,,,,,,,,,B03,,,1,,1,,,14,14,1,12,4,120.665141,24.153336,3
6215,66000,387130000C,(04)23274275,(04)23288582,2025,6,17,8,47,臺中市,太平區,0,0,0,7,,,50,,,,,,,,,,,,,,,,,,,C03,,,1,,2,,,7,7,1,12,4,120.712637,24.125982,3
6216,66000,387130000C,(04)23274275,(04)23288582,2025,6,17,8,48,臺中市,大肚區,0,0,0,7,,,50,,,,,,,,,,,,,,13,,,,,A12,,,1,,2,,,82,82,1,6,4,120.578094,24.118278,3
6217,66000,387130000C,(04)23274275,(04)23288582,2025,6,17,8,49,臺中市,西屯區,0,1,0,7,1,6,0,3,2,1,5,4,6,6,4,4,10,5,5,2,18,,,,,,,,,,,,,116,116,1,,,120.657222,24.175663,2
6218,66000,387130000C,(04)23274275,(04)23288582,2025,6,17,8,55,臺中市,西區,0,1,0,7,2,6,50,4,1,1,5,4,6,6,1,1,10,5,5,2,16,3,10,3,1,B03,7,6,1,8,2,2,,11,11,1,12,4,120.656748,24.146707,2
6219,66000,387130000C,(04)23274275,(04)23288582,2025,6,17,8,55,臺中市,西區,0,0,0,6,,,50,,,,,,,,,,,,,,12,,,,,B03,,,1,,2,,,40,40,1,13,4,120.666927,24.153191,3
6220,66000,387130000C,(04)23274275,(04)23288582,2025,6,17,8,57,臺中市,南屯區,0,0,0,7,,,50,,,,,,,,,,,,,,,,,,,A12,,,1,,1,,,40,40,1,13,4,120.6514,24.150796,3
6221,66000,387130000C,(04)23274275,(04)23288582,2025,6,17,9,1,臺中市,北屯區,0,1,0,7,3,6,50,13,9,1,5,4,6,6,4,4,9,4,5,2,18,2,9,1,1,C03,7,9,1,10,1,12,,59,59,1,13,4,120.695956,24.166152,2
6222,66000,387130000C,(04)23274275,(04)23288582,2025,6,17,9,2,臺中市,北區,0,0,0,7,,,50,,,,,,,,,,,,,,,,,,,B03,,,1,,1,,,20,20,1,12,4,120.68827,24.152596,3
6223,66000,387130000C,(04)23274275,(04)23288582,2025,6,17,9,6,臺中市,西屯區,0,1,0,7,2,6,50,5,1,1,5,4,6,6,1,1,10,5,5,2,13,2,7,2,4,C03,7,9,5,19,2,11,,7,7,1,13,4,120.6063,24.161783,2
6224,66000,387130000C,(04)23274275,(04)23288582,2025,6,17,9,7,臺中市,太平區,0,0,0,7,,,50,,,,,,,,,,,,,,14,,,,,B12,,,1,,2,,,49,49,1,12,4,120.733464,24.15527,3
6225,66000,387130000C,(04)23274275,(04)23288582,2025,6,17,9,10,臺中市,沙鹿區,0,0,0,7,,,60,,,,,,,,,,,,,,12,,,,,B12,,,1,,1,,,8,8,1,12,4,120.575896,24.248659,3
6226,66000,387130000C,(04)23274275,(04)23288582,2025,6,17,9,14,臺中市,后里區,0,1,0,7,2,6,50,3,2,1,5,4,6,6,4,4,5,2,5,1,16,3,10,3,1,B03,7,9,1,8,9,6,,8,8,1,12,4,120.70956,24.312392,2
6227,66000,387130000C,(04)23274275,(04)23288582,2025,6,17,9,14,臺中市,后里區,0,1,0,7,2,6,50,13,9,1,5,4,6,6,4,4,5,4,5,2,11,2,8,1,1,C03,7,9,1,10,2,11,14,4,4,1,12,4,120.749732,24.294668,2
6228,66000,387130000C,(04)23274275,(04)23288582,2025,6,17,9,16,臺中市,太平區,0,1,0,7,3,6,50,4,1,1,5,4,6,6,1,1,5,5,4,1,16,2,9,2,1,C03,7,9,1,10,2,11,,21,21,1,12,4,120.718681,24.148883,2
6229,66000,387130000C,(04)23274275,(04)23288582,2025,6,17,9,16,臺中市,東勢區,0,0,0,7,,,50,,,,,,,,,,,,,,,,,,,B03,,,1,,1,,,84,84,1,12,4,120.828073,24.25798,3
6230,66000,387130000C,(04)23274275,(04)23288582,2025,6,17,9,21,臺中市,大甲區,0,1,0,6,2,6,50,13,9,1,5,4,6,6,4,4,10,5,5,2,13,2,9,2,1,C03,7,9,1,10,2,11,,7,7,1,6,4,120.632815,24.34626,2
6231,66000,387130000C,(04)23274275,(04)23288582,2025,6,17,9,23,臺中市,西區,0,1,0,7,2,6,50,4,1,1,5,4,6,6,1,1,10,5,5,2,17,2,9,2,1,C03,7,6,1,10,2,13,,48,48,1,12,4,120.678385,24.136454,2
6232,66000,387130000C,(04)23274275,(04)23288582,2025,6,17,9,24,臺中市,沙鹿區,0,0,0,7,,,50,,,,,,,,,,,,,,,,,,,B03,,,1,,1,,,40,40,1,6,4,120.553953,24.214087,3
6233,66000,387130000C,(04)23274275,(04)23288582,2025,6,17,9,28,臺中市,沙鹿區,0,1,0,7,2,6,50,13,9,1,5,4,6,6,4,4,3,2,5,1,13,2,7,3,1,B03,7,9,1,8,2,5,,59,59,1,6,4,120.614933,24.24148,2
6234,66000,387130000C,(04)23274275,(04)23288582,2025,6,17,9,32,臺中市,南區,0,0,0,7,,,40,,,,,,,,,,,,,,14,,,,,B03,,,1,,2,,,49,49,1,8,4,120.655395,24.113405,3
6235,66000,387130000C,(04)23274275,(04)23288582,2025,6,17,9,35,臺中市,東區,0,2,0,7,3,9,50,4,2,1,5,4,6,6,4,4,3,4,4,2,11,2,9,2,1,C04,7,9,1,10,2,11,,4,4,1,12,4,120.694495,24.146582,2
6236,66000,387130000C,(04)23274275,(04)23288582,2025,6,17,9,40,臺中市,大雅區,0,2,0,7,2,6,30,4,1,1,5,4,6,6,4,4,5,5,5,1,15,2,9,1,1,C03,7,9,1,10,2,14,,12,12,1,13,4,120.652956,24.226164,2
6237,66000,387130000C,(04)23274275,(04)23288582,2025,6,17,9,41,臺中市,南屯區,0,0,0,7,,,50,,,,,,,,,,,,,,,,,,,B03,,,1,,1,,,7,7,1,13,4,120.635741,24.133088,3
6238,66000,387130000C,(04)23274275,(04)23288582,2025,6,17,9,43,臺中市,南區,0,1,0,7,3,6,50,4,1,1,5,4,6,6,1,1,10,5,5,2,15,3,10,3,1,B03,7,9,1,6,2,1,,21,21,1,13,4,120.681897,24.133974,2
6239,66000,387130000C,(04)23274275,(04)23288582,2025,6,17,9,43,臺中市,大甲區,0,1,0,7,2,6,50,13,9,1,5,4,6,6,4,4,5,5,5,1,12,3,10,2,1,C03,7,9,1,10,9,12,,59,59,1,6,4,120.625897,24.348674,2
6240,66000,387130000C,(04)23274275,(04)23288582,2025,6,17,9,45,臺中市,西區,0,1,0,7,3,6,50,4,1,1,5,4,6,6,2,1,10,5,5,2,2,3,10,3,1,B01,7,5,1,4,2,8,,10,10,1,13,4,120.671225,24.145494,2
6241,66000,387130000C,(04)23274275,(04)23288582,2025,6,17,9,45,臺中市,清水區,0,0,0,7,,,40,,,,,,,,,,,,,,17,,,,,B03,,,1,,1,,,7,7,1,12,4,120.54937,24.276391,3
6242,66000,387130000C,(04)23274275,(04)23288582,2025,6,17,9,55,臺中市,南屯區,0,0,0,7,,,30,,,,,,,,,,,,,,13,,,,,C03,,,1,,1,,,7,7,1,12,4,120.638749,24.139813,3
6243,66000,387130000C,(04)23274275,(04)23288582,2025,6,17,9,55,臺中市,梧棲區,0,1,0,6,3,6,50,3,9,1,5,4,6,6,4,4,5,5,5,2,16,2,9,1,1,C03,7,6,1,10,2,12,,14,14,1,6,4,120.547183,24.246358,2
6244,66000,387130000C,(04)23274275,(04)23288582,2025,6,17,9,56,臺中市,龍井區,0,1,0,7,3,6,50,4,1,1,5,4,6,6,4,4,10,5,5,1,18,2,7,4,1,F01,7,9,7,21,1,11,,6,6,1,12,4,120.527112,24.188571,2
6245,66000,387130000C,(04)23274275,(04)23288582,2025,6,17,9,57,臺中市,北屯區,0,0,0,7,,,40,,,,,,,,,,,,,,17,,,,,B03,,,1,,1,,,59,59,1,12,4,120.684026,24.175992,3
6246,66000,387130000C,(04)23274275,(04)23288582,2025,6,17,9,57,臺中市,西屯區,0,0,0,7,,,40,,,,,,,,,,,,,,12,,,,,B03,,,1,,1,,,51,51,1,12,4,120.659376,24.193972,3
6247,66000,387130000C,(04)23274275,(04)23288582,2025,6,17,9,58,臺中市,清水區,0,1,0,7,2,6,50,13,8,1,5,4,6,6,4,4,8,3,4,2,12,3,10,3,1,B12,7,1,1,8,2,3,,51,51,1,12,4,120.576662,24.272636,2
6248,66000,387130000C,(04)23274275,(04)23288582,2025,6,17,9,58,臺中市,豐原區,0,1,0,7,2,6,50,3,4,1,5,4,6,6,1,1,1,4,4,1,12,2,9,1,1,C03,7,9,5,19,8,14,,53,53,1,12,4,120.732737,24.258739,2
6249,66000,387130000C,(04)23274275,(04)23288582,2025,6,17,10,0,臺中市,后里區,0,0,0,7,,,,,,,,,,,,,,,,,,,,,,,,,,,,,,86,86,2,,,120.73137,24.30473,3
6250,66000,387130000C,(04)23274275,(04)23288582,2025,6,17,10,2,臺中市,南屯區,0,0,0,7,,,60,,,,,,,,,,,,,,13,,,,,B03,,,1,,1,,,59,59,1,12,4,120.60193,24.139186,3
6251,66000,387130000C,(04)23274275,(04)23288582,2025,6,17,10,8,臺中市,潭子區,0,0,0,6,,,60,,,,,,,,,,,,,,,,,,,B03,,,1,,2,,,84,84,1,13,4,120.702633,24.196934,3
6252,66000,387130000C,(04)23274275,(04)23288582,2025,6,17,10,8,臺中市,大甲區,0,0,0,7,,,50,,,,,,,,,,,,,,14,,,,,C03,,,1,,2,,,49,49,1,12,4,120.625391,24.345757,3
6253,66000,387130000C,(04)23274275,(04)23288582,2025,6,17,10,10,臺中市,沙鹿區,0,0,0,7,,,30,,,,,,,,,,,,,,14,,,,,B03,,,1,,2,,,8,8,1,12,4,120.56578,24.229836,3
6254,66000,387130000C,(04)23274275,(04)23288582,2025,6,17,10,15,臺中市,北屯區,0,1,0,6,2,6,50,13,9,1,5,4,6,6,4,4,5,5,5,2,13,2,9,2,1,C03,7,7,1,10,1,11,,84,84,1,6,4,120.698732,24.170283,2
6255,66000,387130000C,(04)23274275,(04)23288582,2025,6,17,10,16,臺中市,南區,0,0,0,7,,,50,,,,,,,,,,,,,,,,,,,B03,,,1,,1,,,49,49,1,6,4,120.652615,24.112456,3
6256,66000,387130000C,(04)23274275,(04)23288582,2025,6,17,10,21,臺中市,西區,0,1,0,6,2,6,50,13,8,1,5,4,6,6,4,4,5,4,4,1,13,2,9,2,1,C03,7,9,1,10,2,11,,84,84,1,13,4,120.671837,24.131997,2
6257,66000,387130000C,(04)23274275,(04)23288582,2025,6,17,10,25,臺中市,豐原區,0,0,0,7,,,50,,,,,,,,,,,,,,17,,,,,A12,,,1,,1,,,84,84,1,12,4,120.71838,24.25612,3
6258,66000,387130000C,(04)23274275,(04)23288582,2025,6,17,10,26,臺中市,南屯區,0,0,0,6,,,60,,,,,,,,,,,,,,,,,,,B03,,,1,,2,,,59,59,1,13,4,120.623558,24.149001,3
6259,66000,387130000C,(04)23274275,(04)23288582,2025,6,17,10,32,臺中市,北區,0,1,0,6,2,6,50,3,1,1,5,4,6,6,1,1,10,5,5,2,16,3,10,1,1,C03,7,9,1,10,2,11,,59,59,1,12,4,120.66629,24.155848,2
6260,66000,387130000C,(04)23274275,(04)23288582,2025,6,17,10,34,臺中市,西屯區,0,0,0,7,,,50,,,,,,,,,,,,,,13,,,,,B03,,,1,,1,,,59,59,1,12,4,120.637465,24.178894,3
6261,66000,387130000C,(04)23274275,(04)23288582,2025,6,17,10,37,臺中市,神岡區,0,0,0,6,,,50,,,,,,,,,,,,,,,,,,,B03,,,1,,1,,,39,39,1,12,4,120.707542,24.278189,3
6262,66000,387130000C,(04)23274275,(04)23288582,2025,6,17,10,38,臺中市,豐原區,0,1,0,6,2,6,30,13,9,1,5,4,6,6,4,4,10,5,5,2,18,2,9,1,1,C03,7,9,1,10,2,16,,54,54,1,11,4,120.719405,24.254971,2
6263,66000,387130000C,(04)23274275,(04)23288582,2025,6,17,10,42,臺中市,南區,0,0,0,7,,,50,,,,,,,,,,,,,,17,,,,,C03,,,1,,2,,,84,84,1,6,4,120.65531,24.123738,3
6264,66000,387130000C,(04)23274275,(04)23288582,2025,6,17,10,42,臺中市,神岡區,0,0,0,7,,,40,,,,,,,,,,,,,,12,,,,,B03,,,1,,1,,,8,8,1,12,4,120.663546,24.258109,3
6265,66000,387130000C,(04)23274275,(04)23288582,2025,6,17,10,43,臺中市,中區,0,0,0,6,,,50,,,,,,,,,,,,,,,,,,,C03,,,1,,2,,,7,7,1,12,4,120.681735,24.144818,3
6266,66000,387130000C,(04)23274275,(04)23288582,2025,6,17,10,43,臺中市,西屯區,0,0,0,7,,,50,,,,,,,,,,,,,,12,,,,,C03,,,1,,1,,,8,8,1,12,4,120.647894,24.174161,3
6267,66000,387130000C,(04)23274275,(04)23288582,2025,6,17,10,44,臺中市,南區,0,0,0,7,,,50,,,,,,,,,,,,,,12,,,,,B03,,,1,,1,,,84,84,1,13,4,120.655312,24.121637,3
6268,66000,387130000C,(04)23274275,(04)23288582,2025,6,17,10,50,臺中市,烏日區,0,0,0,7,,,40,,,,,,,,,,,,,,16,,,,,A12,,,1,,2,,,14,14,1,6,4,120.648506,24.088443,3
6269,66000,387130000C,(04)23274275,(04)23288582,2025,6,17,10,54,臺中市,中區,0,0,0,7,,,50,,,,,,,,,,,,,,17,,,,,F03,,,1,,2,,,84,84,1,12,4,120.683982,24.142657,3
6270,66000,387130000C,(04)23274275,(04)23288582,2025,6,17,10,54,臺中市,梧棲區,0,1,0,5,3,6,50,4,1,1,4,4,6,6,1,1,10,5,5,2,15,3,10,3,1,B03,7,10,3,19,2,2,,21,21,1,6,4,120.530457,24.225664,2
6271,66000,387130000C,(04)23274275,(04)23288582,2025,6,17,11,7,臺中市,南屯區,0,0,0,7,,,50,,,,,,,,,,,,,,,,,,,B03,,,1,,2,,,49,49,1,13,4,120.641204,24.14663,3
6272,66000,387130000C,(04)23274275,(04)23288582,2025,6,17,11,10,臺中市,西屯區,0,0,0,5,,,50,,,,,,,,,,,,,,17,,,,,B03,,,1,,2,,,8,8,1,12,4,120.649726,24.156197,3
6273,66000,387130000C,(04)23274275,(04)23288582,2025,6,17,11,13,臺中市,太平區,0,1,0,6,2,6,50,11,9,1,5,4,6,6,4,4,5,2,5,1,12,3,10,3,1,B12,7,15,1,8,2,2,,84,84,1,6,4,120.734938,24.134048,2
6274,66000,387130000C,(04)23274275,(04)23288582,2025,6,17,11,14,臺中市,西區,0,1,0,5,2,6,50,4,1,1,4,4,6,6,1,1,10,5,5,2,13,2,9,1,1,C04,7,9,1,10,2,11,,84,84,1,13,4,120.659687,24.157317,2
6275,66000,387130000C,(04)23274275,(04)23288582,2025,6,17,11,17,臺中市,東區,0,0,0,7,,,50,,,,,,,,,,,,,,,,,,,A41,,,1,,1,,,8,8,1,6,4,120.689838,24.138339,4
6276,66000,387130000C,(04)23274275,(04)23288582,2025,6,17,11,18,臺中市,東區,0,1,0,5,3,6,50,3,1,1,4,4,6,6,1,1,10,5,5,2,17,2,9,2,1,C03,7,11,1,10,9,13,,20,20,1,13,4,120.692804,24.136905,2
6277,66000,387130000C,(04)23274275,(04)23288582,2025,6,17,11,19,臺中市,北屯區,0,0,0,6,,,50,,,,,,,,,,,,,,16,,,,,B03,,,1,,2,,,47,47,1,12,4,120.68618,24.188253,3
6278,66000,387130000C,(04)23274275,(04)23288582,2025,6,17,11,21,臺中市,東區,0,1,0,6,3,6,50,4,1,1,5,4,6,6,1,1,5,5,5,2,11,2,9,2,1,C03,7,6,1,10,2,12,,11,11,1,13,4,120.701486,24.140213,2
6279,66000,387130000C,(04)23274275,(04)23288582,2025,6,17,11,22,臺中市,龍井區,0,0,0,7,,,50,,,,,,,,,,,,,,,,,,,B03,,,1,,1,,,49,49,1,6,4,120.523641,24.204301,3
6280,66000,387130000C,(04)23274275,(04)23288582,2025,6,17,11,24,臺中市,龍井區,0,0,0,5,2,6,40,13,8,1,4,4,6,6,4,4,3,4,3,1,13,3,10,3,1,B11,7,9,1,8,2,1,,7,7,1,6,4,120.581745,24.187643,3
6281,66000,387130000C,(04)23274275,(04)23288582,2025,6,17,11,28,臺中市,北區,0,1,0,5,2,6,50,18,9,1,4,4,6,6,4,4,5,4,5,2,18,2,9,5,4,C03,7,12,1,10,2,12,,84,84,1,13,4,120.681515,24.157541,2
6282,66000,387130000C,(04)23274275,(04)23288582,2025,6,17,11,30,臺中市,北屯區,0,0,0,6,,,,,,,,,,,,,,,,,17,,,,,,,,,,,,,119,119,1,,,120.69189,24.174686,3
6283,66000,387130000C,(04)23274275,(04)23288582,2025,6,17,11,37,臺中市,豐原區,0,0,0,7,,,40,,,,,,,,,,,,,,17,,,,,B03,,,1,,2,,,84,84,1,12,4,120.716902,24.25147,3
6284,66000,387130000C,(04)23274275,(04)23288582,2025,6,17,11,41,臺中市,西區,0,0,0,5,,,50,,,,,,,,,,,,,,12,,,,,B03,,,1,,1,,,50,50,1,13,4,120.663127,24.147359,3
6285,66000,387130000C,(04)23274275,(04)23288582,2025,6,17,11,42,臺中市,太平區,0,0,0,5,,,50,,,,,,,,,,,,,,14,,,,,B12,,,1,,2,,,49,49,1,12,4,120.718455,24.116577,3
6286,66000,387130000C,(04)23274275,(04)23288582,2025,6,17,11,43,臺中市,西區,0,1,0,5,2,6,40,4,2,1,4,4,6,6,4,4,3,4,4,2,17,3,10,3,1,B12,7,15,1,8,2,8,6,40,40,1,12,4,120.672089,24.146192,2
6287,66000,387130000C,(04)23274275,(04)23288582,2025,6,17,11,43,臺中市,烏日區,0,0,0,7,,,60,,,,,,,,,,,,,,,,,,,B03,,,1,,2,,,49,49,1,6,4,120.628072,24.104383,3
6288,66000,387130000C,(04)23274275,(04)23288582,2025,6,17,11,47,臺中市,西屯區,0,0,0,7,,,50,,,,,,,,,,,,,,14,,,,,B03,,,1,,1,,,49,49,1,13,4,120.650691,24.175853,3
6289,66000,387130000C,(04)23274275,(04)23288582,2025,6,17,11,48,臺中市,北區,0,2,0,7,2,6,50,4,2,1,5,4,6,6,2,1,10,5,5,2,13,2,9,2,1,C04,7,9,1,11,2,11,,7,7,1,13,4,120.673513,24.166764,2
6290,66000,387130000C,(04)23274275,(04)23288582,2025,6,17,11,51,臺中市,太平區,0,0,0,5,,,50,,,,,,,,,,,,,,,,,,,B12,,,1,,2,,,39,39,1,12,4,120.714101,24.149706,3
6291,66000,387130000C,(04)23274275,(04)23288582,2025,6,17,11,51,臺中市,太平區,0,1,0,5,2,6,50,4,9,1,4,4,6,6,1,1,5,5,5,1,17,2,8,1,1,C03,7,4,1,10,2,12,,87,87,1,6,4,120.703016,24.111275,2
6292,66000,387130000C,(04)23274275,(04)23288582,2025,6,17,11,52,臺中市,北屯區,0,0,0,5,,,50,,,,,,,,,,,,,,15,,,,,B02,,,1,,1,,,11,11,1,6,4,120.712703,24.176256,3
6293,66000,387130000C,(04)23274275,(04)23288582,2025,6,17,11,57,臺中市,西區,0,1,0,7,2,6,50,13,9,1,5,4,6,6,4,4,5,5,5,2,17,2,9,5,4,C03,7,9,1,10,2,11,,84,84,1,12,4,120.668656,24.136835,2
6294,66000,387130000C,(04)23274275,(04)23288582,2025,6,17,12,0,臺中市,外埔區,0,0,0,7,,,50,,,,,,,,,,,,,,12,,,,,B03,,,1,,2,,,8,8,1,12,4,120.638051,24.342339,3
6295,66000,387130000C,(04)23274275,(04)23288582,2025,6,17,12,2,臺中市,西區,0,1,0,5,2,6,50,4,1,1,4,4,6,6,1,1,10,5,5,2,15,3,10,1,1,C03,7,1,1,10,2,11,14,51,51,1,13,4,120.666736,24.141067,2
6296,66000,387130000C,(04)23274275,(04)23288582,2025,6,17,12,6,臺中市,南屯區,0,0,0,7,,,30,,,,,,,,,,,,,,17,,,,,,,,,,,,,119,119,1,,,120.633234,24.131246,3