序號,縣市別代碼,機關代碼,市話,傳真,年,月,日,時,分,縣市,區,死亡數量,受傷數量,2-30,天候,道路照明設備,道路類別,道路速限,道路型態,事故位置,路面鋪裝,路面狀態,路面缺陷,障礙物,視距,號誌種類,號誌動作,分向設施,快車道或一般車道間,快慢車道間,路面邊線,事故類型及型態,受傷程度,主要傷處,保護裝備,行動電話或功能裝置,當事者區分(類別),車輛用途,當事者行動狀態,駕照狀態,駕照種類,飲酒情形,車輛撞擊部位最初,車輛撞擊部位其他,肇事因素個別,肇事因素主要,肇事逃逸,職業,共享經濟或外送平台,GPS座標X,GPS座標Y,事故類別
6297,66000,387130000C,(04)23274275,(04)23288582,2025,6,17,12,8,臺中市,北區,0,0,0,5,,,50,,,,,,,,,,,,,,,,,,,B03,,,1,,1,,,12,12,1,12,4,120.682962,24.145729,3
6298,66000,387130000C,(04)23274275,(04)23288582,2025,6,17,12,11,臺中市,南區,0,0,0,5,,,50,,,,,,,,,,,,,,13,,,,,C03,,,1,,2,,,7,7,1,6,4,120.679286,24.119037,3
6299,66000,387130000C,(04)23274275,(04)23288582,2025,6,17,12,15,臺中市,豐原區,0,2,0,5,2,6,50,13,9,1,4,4,6,6,4,4,5,4,4,2,16,2,7,2,1,C03,7,6,1,10,2,12,,84,84,1,13,4,120.725093,24.242923,2
6300,66000,387130000C,(04)23274275,(04)23288582,2025,6,17,12,16,臺中市,北區,0,0,0,7,,,50,,,,,,,,,,,,,,17,,,,,C03,,,1,,1,,,59,59,1,13,4,120.685093,24.162653,3
6301,66000,387130000C,(04)23274275,(04)23288582,2025,6,17,12,19,臺中市,東區,0,0,0,5,,,30,,,,,,,,,,,,,,17,,,,,B02,,,1,,11,,,84,84,1,12,4,120.705704,24.130167,3
6302,66000,387130000C,(04)23274275,(04)23288582,2025,6,17,12,19,臺中市,霧峰區,0,0,0,7,,,50,,,,,,,,,,,,,,14,,,,,B03,,,1,,1,,,49,49,1,12,4,120.667947,24.060693,3
6303,66000,387130000C,(04)23274275,(04)23288582,2025,6,17,12,25,臺中市,清水區,0,0,0,7,3,6,50,5,2,1,5,4,6,6,1,1,1,4,5,1,17,,,,,A32,,,1,,1,,,84,84,1,12,4,120.590307,24.304316,3
6304,66000,387130000C,(04)23274275,(04)23288582,2025,6,17,12,29,臺中市,東區,0,1,0,5,3,6,50,4,1,1,4,4,6,6,2,1,10,5,5,2,18,2,9,2,1,C03,7,9,1,10,2,14,,85,85,1,13,4,120.700821,24.135181,2
6305,66000,387130000C,(04)23274275,(04)23288582,2025,6,17,12,29,臺中市,大肚區,0,1,0,7,3,6,40,13,8,1,5,4,6,6,4,4,1,4,4,1,12,3,10,3,1,B03,7,3,1,8,2,5,,50,50,1,6,4,120.553652,24.134409,2
6306,66000,387130000C,(04)23274275,(04)23288582,2025,6,17,12,35,臺中市,南屯區,0,0,0,7,,,50,,,,,,,,,,,,,,,,,,,A11,,,1,,2,,,88,88,1,13,4,120.587585,24.166705,3
6307,66000,387130000C,(04)23274275,(04)23288582,2025,6,17,12,37,臺中市,北屯區,0,0,0,7,,,50,,,,,,,,,,,,,,17,,,,,B03,,,1,,2,,,59,59,1,12,4,120.676136,24.200773,3
6308,66000,387130000C,(04)23274275,(04)23288582,2025,6,17,12,39,臺中市,北屯區,0,1,0,5,3,6,50,13,9,1,4,4,6,6,4,4,1,4,5,2,17,2,9,2,1,C03,7,9,1,8,2,11,,84,84,1,13,4,120.727859,24.163847,2
6309,66000,387130000C,(04)23274275,(04)23288582,2025,6,17,12,47,臺中市,東區,0,1,0,7,3,6,50,4,1,1,5,4,6,6,1,1,5,4,4,2,11,3,10,3,1,B03,7,6,1,8,2,6,,11,11,1,13,4,120.702184,24.138882,2
6310,66000,387130000C,(04)23274275,(04)23288582,2025,6,17,12,48,臺中市,南區,0,1,0,6,3,6,30,13,9,1,4,4,6,6,4,4,10,5,5,2,17,3,10,3,1,B03,7,1,1,8,2,16,,85,85,1,6,4,120.66755,24.11299,2
6311,66000,387130000C,(04)23274275,(04)23288582,2025,6,17,12,48,臺中市,北屯區,0,1,0,6,2,6,40,4,1,1,4,4,6,6,2,1,10,5,5,2,18,2,9,1,1,C03,7,9,1,10,2,14,,82,82,1,12,4,120.68538,24.17195,2
6312,66000,387130000C,(04)23274275,(04)23288582,2025,6,17,12,50,臺中市,北區,0,1,0,7,2,6,50,5,2,1,5,4,6,6,4,4,10,5,5,2,17,2,9,2,1,C03,7,9,1,10,2,12,,84,84,1,13,4,120.677778,24.157232,2
6313,66000,387130000C,(04)23274275,(04)23288582,2025,6,17,12,54,臺中市,南屯區,0,1,0,6,2,6,50,4,1,1,5,4,6,6,4,4,7,4,5,2,15,2,9,1,1,C03,7,9,1,10,2,11,,12,12,1,12,4,120.647279,24.130812,2
6314,66000,387130000C,(04)23274275,(04)23288582,2025,6,17,12,57,臺中市,南屯區,0,0,0,7,,,50,,,,,,,,,,,,,,17,,,,,C03,,,1,,1,,,20,20,1,6,4,120.628419,24.140158,4
6315,66000,387130000C,(04)23274275,(04)23288582,2025,6,17,13,0,臺中市,北區,0,0,0,7,,,50,,,,,,,,,,,,,,13,,,,,B12,,,1,,1,,,59,59,1,12,4,120.685258,24.165403,3
6316,66000,387130000C,(04)23274275,(04)23288582,2025,6,17,13,1,臺中市,北區,0,0,0,7,,,50,,,,,,,,,,,,,,,,,,,B03,,,1,,1,,,42,42,1,12,4,120.679812,24.152151,3
6317,66000,387130000C,(04)23274275,(04)23288582,2025,6,17,13,2,臺中市,豐原區,0,0,0,7,,,50,,,,,,,,,,,,,,13,,,,,B03,,,1,,2,,,7,7,1,12,4,120.722498,24.236557,3
6318,66000,387130000C,(04)23274275,(04)23288582,2025,6,17,13,3,臺中市,豐原區,0,1,0,6,2,6,50,13,9,1,5,4,6,6,4,4,1,4,5,1,17,2,8,1,1,C03,7,9,1,10,2,12,,58,58,1,12,4,120.729719,24.254628,2
6319,66000,387130000C,(04)23274275,(04)23288582,2025,6,17,13,6,臺中市,西區,0,0,0,7,,,50,,,,,,,,,,,,,,,,,,,C03,,,1,,2,,,49,49,1,6,4,120.660816,24.154372,3
6320,66000,387130000C,(04)23274275,(04)23288582,2025,6,17,13,7,臺中市,西屯區,0,0,0,7,,,40,,,,,,,,,,,,,,17,,,,,B02,,,1,,1,,,59,59,1,12,4,120.641961,24.160619,3
6321,66000,387130000C,(04)23274275,(04)23288582,2025,6,17,13,10,臺中市,大肚區,0,2,0,7,2,6,50,3,9,1,5,4,6,6,4,4,5,5,5,2,17,2,9,1,1,C03,7,1,3,19,2,11,,51,51,1,12,4,120.54491,24.15588,2
6322,66000,387130000C,(04)23274275,(04)23288582,2025,6,17,13,11,臺中市,北區,0,0,0,7,,,50,,,,,,,,,,,,,,17,,,,,B03,,,1,,2,,,84,84,1,13,4,120.688584,24.151916,3
6323,66000,387130000C,(04)23274275,(04)23288582,2025,6,17,13,12,臺中市,太平區,0,2,0,7,3,6,50,3,9,1,5,4,6,6,1,1,5,4,5,2,13,2,9,1,1,C03,7,9,1,10,2,11,,59,59,1,12,4,120.722419,24.149319,2
6324,66000,387130000C,(04)23274275,(04)23288582,2025,6,17,13,14,臺中市,石岡區,0,0,0,7,,,70,,,,,,,,,,,,,,,,,,,B03,,,1,,1,,,84,84,1,13,4,120.816064,24.260148,3
6325,66000,387130000C,(04)23274275,(04)23288582,2025,6,17,13,16,臺中市,中區,0,0,0,7,,,50,,,,,,,,,,,,,,12,,,,,B03,,,1,,1,,,51,51,1,13,4,120.678152,24.143479,3
6326,66000,387130000C,(04)23274275,(04)23288582,2025,6,17,13,18,臺中市,南屯區,0,0,0,7,,,30,,,,,,,,,,,,,,14,,,,,B03,,,1,,1,,,49,49,1,12,4,120.611249,24.129817,3
6327,66000,387130000C,(04)23274275,(04)23288582,2025,6,17,13,19,臺中市,中區,0,0,0,6,,,30,,,,,,,,,,,,,,,,,,,B01,,,1,,2,,,13,13,1,12,4,120.681496,24.137938,3
6328,66000,387130000C,(04)23274275,(04)23288582,2025,6,17,13,24,臺中市,潭子區,0,1,0,7,2,6,50,4,1,1,5,4,6,6,1,1,1,4,5,1,17,2,9,1,1,C03,7,1,1,9,2,11,,84,84,1,13,4,120.711213,24.206967,2
6329,66000,387130000C,(04)23274275,(04)23288582,2025,6,17,13,31,臺中市,北屯區,0,1,0,7,3,6,50,3,1,1,5,4,6,6,4,4,1,4,5,2,16,3,10,3,1,B03,7,5,1,8,2,2,,14,14,1,12,4,120.699165,24.182788,2
6330,66000,387130000C,(04)23274275,(04)23288582,2025,6,17,13,35,臺中市,北屯區,0,1,0,7,3,6,50,13,9,1,5,4,6,6,4,4,1,4,5,2,18,2,8,1,1,C03,7,1,1,10,2,12,,84,84,1,12,4,120.72328,24.181665,2
6331,66000,387130000C,(04)23274275,(04)23288582,2025,6,17,13,35,臺中市,西屯區,0,0,0,7,,,30,,,,,,,,,,,,,,12,,,,,B12,,,1,,2,,,8,8,1,12,4,120.653315,24.202919,3
6332,66000,387130000C,(04)23274275,(04)23288582,2025,6,17,13,35,臺中市,豐原區,0,0,0,6,,,,,,,,,,,,,,,,,,,,,,,,,,,,,,86,86,1,,,120.723481,24.252121,3
6333,66000,387130000C,(04)23274275,(04)23288582,2025,6,17,13,38,臺中市,北屯區,0,0,0,7,,,50,,,,,,,,,,,,,,12,,,,,B03,,,1,,1,,,8,8,1,6,4,120.691823,24.170513,3
6334,66000,387130000C,(04)23274275,(04)23288582,2025,6,17,13,43,臺中市,西區,0,0,0,7,,,50,,,,,,,,,,,,,,,,,,,B03,,,1,,2,,,40,40,1,12,4,120.661754,24.159883,3
6335,66000,387130000C,(04)23274275,(04)23288582,2025,6,17,13,46,臺中市,北屯區,0,1,0,7,3,6,50,4,1,1,5,4,1,6,2,1,10,5,5,2,16,3,10,3,1,B03,7,5,1,8,2,6,,84,84,1,12,4,120.711109,24.180117,2
6336,66000,387130000C,(04)23274275,(04)23288582,2025,6,17,13,51,臺中市,西區,0,2,0,6,2,6,40,13,8,1,5,4,6,6,4,4,1,4,5,2,13,2,9,1,1,C03,7,9,1,10,2,11,,7,7,1,13,4,120.658318,24.158217,2
6337,66000,387130000C,(04)23274275,(04)23288582,2025,6,17,13,56,臺中市,南屯區,0,1,0,7,3,6,50,13,9,1,5,4,6,6,4,4,10,5,5,2,13,2,9,2,1,C03,7,9,1,10,1,12,,7,7,1,12,4,120.636996,24.129629,2
6338,66000,387130000C,(04)23274275,(04)23288582,2025,6,17,13,57,臺中市,豐原區,0,0,0,7,,,50,,,,,,,,,,,,,,17,,,,,B12,,,5,,2,,,50,50,1,12,4,120.706924,24.25169,3
6339,66000,387130000C,(04)23274275,(04)23288582,2025,6,17,14,12,臺中市,沙鹿區,0,0,0,7,,,50,,,,,,,,,,,,,,,,,,,B03,,,1,,2,,,8,8,1,6,4,120.570327,24.229202,3
6340,66000,387130000C,(04)23274275,(04)23288582,2025,6,17,14,13,臺中市,西屯區,0,0,0,7,,,30,,,,,,,,,,,,,,17,,,,,C03,,,1,,2,,,59,59,1,12,4,120.623292,24.180529,3
6341,66000,387130000C,(04)23274275,(04)23288582,2025,6,17,14,15,臺中市,豐原區,0,0,0,7,,,50,,,,,,,,,,,,,,12,,,,,C03,,,1,,2,,,35,35,1,6,4,120.720584,24.266936,3
6342,66000,387130000C,(04)23274275,(04)23288582,2025,6,17,14,17,臺中市,西屯區,0,0,0,7,,,50,,,,,,,,,,,,,,13,,,,,B03,,,1,,2,,,78,78,1,13,4,120.653794,24.166254,3
6343,66000,387130000C,(04)23274275,(04)23288582,2025,6,17,14,21,臺中市,東勢區,0,0,0,7,2,6,50,13,9,1,5,4,6,6,4,4,5,5,5,2,17,,,,,B03,,,1,,1,,,51,51,1,13,4,120.831976,24.242552,3
6344,66000,387130000C,(04)23274275,(04)23288582,2025,6,17,14,24,臺中市,沙鹿區,0,0,0,7,,,30,,,,,,,,,,,,,,15,,,,,B12,,,1,,2,,,12,12,1,6,4,120.551824,24.215932,3
6345,66000,387130000C,(04)23274275,(04)23288582,2025,6,17,14,28,臺中市,西區,0,0,0,7,,,50,,,,,,,,,,,,,,,,,,,B03,,,1,,1,,,50,50,1,6,4,120.661477,24.157109,3
6346,66000,387130000C,(04)23274275,(04)23288582,2025,6,17,14,32,臺中市,大雅區,0,1,0,7,1,6,50,13,9,1,5,4,6,6,4,4,5,5,5,1,9,3,10,3,1,A04,7,15,1,2,2,15,,87,87,1,13,4,120.646633,24.224837,2
6347,66000,387130000C,(04)23274275,(04)23288582,2025,6,17,14,36,臺中市,南屯區,0,0,0,7,,,50,,,,,,,,,,,,,,,,,,,B12,,,1,,1,,,49,49,1,13,4,120.645036,24.137689,3
6348,66000,387130000C,(04)23274275,(04)23288582,2025,6,17,14,49,臺中市,太平區,0,1,0,7,2,6,30,3,1,1,5,4,6,6,4,4,10,5,5,2,17,2,9,1,1,C03,7,6,1,10,2,12,,14,14,1,12,4,120.712311,24.150896,2
6349,66000,387130000C,(04)23274275,(04)23288582,2025,6,17,14,50,臺中市,太平區,0,2,0,7,2,6,50,13,9,1,5,4,6,6,4,4,1,4,5,2,13,2,8,1,1,C03,7,9,1,10,2,14,,7,7,1,6,4,120.721945,24.144927,2
6350,66000,387130000C,(04)23274275,(04)23288582,2025,6,17,14,51,臺中市,龍井區,0,0,0,7,,,30,,,,,,,,,,,,,,11,,,,,C03,,,1,,1,,,41,41,1,6,4,120.589497,24.18108,3
6351,66000,387130000C,(04)23274275,(04)23288582,2025,6,17,14,56,臺中市,北區,0,0,0,7,,,50,,,,,,,,,,,,,,17,,,,,C03,,,1,,1,,,43,43,1,12,4,120.677313,24.163417,3
6352,66000,387130000C,(04)23274275,(04)23288582,2025,6,17,14,57,臺中市,沙鹿區,0,0,0,7,,,60,,,,,,,,,,,,,,13,,,,,B03,,,3,,2,,,7,7,1,6,4,120.570264,24.236564,3
6353,66000,387130000C,(04)23274275,(04)23288582,2025,6,17,15,0,臺中市,大雅區,0,1,0,7,2,6,50,4,1,1,5,4,6,6,1,1,10,4,5,1,17,2,9,1,1,C03,7,9,1,10,2,14,,84,84,1,12,4,120.654923,24.239379,2
6354,66000,387130000C,(04)23274275,(04)23288582,2025,6,17,15,1,臺中市,太平區,0,0,0,7,,,50,,,,,,,,,,,,,,13,,,,,B03,,,1,,1,,,84,84,1,12,4,120.735579,24.129305,3
6355,66000,387130000C,(04)23274275,(04)23288582,2025,6,17,15,4,臺中市,南屯區,0,0,0,7,,,50,,,,,,,,,,,,,,13,,,,,B03,,,1,,2,,,7,7,1,12,4,120.640755,24.153618,3
6356,66000,387130000C,(04)23274275,(04)23288582,2025,6,17,15,8,臺中市,大里區,0,2,0,7,3,6,50,13,9,1,5,4,6,6,4,4,5,4,5,2,13,2,6,1,1,C03,7,8,1,10,2,13,,40,40,1,13,4,120.683454,24.115184,2
6357,66000,387130000C,(04)23274275,(04)23288582,2025,6,17,15,10,臺中市,西區,0,0,0,7,,,50,,,,,,,,,,,,,,13,,,,,C03,,,1,,1,,,7,7,1,13,4,120.668831,24.146558,3
6358,66000,387130000C,(04)23274275,(04)23288582,2025,6,17,15,13,臺中市,西屯區,0,0,0,7,,,40,,,,,,,,,,,,,,12,,,,,B03,,,1,,2,,,8,8,1,13,4,120.660638,24.164763,3
6359,66000,387130000C,(04)23274275,(04)23288582,2025,6,17,15,14,臺中市,北區,0,0,0,7,,,50,,,,,,,,,,,,,,12,,,,,B03,,,1,,1,,,84,84,1,13,4,120.675106,24.16506,3
6360,66000,387130000C,(04)23274275,(04)23288582,2025,6,17,15,14,臺中市,南區,0,1,0,7,2,6,40,3,4,1,5,4,6,6,1,1,10,4,5,1,17,3,10,3,1,B03,7,9,1,8,2,8,,84,84,1,13,4,120.645204,24.111851,2
6361,66000,387130000C,(04)23274275,(04)23288582,2025,6,17,15,16,臺中市,北區,0,0,0,7,,,50,,,,,,,,,,,,,,13,,,,,C03,,,1,,2,,,84,84,1,13,4,120.664129,24.161856,4
6362,66000,387130000C,(04)23274275,(04)23288582,2025,6,17,15,26,臺中市,南區,0,0,0,7,,,50,,,,,,,,,,,,,,16,,,,,B03,,,1,,2,,,47,47,1,12,4,120.675548,24.131255,3
6363,66000,387130000C,(04)23274275,(04)23288582,2025,6,17,15,30,臺中市,大雅區,0,0,0,7,,,0,,,,,,,,,,,,,,,,,,,B03,,,1,,2,,,7,7,1,13,4,120.653617,24.221455,3
6364,66000,387130000C,(04)23274275,(04)23288582,2025,6,17,15,30,臺中市,大里區,0,1,0,7,2,6,30,13,9,1,5,4,1,6,4,4,10,5,5,1,17,3,10,1,1,C03,7,9,1,10,2,11,,84,84,1,12,4,120.698951,24.123582,2
6365,66000,387130000C,(04)23274275,(04)23288582,2025,6,17,15,32,臺中市,中區,0,1,0,7,2,6,50,4,1,1,5,4,6,6,2,1,10,5,5,2,17,2,9,2,1,C03,7,15,1,10,2,12,,85,85,1,12,4,120.679495,24.14236,2
6366,66000,387130000C,(04)23274275,(04)23288582,2025,6,17,15,37,臺中市,北屯區,0,1,0,7,2,6,50,13,9,1,5,4,6,6,4,4,5,4,5,2,17,3,10,3,1,B11,7,11,1,8,2,8,,45,45,1,12,4,120.666229,24.186637,2
6367,66000,387130000C,(04)23274275,(04)23288582,2025,6,17,15,38,臺中市,潭子區,0,0,0,7,,,50,,,,,,,,,,,,,,,,,,,B03,,,1,,2,,,84,84,1,13,4,120.678788,24.215962,3
6368,66000,387130000C,(04)23274275,(04)23288582,2025,6,17,15,38,臺中市,大里區,0,1,0,7,2,6,50,3,1,1,5,4,6,6,4,4,10,5,5,2,17,2,9,1,1,C03,7,9,1,10,2,12,,1,1,1,6,4,120.702239,24.088559,2
6369,66000,387130000C,(04)23274275,(04)23288582,2025,6,17,15,41,臺中市,西區,0,0,0,7,,,50,,,,,,,,,,,,,,,,,,,C03,,,1,,1,,,7,7,1,12,4,120.657267,24.149861,3
6370,66000,387130000C,(04)23274275,(04)23288582,2025,6,17,15,41,臺中市,太平區,0,0,0,7,,,40,,,,,,,,,,,,,,13,,,,,B03,,,1,,2,,,7,7,1,12,4,120.714272,24.148696,3
6371,66000,387130000C,(04)23274275,(04)23288582,2025,6,17,15,47,臺中市,北屯區,0,0,0,7,,,50,,,,,,,,,,,,,,17,,,,,B12,,,1,,1,,,85,85,1,12,4,120.686912,24.196601,3
6372,66000,387130000C,(04)23274275,(04)23288582,2025,6,17,15,48,臺中市,北區,0,1,0,7,2,6,50,4,1,1,5,4,6,6,2,1,1,4,5,2,17,2,9,2,1,C03,7,9,1,10,2,11,,7,7,1,12,4,120.666325,24.15921,2
6373,66000,387130000C,(04)23274275,(04)23288582,2025,6,17,15,48,臺中市,西屯區,0,0,0,7,,,40,,,,,,,,,,,,,,,,,,,B01,,,1,,1,,,59,59,1,12,4,120.604613,24.183536,3
6374,66000,387130000C,(04)23274275,(04)23288582,2025,6,17,15,49,臺中市,西屯區,0,1,0,7,2,6,50,13,9,1,5,4,6,6,1,1,5,4,5,2,12,2,9,2,1,C03,7,9,1,10,2,14,,7,7,1,12,4,120.642908,24.198579,2
6375,66000,387130000C,(04)23274275,(04)23288582,2025,6,17,15,53,臺中市,北區,0,0,0,7,,,50,,,,,,,,,,,,,,17,,,,,B03,,,1,,1,,,87,87,1,13,4,120.685005,24.161105,3
6376,66000,387130000C,(04)23274275,(04)23288582,2025,6,17,15,56,臺中市,北屯區,0,0,0,7,,,80,,,,,,,,,,,,,,13,,,,,A11,,,1,,1,,,7,7,1,6,4,120.676252,24.20096,3
6377,66000,387130000C,(04)23274275,(04)23288582,2025,6,17,16,2,臺中市,大肚區,0,1,0,7,2,6,50,5,1,1,5,4,6,6,2,1,10,5,5,2,27,2,9,6,1,F01,7,9,7,21,2,13,,85,85,1,6,4,120.574373,24.159485,2
6378,66000,387130000C,(04)23274275,(04)23288582,2025,6,17,16,5,臺中市,西區,0,0,0,7,,,40,,,,,,,,,,,,,,,,,,,A05,,,1,2,2,,,50,50,1,13,4,120.664671,24.139884,3
6379,66000,387130000C,(04)23274275,(04)23288582,2025,6,17,16,9,臺中市,南屯區,0,0,0,7,,,50,,,,,,,,,,,,,,17,,,,,B03,,,1,,2,,,82,82,1,13,4,120.646395,24.149928,3
6380,66000,387130000C,(04)23274275,(04)23288582,2025,6,17,16,10,臺中市,清水區,0,1,0,7,2,6,30,13,9,1,5,4,6,6,4,4,9,3,5,1,18,2,9,4,1,F01,7,9,7,21,9,11,,59,59,1,13,4,120.570945,24.310406,2
6381,66000,387130000C,(04)23274275,(04)23288582,2025,6,17,16,15,臺中市,龍井區,0,1,0,7,3,6,50,13,9,1,5,4,6,6,4,4,9,5,5,2,18,2,9,5,4,C03,7,9,1,10,8,12,,6,6,1,13,4,120.535075,24.177306,2
6382,66000,387130000C,(04)23274275,(04)23288582,2025,6,17,16,19,臺中市,大里區,0,1,0,7,2,6,50,13,9,1,5,4,6,6,4,4,5,5,5,1,16,3,10,3,1,B03,7,1,1,8,2,4,,51,51,1,6,4,120.705214,24.087654,2
6383,66000,387130000C,(04)23274275,(04)23288582,2025,6,17,16,21,臺中市,北屯區,0,0,0,7,,,50,,,,,,,,,,,,,,,,,,,A12,,,1,,9,,,59,59,2,6,4,120.72067,24.179871,3
6384,66000,387130000C,(04)23274275,(04)23288582,2025,6,17,16,21,臺中市,霧峰區,0,1,0,7,3,6,30,3,1,1,5,4,6,6,4,4,10,5,5,1,16,2,9,4,1,C03,7,6,1,10,2,12,,15,15,1,12,4,120.670007,24.041667,2
6385,66000,387130000C,(04)23274275,(04)23288582,2025,6,17,16,23,臺中市,北屯區,0,1,0,7,3,6,50,13,9,1,5,4,6,6,4,4,5,2,5,2,12,2,9,1,1,C03,7,11,3,19,2,11,,39,39,1,6,4,120.727354,24.159347,2
6386,66000,387130000C,(04)23274275,(04)23288582,2025,6,17,16,25,臺中市,北區,0,0,0,7,,,50,,,,,,,,,,,,,,17,,,,,B03,,,1,,1,,,42,42,1,13,4,120.685076,24.151367,3
6387,66000,387130000C,(04)23274275,(04)23288582,2025,6,17,16,30,臺中市,北區,0,0,0,7,,,50,,,,,,,,,,,,,,17,,,,,C03,,,1,,1,,,87,87,1,13,4,120.683303,24.161208,3
6388,66000,387130000C,(04)23274275,(04)23288582,2025,6,17,16,30,臺中市,龍井區,0,1,0,7,3,6,30,4,1,1,5,4,6,6,4,4,10,5,5,2,17,2,9,1,1,C03,7,9,1,10,2,11,,15,15,1,12,4,120.520615,24.201017,2
6389,66000,387130000C,(04)23274275,(04)23288582,2025,6,17,16,30,臺中市,梧棲區,0,0,0,7,,,50,,,,,,,,,,,,,,17,,,,,B03,,,1,,1,,,49,49,1,12,4,120.536965,24.246545,3
6390,66000,387130000C,(04)23274275,(04)23288582,2025,6,17,16,34,臺中市,北屯區,0,0,0,7,,,30,,,,,,,,,,,,,,17,,,,,B03,,,1,,2,,,51,51,1,6,4,120.719282,24.161386,3
6391,66000,387130000C,(04)23274275,(04)23288582,2025,6,17,16,36,臺中市,南區,0,1,0,7,2,6,50,4,1,1,5,4,6,6,1,1,9,4,4,2,17,3,10,3,1,B03,7,5,1,8,2,2,,47,47,1,12,4,120.669051,24.128577,2
6392,66000,387130000C,(04)23274275,(04)23288582,2025,6,17,16,37,臺中市,北屯區,0,2,0,7,2,6,50,4,1,1,5,4,6,6,4,4,5,5,4,2,15,3,10,3,1,B03,7,9,1,8,2,1,,12,12,1,12,4,120.684495,24.173477,2
6393,66000,387130000C,(04)23274275,(04)23288582,2025,6,17,16,39,臺中市,西屯區,0,1,0,7,2,6,50,4,1,1,5,4,6,6,1,1,1,4,1,1,17,3,10,5,4,B03,7,6,1,8,1,1,,59,59,1,13,4,120.634619,24.179606,2
6394,66000,387130000C,(04)23274275,(04)23288582,2025,6,17,16,40,臺中市,烏日區,0,0,0,7,,,30,,,,,,,,,,,,,,,,,,,B12,,,1,,2,,,8,8,1,6,4,120.643089,24.080134,3
6395,66000,387130000C,(04)23274275,(04)23288582,2025,6,17,16,42,臺中市,大里區,0,1,0,7,2,6,30,13,9,1,5,4,6,6,4,4,10,5,5,2,17,3,10,3,1,B03,7,1,1,8,2,8,,51,51,1,6,4,120.697112,24.08293,2
6396,66000,387130000C,(04)23274275,(04)23288582,2025,6,17,16,43,臺中市,西區,0,0,0,7,,,50,,,,,,,,,,,,,,,,,,,B03,,,1,,1,,,49,49,1,6,4,120.660971,24.150809,3
6397,66000,387130000C,(04)23274275,(04)23288582,2025,6,17,16,45,臺中市,西屯區,0,0,0,7,,,80,,,,,,,,,,,,,,13,,,,,B03,,,1,,1,,,7,7,1,12,4,120.660299,24.200748,3
6398,66000,387130000C,(04)23274275,(04)23288582,2025,6,17,16,50,臺中市,西區,0,1,0,7,2,6,50,4,1,1,5,4,6,6,4,4,10,5,5,1,15,2,9,2,1,C03,7,9,1,10,2,12,,15,15,1,13,4,120.658002,24.15598,2
6399,66000,387130000C,(04)23274275,(04)23288582,2025,6,17,16,53,臺中市,東區,0,0,0,7,,,50,,,,,,,,,,,,,,13,,,,,C03,,,1,,1,,,7,7,1,13,4,120.684988,24.129428,3
6400,66000,387130000C,(04)23274275,(04)23288582,2025,6,17,16,57,臺中市,北屯區,0,0,0,7,,,50,,,,,,,,,,,,,,12,,,,,B03,,,1,,2,,,51,51,1,12,4,120.720646,24.161557,3
6401,66000,387130000C,(04)23274275,(04)23288582,2025,6,17,17,7,臺中市,西屯區,0,0,0,7,,,50,,,,,,,,,,,,,,13,,,,,C03,,,1,,1,,,59,59,1,13,4,120.638393,24.186531,3
6402,66000,387130000C,(04)23274275,(04)23288582,2025,6,17,17,8,臺中市,梧棲區,0,1,0,7,2,6,60,13,14,1,5,4,6,6,4,4,1,4,5,1,13,4,11,2,1,C03,7,9,1,10,1,11,,7,7,1,5,4,120.525863,24.225111,2
6403,66000,387130000C,(04)23274275,(04)23288582,2025,6,17,17,10,臺中市,太平區,0,0,0,7,,,50,,,,,,,,,,,,,,17,,,,,B03,,,1,,1,,,84,84,1,6,4,120.716345,24.141799,3
6404,66000,387130000C,(04)23274275,(04)23288582,2025,6,17,17,12,臺中市,潭子區,0,2,0,7,3,6,40,13,9,1,5,4,6,6,4,4,10,5,5,1,12,2,9,2,1,C03,7,9,1,10,2,14,,84,84,1,13,4,120.715396,24.210512,2
6405,66000,387130000C,(04)23274275,(04)23288582,2025,6,17,17,12,臺中市,西屯區,0,0,0,7,,,50,,,,,,,,,,,,,,17,,,,,B03,,,1,,1,,,51,51,1,12,4,120.642112,24.185423,3
6406,66000,387130000C,(04)23274275,(04)23288582,2025,6,17,17,13,臺中市,清水區,0,0,0,7,,,60,,,,,,,,,,,,,,,,,,,A11,,,1,,2,,,7,7,1,12,4,120.546824,24.274765,3
6407,66000,387130000C,(04)23274275,(04)23288582,2025,6,17,17,14,臺中市,潭子區,0,0,0,7,,3,80,,,,,,,,,,,,,,,,,,,B03,,,1,,2,,,59,59,1,13,4,120.711063,24.200512,3
6408,66000,387130000C,(04)23274275,(04)23288582,2025,6,17,17,14,臺中市,西屯區,0,2,0,7,2,6,50,4,1,1,5,4,6,6,1,1,5,4,5,2,16,2,9,2,1,C03,7,9,1,10,2,11,,20,20,1,12,4,120.60623,24.16171,2
6409,66000,387130000C,(04)23274275,(04)23288582,2025,6,17,17,18,臺中市,潭子區,0,1,0,7,2,6,40,4,1,1,5,4,6,6,4,4,10,5,5,2,16,3,10,3,1,B03,7,6,1,2,2,4,,14,14,1,13,4,120.694421,24.22371,2
6410,66000,387130000C,(04)23274275,(04)23288582,2025,6,17,17,19,臺中市,北區,0,0,0,7,,,50,,,,,,,,,,,,,,13,,,,,C03,,,1,,1,,,7,7,1,13,4,120.671627,24.169928,3