序號,縣市別代碼,機關代碼,市話,傳真,年,月,日,時,分,縣市,區,死亡數量,受傷數量,2-30,天候,道路照明設備,道路類別,道路速限,道路型態,事故位置,路面鋪裝,路面狀態,路面缺陷,障礙物,視距,號誌種類,號誌動作,分向設施,快車道或一般車道間,快慢車道間,路面邊線,事故類型及型態,受傷程度,主要傷處,保護裝備,行動電話或功能裝置,當事者區分(類別),車輛用途,當事者行動狀態,駕照狀態,駕照種類,飲酒情形,車輛撞擊部位最初,車輛撞擊部位其他,肇事因素個別,肇事因素主要,肇事逃逸,職業,共享經濟或外送平台,GPS座標X,GPS座標Y,事故類別
6411,66000,387130000C,(04)23274275,(04)23288582,2025,6,17,17,19,臺中市,太平區,0,0,0,7,2,6,50,,,,,,,,,,,,,,,,,,,C03,,,1,,2,12,,84,84,1,12,4,120.735431,24.133197,3
6412,66000,387130000C,(04)23274275,(04)23288582,2025,6,17,17,20,臺中市,北屯區,0,0,0,7,,,40,,,,,,,,,,,,,,13,,,,,B03,,,1,,1,,,84,84,1,13,4,120.686595,24.191858,3
6413,66000,387130000C,(04)23274275,(04)23288582,2025,6,17,17,20,臺中市,北屯區,0,3,0,7,1,6,50,4,1,1,5,4,6,6,4,4,10,5,5,2,15,2,9,5,4,C02,7,9,1,9,2,11,,15,15,1,13,4,120.683983,24.180976,2
6414,66000,387130000C,(04)23274275,(04)23288582,2025,6,17,17,20,臺中市,清水區,0,0,0,7,2,6,50,3,1,1,5,4,6,6,1,1,8,3,4,1,12,,,,,B03,,,1,,1,,,8,8,1,12,4,120.53686,24.281134,3
6415,66000,387130000C,(04)23274275,(04)23288582,2025,6,17,17,22,臺中市,龍井區,0,0,0,7,,,60,,,,,,,,,,,,,,13,,,,,B03,,,1,,1,,,84,84,1,6,4,120.573793,24.183461,3
6416,66000,387130000C,(04)23274275,(04)23288582,2025,6,17,17,23,臺中市,北區,0,1,0,7,2,6,50,13,9,1,5,4,6,6,4,4,5,4,5,2,17,3,10,3,1,B03,7,1,1,8,2,5,,51,51,1,13,4,120.684625,24.152899,2
6417,66000,387130000C,(04)23274275,(04)23288582,2025,6,17,17,29,臺中市,清水區,0,0,0,7,,,50,,,,,,,,,,,,,,,,,,,A31,,,1,,2,,,87,87,1,12,4,120.541713,24.288564,3
6418,66000,387130000C,(04)23274275,(04)23288582,2025,6,17,17,30,臺中市,大里區,0,0,0,7,2,6,40,5,1,1,5,4,6,6,1,1,1,2,5,1,16,,,,,B03,,,1,,1,,,26,26,1,13,4,120.671501,24.102367,3
6419,66000,387130000C,(04)23274275,(04)23288582,2025,6,17,17,32,臺中市,東區,0,1,0,7,2,6,50,13,9,1,5,4,6,6,4,4,5,5,5,2,13,3,10,3,1,B03,7,9,1,8,2,8,,84,84,1,12,4,120.709023,24.143863,2
6420,66000,387130000C,(04)23274275,(04)23288582,2025,6,17,17,33,臺中市,沙鹿區,0,1,0,7,2,6,60,3,2,1,5,4,6,6,4,4,3,3,3,1,17,3,10,5,4,B03,7,9,1,8,1,1,,59,59,1,13,4,120.612723,24.244722,2
6421,66000,387130000C,(04)23274275,(04)23288582,2025,6,17,17,33,臺中市,后里區,0,0,0,7,,,50,,,,,,,,,,,,,,12,,,,,B03,,,1,,2,,,40,40,1,12,4,120.722926,24.287512,3
6422,66000,387130000C,(04)23274275,(04)23288582,2025,6,17,17,34,臺中市,西區,0,1,0,7,2,6,50,4,1,1,5,4,6,6,2,1,1,4,4,2,16,3,10,3,1,B03,7,6,1,8,2,5,,11,11,1,12,4,120.667115,24.132177,2
6423,66000,387130000C,(04)23274275,(04)23288582,2025,6,17,17,35,臺中市,北屯區,0,0,0,7,,,50,,,,,,,,,,,,,,14,,,,,B03,,,1,8,1,,,49,49,1,6,4,120.696191,24.178902,3
6424,66000,387130000C,(04)23274275,(04)23288582,2025,6,17,17,35,臺中市,北屯區,0,0,0,7,,,50,,,,,,,,,,,,,,17,,,,,B03,,,1,,1,,,76,76,1,12,4,120.687414,24.179127,3
6425,66000,387130000C,(04)23274275,(04)23288582,2025,6,17,17,37,臺中市,潭子區,0,0,0,7,,3,80,,,,,,,,,,,,,,,,,,,B03,,,1,,1,,,84,84,1,13,4,120.71466,24.199945,3
6426,66000,387130000C,(04)23274275,(04)23288582,2025,6,17,17,40,臺中市,西屯區,0,2,0,7,1,6,50,4,1,5,5,4,6,6,1,1,10,5,5,1,16,2,9,2,1,C03,7,6,1,10,2,11,,11,11,1,12,4,120.635562,24.1679,2
6427,66000,387130000C,(04)23274275,(04)23288582,2025,6,17,17,40,臺中市,烏日區,0,1,0,7,1,6,50,4,1,1,5,4,6,6,4,4,10,5,5,2,17,2,9,1,1,F03,7,11,7,21,2,12,,14,14,1,6,4,120.607233,24.109004,2
6428,66000,387130000C,(04)23274275,(04)23288582,2025,6,17,17,44,臺中市,南區,0,2,0,7,2,6,50,5,1,1,5,4,6,6,1,1,9,4,4,2,17,2,9,1,1,C03,7,5,1,10,2,11,,47,47,1,12,4,120.674646,24.128184,2
6429,66000,387130000C,(04)23274275,(04)23288582,2025,6,17,17,45,臺中市,烏日區,0,0,0,7,,,50,,,,,,,,,,,,,,13,,,,,C03,,,1,,2,,,7,7,1,6,4,120.625741,24.110485,3
6430,66000,387130000C,(04)23274275,(04)23288582,2025,6,17,17,47,臺中市,北屯區,0,1,0,7,2,6,50,13,9,1,5,4,6,6,2,1,5,4,5,2,20,2,9,2,1,C03,7,9,1,10,2,11,,59,59,1,12,4,120.686451,24.198467,2
6431,66000,387130000C,(04)23274275,(04)23288582,2025,6,17,17,50,臺中市,梧棲區,0,1,0,7,2,6,50,4,1,1,5,4,6,6,4,4,10,5,5,2,16,2,7,1,1,C03,7,4,1,10,1,11,,1,1,1,6,4,120.52925,24.255772,2
6432,66000,387130000C,(04)23274275,(04)23288582,2025,6,17,17,51,臺中市,大雅區,0,1,0,7,2,6,30,3,1,1,5,4,6,6,4,4,10,5,5,1,17,3,10,3,1,B03,7,6,1,8,2,1,,20,20,1,12,4,120.654705,24.211953,2
6433,66000,387130000C,(04)23274275,(04)23288582,2025,6,17,17,52,臺中市,北屯區,0,1,0,7,2,6,50,13,9,1,5,4,6,6,4,4,9,5,5,2,13,3,10,2,1,C03,7,9,1,11,2,13,,84,84,1,12,4,120.719478,24.159739,2
6434,66000,387130000C,(04)23274275,(04)23288582,2025,6,17,17,53,臺中市,南區,0,0,0,7,,,50,,,,,,,,,,,,,,17,,,,,B03,,,1,,2,,,11,11,1,13,4,120.666845,24.119077,3
6435,66000,387130000C,(04)23274275,(04)23288582,2025,6,17,17,55,臺中市,北區,0,2,0,7,2,6,50,4,1,1,5,4,6,6,1,1,5,4,4,2,17,2,9,1,1,C03,7,6,1,10,2,14,,48,48,1,12,4,120.679818,24.15215,2
6436,66000,387130000C,(04)23274275,(04)23288582,2025,6,17,17,57,臺中市,太平區,0,0,0,7,,,80,,,,,,,,,,,,,,13,,,,,B03,,,1,,2,,,7,7,1,12,4,120.714272,24.148696,3
6437,66000,387130000C,(04)23274275,(04)23288582,2025,6,17,17,58,臺中市,沙鹿區,0,1,0,7,3,6,50,3,1,1,5,4,6,6,4,4,10,5,5,2,17,3,10,1,1,C03,7,1,1,10,2,13,,51,51,1,6,4,120.564584,24.206967,2
6438,66000,387130000C,(04)23274275,(04)23288582,2025,6,17,18,0,臺中市,西屯區,0,0,0,7,,,40,,,,,,,,,,,,,,17,,,,,B03,,,1,,1,,,85,85,1,13,4,120.640282,24.158779,3
6439,66000,387130000C,(04)23274275,(04)23288582,2025,6,17,18,1,臺中市,太平區,0,1,0,7,3,6,50,4,4,1,5,4,6,6,1,1,1,2,5,2,13,3,10,3,1,B03,7,9,1,8,2,5,,7,7,1,6,4,120.723326,24.149378,2
6440,66000,387130000C,(04)23274275,(04)23288582,2025,6,17,18,5,臺中市,東區,0,0,0,7,,,50,,,,,,,,,,,,,,13,,,,,B03,,,1,,2,,,84,84,1,12,4,120.697988,24.1448,3
6441,66000,387130000C,(04)23274275,(04)23288582,2025,6,17,18,7,臺中市,龍井區,0,2,0,7,2,6,30,3,1,1,5,4,6,6,4,4,10,5,5,2,16,2,9,1,1,C03,7,6,1,10,2,11,,14,14,1,6,4,120.586431,24.182717,2
6442,66000,387130000C,(04)23274275,(04)23288582,2025,6,17,18,13,臺中市,北屯區,0,1,0,7,2,6,50,3,1,1,5,4,6,6,4,4,9,5,5,2,16,3,10,1,1,C03,7,6,1,10,2,11,,4,4,1,13,4,120.697868,24.172925,2
6443,66000,387130000C,(04)23274275,(04)23288582,2025,6,17,18,14,臺中市,大里區,0,1,0,7,2,6,30,3,1,1,5,4,6,6,4,4,10,5,5,2,11,3,10,3,1,B03,7,6,1,8,2,5,,14,14,1,12,4,120.704461,24.097601,2
6444,66000,387130000C,(04)23274275,(04)23288582,2025,6,17,18,14,臺中市,太平區,0,0,0,7,,,50,,,,,,,,,,,,,,17,,,,,C03,,,1,,2,,,84,84,1,12,4,120.717854,24.104533,3
6445,66000,387130000C,(04)23274275,(04)23288582,2025,6,17,18,15,臺中市,西屯區,0,0,0,7,,,50,,,,,,,,,,,,,,17,,,,,B03,,,1,,1,,,8,8,1,12,4,120.634747,24.164895,3
6446,66000,387130000C,(04)23274275,(04)23288582,2025,6,17,18,16,臺中市,南區,0,0,0,7,,,50,,,,,,,,,,,,,,17,,,,,B12,,,1,,1,,,87,87,1,12,4,120.681897,24.133974,3
6447,66000,387130000C,(04)23274275,(04)23288582,2025,6,17,18,17,臺中市,東區,0,0,0,7,,,50,,,,,,,,,,,,,,13,,,,,B03,,,1,,2,,,7,7,1,13,4,120.691205,24.131999,3
6448,66000,387130000C,(04)23274275,(04)23288582,2025,6,17,18,17,臺中市,大里區,0,1,0,7,3,6,30,4,1,1,5,4,6,6,1,1,10,5,5,2,16,2,9,4,1,F01,7,11,7,21,2,12,,20,20,1,13,4,120.685879,24.115436,2
6449,66000,387130000C,(04)23274275,(04)23288582,2025,6,17,18,21,臺中市,大里區,0,0,0,7,,,50,,,,,,,,,,,,,,,,,,,B01,,,1,,2,,,7,7,1,12,4,120.69184,24.115136,3
6450,66000,387130000C,(04)23274275,(04)23288582,2025,6,17,18,24,臺中市,北屯區,0,0,0,7,,,50,,,,,,,,,,,,,,14,,,,,B03,,,1,8,1,,,49,49,1,6,4,120.741471,24.179829,3
6451,66000,387130000C,(04)23274275,(04)23288582,2025,6,17,18,26,臺中市,沙鹿區,0,0,0,7,,,40,,,,,,,,,,,,,,,,,,,C03,,,1,,1,,,84,84,1,6,4,120.564449,24.23934,3
6452,66000,387130000C,(04)23274275,(04)23288582,2025,6,17,18,27,臺中市,大雅區,0,1,0,7,1,6,60,13,8,1,5,4,6,6,4,4,1,4,4,1,17,3,10,3,1,B03,7,5,1,8,2,2,,85,85,1,13,4,120.649681,24.213656,2
6453,66000,387130000C,(04)23274275,(04)23288582,2025,6,17,18,29,臺中市,大里區,0,0,0,7,,,50,,,,,,,,,,,,,,,,,,,B03,,,1,,1,,,50,50,1,12,4,120.680366,24.109445,3
6454,66000,387130000C,(04)23274275,(04)23288582,2025,6,17,18,33,臺中市,北屯區,0,0,0,7,,,50,,,,,,,,,,,,,,13,,,,,B03,,,1,,1,,,84,84,1,12,4,120.699668,24.160694,3
6455,66000,387130000C,(04)23274275,(04)23288582,2025,6,17,18,35,臺中市,南屯區,0,0,0,7,,,50,,,,,,,,,,,,,,17,,,,,B03,,,1,,9,,,50,50,1,13,4,120.637293,24.137754,3
6456,66000,387130000C,(04)23274275,(04)23288582,2025,6,17,18,40,臺中市,北屯區,0,1,0,7,2,6,50,4,2,1,5,4,6,6,2,1,10,2,5,2,22,2,7,2,1,C03,7,9,1,10,2,11,,84,84,1,12,4,120.679569,24.174028,2
6457,66000,387130000C,(04)23274275,(04)23288582,2025,6,17,18,53,臺中市,大里區,0,0,0,7,,,50,,,,,,,,,,,,,,13,,,,,B03,,,1,,2,,,59,59,1,13,4,120.684489,24.102127,3
6458,66000,387130000C,(04)23274275,(04)23288582,2025,6,17,18,58,臺中市,西區,0,1,0,7,1,6,50,5,1,1,5,4,6,6,2,1,10,5,5,2,16,3,10,5,1,B03,7,5,1,8,2,2,,47,47,1,6,4,120.66885,24.132085,2
6459,66000,387130000C,(04)23274275,(04)23288582,2025,6,17,18,59,臺中市,北屯區,0,0,0,7,,,,,,,,,,,,,,,,,,,,,,,,,,,,,,119,119,1,,,120.706999,24.189861,3
6460,66000,387130000C,(04)23274275,(04)23288582,2025,6,17,19,0,臺中市,西區,0,0,0,7,,,50,,,,,,,,,,,,,,,,,,,B03,,,1,,2,,,84,84,1,13,4,120.668178,24.146544,3
6461,66000,387130000C,(04)23274275,(04)23288582,2025,6,17,19,2,臺中市,北區,0,0,0,7,,,50,,,,,,,,,,,,,,17,,,,,C03,,,1,,1,,,87,87,1,13,4,120.685434,24.166817,3
6462,66000,387130000C,(04)23274275,(04)23288582,2025,6,17,19,7,臺中市,霧峰區,0,2,0,7,3,6,30,13,9,1,5,4,6,6,4,4,10,5,5,2,12,2,9,1,1,C03,7,9,1,10,2,11,,84,84,1,6,4,120.690043,24.049177,2
6463,66000,387130000C,(04)23274275,(04)23288582,2025,6,17,19,9,臺中市,北屯區,0,4,0,6,1,3,80,13,9,1,5,4,6,6,4,4,1,4,5,1,13,2,3,3,1,B03,7,9,1,8,2,1,,84,84,1,6,4,120.677915,24.200955,2
6464,66000,387130000C,(04)23274275,(04)23288582,2025,6,17,19,10,臺中市,北區,0,0,0,7,,,50,,,,,,,,,,,,,,17,,,,,C03,,,1,,1,,,87,87,1,13,4,120.685434,24.166817,3
6465,66000,387130000C,(04)23274275,(04)23288582,2025,6,17,19,10,臺中市,東區,0,2,0,7,1,6,50,13,9,1,5,4,6,6,4,4,3,4,4,2,17,2,9,1,1,C03,7,15,1,10,2,12,,84,84,1,12,4,120.685351,24.13533,2
6466,66000,387130000C,(04)23274275,(04)23288582,2025,6,17,19,10,臺中市,西屯區,0,0,0,7,,,50,,,,,,,,,,,,,,14,,,,,B03,,,1,,1,,,49,49,1,13,4,120.610182,24.187817,3
6467,66000,387130000C,(04)23274275,(04)23288582,2025,6,17,19,14,臺中市,西屯區,0,0,0,7,,,30,,,,,,,,,,,,,,17,,,,,B03,,,1,,2,,,49,49,1,12,4,120.637395,24.168201,3
6468,66000,387130000C,(04)23274275,(04)23288582,2025,6,17,19,18,臺中市,大里區,0,0,0,7,,,50,,,,,,,,,,,,,,,,,,,F03,,,7,,1,,,7,7,1,12,4,120.708791,24.086509,3
6469,66000,387130000C,(04)23274275,(04)23288582,2025,6,17,19,20,臺中市,太平區,0,0,0,7,,,80,,,,,,,,,,,,,,,,,,,B03,,,1,,2,,,7,7,1,6,4,120.717343,24.157307,3
6470,66000,387130000C,(04)23274275,(04)23288582,2025,6,17,19,24,臺中市,霧峰區,0,0,0,7,,,50,,,,,,,,,,,,,,,,,,,B03,,,1,,2,,,35,35,1,6,4,120.662313,24.061458,3
6471,66000,387130000C,(04)23274275,(04)23288582,2025,6,17,19,25,臺中市,南屯區,0,1,0,7,3,6,50,4,1,1,5,4,6,6,1,1,10,5,5,2,16,3,10,2,1,C03,7,6,5,19,2,11,,48,48,1,12,4,120.644036,24.133416,2
6472,66000,387130000C,(04)23274275,(04)23288582,2025,6,17,19,25,臺中市,南屯區,0,2,0,7,2,6,50,13,7,1,5,4,6,6,4,4,9,4,4,2,17,2,9,1,1,C03,7,1,1,10,2,11,,51,51,1,12,4,120.61049,24.13315,2
6473,66000,387130000C,(04)23274275,(04)23288582,2025,6,17,19,36,臺中市,西區,0,1,0,7,1,6,50,4,1,1,5,4,6,6,2,1,5,4,5,2,16,3,10,3,1,B03,7,5,1,8,2,5,,84,84,1,12,4,120.652988,24.150881,2
6474,66000,387130000C,(04)23274275,(04)23288582,2025,6,17,19,36,臺中市,北區,0,0,0,7,,,50,,,,,,,,,,,,,,17,,,,,C03,,,1,,2,,,84,84,1,13,4,120.677335,24.15071,4
6475,66000,387130000C,(04)23274275,(04)23288582,2025,6,17,19,37,臺中市,西屯區,0,2,0,7,1,6,30,4,1,1,4,4,6,6,4,4,10,5,5,1,15,2,9,2,1,C03,7,9,1,10,2,13,,12,12,1,12,4,120.644934,24.175421,2
6476,66000,387130000C,(04)23274275,(04)23288582,2025,6,17,19,38,臺中市,南屯區,0,0,0,7,,,50,,,,,,,,,,,,,,13,,,,,B03,,,1,,1,,,84,84,1,12,4,120.646177,24.136347,3
6477,66000,387130000C,(04)23274275,(04)23288582,2025,6,17,19,43,臺中市,北屯區,0,0,0,7,,,50,,,,,,,,,,,,,,16,,,,,C03,,,1,,1,,,84,84,1,13,4,120.689796,24.162902,3
6478,66000,387130000C,(04)23274275,(04)23288582,2025,6,17,19,49,臺中市,大甲區,0,1,0,7,1,6,40,5,9,1,5,4,6,6,1,1,6,4,5,1,12,3,10,3,1,B03,7,5,3,19,2,6,,11,11,1,12,4,120.624387,24.340706,2
6479,66000,387130000C,(04)23274275,(04)23288582,2025,6,17,20,0,臺中市,霧峰區,0,0,0,7,,,,,,,,,,,,,,,,,30,,,,,,,,,,,,,119,119,1,,,120.71525,24.07424,3
6480,66000,387130000C,(04)23274275,(04)23288582,2025,6,17,20,0,臺中市,后里區,0,1,0,7,3,6,30,3,2,1,5,4,6,6,4,4,5,5,5,1,18,2,9,1,1,C03,7,5,1,9,2,12,,84,84,1,6,4,120.716495,24.30684,2
6481,66000,387130000C,(04)23274275,(04)23288582,2025,6,17,20,5,臺中市,南屯區,0,0,0,7,,,50,,,,,,,,,,,,,,13,,,,,B03,,,1,,1,,,7,7,1,12,4,120.646929,24.143059,3
6482,66000,387130000C,(04)23274275,(04)23288582,2025,6,17,20,6,臺中市,大甲區,0,1,0,7,1,6,70,4,9,1,5,4,6,6,1,1,6,3,5,1,12,2,9,1,1,F03,7,6,7,21,2,12,,23,23,1,12,4,120.649779,24.391524,2
6483,66000,387130000C,(04)23274275,(04)23288582,2025,6,17,20,9,臺中市,西屯區,0,0,0,7,,,50,,,,,,,,,,,,,,13,,,,,B03,,,1,,1,,,7,7,1,13,4,120.613651,24.172392,3
6484,66000,387130000C,(04)23274275,(04)23288582,2025,6,17,20,10,臺中市,東勢區,0,2,0,7,1,6,50,13,9,1,5,4,6,6,4,4,4,5,5,1,17,2,9,1,1,C03,7,1,1,10,2,11,,51,51,1,12,4,120.824115,24.261418,2
6485,66000,387130000C,(04)23274275,(04)23288582,2025,6,17,20,14,臺中市,北區,0,0,0,7,,,50,,,,,,,,,,,,,,17,,,,,B03,,,1,,2,,,49,49,1,13,4,120.68816,24.151829,3
6486,66000,387130000C,(04)23274275,(04)23288582,2025,6,17,20,20,臺中市,大里區,0,1,0,7,1,6,50,13,9,1,5,4,6,6,4,4,5,5,5,1,28,,,,,,,,,,,,,118,118,1,,,120.719601,24.097852,2
6487,66000,387130000C,(04)23274275,(04)23288582,2025,6,17,20,21,臺中市,南區,0,0,0,7,,,50,,,,,,,,,,,,,,12,,,,,B03,,,1,,1,,,40,40,1,13,4,120.68411,24.122388,3
6488,66000,387130000C,(04)23274275,(04)23288582,2025,6,17,20,26,臺中市,西區,0,1,0,7,1,6,50,4,2,1,5,4,6,6,2,1,5,4,5,2,17,2,9,1,1,C03,7,1,1,10,2,13,,51,51,1,6,4,120.661683,24.134253,2
6489,66000,387130000C,(04)23274275,(04)23288582,2025,6,17,20,29,臺中市,沙鹿區,0,0,0,6,,,40,,,,,,,,,,,,,,,,,,,B03,,,1,,2,,,50,50,1,13,4,120.576443,24.225953,3
6490,66000,387130000C,(04)23274275,(04)23288582,2025,6,17,20,36,臺中市,北屯區,0,0,0,7,,,30,,,,,,,,,,,,,,14,,,,,B03,,,1,8,2,,,49,49,1,6,4,120.669328,24.184989,3
6491,66000,387130000C,(04)23274275,(04)23288582,2025,6,17,20,38,臺中市,北屯區,0,0,0,7,,,50,,,,,,,,,,,,,,16,,,,,B03,,,1,,1,,,26,26,1,12,4,120.744828,24.187624,3
6492,66000,387130000C,(04)23274275,(04)23288582,2025,6,17,20,50,臺中市,大甲區,0,1,0,7,1,6,60,4,9,1,5,3,6,6,1,1,6,4,5,1,18,2,9,1,1,C01,7,6,1,9,2,12,,84,84,1,12,4,120.618242,24.416475,2
6493,66000,387130000C,(04)23274275,(04)23288582,2025,6,17,20,51,臺中市,南區,0,0,0,7,,,40,,,,,,,,,,,,,,14,,,,,B03,,,1,,1,,,49,49,1,12,4,120.68014,24.123755,3
6494,66000,387130000C,(04)23274275,(04)23288582,2025,6,17,21,0,臺中市,大雅區,0,0,0,7,1,6,50,4,2,1,5,4,6,6,4,4,5,5,5,1,17,,,,,B03,,,1,,1,,,84,84,1,13,4,120.652205,24.227375,3
6495,66000,387130000C,(04)23274275,(04)23288582,2025,6,17,21,0,臺中市,太平區,0,3,0,6,1,6,30,3,1,1,5,4,6,6,4,4,10,5,5,2,16,2,9,1,1,C03,7,6,1,10,2,14,,14,14,1,5,4,120.734403,24.145052,2
6496,66000,387130000C,(04)23274275,(04)23288582,2025,6,17,21,5,臺中市,南區,0,0,0,7,,,50,,,,,,,,,,,,,,17,,,,,C03,,,1,,1,,,51,51,1,12,4,120.683312,24.130051,3
6497,66000,387130000C,(04)23274275,(04)23288582,2025,6,17,21,5,臺中市,清水區,0,0,0,7,,,50,,,,,,,,,,,,,,,,,,,B03,,,1,,11,,,49,49,1,12,4,120.571725,24.268454,3
6498,66000,387130000C,(04)23274275,(04)23288582,2025,6,17,21,6,臺中市,太平區,0,0,0,7,,,50,,,,,,,,,,,,,,,,,,,C03,,,1,,2,,,84,84,1,6,4,120.736241,24.133119,3
6499,66000,387130000C,(04)23274275,(04)23288582,2025,6,17,21,9,臺中市,大肚區,0,0,0,6,,,30,,,,,,,,,,,,,,12,,,,,B03,,,1,,2,,,8,8,1,6,4,120.576806,24.175168,3
6500,66000,387130000C,(04)23274275,(04)23288582,2025,6,17,21,14,臺中市,北屯區,0,0,0,7,,,50,,,,,,,,,,,,,,2,,,,,F02,,,1,,1,,,40,40,1,6,4,120.685916,24.174036,3
6501,66000,387130000C,(04)23274275,(04)23288582,2025,6,17,21,15,臺中市,北區,0,1,0,7,1,6,50,3,1,1,5,4,6,6,1,1,5,4,5,2,17,3,10,5,1,C02,7,9,1,10,2,14,,84,84,1,13,4,120.688411,24.151722,2
6502,66000,387130000C,(04)23274275,(04)23288582,2025,6,17,21,15,臺中市,霧峰區,0,2,0,7,1,6,50,4,12,1,5,4,6,6,1,1,5,5,4,1,17,2,8,1,1,C03,7,11,1,10,2,12,,11,11,1,5,4,120.698837,24.06461,2
6503,66000,387130000C,(04)23274275,(04)23288582,2025,6,17,21,17,臺中市,潭子區,0,1,0,7,1,6,50,3,1,1,5,4,6,6,4,4,1,4,4,1,16,3,10,3,1,B03,7,5,1,8,2,6,,65,65,1,13,4,120.704219,24.215708,2
6504,66000,387130000C,(04)23274275,(04)23288582,2025,6,17,21,21,臺中市,潭子區,0,2,0,6,1,6,0,18,21,4,5,4,6,6,4,4,10,5,5,2,17,2,8,2,1,C03,7,9,1,10,2,11,,30,30,1,13,4,120.691208,24.215976,2
6505,66000,387130000C,(04)23274275,(04)23288582,2025,6,17,21,21,臺中市,沙鹿區,0,2,0,6,1,6,30,4,2,1,5,4,6,6,4,4,8,3,5,2,17,2,9,5,4,C03,7,9,1,10,2,11,,85,85,1,13,4,120.565136,24.250442,2
6506,66000,387130000C,(04)23274275,(04)23288582,2025,6,17,21,22,臺中市,北屯區,0,1,0,7,1,6,50,4,1,1,5,4,6,6,4,4,10,5,5,2,18,2,9,1,1,C03,7,9,1,10,2,14,,43,43,1,13,4,120.709975,24.169772,2
6507,66000,387130000C,(04)23274275,(04)23288582,2025,6,17,21,24,臺中市,北屯區,0,1,0,7,1,6,50,4,2,1,5,4,6,6,2,1,10,5,5,2,13,3,10,5,4,B03,7,9,1,8,1,1,,84,84,1,13,4,120.715149,24.164191,2
6508,66000,387130000C,(04)23274275,(04)23288582,2025,6,17,21,39,臺中市,北屯區,0,1,0,6,1,6,50,4,2,1,5,4,6,6,2,1,10,5,5,2,18,2,9,2,1,C03,7,9,1,10,2,12,,84,84,1,6,4,120.691157,24.170323,2
6509,66000,387130000C,(04)23274275,(04)23288582,2025,6,17,21,50,臺中市,北屯區,0,0,0,7,,,30,,,,,,,,,,,,,,28,,,,,B03,,,1,,2,,,84,84,1,6,4,120.7265,24.17741,3
6510,66000,387130000C,(04)23274275,(04)23288582,2025,6,17,21,52,臺中市,北區,0,2,0,7,1,6,50,4,1,1,5,4,6,6,4,4,9,5,5,2,28,2,9,1,1,C03,7,9,1,10,2,11,,84,84,1,13,4,120.682266,24.161188,2
6511,66000,387130000C,(04)23274275,(04)23288582,2025,6,17,21,54,臺中市,大里區,0,2,0,7,1,6,50,4,1,1,5,4,6,6,2,1,10,5,5,1,16,2,9,1,1,C03,7,6,1,10,2,14,,84,84,1,12,4,120.679898,24.109349,2
6512,66000,387130000C,(04)23274275,(04)23288582,2025,6,17,21,59,臺中市,南屯區,0,1,0,6,1,6,50,4,19,1,5,4,6,6,1,1,5,5,5,2,3,3,10,3,1,B03,7,6,1,8,2,1,,10,10,1,6,4,120.640641,24.142577,2
6513,66000,387130000C,(04)23274275,(04)23288582,2025,6,17,22,0,臺中市,西區,0,0,0,7,,,50,,,,,,,,,,,,,,,,,,,B11,,,5,,11,,,84,84,1,12,4,120.661413,24.149095,3
6514,66000,387130000C,(04)23274275,(04)23288582,2025,6,17,22,0,臺中市,霧峰區,0,0,0,7,,,50,,,,,,,,,,,,,,,,,,,B03,,,1,,2,,,87,87,1,6,4,120.709739,24.074151,3
6515,66000,387130000C,(04)23274275,(04)23288582,2025,6,17,22,9,臺中市,北屯區,0,0,0,7,,,40,,,,,,,,,,,,,,17,,,,,C03,,,1,,2,,,84,84,1,12,4,120.686584,24.183621,3
6516,66000,387130000C,(04)23274275,(04)23288582,2025,6,17,22,9,臺中市,西屯區,0,1,0,7,1,6,50,4,1,1,5,4,6,6,2,1,4,3,5,2,16,3,10,5,4,B03,7,1,1,8,2,1,,51,51,1,13,4,120.65589,24.170451,2
6517,66000,387130000C,(04)23274275,(04)23288582,2025,6,17,22,11,臺中市,烏日區,0,0,0,7,,,50,,,,,,,,,,,,,,13,,,,,B03,,,1,,1,,,84,84,1,13,4,120.612438,24.10646,3
6518,66000,387130000C,(04)23274275,(04)23288582,2025,6,17,22,12,臺中市,北屯區,0,0,0,7,,,50,,,,,,,,,,,,,,9,,,,,B03,,,1,,2,,,45,45,1,6,4,120.693341,24.167099,3
6519,66000,387130000C,(04)23274275,(04)23288582,2025,6,17,22,14,臺中市,北區,0,1,0,7,3,6,50,13,9,1,5,4,6,6,4,4,5,4,5,2,17,2,8,5,4,C03,7,9,1,10,2,11,,59,59,1,13,4,120.677748,24.1495,2
6520,66000,387130000C,(04)23274275,(04)23288582,2025,6,17,22,24,臺中市,東區,0,0,0,7,,,50,,,,,,,,,,,,,,14,,,,,B03,,,1,,1,,,49,49,1,13,4,120.684043,24.132034,3
6521,66000,387130000C,(04)23274275,(04)23288582,2025,6,17,22,30,臺中市,北區,0,0,0,7,,,50,,,,,,,,,,,,,,17,,,,,B03,,,1,,1,,,7,7,1,13,4,120.689134,24.153572,3
6522,66000,387130000C,(04)23274275,(04)23288582,2025,6,17,22,30,臺中市,龍井區,0,2,0,7,1,6,50,4,1,1,5,4,6,6,4,4,10,5,5,2,15,2,9,1,1,F03,7,9,7,21,2,12,,20,20,1,6,4,120.545495,24.201861,2