序號,縣市別代碼,機關代碼,市話,傳真,年,月,日,時,分,縣市,區,死亡數量,受傷數量,2-30,天候,道路照明設備,道路類別,道路速限,道路型態,事故位置,路面鋪裝,路面狀態,路面缺陷,障礙物,視距,號誌種類,號誌動作,分向設施,快車道或一般車道間,快慢車道間,路面邊線,事故類型及型態,受傷程度,主要傷處,保護裝備,行動電話或功能裝置,當事者區分(類別),車輛用途,當事者行動狀態,駕照狀態,駕照種類,飲酒情形,車輛撞擊部位最初,車輛撞擊部位其他,肇事因素個別,肇事因素主要,肇事逃逸,職業,共享經濟或外送平台,GPS座標X,GPS座標Y,事故類別
6635,66000,387130000C,(04)23274275,(04)23288582,2025,6,18,9,42,臺中市,南屯區,0,0,0,7,,,50,,,,,,,,,,,,,,,,,,,A12,,,1,,1,,,49,49,1,13,4,120.616805,24.154975,3
6636,66000,387130000C,(04)23274275,(04)23288582,2025,6,18,9,45,臺中市,烏日區,0,1,0,7,2,6,30,13,9,1,5,4,6,6,4,4,10,5,5,1,14,3,10,3,1,B03,7,2,1,8,2,3,,49,49,1,12,4,120.655532,24.097345,2
6637,66000,387130000C,(04)23274275,(04)23288582,2025,6,18,9,46,臺中市,后里區,0,0,0,7,,,50,,,,,,,,,,,,,,12,,,,,B03,,,1,,9,,,84,84,2,12,4,120.711105,24.304521,3
6638,66000,387130000C,(04)23274275,(04)23288582,2025,6,18,9,48,臺中市,霧峰區,0,1,0,7,2,6,50,4,1,1,5,4,6,6,1,1,10,5,5,2,16,3,10,1,1,C03,7,6,3,19,2,11,,39,39,1,12,4,120.698686,24.064478,2
6639,66000,387130000C,(04)23274275,(04)23288582,2025,6,18,9,49,臺中市,大雅區,0,1,0,7,1,6,50,5,2,1,5,4,6,6,1,1,5,5,5,1,17,2,9,1,1,C03,7,9,1,10,2,11,,84,84,1,13,4,120.673337,24.210325,2
6640,66000,387130000C,(04)23274275,(04)23288582,2025,6,18,9,50,臺中市,太平區,0,1,0,7,3,6,50,4,1,1,5,4,6,6,3,1,5,5,4,1,16,3,10,2,1,C03,7,6,1,10,1,12,,14,14,1,12,4,120.723159,24.142083,2
6641,66000,387130000C,(04)23274275,(04)23288582,2025,6,18,9,50,臺中市,東勢區,0,0,0,7,,,50,,,,,,,,,,,,,,,,,,,B03,,,1,,1,,,39,39,1,12,4,120.851498,24.238749,3
6642,66000,387130000C,(04)23274275,(04)23288582,2025,6,18,9,51,臺中市,西屯區,0,1,0,7,2,6,40,4,1,1,5,4,6,6,2,1,10,5,5,2,13,2,8,5,4,C02,7,9,1,9,2,11,,7,7,1,13,4,120.655911,24.158976,2
6643,66000,387130000C,(04)23274275,(04)23288582,2025,6,18,9,52,臺中市,大里區,0,0,0,7,2,6,60,13,7,1,5,4,1,6,4,4,1,4,1,2,30,,,,,H03,,,1,,10,,,109,109,1,13,5,120.660748,24.08409,3
6644,66000,387130000C,(04)23274275,(04)23288582,2025,6,18,9,54,臺中市,太平區,0,0,0,6,2,6,50,5,1,1,5,4,6,6,2,1,1,2,5,2,17,3,10,3,1,B12,7,15,1,8,2,5,,8,8,1,6,4,120.713343,24.146349,3
6645,66000,387130000C,(04)23274275,(04)23288582,2025,6,18,9,56,臺中市,西區,0,0,0,7,,,50,,,,,,,,,,,,,,,,,,,B03,,,1,,1,,,84,84,1,13,4,120.672721,24.1359,3
6646,66000,387130000C,(04)23274275,(04)23288582,2025,6,18,9,57,臺中市,西區,0,1,0,7,2,6,50,4,1,1,5,4,6,6,4,4,10,5,5,2,15,3,10,3,1,B03,7,9,1,8,2,5,,15,15,1,12,4,120.658234,24.139355,2
6647,66000,387130000C,(04)23274275,(04)23288582,2025,6,18,9,57,臺中市,西屯區,0,0,0,7,,,50,,,,,,,,,,,,,,13,,,,,C03,,,1,,1,,,7,7,1,12,4,120.633789,24.161809,3
6648,66000,387130000C,(04)23274275,(04)23288582,2025,6,18,9,59,臺中市,南區,0,1,0,7,3,9,50,4,1,1,5,4,6,5,4,4,10,5,5,2,11,3,10,2,1,C03,7,9,1,10,2,12,,4,4,1,6,4,120.673572,24.126025,2
6649,66000,387130000C,(04)23274275,(04)23288582,2025,6,18,10,0,臺中市,潭子區,0,4,0,7,2,6,60,13,7,1,5,4,6,6,4,4,1,4,4,1,13,2,9,3,1,B03,7,9,1,8,2,1,,56,56,1,13,4,120.705362,24.212701,2
6650,66000,387130000C,(04)23274275,(04)23288582,2025,6,18,10,4,臺中市,西屯區,0,1,0,7,3,6,50,4,1,1,5,4,6,6,2,1,10,5,5,2,16,3,10,3,1,B03,7,5,1,8,2,5,,47,47,1,13,4,120.636752,24.171176,2
6651,66000,387130000C,(04)23274275,(04)23288582,2025,6,18,10,10,臺中市,東區,0,1,0,7,2,6,50,3,1,1,5,4,6,6,4,4,10,5,5,2,16,3,10,4,1,B03,7,5,3,19,2,8,,14,14,1,6,4,120.689167,24.141387,2
6652,66000,387130000C,(04)23274275,(04)23288582,2025,6,18,10,10,臺中市,沙鹿區,0,0,0,7,,,40,,,,,,,,,,,,,,12,,,,,B03,,,1,,2,,,8,8,1,12,4,120.559977,24.239676,3
6653,66000,387130000C,(04)23274275,(04)23288582,2025,6,18,10,17,臺中市,龍井區,0,1,0,7,3,6,40,4,8,1,5,4,6,6,1,1,10,4,3,1,17,3,10,3,1,B03,7,5,1,8,2,6,,20,20,1,6,4,120.505514,24.210586,2
6654,66000,387130000C,(04)23274275,(04)23288582,2025,6,18,10,23,臺中市,霧峰區,0,1,0,7,3,6,60,4,1,1,5,4,6,6,1,1,1,4,4,1,16,3,10,3,1,A12,7,5,1,3,2,2,5,11,11,1,12,4,120.696712,24.026494,2
6655,66000,387130000C,(04)23274275,(04)23288582,2025,6,18,10,25,臺中市,北區,0,0,0,7,,,50,,,,,,,,,,,,,,12,,,,,B03,,,1,,1,,,84,84,1,13,4,120.699677,24.160368,3
6656,66000,387130000C,(04)23274275,(04)23288582,2025,6,18,10,25,臺中市,梧棲區,0,1,0,7,2,6,50,13,9,1,5,4,6,6,4,4,5,4,5,2,20,2,9,1,1,C03,7,9,1,10,2,12,,59,59,1,12,4,120.55247,24.238669,2
6657,66000,387130000C,(04)23274275,(04)23288582,2025,6,18,10,26,臺中市,龍井區,0,0,0,7,,,50,,,,,,,,,,,,,,12,,,,,B03,,,1,,9,,,51,51,1,13,4,120.588431,24.180889,3
6658,66000,387130000C,(04)23274275,(04)23288582,2025,6,18,10,30,臺中市,西屯區,0,0,0,7,2,6,60,4,2,1,5,4,6,6,2,1,1,2,1,2,13,,,,,B03,,,1,,1,,,7,7,1,13,4,120.639076,24.159008,3
6659,66000,387130000C,(04)23274275,(04)23288582,2025,6,18,10,32,臺中市,西屯區,0,1,0,7,2,6,80,13,9,1,5,4,6,6,4,4,3,4,5,2,13,3,10,5,4,B03,7,9,1,8,2,8,,7,7,1,12,4,120.625446,24.156587,2
6660,66000,387130000C,(04)23274275,(04)23288582,2025,6,18,10,35,臺中市,西區,0,1,0,7,1,6,50,13,9,1,5,4,6,6,4,4,9,5,5,1,17,3,10,5,4,B03,7,11,1,8,2,1,,45,45,1,12,4,120.677395,24.134363,2
6661,66000,387130000C,(04)23274275,(04)23288582,2025,6,18,10,36,臺中市,北區,0,0,0,7,,,50,,,,,,,,,,,,,,13,,,,,B03,,,1,,1,1,,59,59,1,12,4,120.678687,24.159177,3
6662,66000,387130000C,(04)23274275,(04)23288582,2025,6,18,10,48,臺中市,大里區,0,0,0,7,,,50,,,,,,,,,,,,,,24,,,,,B03,,,1,,1,,,59,59,1,6,4,120.698648,24.089617,3
6663,66000,387130000C,(04)23274275,(04)23288582,2025,6,18,10,56,臺中市,南屯區,0,2,0,7,2,6,50,4,1,1,5,4,6,6,2,1,8,3,4,1,17,2,9,1,1,C03,7,1,1,10,1,12,,51,51,1,12,4,120.652988,24.150881,2
6664,66000,387130000C,(04)23274275,(04)23288582,2025,6,18,11,7,臺中市,太平區,0,0,0,7,,,50,,,,,,,,,,,,,,,,,,,F03,,,1,,2,,,84,84,1,12,4,120.716573,24.14727,3
6665,66000,387130000C,(04)23274275,(04)23288582,2025,6,18,11,14,臺中市,外埔區,0,1,0,7,2,6,50,13,7,1,5,4,6,6,4,4,5,4,5,1,13,2,9,1,1,C03,7,9,1,10,2,11,,7,7,1,12,4,120.654757,24.347366,2
6666,66000,387130000C,(04)23274275,(04)23288582,2025,6,18,11,15,臺中市,大里區,0,1,0,7,3,6,50,4,1,1,5,4,6,6,1,1,5,5,5,1,16,3,10,3,1,B03,7,5,1,8,2,6,,11,11,1,13,4,120.680347,24.095601,2
6667,66000,387130000C,(04)23274275,(04)23288582,2025,6,18,11,17,臺中市,北屯區,0,1,0,7,3,6,50,4,1,1,5,4,6,6,1,1,10,5,5,2,16,2,5,3,1,B03,7,6,1,8,2,6,,11,11,1,12,4,120.720953,24.169893,2
6668,66000,387130000C,(04)23274275,(04)23288582,2025,6,18,11,18,臺中市,烏日區,0,0,0,7,,,50,,,,,,,,,,,,,,2,,,,,B03,,,1,,2,,,40,40,1,6,4,120.607215,24.108942,3
6669,66000,387130000C,(04)23274275,(04)23288582,2025,6,18,11,18,臺中市,豐原區,0,1,0,7,2,6,50,3,7,1,5,4,6,6,1,1,5,5,4,2,13,3,10,1,1,C03,7,9,1,10,2,11,,7,7,1,12,2,120.698317,24.244987,2
6670,66000,387130000C,(04)23274275,(04)23288582,2025,6,18,11,29,臺中市,沙鹿區,0,0,0,7,,,50,,,,,,,,,,,,,,3,,,,,C03,,,1,,2,,,10,10,1,6,2,120.560281,24.238147,3
6671,66000,387130000C,(04)23274275,(04)23288582,2025,6,18,11,30,臺中市,清水區,0,0,0,7,,,50,,,,,,,,,,,,,,,,,,,B03,,,1,,1,,,84,84,1,12,4,120.576514,24.275502,3
6672,66000,387130000C,(04)23274275,(04)23288582,2025,6,18,11,31,臺中市,南屯區,0,2,0,7,1,6,50,4,2,1,5,4,6,6,2,1,5,4,5,2,12,2,9,5,4,C03,7,9,1,10,2,14,,7,7,1,13,4,120.620854,24.13999,2
6673,66000,387130000C,(04)23274275,(04)23288582,2025,6,18,11,34,臺中市,北區,0,1,0,7,2,6,50,3,1,1,5,4,6,6,4,4,5,4,4,2,13,2,9,1,1,C03,7,9,1,10,2,11,12,7,7,1,13,4,120.681535,24.150786,2
6674,66000,387130000C,(04)23274275,(04)23288582,2025,6,18,11,34,臺中市,西屯區,0,0,0,7,,,40,,,,,,,,,,,,,,13,,,,,C03,,,1,,1,,,7,7,1,12,4,120.602633,24.182917,3
6675,66000,387130000C,(04)23274275,(04)23288582,2025,6,18,11,36,臺中市,北區,0,1,0,7,2,6,50,3,2,1,5,4,6,6,4,4,10,5,5,2,14,3,10,3,1,B03,7,2,1,8,2,6,,49,49,1,13,4,120.673212,24.165162,2
6676,66000,387130000C,(04)23274275,(04)23288582,2025,6,18,11,36,臺中市,霧峰區,0,1,0,7,2,6,50,4,1,1,5,4,6,6,1,1,10,5,5,2,16,2,9,1,1,C03,7,5,1,10,2,14,,22,22,1,12,4,120.697314,24.060816,2
6677,66000,387130000C,(04)23274275,(04)23288582,2025,6,18,11,36,臺中市,新社區,0,2,0,7,2,9,30,5,9,1,5,4,6,6,3,1,10,5,5,2,15,2,9,5,4,C03,7,9,1,10,2,11,,24,24,1,13,4,120.798349,24.203244,2
6678,66000,387130000C,(04)23274275,(04)23288582,2025,6,18,11,45,臺中市,太平區,0,2,0,7,3,6,50,13,9,1,5,4,6,6,4,4,5,5,5,1,16,2,9,2,1,C03,7,1,1,10,2,11,,51,51,1,12,4,120.715508,24.115046,2
6679,66000,387130000C,(04)23274275,(04)23288582,2025,6,18,11,46,臺中市,大里區,0,1,0,7,2,6,50,13,9,1,5,4,6,6,4,4,10,5,5,2,17,3,10,3,1,B03,7,6,1,8,2,8,,84,84,1,12,4,120.677997,24.095624,2
6680,66000,387130000C,(04)23274275,(04)23288582,2025,6,18,11,46,臺中市,太平區,0,1,0,7,2,6,50,13,9,1,5,4,6,6,4,4,9,5,5,2,19,2,9,1,1,C03,7,9,1,10,2,11,,59,59,1,6,4,120.71988,24.124141,2
6681,66000,387130000C,(04)23274275,(04)23288582,2025,6,18,11,50,臺中市,南屯區,0,0,0,7,2,6,50,13,9,1,5,4,6,6,4,4,9,5,5,2,9,3,10,3,1,B03,7,9,1,7,6,2,,84,84,1,6,4,120.633593,24.139174,3
6682,66000,387130000C,(04)23274275,(04)23288582,2025,6,18,11,50,臺中市,烏日區,0,1,0,7,2,6,30,13,9,1,5,4,6,6,4,4,10,5,5,2,18,2,7,1,1,C03,7,9,3,19,2,14,,84,84,1,6,4,120.644474,24.111299,2
6683,66000,387130000C,(04)23274275,(04)23288582,2025,6,18,11,53,臺中市,東區,0,2,0,7,3,6,50,13,9,1,5,4,6,5,4,4,5,4,4,2,11,2,9,2,1,C03,7,6,1,10,2,11,,48,48,1,6,4,120.696152,24.138747,2
6684,66000,387130000C,(04)23274275,(04)23288582,2025,6,18,11,54,臺中市,北屯區,0,0,0,7,,,50,,,,,,,,,,,,,,16,,,,,C03,,,1,,1,,,1,1,1,6,4,120.697745,24.170349,3
6685,66000,387130000C,(04)23274275,(04)23288582,2025,6,18,11,54,臺中市,龍井區,0,0,0,7,,,30,,,,,,,,,,,,,,14,,,,,C03,,,1,,1,,,51,51,1,12,4,120.587989,24.180322,3
6686,66000,387130000C,(04)23274275,(04)23288582,2025,6,18,11,57,臺中市,北屯區,0,2,0,7,3,6,50,13,8,1,5,4,6,6,4,4,1,4,4,2,3,2,9,6,5,H01,8,16,7,21,2,17,,109,109,1,12,5,120.681987,24.181898,2
6687,66000,387130000C,(04)23274275,(04)23288582,2025,6,18,11,57,臺中市,新社區,0,2,0,7,2,6,50,4,1,1,5,4,6,6,4,4,10,5,5,2,17,3,10,3,1,B12,7,5,1,8,2,8,,12,12,1,12,4,120.79275,24.219993,2
6688,66000,387130000C,(04)23274275,(04)23288582,2025,6,18,12,3,臺中市,大雅區,0,2,0,7,2,6,50,5,1,1,5,4,6,6,4,4,10,4,5,1,17,2,9,1,1,C03,7,1,1,10,2,11,,51,51,1,12,4,120.647804,24.224033,2
6689,66000,387130000C,(04)23274275,(04)23288582,2025,6,18,12,3,臺中市,西區,0,1,0,7,2,6,50,4,2,1,5,4,6,6,4,4,5,5,5,1,16,2,9,2,1,C03,7,6,1,10,2,11,,39,39,1,13,4,120.660803,24.147791,2
6690,66000,387130000C,(04)23274275,(04)23288582,2025,6,18,12,4,臺中市,東區,0,0,0,7,,,50,,,,,,,,,,,,,,,,,,,B03,,,1,,2,,,8,8,1,12,4,120.687676,24.138151,3
6691,66000,387130000C,(04)23274275,(04)23288582,2025,6,18,12,6,臺中市,潭子區,0,0,0,7,,,40,,,,,,,,,,,,,,,,,,,A12,,,1,,9,,,84,84,1,13,4,120.707182,24.200132,3
6692,66000,387130000C,(04)23274275,(04)23288582,2025,6,18,12,9,臺中市,北屯區,0,2,0,7,3,6,50,5,1,1,5,4,6,6,4,4,10,5,5,2,17,2,9,2,1,C04,7,1,1,10,2,11,,51,51,1,13,4,120.660653,24.19359,2
6693,66000,387130000C,(04)23274275,(04)23288582,2025,6,18,12,10,臺中市,北屯區,0,0,0,7,,,50,,,,,,,,,,,,,,,,,,,B03,,,1,,1,,,35,35,1,13,4,120.694338,24.164931,3
6694,66000,387130000C,(04)23274275,(04)23288582,2025,6,18,12,15,臺中市,西區,0,2,0,7,2,6,30,4,1,1,5,4,6,6,4,4,10,5,5,2,15,2,9,2,1,C03,7,9,1,9,2,11,,20,20,1,12,4,120.658752,24.137386,2
6695,66000,387130000C,(04)23274275,(04)23288582,2025,6,18,12,17,臺中市,大里區,0,0,0,7,2,6,50,13,9,1,5,4,6,6,3,1,1,4,5,1,13,,,,,B03,,,1,,1,,,58,58,1,13,4,120.680091,24.107188,3
6696,66000,387130000C,(04)23274275,(04)23288582,2025,6,18,12,20,臺中市,大雅區,0,1,0,7,1,6,40,13,8,1,5,4,6,6,4,4,1,5,5,2,30,2,9,1,1,C03,7,7,1,10,2,11,14,84,84,1,12,4,120.669692,24.215672,2
6697,66000,387130000C,(04)23274275,(04)23288582,2025,6,18,12,22,臺中市,外埔區,0,1,0,7,2,6,50,4,1,1,5,4,6,6,4,4,10,5,5,2,12,3,10,1,1,C03,7,4,1,10,2,12,,8,8,1,12,4,120.657654,24.331654,2
6698,66000,387130000C,(04)23274275,(04)23288582,2025,6,18,12,24,臺中市,后里區,0,0,0,7,,,60,,,,,,,,,,,,,,,,,,,A41,,,1,,2,,,84,84,1,6,4,120.725316,24.321099,3
6699,66000,387130000C,(04)23274275,(04)23288582,2025,6,18,12,25,臺中市,大雅區,0,1,0,7,3,6,50,4,2,1,5,4,6,6,4,4,5,2,5,1,17,3,10,3,1,B03,7,6,1,8,2,2,,14,14,1,12,4,120.652367,24.227424,2
6700,66000,387130000C,(04)23274275,(04)23288582,2025,6,18,12,28,臺中市,北屯區,0,0,0,7,,,40,,,,,,,,,,,,,,14,,,,,G03,,,1,,2,,,49,49,1,12,4,120.672902,24.192077,3
6701,66000,387130000C,(04)23274275,(04)23288582,2025,6,18,12,29,臺中市,神岡區,0,1,0,7,2,6,30,13,9,1,5,4,6,6,4,4,10,5,5,2,17,2,9,5,4,C03,7,1,1,10,2,11,,51,51,1,13,4,120.697808,24.265275,2
6702,66000,387130000C,(04)23274275,(04)23288582,2025,6,18,12,30,臺中市,北區,0,0,0,7,,,,,,,,,,,,,,,,,17,,,,,,,,,,,,,119,119,1,,,120.691251,24.149341,3
6703,66000,387130000C,(04)23274275,(04)23288582,2025,6,18,12,30,臺中市,太平區,0,2,0,7,3,6,50,4,1,1,5,4,6,6,4,4,10,5,5,2,15,2,9,2,1,C03,7,9,1,10,2,11,,12,12,1,12,4,120.725549,24.14214,2
6704,66000,387130000C,(04)23274275,(04)23288582,2025,6,18,12,34,臺中市,大甲區,0,1,0,7,3,6,50,3,1,1,5,4,6,6,1,1,10,5,5,2,13,3,10,3,1,B02,7,9,1,8,2,1,,84,84,1,6,4,120.627679,24.347421,2
6705,66000,387130000C,(04)23274275,(04)23288582,2025,6,18,12,37,臺中市,中區,0,3,0,7,1,6,50,4,1,1,5,4,6,6,1,1,10,5,5,1,9,2,9,5,4,C03,7,9,1,10,2,11,,10,10,1,12,4,120.678043,24.146489,2
6706,66000,387130000C,(04)23274275,(04)23288582,2025,6,18,12,40,臺中市,中區,0,1,0,7,2,6,50,4,1,1,5,4,6,6,2,1,5,4,5,1,16,2,9,2,1,C03,7,1,1,10,2,14,,51,51,1,13,4,120.678328,24.144765,2
6707,66000,387130000C,(04)23274275,(04)23288582,2025,6,18,12,40,臺中市,北區,0,0,0,7,,,,,,,,,,,,,,,,,17,,,,,,,,,,,,,119,119,1,,,120.68653,24.147222,3
6708,66000,387130000C,(04)23274275,(04)23288582,2025,6,18,12,40,臺中市,東區,0,0,0,7,,,50,,,,,,,,,,,,,,2,,,,,B03,,,1,,2,,,40,40,1,13,4,120.691028,24.141916,3
6709,66000,387130000C,(04)23274275,(04)23288582,2025,6,18,12,43,臺中市,梧棲區,0,0,0,7,,,50,,,,,,,,,,,,,,16,,,,,C03,,,1,,2,,,39,39,1,6,4,120.529627,24.253752,3
6710,66000,387130000C,(04)23274275,(04)23288582,2025,6,18,12,48,臺中市,西區,0,0,0,7,,,50,,,,,,,,,,,,,,,,,,,B03,,,1,,1,,,84,84,1,12,4,120.659428,24.156624,3
6711,66000,387130000C,(04)23274275,(04)23288582,2025,6,18,12,49,臺中市,西區,0,1,0,7,2,6,50,4,1,1,5,4,1,6,2,1,5,4,4,2,16,2,9,2,1,C03,7,9,1,10,2,12,,34,34,1,12,4,120.655113,24.146705,2
6712,66000,387130000C,(04)23274275,(04)23288582,2025,6,18,12,50,臺中市,大雅區,0,0,0,7,,,60,,,,,,,,,,,,,,,,,,,B12,,,1,,1,,,78,78,1,13,4,120.646931,24.222521,4
6713,66000,387130000C,(04)23274275,(04)23288582,2025,6,18,12,55,臺中市,北區,0,0,0,7,,,50,,,,,,,,,,,,,,17,,,,,B03,,,1,,1,,,58,58,1,13,4,120.677477,24.153731,3
6714,66000,387130000C,(04)23274275,(04)23288582,2025,6,18,12,55,臺中市,北屯區,0,0,0,7,,,50,,,,,,,,,,,,,,11,,,,,B03,,,1,,1,,,8,8,1,12,4,120.715826,24.174876,3
6715,66000,387130000C,(04)23274275,(04)23288582,2025,6,18,12,55,臺中市,北屯區,0,0,0,7,,,50,,,,,,,,,,,,,,12,,,,,B03,,,1,,2,,,42,42,1,6,4,120.719185,24.163192,3
6716,66000,387130000C,(04)23274275,(04)23288582,2025,6,18,13,4,臺中市,北屯區,0,2,0,7,2,6,50,13,9,1,5,4,6,6,4,4,1,4,5,2,12,2,9,1,1,C03,7,9,1,10,2,14,,84,84,1,6,4,120.697047,24.169516,2
6717,66000,387130000C,(04)23274275,(04)23288582,2025,6,18,13,7,臺中市,北屯區,0,2,0,7,3,6,50,4,1,1,5,4,6,6,4,4,10,5,5,2,15,2,9,2,1,C03,7,9,1,10,2,11,,12,12,1,12,4,120.706649,24.171193,2
6718,66000,387130000C,(04)23274275,(04)23288582,2025,6,18,13,10,臺中市,石岡區,0,1,0,7,2,6,50,11,9,1,5,4,6,6,4,4,5,5,5,1,17,3,10,3,1,B03,7,15,1,8,2,5,,4,4,1,12,4,120.808469,24.257332,2
6719,66000,387130000C,(04)23274275,(04)23288582,2025,6,18,13,10,臺中市,豐原區,0,0,0,7,,,30,,,,,,,,,,,,,,16,,,,,B12,,,1,,2,,,14,14,1,6,4,120.727171,24.27084,3
6720,66000,387130000C,(04)23274275,(04)23288582,2025,6,18,13,12,臺中市,霧峰區,0,0,0,7,,,40,,,,,,,,,,,,,,13,,,,,C03,,,1,,1,,,7,7,1,12,4,120.701725,24.068052,3
6721,66000,387130000C,(04)23274275,(04)23288582,2025,6,18,13,14,臺中市,大雅區,0,1,0,7,2,6,50,13,9,1,5,4,6,6,4,4,5,4,5,1,17,2,9,1,1,C03,7,9,1,10,2,11,,59,59,1,12,4,120.644975,24.204259,2
6722,66000,387130000C,(04)23274275,(04)23288582,2025,6,18,13,15,臺中市,霧峰區,0,0,0,7,2,6,60,13,9,1,5,4,6,6,,4,1,4,5,1,13,,,,,B03,,,1,,1,,,82,82,1,6,4,120.696802,24.070399,3
6723,66000,387130000C,(04)23274275,(04)23288582,2025,6,18,13,18,臺中市,西區,0,0,0,7,,,50,,,,,,,,,,,,,,,,,,,B03,,,1,8,1,,,84,84,1,13,4,120.656002,24.156031,3
6724,66000,387130000C,(04)23274275,(04)23288582,2025,6,18,13,18,臺中市,豐原區,0,0,0,7,,,,,,,,,,,,,,,,,17,,,,,,,,,,,,,86,86,1,,,120.712765,24.246975,3
6725,66000,387130000C,(04)23274275,(04)23288582,2025,6,18,13,21,臺中市,東區,0,1,0,7,2,6,50,4,1,1,5,4,6,6,2,1,10,5,5,2,17,3,10,1,1,C03,7,9,1,10,2,12,,84,84,1,12,4,120.709122,24.144469,2
6726,66000,387130000C,(04)23274275,(04)23288582,2025,6,18,13,24,臺中市,太平區,0,0,0,7,2,6,30,13,9,1,5,4,6,6,4,4,9,5,5,1,14,3,10,3,1,B03,7,2,1,8,2,7,,49,49,1,6,4,120.713688,24.138263,3
6727,66000,387130000C,(04)23274275,(04)23288582,2025,6,18,13,29,臺中市,西屯區,0,0,0,7,,,50,,,,,,,,,,,,,,13,,,,,B02,,,1,,1,,,78,78,1,12,4,120.661691,24.172109,3
6728,66000,387130000C,(04)23274275,(04)23288582,2025,6,18,13,29,臺中市,外埔區,0,0,0,7,3,9,0,18,24,2,5,4,6,6,4,4,10,,,,30,3,10,5,1,B02,7,2,1,15,2,7,,84,84,1,12,4,120.71592,24.347837,4
6729,66000,387130000C,(04)23274275,(04)23288582,2025,6,18,13,30,臺中市,北屯區,0,1,0,7,1,6,50,4,1,1,5,4,6,1,4,4,10,5,5,2,15,3,10,5,4,B03,7,9,1,8,2,5,,15,15,1,13,4,120.718149,24.172692,2
6730,66000,387130000C,(04)23274275,(04)23288582,2025,6,18,13,35,臺中市,西屯區,0,0,0,7,,,50,,,,,,,,,,,,,,14,,,,,B03,,,1,,1,,,49,49,1,13,4,120.614796,24.18155,3
6731,66000,387130000C,(04)23274275,(04)23288582,2025,6,18,13,39,臺中市,西屯區,0,0,0,7,,,50,,,,,,,,,,,,,,12,,,,,B03,,,1,,1,,,8,8,1,12,4,120.647619,24.174571,3
6732,66000,387130000C,(04)23274275,(04)23288582,2025,6,18,13,40,臺中市,后里區,0,0,0,7,,,40,,,,,,,,,,,,,,12,,,,,B03,,,1,,2,,,59,59,1,13,4,120.706373,24.309536,3
6733,66000,387130000C,(04)23274275,(04)23288582,2025,6,18,13,45,臺中市,北屯區,0,0,0,7,,,,,,,,,,,,,,,,,13,,,,,,,,,,,,,119,119,1,,,120.686098,24.18192,3
6734,66000,387130000C,(04)23274275,(04)23288582,2025,6,18,13,50,臺中市,南屯區,0,0,0,7,3,6,40,13,8,1,5,4,6,6,1,1,5,2,4,2,14,,,,,B03,,,1,,1,,,49,49,1,12,4,120.625871,24.140589,3
6735,66000,387130000C,(04)23274275,(04)23288582,2025,6,18,13,55,臺中市,北區,0,0,0,7,,,50,,,,,,,,,,,,,,,,,,,C03,,,1,,1,,,7,7,1,12,4,120.686702,24.161533,3
6736,66000,387130000C,(04)23274275,(04)23288582,2025,6,18,14,3,臺中市,沙鹿區,0,0,0,7,,,0,,,,,,,,,,,,,,17,,,,,C03,,,1,,2,,,39,39,1,6,4,120.581016,24.209313,3
6737,66000,387130000C,(04)23274275,(04)23288582,2025,6,18,14,4,臺中市,南區,0,0,0,7,,,50,,,,,,,,,,,,,,14,,,,,B03,,,1,,1,,,49,49,1,12,4,120.666531,24.116979,4
6738,66000,387130000C,(04)23274275,(04)23288582,2025,6,18,14,4,臺中市,北屯區,0,0,0,7,,,50,,,,,,,,,,,,,,13,,,,,B03,,,1,,1,,,84,84,1,12,4,120.686574,24.200416,3
6739,66000,387130000C,(04)23274275,(04)23288582,2025,6,18,14,5,臺中市,北區,0,1,0,7,2,6,50,13,9,1,5,4,6,6,4,4,9,5,5,2,13,3,10,3,1,B03,7,15,1,8,2,1,,84,84,1,12,4,120.68138,24.154309,2
6740,66000,387130000C,(04)23274275,(04)23288582,2025,6,18,14,5,臺中市,大里區,0,0,0,7,,,30,,,,,,,,,,,,,,17,,,,,B03,,,1,,2,,,8,8,1,6,4,120.694101,24.114059,3
6741,66000,387130000C,(04)23274275,(04)23288582,2025,6,18,14,7,臺中市,梧棲區,0,1,0,7,1,6,50,4,1,1,5,4,6,6,4,4,10,5,5,2,16,3,10,3,1,B03,7,6,1,8,2,1,,6,6,1,12,4,120.54198,24.248761,2
6742,66000,387130000C,(04)23274275,(04)23288582,2025,6,18,14,12,臺中市,北屯區,0,1,0,7,2,6,50,13,7,1,5,4,6,6,4,4,5,4,4,2,12,3,10,1,1,C03,7,15,1,10,2,12,,84,84,1,6,4,120.691642,24.165233,2
6743,66000,387130000C,(04)23274275,(04)23288582,2025,6,18,14,15,臺中市,西屯區,0,3,0,7,2,6,60,13,9,1,5,4,6,6,4,4,3,4,5,2,13,3,10,5,4,B03,7,9,1,8,2,1,,83,83,1,13,4,120.643543,24.166018,2
6744,66000,387130000C,(04)23274275,(04)23288582,2025,6,18,14,15,臺中市,大里區,0,1,0,7,3,6,50,4,1,1,5,4,6,6,2,1,5,5,4,2,17,3,10,3,1,B03,7,6,1,8,9,16,,48,48,1,13,4,120.694545,24.111422,2