序號,縣市別代碼,機關代碼,市話,傳真,年,月,日,時,分,縣市,區,死亡數量,受傷數量,2-30,天候,道路照明設備,道路類別,道路速限,道路型態,事故位置,路面鋪裝,路面狀態,路面缺陷,障礙物,視距,號誌種類,號誌動作,分向設施,快車道或一般車道間,快慢車道間,路面邊線,事故類型及型態,受傷程度,主要傷處,保護裝備,行動電話或功能裝置,當事者區分(類別),車輛用途,當事者行動狀態,駕照狀態,駕照種類,飲酒情形,車輛撞擊部位最初,車輛撞擊部位其他,肇事因素個別,肇事因素主要,肇事逃逸,職業,共享經濟或外送平台,GPS座標X,GPS座標Y,事故類別
7192,66000,387130000C,(04)23274275,(04)23288582,2025,6,19,16,10,臺中市,大雅區,0,0,0,7,,,70,,,,,,,,,,,,,,,,,,,A11,,,1,,2,,,40,40,1,12,4,120.630249,24.240816,3
7193,66000,387130000C,(04)23274275,(04)23288582,2025,6,19,16,11,臺中市,大雅區,0,2,0,7,1,6,30,3,1,1,5,4,6,6,4,4,10,5,5,2,17,2,7,1,1,C03,7,6,3,19,2,14,,41,41,1,13,4,120.642956,24.212106,2
7194,66000,387130000C,(04)23274275,(04)23288582,2025,6,19,16,12,臺中市,北屯區,0,1,0,7,2,6,50,3,1,1,5,4,6,6,4,4,10,5,5,2,16,3,10,3,1,B03,7,11,1,8,2,4,,45,45,1,6,4,120.733815,24.171364,2
7195,66000,387130000C,(04)23274275,(04)23288582,2025,6,19,16,12,臺中市,大肚區,0,1,0,7,2,6,30,3,2,1,5,4,6,6,4,4,10,5,5,1,17,3,10,3,1,B12,7,5,1,8,2,16,,14,14,1,6,4,120.557333,24.12519,2
7196,66000,387130000C,(04)23274275,(04)23288582,2025,6,19,16,15,臺中市,大雅區,0,1,0,7,3,6,50,3,2,1,5,4,6,6,3,1,10,5,5,1,17,2,9,5,4,F01,7,5,7,21,2,11,,84,84,1,13,4,120.624525,24.235313,2
7197,66000,387130000C,(04)23274275,(04)23288582,2025,6,19,16,15,臺中市,清水區,0,1,0,7,3,6,50,4,1,1,5,4,6,6,4,4,5,5,4,2,15,3,10,3,1,B03,7,9,1,8,2,1,,12,12,1,12,4,120.575572,24.269566,2
7198,66000,387130000C,(04)23274275,(04)23288582,2025,6,19,16,16,臺中市,太平區,0,1,0,7,3,6,40,13,9,1,5,4,6,6,4,4,5,5,5,2,12,3,10,3,1,B03,7,4,1,8,2,2,,1,1,1,12,4,120.714166,24.123682,2
7199,66000,387130000C,(04)23274275,(04)23288582,2025,6,19,16,18,臺中市,大肚區,0,0,0,7,,,50,,,,,,,,,,,,,,,,,,,B03,,,1,,2,,,7,7,1,12,4,120.578924,24.168802,3
7200,66000,387130000C,(04)23274275,(04)23288582,2025,6,19,16,19,臺中市,太平區,0,1,0,7,2,6,30,3,1,1,5,4,6,6,4,4,10,5,5,2,17,3,10,3,1,B03,7,5,1,7,2,8,,14,14,1,12,4,120.734305,24.147819,2
7201,66000,387130000C,(04)23274275,(04)23288582,2025,6,19,16,22,臺中市,北區,0,0,0,7,,,40,,,,,,,,,,,,,,17,,,,,B03,,,1,,1,,,8,8,1,13,4,120.668208,24.162618,4
7202,66000,387130000C,(04)23274275,(04)23288582,2025,6,19,16,24,臺中市,東區,0,0,0,7,,,50,,,,,,,,,,,,,,14,,,,,B02,,,1,,1,,,49,49,1,13,4,120.684153,24.131987,3
7203,66000,387130000C,(04)23274275,(04)23288582,2025,6,19,16,25,臺中市,南屯區,0,1,0,7,3,6,50,4,1,1,5,4,6,6,4,4,10,5,5,2,17,2,9,2,1,C03,7,9,1,10,2,12,,84,84,1,12,4,120.612315,24.137977,2
7204,66000,387130000C,(04)23274275,(04)23288582,2025,6,19,16,26,臺中市,清水區,0,1,0,7,3,6,30,3,1,1,5,4,6,6,4,4,9,5,5,2,16,3,10,3,1,B03,7,5,1,8,2,8,,13,13,1,12,4,120.542083,24.288051,2
7205,66000,387130000C,(04)23274275,(04)23288582,2025,6,19,16,27,臺中市,南屯區,0,2,0,7,2,6,50,13,9,1,5,4,6,6,4,4,10,5,5,2,3,2,7,6,5,H01,8,16,7,21,1,17,,95,95,1,13,5,120.610342,24.142867,2
7206,66000,387130000C,(04)23274275,(04)23288582,2025,6,19,16,28,臺中市,北屯區,0,1,0,7,2,6,50,4,1,1,5,4,6,6,4,4,10,5,5,2,17,2,9,1,1,F02,7,6,7,21,2,11,,14,14,1,12,4,120.702803,24.175958,2
7207,66000,387130000C,(04)23274275,(04)23288582,2025,6,19,16,30,臺中市,烏日區,0,0,0,7,,,60,,,,,,,,,,,,,,13,,,,,B03,,,1,,2,,,7,7,1,6,4,120.652225,24.090684,3
7208,66000,387130000C,(04)23274275,(04)23288582,2025,6,19,16,31,臺中市,西區,0,0,0,7,,,30,,,,,,,,,,,,,,,,,,,B12,,,1,,1,,,84,84,1,12,4,120.659348,24.147534,3
7209,66000,387130000C,(04)23274275,(04)23288582,2025,6,19,16,34,臺中市,北區,0,1,0,7,2,6,50,13,9,1,5,4,6,6,4,4,1,4,5,2,12,3,10,5,4,B03,7,9,1,8,9,2,,8,8,2,13,4,120.681625,24.163302,2
7210,66000,387130000C,(04)23274275,(04)23288582,2025,6,19,16,39,臺中市,大里區,0,0,0,7,,,50,,,,,,,,,,,,,,30,,,,,C03,,,1,,9,,,85,85,1,6,4,120.69688,24.090749,3
7211,66000,387130000C,(04)23274275,(04)23288582,2025,6,19,16,42,臺中市,豐原區,0,0,0,7,,,40,,,,,,,,,,,,,,13,,,,,B12,,,1,,1,,,58,58,1,13,4,120.734678,24.259817,3
7212,66000,387130000C,(04)23274275,(04)23288582,2025,6,19,16,43,臺中市,北區,0,0,0,7,,,60,,,,,,,,,,,,,,17,,,,,B03,,,1,,2,,,7,7,1,13,4,120.665639,24.154102,3
7213,66000,387130000C,(04)23274275,(04)23288582,2025,6,19,16,50,臺中市,大雅區,0,2,0,7,1,6,0,5,1,1,5,4,6,6,1,1,10,5,5,2,3,2,9,6,5,H01,8,20,7,21,10,17,,109,109,1,13,5,120.653433,24.225442,2
7214,66000,387130000C,(04)23274275,(04)23288582,2025,6,19,16,50,臺中市,西區,0,0,0,7,,,50,,,,,,,,,,,,,,,,,,,C03,,,1,,2,,,84,84,1,12,4,120.679507,24.137271,3
7215,66000,387130000C,(04)23274275,(04)23288582,2025,6,19,16,51,臺中市,北屯區,0,1,0,7,2,6,50,3,1,1,5,4,6,6,2,1,1,4,5,2,12,3,10,3,1,B03,7,5,1,8,2,2,,20,20,1,12,4,120.659985,24.192758,2
7216,66000,387130000C,(04)23274275,(04)23288582,2025,6,19,16,51,臺中市,西屯區,0,1,0,7,2,6,50,4,1,1,5,4,6,6,4,4,10,5,5,2,17,3,10,3,4,B03,7,11,1,8,2,2,,45,45,1,13,4,120.618036,24.162929,2
7217,66000,387130000C,(04)23274275,(04)23288582,2025,6,19,16,52,臺中市,南屯區,0,2,0,7,2,6,50,3,1,1,5,4,6,6,4,4,10,5,5,2,17,2,9,2,1,C03,7,6,1,10,2,14,,14,14,1,12,4,120.604139,24.136167,2
7218,66000,387130000C,(04)23274275,(04)23288582,2025,6,19,16,52,臺中市,西屯區,0,0,0,7,,,50,,,,,,,,,,,,,,13,,,,,B03,,,1,,1,,,58,58,1,13,4,120.667185,24.178179,3
7219,66000,387130000C,(04)23274275,(04)23288582,2025,6,19,16,52,臺中市,沙鹿區,0,1,0,7,2,6,50,4,2,1,5,4,6,6,1,1,3,3,3,1,17,3,10,5,4,B03,7,5,1,8,2,2,,11,11,1,13,4,120.562549,24.233504,2
7220,66000,387130000C,(04)23274275,(04)23288582,2025,6,19,16,53,臺中市,太平區,0,0,0,7,,,50,,,,,,,,,,,,,,13,,,,,C03,,,1,,2,,,7,7,1,6,4,120.732509,24.135277,3
7221,66000,387130000C,(04)23274275,(04)23288582,2025,6,19,16,56,臺中市,神岡區,0,0,0,7,,,50,,,,,,,,,,,,,,13,,,,,C03,,,1,,2,,,59,59,1,12,4,120.656422,24.258437,3
7222,66000,387130000C,(04)23274275,(04)23288582,2025,6,19,16,58,臺中市,龍井區,0,0,0,7,,,60,,,,,,,,,,,,,,,,,,,B03,,,1,,1,,,7,7,1,11,4,120.573422,24.185409,3
7223,66000,387130000C,(04)23274275,(04)23288582,2025,6,19,17,0,臺中市,大里區,0,0,0,7,,,50,,,,,,,,,,,,,,14,,,,,B03,,,1,,9,,,49,49,2,6,4,120.730037,24.090531,3
7224,66000,387130000C,(04)23274275,(04)23288582,2025,6,19,17,0,臺中市,沙鹿區,0,1,0,7,2,6,30,13,9,1,5,4,6,6,4,4,10,5,5,1,17,2,9,1,1,C03,7,4,1,9,2,12,,7,7,1,12,4,120.585734,24.220548,2
7225,66000,387130000C,(04)23274275,(04)23288582,2025,6,19,17,2,臺中市,新社區,0,0,0,7,,,50,,,,,,,,,,,,,,,,,,,B13,,,1,,1,,,50,50,1,12,4,120.806947,24.240658,3
7226,66000,387130000C,(04)23274275,(04)23288582,2025,6,19,17,3,臺中市,西屯區,0,1,0,7,1,6,50,13,9,1,5,4,6,6,4,4,9,5,5,2,13,2,9,1,1,C03,7,9,1,10,2,11,,7,7,1,12,4,120.610464,24.169792,2
7227,66000,387130000C,(04)23274275,(04)23288582,2025,6,19,17,3,臺中市,大里區,0,1,0,7,2,6,40,5,1,1,5,4,6,6,1,1,10,5,5,2,16,2,9,5,4,C03,7,9,1,10,2,11,,84,84,1,12,4,120.697117,24.08437,2
7228,66000,387130000C,(04)23274275,(04)23288582,2025,6,19,17,3,臺中市,大甲區,0,1,0,7,2,6,50,3,1,1,5,4,6,6,4,4,10,5,5,2,16,2,9,2,1,C03,7,9,1,10,2,12,,7,7,1,6,4,120.625048,24.339566,2
7229,66000,387130000C,(04)23274275,(04)23288582,2025,6,19,17,5,臺中市,南屯區,0,1,0,7,3,6,50,4,1,1,5,4,6,6,1,1,5,2,5,2,16,3,10,3,1,B03,7,6,1,8,2,1,,11,11,1,12,4,120.653003,24.136701,2
7230,66000,387130000C,(04)23274275,(04)23288582,2025,6,19,17,8,臺中市,太平區,0,0,0,7,2,6,80,10,9,1,5,4,6,6,4,4,2,3,5,2,13,3,10,3,1,B03,7,9,1,8,2,1,,84,84,1,6,4,120.714272,24.148696,3
7231,66000,387130000C,(04)23274275,(04)23288582,2025,6,19,17,9,臺中市,西屯區,0,0,0,7,,,50,,,,,,,,,,,,,,13,,,,,B03,,,1,,1,,,7,7,1,13,4,120.654869,24.164306,3
7232,66000,387130000C,(04)23274275,(04)23288582,2025,6,19,17,10,臺中市,南區,0,0,0,7,,,50,,,,,,,,,,,,,,17,,,,,B03,,,1,,1,,,84,84,1,12,4,120.670798,24.129409,3
7233,66000,387130000C,(04)23274275,(04)23288582,2025,6,19,17,10,臺中市,東區,0,0,0,7,,,40,,,,,,,,,,,,,,17,,,,,B03,,,1,,1,,,50,50,1,12,4,120.700269,24.130763,3
7234,66000,387130000C,(04)23274275,(04)23288582,2025,6,19,17,10,臺中市,太平區,0,0,0,7,,,50,,,,,,,,,,,,,,,,,,,B03,,,1,,2,,,51,51,1,12,4,120.719944,24.156937,3
7235,66000,387130000C,(04)23274275,(04)23288582,2025,6,19,17,12,臺中市,霧峰區,0,0,0,7,,,30,,,,,,,,,,,,,,17,,,,,A12,,,1,,9,,,8,8,1,6,4,120.683183,24.06563,3
7236,66000,387130000C,(04)23274275,(04)23288582,2025,6,19,17,12,臺中市,太平區,0,0,0,7,2,6,50,,,,,,,,,,,,,,,,,,,B03,,,1,,2,3,,49,49,2,12,4,120.713706,24.125827,3
7237,66000,387130000C,(04)23274275,(04)23288582,2025,6,19,17,12,臺中市,龍井區,0,1,0,7,3,6,50,4,1,1,5,4,6,6,1,1,10,5,5,2,15,3,10,3,1,B03,7,9,1,8,2,2,,21,21,1,6,4,120.52311,24.197105,2
7238,66000,387130000C,(04)23274275,(04)23288582,2025,6,19,17,13,臺中市,潭子區,0,0,0,7,,,50,,,,,,,,,,,,,,,,,,,C03,,,1,,2,,,48,48,1,12,4,120.717862,24.194668,3
7239,66000,387130000C,(04)23274275,(04)23288582,2025,6,19,17,14,臺中市,西屯區,0,1,0,7,2,6,0,13,23,1,5,4,6,6,4,4,10,5,5,2,17,2,8,5,4,C03,7,1,1,10,1,11,,82,82,1,13,4,120.654694,24.157264,2
7240,66000,387130000C,(04)23274275,(04)23288582,2025,6,19,17,18,臺中市,北屯區,0,0,0,7,,,50,,,,,,,,,,,,,,17,,,,,B03,,,1,,1,,,8,8,1,12,4,120.701622,24.1665,3
7241,66000,387130000C,(04)23274275,(04)23288582,2025,6,19,17,18,臺中市,大里區,0,0,0,7,2,6,50,13,9,1,5,4,6,6,4,4,5,5,5,1,13,,,,,B03,,,1,,1,,,59,59,1,6,4,120.718947,24.081847,3
7242,66000,387130000C,(04)23274275,(04)23288582,2025,6,19,17,18,臺中市,太平區,0,2,0,7,2,6,50,4,4,1,5,4,6,6,1,1,9,5,4,2,13,2,8,1,1,C03,7,9,1,10,2,11,,7,7,1,6,4,120.715375,24.119635,2
7243,66000,387130000C,(04)23274275,(04)23288582,2025,6,19,17,19,臺中市,潭子區,0,1,0,7,2,6,50,4,2,1,5,4,6,6,4,4,5,4,5,1,13,2,8,2,1,C03,7,9,1,10,2,11,,7,7,1,13,4,120.70072,24.216528,2
7244,66000,387130000C,(04)23274275,(04)23288582,2025,6,19,17,19,臺中市,西區,0,1,0,7,2,6,40,13,7,1,5,4,6,6,4,4,9,4,4,2,17,3,10,1,1,C03,7,8,1,10,2,13,,43,43,1,12,4,120.665412,24.147577,2
7245,66000,387130000C,(04)23274275,(04)23288582,2025,6,19,17,20,臺中市,大雅區,0,0,0,7,,,50,,,,,,,,,,,,,,,,,,,B03,,,1,,2,,,7,7,1,13,4,120.646788,24.212836,3
7246,66000,387130000C,(04)23274275,(04)23288582,2025,6,19,17,20,臺中市,大甲區,0,0,0,7,,,50,,,,,,,,,,,,,,,,,,,B03,,,1,,1,,,59,59,1,6,4,120.644358,24.405121,3
7247,66000,387130000C,(04)23274275,(04)23288582,2025,6,19,17,23,臺中市,北區,0,1,0,7,2,6,50,3,1,1,5,4,6,6,2,1,10,5,5,2,17,3,10,3,1,B03,7,1,1,8,2,8,,51,51,1,13,4,120.69901,24.156105,2
7248,66000,387130000C,(04)23274275,(04)23288582,2025,6,19,17,26,臺中市,豐原區,0,3,0,7,2,6,50,3,1,1,5,4,6,6,2,1,5,5,4,2,13,2,9,2,1,C03,7,9,1,10,2,11,,7,7,1,13,4,120.714744,24.245927,2
7249,66000,387130000C,(04)23274275,(04)23288582,2025,6,19,17,27,臺中市,北屯區,0,0,0,7,,,,,,,,,,,,,,,,,,,,,,,,,,,,,,119,119,1,,,120.690201,24.177012,4
7250,66000,387130000C,(04)23274275,(04)23288582,2025,6,19,17,27,臺中市,北屯區,0,1,0,7,1,6,50,4,2,1,5,4,6,6,4,4,3,4,5,2,13,2,9,1,1,C03,7,9,1,10,2,11,,84,84,1,13,4,120.692794,24.162343,2
7251,66000,387130000C,(04)23274275,(04)23288582,2025,6,19,17,27,臺中市,大里區,0,0,0,7,,,40,,,,,,,,,,,,,,,,,,,B03,,,1,,2,,,49,49,1,12,4,120.695136,24.112313,3
7252,66000,387130000C,(04)23274275,(04)23288582,2025,6,19,17,28,臺中市,霧峰區,0,2,0,7,2,6,50,5,1,1,5,4,6,5,1,1,5,5,5,2,16,3,10,5,4,B03,7,6,1,8,2,5,,23,23,1,12,4,120.693001,24.073002,2
7253,66000,387130000C,(04)23274275,(04)23288582,2025,6,19,17,30,臺中市,南區,0,0,0,7,,,40,,,,,,,,,,,,,,17,,,,,B03,,,1,,2,,,51,51,1,12,4,120.682047,24.122539,3
7254,66000,387130000C,(04)23274275,(04)23288582,2025,6,19,17,30,臺中市,西屯區,0,0,0,6,3,6,50,13,9,1,5,4,6,6,1,1,1,4,5,2,13,,,,,B03,,,1,,1,,,59,59,1,12,4,120.660283,24.171668,3
7255,66000,387130000C,(04)23274275,(04)23288582,2025,6,19,17,30,臺中市,西屯區,0,0,0,7,,,30,,,,,,,,,,,,,,15,,,,,B03,,,1,,1,,,14,14,1,12,4,120.617242,24.187386,3
7256,66000,387130000C,(04)23274275,(04)23288582,2025,6,19,17,31,臺中市,大里區,0,0,0,7,,,40,,,,,,,,,,,,,,17,,,,,B03,,,1,,1,,,84,84,1,12,4,120.688038,24.105829,3
7257,66000,387130000C,(04)23274275,(04)23288582,2025,6,19,17,33,臺中市,北區,0,1,0,7,2,6,40,4,1,1,5,4,6,6,1,1,10,5,5,2,13,2,9,5,4,C03,7,5,3,19,2,11,,7,7,1,13,4,120.675729,24.171679,2
7258,66000,387130000C,(04)23274275,(04)23288582,2025,6,19,17,34,臺中市,大里區,0,0,0,7,,,50,,,,,,,,,,,,,,17,,,,,B03,,,1,,2,,,8,8,1,13,4,120.684421,24.11538,3
7259,66000,387130000C,(04)23274275,(04)23288582,2025,6,19,17,35,臺中市,西區,0,1,0,7,2,6,50,4,1,1,5,4,6,6,1,1,10,5,5,2,13,3,10,3,1,B03,7,9,1,8,2,5,,7,7,1,13,4,120.674274,24.140152,2
7260,66000,387130000C,(04)23274275,(04)23288582,2025,6,19,17,35,臺中市,北區,0,0,0,7,,,50,,,,,,,,,,,,,,17,,,,,B12,,,5,,2,,,8,8,1,13,4,120.690442,24.158651,3
7261,66000,387130000C,(04)23274275,(04)23288582,2025,6,19,17,37,臺中市,東勢區,0,1,0,7,2,6,50,13,9,1,5,4,6,6,1,1,4,3,4,1,13,2,8,5,4,C03,7,9,1,10,2,11,,7,7,1,12,4,120.824458,24.258016,2
7262,66000,387130000C,(04)23274275,(04)23288582,2025,6,19,17,39,臺中市,沙鹿區,0,1,0,7,2,6,50,13,9,1,5,4,6,6,4,4,8,3,5,1,17,3,10,5,4,B03,7,1,1,8,2,4,,51,51,1,13,4,120.567679,24.202684,2
7263,66000,387130000C,(04)23274275,(04)23288582,2025,6,19,17,41,臺中市,東區,0,0,0,7,,,50,,,,,,,,,,,,,,17,,,,,B12,,,5,,1,,,84,84,1,12,4,120.699518,24.149535,3
7264,66000,387130000C,(04)23274275,(04)23288582,2025,6,19,17,42,臺中市,南屯區,0,0,0,7,,,50,,,,,,,,,,,,,,17,,,,,B03,,,1,,3,,,1,1,1,12,4,120.610345,24.134313,3
7265,66000,387130000C,(04)23274275,(04)23288582,2025,6,19,17,45,臺中市,東區,0,0,0,7,,,50,,,,,,,,,,,,,,13,,,,,B03,,,1,,1,,,84,84,1,13,4,120.689716,24.132727,3
7266,66000,387130000C,(04)23274275,(04)23288582,2025,6,19,17,46,臺中市,東區,0,1,0,7,2,6,50,4,1,1,5,4,6,6,1,1,10,5,5,2,16,3,10,3,1,B03,7,5,1,8,2,2,,11,11,1,13,4,120.699234,24.129659,2
7267,66000,387130000C,(04)23274275,(04)23288582,2025,6,19,17,47,臺中市,潭子區,0,1,0,7,2,6,50,13,7,1,5,4,6,6,4,4,5,5,4,2,12,3,10,2,1,C03,7,9,1,10,2,11,,8,8,1,13,4,120.702247,24.197013,2
7268,66000,387130000C,(04)23274275,(04)23288582,2025,6,19,17,52,臺中市,北屯區,0,0,0,7,,,50,,,,,,,,,,,,,,15,,,,,C03,,,1,,1,,,12,12,1,5,4,120.679428,24.181803,3
7269,66000,387130000C,(04)23274275,(04)23288582,2025,6,19,17,53,臺中市,北區,0,2,0,7,2,6,50,4,1,1,5,4,6,6,2,1,10,4,5,2,13,2,9,1,1,C03,7,9,1,10,2,11,,59,59,1,13,4,120.674056,24.16524,2
7270,66000,387130000C,(04)23274275,(04)23288582,2025,6,19,17,53,臺中市,南屯區,0,1,0,7,2,6,50,4,1,1,5,4,6,6,1,1,10,5,5,2,3,3,10,3,1,B03,7,6,1,8,2,8,,10,10,1,13,4,120.628518,24.115797,2
7271,66000,387130000C,(04)23274275,(04)23288582,2025,6,19,17,55,臺中市,潭子區,0,2,0,7,3,6,50,13,9,1,5,4,6,6,4,4,1,4,5,2,17,2,9,2,1,C03,7,7,1,10,2,12,,84,84,1,13,4,120.700281,24.201025,2
7272,66000,387130000C,(04)23274275,(04)23288582,2025,6,19,17,59,臺中市,中區,0,1,0,7,2,6,50,4,4,1,5,4,6,6,2,1,5,2,5,2,13,3,10,2,1,C03,7,9,1,10,2,11,,84,84,1,12,4,120.685322,24.142574,2
7273,66000,387130000C,(04)23274275,(04)23288582,2025,6,19,17,59,臺中市,東勢區,0,1,0,7,3,6,60,13,8,1,5,4,3,6,4,4,3,2,4,1,18,2,9,5,4,C03,7,9,1,10,2,12,,59,59,1,12,4,120.827199,24.251126,2
7274,66000,387130000C,(04)23274275,(04)23288582,2025,6,19,18,0,臺中市,南區,0,0,0,7,,,50,,,,,,,,,,,,,,13,,,,,B03,,,1,,1,,,84,84,1,12,4,120.656858,24.124061,3
7275,66000,387130000C,(04)23274275,(04)23288582,2025,6,19,18,1,臺中市,北區,0,0,0,7,,,50,,,,,,,,,,,,,,13,,,,,C03,,,3,,1,,,5,5,1,13,4,120.678833,24.152067,3
7276,66000,387130000C,(04)23274275,(04)23288582,2025,6,19,18,2,臺中市,大雅區,0,0,0,7,1,6,30,13,9,1,5,4,6,6,4,4,10,5,5,2,17,,,,,B03,,,1,,2,,,50,50,1,13,4,120.668623,24.233253,3
7277,66000,387130000C,(04)23274275,(04)23288582,2025,6,19,18,3,臺中市,北屯區,0,0,0,7,,,50,,,,,,,,,,,,,,13,,,,,B02,,,1,,1,,,59,59,1,12,4,120.730219,24.174284,4
7278,66000,387130000C,(04)23274275,(04)23288582,2025,6,19,18,6,臺中市,北區,0,1,0,7,2,6,50,4,1,1,5,4,6,6,1,1,10,5,5,2,16,3,10,5,4,B03,7,5,1,8,2,2,,47,47,1,13,4,120.685759,24.153267,2
7279,66000,387130000C,(04)23274275,(04)23288582,2025,6,19,18,6,臺中市,北屯區,0,1,0,7,2,6,50,13,9,1,5,4,6,6,4,4,1,4,5,2,16,3,10,3,1,B03,7,5,1,8,2,5,,84,84,1,6,4,120.680556,24.17268,2
7280,66000,387130000C,(04)23274275,(04)23288582,2025,6,19,18,7,臺中市,烏日區,0,2,0,7,2,6,50,4,1,1,5,4,6,6,1,1,5,4,5,1,16,3,10,1,1,C03,7,6,1,10,2,11,,23,23,1,6,4,120.643892,24.083485,2
7281,66000,387130000C,(04)23274275,(04)23288582,2025,6,19,18,8,臺中市,東區,0,0,0,7,,,50,,,,,,,,,,,,,,13,,,,,B03,,,1,,1,,,84,84,1,12,4,120.697502,24.145308,3
7282,66000,387130000C,(04)23274275,(04)23288582,2025,6,19,18,10,臺中市,大雅區,0,0,0,7,,,50,,,,,,,,,,,,,,,,,,,C03,,,1,,2,,,7,7,1,12,4,120.631004,24.228087,3
7283,66000,387130000C,(04)23274275,(04)23288582,2025,6,19,18,11,臺中市,北區,0,1,0,7,2,6,50,4,1,1,5,4,6,6,1,1,10,5,5,2,16,2,7,5,4,C03,7,15,1,10,2,12,,39,39,1,13,4,120.667018,24.155147,2
7284,66000,387130000C,(04)23274275,(04)23288582,2025,6,19,18,11,臺中市,南屯區,0,0,0,7,,,50,,,,,,,,,,,,,,12,,,,,B03,,,1,,11,,,8,8,1,12,4,120.616593,24.151935,3
7285,66000,387130000C,(04)23274275,(04)23288582,2025,6,19,18,11,臺中市,新社區,0,1,0,7,2,6,50,13,9,1,5,4,6,6,4,4,4,3,5,1,12,2,7,5,4,C03,7,9,1,10,1,11,,7,7,1,12,4,120.808889,24.2413,2
7286,66000,387130000C,(04)23274275,(04)23288582,2025,6,19,18,20,臺中市,沙鹿區,0,0,0,7,2,6,60,12,7,1,5,4,6,6,1,1,1,3,1,2,13,,,,,B03,,,1,,2,,,7,7,1,12,4,120.567467,24.203558,3
7287,66000,387130000C,(04)23274275,(04)23288582,2025,6,19,18,20,臺中市,大甲區,0,0,0,7,,,50,,,,,,,,,,,,,,,,,,,C03,,,1,,2,,,7,7,1,6,4,120.621045,24.351494,3
7288,66000,387130000C,(04)23274275,(04)23288582,2025,6,19,18,22,臺中市,梧棲區,0,0,0,7,,,70,,,,,,,,,,,,,,13,,,,,B03,,,1,,1,,,7,7,1,6,4,120.545059,24.226991,3
7289,66000,387130000C,(04)23274275,(04)23288582,2025,6,19,18,25,臺中市,大肚區,0,1,0,7,2,6,30,3,1,1,5,4,6,6,4,4,10,5,5,2,16,2,8,4,1,C03,7,6,1,10,2,11,,14,14,1,6,4,120.544945,24.12663,2
7290,66000,387130000C,(04)23274275,(04)23288582,2025,6,19,18,29,臺中市,東區,0,0,0,7,,,50,,,,,,,,,,,,,,10,,,,,B03,,,3,,1,,,39,39,1,13,4,120.699238,24.145802,3
7291,66000,387130000C,(04)23274275,(04)23288582,2025,6,19,18,30,臺中市,豐原區,0,2,0,7,2,6,50,4,1,1,5,4,6,6,3,1,10,5,5,2,15,2,9,1,1,C03,7,9,1,10,9,13,,24,24,1,12,4,120.727114,24.256997,2
7292,66000,387130000C,(04)23274275,(04)23288582,2025,6,19,18,34,臺中市,豐原區,0,1,0,7,2,6,50,4,1,1,5,4,6,6,2,1,1,2,5,1,12,3,10,3,1,B12,7,5,1,8,2,2,,38,38,1,12,4,120.70335,24.251549,2
7293,66000,387130000C,(04)23274275,(04)23288582,2025,6,19,18,37,臺中市,中區,0,0,0,7,,,50,,,,,,,,,,,,,,17,,,,,B01,,,1,,2,,,84,84,1,12,4,120.680853,24.139791,3
7294,66000,387130000C,(04)23274275,(04)23288582,2025,6,19,18,38,臺中市,南屯區,0,0,0,7,,,50,,,,,,,,,,,,,,,,,,,B03,,,1,,9,,,49,49,1,6,4,120.649633,24.144368,3
7295,66000,387130000C,(04)23274275,(04)23288582,2025,6,19,18,38,臺中市,北屯區,0,1,0,7,2,6,50,13,9,1,5,4,6,6,4,4,1,4,5,2,18,2,9,1,1,C03,7,12,1,10,2,12,,82,82,1,6,4,120.706798,24.182161,2
7296,66000,387130000C,(04)23274275,(04)23288582,2025,6,19,18,39,臺中市,東區,0,1,0,7,1,6,50,4,2,1,5,4,6,6,1,1,5,2,5,2,3,2,9,6,5,H01,8,18,7,21,2,17,,95,95,1,13,5,120.69559,24.144728,2
7297,66000,387130000C,(04)23274275,(04)23288582,2025,6,19,18,40,臺中市,潭子區,0,1,0,6,1,6,50,4,1,1,5,4,6,6,1,1,1,4,5,2,17,3,10,3,1,B03,7,6,1,8,2,1,,59,59,1,13,4,120.70358,24.201031,2
7298,66000,387130000C,(04)23274275,(04)23288582,2025,6,19,18,41,臺中市,北屯區,0,2,0,7,1,6,50,13,9,1,5,4,6,6,4,4,10,4,5,2,17,2,8,6,1,F01,7,1,7,21,2,11,,51,51,1,13,4,120.680468,24.173471,2
7299,66000,387130000C,(04)23274275,(04)23288582,2025,6,19,18,42,臺中市,南區,0,0,0,7,,,50,,,,,,,,,,,,,,17,,,,,C03,,,1,,1,,,1,1,1,12,4,120.681976,24.129591,3
7300,66000,387130000C,(04)23274275,(04)23288582,2025,6,19,18,42,臺中市,大里區,0,1,0,7,1,6,50,4,2,1,5,4,6,6,1,1,10,5,5,1,16,2,9,1,1,C03,7,9,1,10,2,11,,84,84,1,12,4,120.679014,24.109352,2
7301,66000,387130000C,(04)23274275,(04)23288582,2025,6,19,18,42,臺中市,沙鹿區,0,0,0,7,,,50,,,,,,,,,,,,,,,,,,,B03,,,1,,1,,,59,59,1,12,4,120.56485,24.24056,3
7302,66000,387130000C,(04)23274275,(04)23288582,2025,6,19,18,48,臺中市,西區,0,0,0,7,,,50,,,,,,,,,,,,,,12,,,,,C03,,,1,,9,,,8,8,1,12,4,120.675422,24.133556,3
7303,66000,387130000C,(04)23274275,(04)23288582,2025,6,19,18,55,臺中市,南屯區,0,0,0,7,,,50,,,,,,,,,,,,,,13,,,,,B03,,,5,,1,,,49,49,1,12,4,120.616124,24.15251,3