序號,縣市別代碼,機關代碼,市話,傳真,年,月,日,時,分,縣市,區,死亡數量,受傷數量,2-30,天候,道路照明設備,道路類別,道路速限,道路型態,事故位置,路面鋪裝,路面狀態,路面缺陷,障礙物,視距,號誌種類,號誌動作,分向設施,快車道或一般車道間,快慢車道間,路面邊線,事故類型及型態,受傷程度,主要傷處,保護裝備,行動電話或功能裝置,當事者區分(類別),車輛用途,當事者行動狀態,駕照狀態,駕照種類,飲酒情形,車輛撞擊部位最初,車輛撞擊部位其他,肇事因素個別,肇事因素主要,肇事逃逸,職業,共享經濟或外送平台,GPS座標X,GPS座標Y,事故類別
7304,66000,387130000C,(04)23274275,(04)23288582,2025,6,19,18,59,臺中市,太平區,0,0,0,7,1,6,50,,,,,,,,,,,,,,,,,,,B03,,,1,,2,5,,56,56,1,12,4,120.733623,24.155391,3
7305,66000,387130000C,(04)23274275,(04)23288582,2025,6,19,19,2,臺中市,西屯區,0,0,0,7,,,30,,,,,,,,,,,,,,14,,,,,B03,,,1,,1,,,49,49,1,13,4,120.612538,24.185198,3
7306,66000,387130000C,(04)23274275,(04)23288582,2025,6,19,19,2,臺中市,大里區,0,0,0,7,1,6,50,3,,1,5,4,6,6,1,1,5,4,5,1,3,3,10,5,4,A12,7,6,1,5,2,8,,10,10,1,13,4,120.699721,24.105786,3
7307,66000,387130000C,(04)23274275,(04)23288582,2025,6,19,19,6,臺中市,西屯區,0,0,0,7,,,50,,,,,,,,,,,,,,13,,,,,B03,,,3,,2,,,59,59,1,13,4,120.65312,24.166591,3
7308,66000,387130000C,(04)23274275,(04)23288582,2025,6,19,19,7,臺中市,太平區,0,1,0,7,1,6,50,4,1,1,5,4,6,6,1,1,5,5,5,2,17,2,8,2,1,C03,7,9,1,10,2,14,,84,84,1,12,4,120.726627,24.152231,2
7309,66000,387130000C,(04)23274275,(04)23288582,2025,6,19,19,13,臺中市,西區,0,0,0,7,1,6,40,4,2,1,5,4,6,6,1,1,3,4,4,2,30,,,,,B03,,,1,,1,,,87,87,1,13,4,120.657376,24.147777,3
7310,66000,387130000C,(04)23274275,(04)23288582,2025,6,19,19,19,臺中市,西區,0,1,0,7,1,6,50,4,1,1,5,4,6,6,1,1,5,4,5,2,15,2,7,6,1,F01,7,9,7,21,2,11,,21,21,1,12,4,120.661701,24.149017,2
7311,66000,387130000C,(04)23274275,(04)23288582,2025,6,19,19,20,臺中市,大里區,0,0,0,7,,,50,,,,,,,,,,,,,,,,,,,C03,,,1,,2,,,8,8,1,12,4,120.700494,24.108824,3
7312,66000,387130000C,(04)23274275,(04)23288582,2025,6,19,19,24,臺中市,北屯區,0,1,0,7,1,6,50,4,1,1,5,4,6,6,1,1,10,5,5,2,18,2,9,1,1,C03,7,9,1,10,2,12,,5,5,1,12,4,120.698333,24.172948,2
7313,66000,387130000C,(04)23274275,(04)23288582,2025,6,19,19,34,臺中市,太平區,0,1,0,7,1,6,40,3,2,1,5,4,6,6,4,4,5,5,5,2,13,3,10,3,1,B03,7,9,1,8,2,8,,84,84,1,12,4,120.701195,24.11243,2
7314,66000,387130000C,(04)23274275,(04)23288582,2025,6,19,19,35,臺中市,南屯區,0,0,0,7,1,6,50,13,9,1,5,4,6,6,1,1,3,4,5,2,13,,,,,B03,,,1,,1,,,84,84,1,12,4,120.636942,24.153392,3
7315,66000,387130000C,(04)23274275,(04)23288582,2025,6,19,19,37,臺中市,西屯區,0,0,0,7,,,50,,,,,,,,,,,,,,14,,,,,B03,,,1,,1,,,49,49,1,13,4,120.644801,24.184433,3
7316,66000,387130000C,(04)23274275,(04)23288582,2025,6,19,19,37,臺中市,太平區,0,1,0,7,1,6,40,3,1,1,5,4,6,6,1,1,10,5,5,2,18,2,9,5,4,F01,7,9,7,21,1,14,,84,84,1,12,4,120.712652,24.149874,2
7317,66000,387130000C,(04)23274275,(04)23288582,2025,6,19,19,39,臺中市,神岡區,0,2,0,7,1,6,50,13,9,1,5,4,6,6,4,4,5,5,5,1,16,2,7,5,4,B03,7,1,1,8,2,4,,39,39,1,12,4,120.679474,24.239536,2
7318,66000,387130000C,(04)23274275,(04)23288582,2025,6,19,19,45,臺中市,大雅區,0,0,0,7,,,70,,,,,,,,,,,,,,,,,,,B03,,,1,,1,,,7,7,1,12,4,120.64282,24.228236,3
7319,66000,387130000C,(04)23274275,(04)23288582,2025,6,19,19,47,臺中市,北屯區,0,1,0,7,1,6,30,11,9,1,5,4,6,6,4,4,10,5,5,1,18,3,10,2,1,C03,7,9,1,10,2,14,,85,85,1,12,4,120.712076,24.185152,2
7320,66000,387130000C,(04)23274275,(04)23288582,2025,6,19,19,47,臺中市,后里區,0,0,0,7,1,6,40,3,2,1,5,4,3,6,4,4,9,5,5,1,16,3,10,3,1,B03,7,6,1,8,2,5,,12,12,1,6,4,120.717999,24.310348,3
7321,66000,387130000C,(04)23274275,(04)23288582,2025,6,19,19,50,臺中市,沙鹿區,0,2,0,6,1,6,50,13,9,1,5,4,6,6,4,4,8,3,5,1,17,2,9,5,4,C02,7,9,1,9,2,11,,85,85,1,13,4,120.572282,24.242507,2
7322,66000,387130000C,(04)23274275,(04)23288582,2025,6,19,19,54,臺中市,神岡區,0,0,0,6,,,50,,,,,,,,,,,,,,13,,,,,B03,,,1,,2,,,84,84,1,12,4,120.678958,24.249436,3
7323,66000,387130000C,(04)23274275,(04)23288582,2025,6,19,19,55,臺中市,大里區,0,0,0,7,1,6,50,3,1,1,5,4,6,6,4,4,1,5,5,1,13,,,,,B03,,,1,,2,,,59,59,1,6,4,120.728333,24.091431,3
7324,66000,387130000C,(04)23274275,(04)23288582,2025,6,19,19,55,臺中市,烏日區,0,0,0,7,1,6,60,13,7,1,5,4,6,6,1,1,1,4,4,1,13,3,10,3,1,B03,7,9,1,8,1,1,,7,7,1,6,4,120.611197,24.10757,3
7325,66000,387130000C,(04)23274275,(04)23288582,2025,6,19,19,57,臺中市,霧峰區,1,0,0,7,1,6,30,13,9,1,5,4,1,6,4,4,9,5,5,1,10,1,9,4,4,C03,7,9,5,19,9,11,,84,84,1,12,4,120.680348,24.018227,1
7326,66000,387130000C,(04)23274275,(04)23288582,2025,6,19,19,58,臺中市,清水區,0,0,0,7,,,50,,,,,,,,,,,,,,,,,,,A02,,,1,,2,,,50,50,1,12,4,120.575788,24.270449,3
7327,66000,387130000C,(04)23274275,(04)23288582,2025,6,19,19,59,臺中市,南屯區,0,0,0,7,,,50,,,,,,,,,,,,,,,,,,,B03,,,1,,1,,,35,35,1,13,4,120.640718,24.151105,3
7328,66000,387130000C,(04)23274275,(04)23288582,2025,6,19,20,3,臺中市,西區,0,0,0,7,,,50,,,,,,,,,,,,,,,,,,,B03,,,1,,9,,,76,76,1,6,4,120.659056,24.153318,3
7329,66000,387130000C,(04)23274275,(04)23288582,2025,6,19,20,16,臺中市,西屯區,0,0,0,7,,,50,,,,,,,,,,,,,,12,,,,,A02,,,1,,1,,,8,8,1,13,4,120.645096,24.178816,3
7330,66000,387130000C,(04)23274275,(04)23288582,2025,6,19,20,22,臺中市,西區,0,1,0,7,1,6,50,4,1,1,5,4,6,6,1,1,10,5,5,2,16,3,10,5,4,B03,7,5,1,8,1,2,,47,47,1,13,4,120.657257,24.150851,2
7331,66000,387130000C,(04)23274275,(04)23288582,2025,6,19,20,24,臺中市,南區,0,1,0,7,1,6,50,3,1,1,5,4,6,6,4,4,10,5,5,2,16,3,10,5,4,B03,7,6,1,8,2,8,,84,84,1,12,4,120.660508,24.115492,2
7332,66000,387130000C,(04)23274275,(04)23288582,2025,6,19,20,30,臺中市,西屯區,0,1,0,7,1,6,50,4,1,1,5,4,6,6,1,1,10,5,5,2,16,3,10,3,1,B03,7,6,1,8,2,1,,11,11,1,12,4,120.606877,24.193803,2
7333,66000,387130000C,(04)23274275,(04)23288582,2025,6,19,20,33,臺中市,豐原區,0,0,0,7,,,50,,,,,,,,,,,,,,17,,,,,B03,,,1,,2,,,84,84,1,12,4,120.71203,24.255293,3
7334,66000,387130000C,(04)23274275,(04)23288582,2025,6,19,20,34,臺中市,西屯區,0,0,0,7,1,6,50,13,9,1,5,4,6,6,4,4,5,4,5,2,14,,,,,B03,,,1,,1,,,49,49,1,12,4,120.636874,24.165388,3
7335,66000,387130000C,(04)23274275,(04)23288582,2025,6,19,20,35,臺中市,北屯區,0,1,0,7,2,6,60,13,9,1,5,4,6,6,4,4,1,4,5,2,13,3,10,3,1,B03,7,9,1,8,2,5,,84,84,1,12,4,120.722014,24.162491,2
7336,66000,387130000C,(04)23274275,(04)23288582,2025,6,19,20,37,臺中市,龍井區,0,2,0,7,1,6,50,4,1,1,5,4,6,6,4,4,10,5,5,2,30,2,8,1,1,C03,7,9,1,10,2,11,,20,20,1,6,4,120.545495,24.201861,2
7337,66000,387130000C,(04)23274275,(04)23288582,2025,6,19,20,40,臺中市,大肚區,0,2,0,7,1,6,50,4,1,1,5,4,6,6,4,4,10,5,5,2,15,2,9,5,4,C03,7,9,1,10,2,15,,15,15,1,12,4,120.576934,24.174567,2
7338,66000,387130000C,(04)23274275,(04)23288582,2025,6,19,20,40,臺中市,清水區,0,0,0,7,,,50,,,,,,,,,,,,,,,,,,,B03,,,1,,1,,,58,58,1,12,4,120.549436,24.267749,3
7339,66000,387130000C,(04)23274275,(04)23288582,2025,6,19,20,45,臺中市,東區,0,2,0,7,1,6,50,13,9,1,5,4,6,6,4,4,1,4,5,2,13,3,10,2,1,C03,7,9,1,10,1,11,,84,84,1,13,4,120.696618,24.133741,2
7340,66000,387130000C,(04)23274275,(04)23288582,2025,6,19,20,48,臺中市,龍井區,0,1,0,7,1,6,50,13,9,1,5,4,6,6,4,4,5,5,5,1,30,2,9,5,4,C03,7,15,1,10,2,11,,82,82,1,12,4,120.590078,24.181049,2
7341,66000,387130000C,(04)23274275,(04)23288582,2025,6,19,20,50,臺中市,霧峰區,0,0,0,7,1,6,60,13,9,1,5,4,6,6,4,4,1,4,5,1,13,,,,,B03,,,1,,1,,,59,59,1,6,4,120.696007,24.065177,3
7342,66000,387130000C,(04)23274275,(04)23288582,2025,6,19,20,56,臺中市,北區,0,2,0,7,1,6,50,13,8,1,5,4,6,6,4,4,1,4,4,2,13,2,9,1,1,C03,7,9,1,9,2,11,,7,7,1,13,4,120.673287,24.167395,2
7343,66000,387130000C,(04)23274275,(04)23288582,2025,6,19,20,58,臺中市,西屯區,0,0,0,7,,,0,,,,,,,,,,,,,,14,,,,,B03,,,1,,1,,,49,49,1,13,4,120.624316,24.194298,3
7344,66000,387130000C,(04)23274275,(04)23288582,2025,6,19,21,0,臺中市,沙鹿區,0,0,0,7,1,6,60,13,7,1,5,4,6,6,1,1,1,3,1,2,12,,,,,B02,,,1,,2,,,40,40,1,12,4,120.564691,24.23969,3
7345,66000,387130000C,(04)23274275,(04)23288582,2025,6,19,21,3,臺中市,太平區,0,1,0,7,1,6,50,3,2,1,5,4,6,6,4,4,5,2,4,1,12,2,9,1,1,C03,7,4,1,10,2,11,,58,58,1,12,4,120.717651,24.148667,2
7346,66000,387130000C,(04)23274275,(04)23288582,2025,6,19,21,8,臺中市,南屯區,0,0,0,7,1,6,50,13,9,1,5,4,6,6,4,4,10,5,5,2,14,,,,,B03,,,1,,2,,,49,49,1,12,4,120.640341,24.137758,3
7347,66000,387130000C,(04)23274275,(04)23288582,2025,6,19,21,15,臺中市,沙鹿區,0,0,0,7,1,6,40,13,8,1,5,4,6,6,1,1,4,3,4,2,12,,,,,C01,,,1,,2,,,47,47,1,12,4,120.558732,24.235018,3
7348,66000,387130000C,(04)23274275,(04)23288582,2025,6,19,21,24,臺中市,東區,0,1,0,7,1,6,50,4,1,1,5,4,6,6,1,1,5,2,4,2,17,3,10,3,1,B12,7,5,1,8,2,6,,87,87,1,13,4,120.705368,24.137614,2
7349,66000,387130000C,(04)23274275,(04)23288582,2025,6,19,21,27,臺中市,豐原區,0,0,0,7,,,50,,,,,,,,,,,,,,30,,,,,B03,,,1,,2,,,84,84,1,13,4,120.72671,24.25909,3
7350,66000,387130000C,(04)23274275,(04)23288582,2025,6,19,21,47,臺中市,豐原區,0,2,0,7,1,6,50,5,1,1,5,4,6,6,1,1,1,5,5,2,16,3,10,5,4,B03,7,6,1,8,6,2,,25,25,1,13,4,120.722399,24.277807,2
7351,66000,387130000C,(04)23274275,(04)23288582,2025,6,19,21,50,臺中市,南屯區,0,2,0,7,1,6,50,4,1,1,5,4,6,6,2,1,5,5,5,2,16,2,9,2,1,C03,7,6,1,10,2,12,,11,11,1,12,4,120.643965,24.134737,2
7352,66000,387130000C,(04)23274275,(04)23288582,2025,6,19,22,0,臺中市,東區,0,0,0,7,,,50,,,,,,,,,,,,,,13,,,,,B03,,,1,,1,,,84,84,1,12,4,120.69271,24.132554,3
7353,66000,387130000C,(04)23274275,(04)23288582,2025,6,19,22,2,臺中市,龍井區,0,3,0,6,1,6,50,4,1,1,5,4,6,6,1,1,10,5,5,2,15,2,9,1,1,C03,7,9,1,10,2,11,,21,21,1,6,4,120.587638,24.192161,2
7354,66000,387130000C,(04)23274275,(04)23288582,2025,6,19,22,4,臺中市,東區,0,0,0,7,,,50,,,,,,,,,,,,,,12,,,,,B03,,,1,,1,,,40,40,1,12,4,120.698033,24.147964,3
7355,66000,387130000C,(04)23274275,(04)23288582,2025,6,19,22,9,臺中市,太平區,0,0,0,7,,,30,,,,,,,,,,,,,,25,,,,,B02,,,1,,2,,,49,49,1,13,4,120.735592,24.144866,3
7356,66000,387130000C,(04)23274275,(04)23288582,2025,6,19,22,19,臺中市,北屯區,0,1,0,7,1,6,50,13,7,1,5,4,6,6,4,4,1,4,4,2,13,2,9,1,1,C03,7,9,1,10,2,11,,84,84,1,6,4,120.686174,24.180672,2
7357,66000,387130000C,(04)23274275,(04)23288582,2025,6,19,22,21,臺中市,龍井區,0,2,0,7,1,6,50,4,1,1,5,4,6,6,1,1,10,5,5,2,18,2,9,1,1,C03,7,6,2,19,2,14,,59,59,1,4,4,120.549603,24.213486,2
7358,66000,387130000C,(04)23274275,(04)23288582,2025,6,19,22,43,臺中市,北屯區,0,0,0,7,,,50,,,,,,,,,,,,,,17,,,,,B03,,,1,,2,,,84,84,1,12,4,120.719475,24.163003,3
7359,66000,387130000C,(04)23274275,(04)23288582,2025,6,19,22,55,臺中市,沙鹿區,0,0,0,7,1,6,60,4,7,1,5,4,6,6,1,1,1,3,4,1,12,,,,,B03,,,1,,2,,,47,47,1,12,4,120.597431,24.250101,3
7360,66000,387130000C,(04)23274275,(04)23288582,2025,6,19,23,5,臺中市,北區,0,2,0,7,1,6,50,3,1,1,5,4,6,6,1,1,5,4,5,2,23,2,9,5,1,B01,7,6,1,4,2,8,,59,59,1,13,4,120.680976,24.163174,2
7361,66000,387130000C,(04)23274275,(04)23288582,2025,6,19,23,14,臺中市,西區,0,1,0,7,1,6,50,5,1,1,5,4,6,6,1,1,10,5,5,2,16,2,9,2,1,C03,7,6,1,10,2,14,,11,11,1,12,4,120.671987,24.140726,2
7362,66000,387130000C,(04)23274275,(04)23288582,2025,6,19,23,30,臺中市,霧峰區,0,0,0,7,,,50,,,,,,,,,,,,,,17,,,,,C03,,,1,,2,,,7,7,1,6,4,120.688309,24.044726,3
7363,66000,387130000C,(04)23274275,(04)23288582,2025,6,19,23,42,臺中市,大里區,0,0,0,6,3,6,60,5,1,1,5,4,6,6,1,1,10,5,5,2,12,,,,,C03,,,3,,2,,,8,8,1,12,4,120.68161,24.104269,3
7364,66000,387130000C,(04)23274275,(04)23288582,2025,6,19,23,44,臺中市,后里區,0,1,0,7,1,6,30,13,9,1,5,4,6,6,4,4,10,5,5,2,28,2,8,1,1,C03,7,9,1,10,2,11,,87,87,1,6,4,120.725632,24.310373,2
7365,66000,387130000C,(04)23274275,(04)23288582,2025,6,20,1,5,臺中市,北屯區,0,0,0,7,,,40,,,,,,,,,,,,,,12,,,,,B03,,,1,8,2,,,84,84,1,6,4,120.685099,24.177791,3
7366,66000,387130000C,(04)23274275,(04)23288582,2025,6,20,1,27,臺中市,東區,0,1,0,7,1,6,50,13,8,1,5,4,6,6,4,4,3,4,4,2,8,3,10,1,1,C03,7,9,1,10,1,12,,59,59,1,12,4,120.694117,24.14867,2
7367,66000,387130000C,(04)23274275,(04)23288582,2025,6,20,2,5,臺中市,南屯區,0,1,0,7,1,6,50,13,9,1,5,4,6,6,4,4,5,4,5,2,12,2,9,1,1,C03,7,9,1,10,2,11,,84,84,1,12,4,120.634285,24.136642,2
7368,66000,387130000C,(04)23274275,(04)23288582,2025,6,20,2,51,臺中市,太平區,0,1,0,7,1,6,50,13,9,1,5,4,6,6,4,4,9,5,5,2,17,2,9,1,1,C03,7,9,1,10,2,11,,59,59,1,12,4,120.717561,24.155436,2
7369,66000,387130000C,(04)23274275,(04)23288582,2025,6,20,4,35,臺中市,烏日區,0,0,0,7,,,70,,,,,,,,,,,,,,17,,,,,B03,,,1,,9,,,59,59,1,6,4,120.607392,24.108195,3
7370,66000,387130000C,(04)23274275,(04)23288582,2025,6,20,5,36,臺中市,太平區,0,0,0,7,,,50,,,,,,,,,,,,,,16,,,,,B03,,,1,,1,,,45,45,1,13,4,120.728598,24.150132,3
7371,66000,387130000C,(04)23274275,(04)23288582,2025,6,20,6,4,臺中市,南屯區,0,2,0,7,2,6,50,4,2,1,5,4,6,6,2,1,5,5,5,2,13,2,7,2,1,C03,7,9,1,10,2,11,,59,59,1,12,4,120.635004,24.146468,2
7372,66000,387130000C,(04)23274275,(04)23288582,2025,6,20,6,5,臺中市,太平區,0,1,0,7,1,6,50,3,1,1,5,4,6,6,1,1,5,4,5,1,12,2,9,2,1,C03,7,7,1,10,2,12,,40,40,1,13,4,120.712953,24.158805,2
7373,66000,387130000C,(04)23274275,(04)23288582,2025,6,20,6,6,臺中市,豐原區,0,2,0,7,2,6,40,11,9,1,5,4,6,6,4,4,5,4,5,1,18,2,9,5,4,C03,7,9,1,10,2,16,,59,59,1,12,4,120.760732,24.262633,2
7374,66000,387130000C,(04)23274275,(04)23288582,2025,6,20,6,29,臺中市,北區,0,1,0,7,2,6,50,13,9,1,5,4,6,6,4,4,1,5,5,2,17,3,10,3,1,B03,7,1,1,8,2,2,,51,51,1,12,4,120.67793,24.165419,2
7375,66000,387130000C,(04)23274275,(04)23288582,2025,6,20,6,31,臺中市,豐原區,0,0,0,7,,,50,,,,,,,,,,,,,,14,,,,,B03,,,3,,1,,,49,49,1,12,4,120.71535,24.249249,3
7376,66000,387130000C,(04)23274275,(04)23288582,2025,6,20,6,39,臺中市,西屯區,0,1,0,7,2,6,30,4,1,1,5,4,6,6,2,1,10,5,5,2,16,3,10,3,1,B03,7,6,1,8,2,6,,48,48,1,13,4,120.645896,24.191409,2
7377,66000,387130000C,(04)23274275,(04)23288582,2025,6,20,6,50,臺中市,龍井區,0,0,0,7,,,60,,,,,,,,,,,,,,13,,,,,B03,,,1,,1,,,7,7,1,6,4,120.57541,24.17772,3
7378,66000,387130000C,(04)23274275,(04)23288582,2025,6,20,6,50,臺中市,神岡區,0,1,0,7,2,6,50,4,1,1,5,4,6,6,4,4,10,5,5,2,16,2,9,5,4,C03,7,1,1,10,2,11,,51,51,1,12,4,120.659844,24.257234,2
7379,66000,387130000C,(04)23274275,(04)23288582,2025,6,20,6,57,臺中市,西屯區,0,1,0,7,1,6,50,4,1,1,5,4,6,6,1,1,8,4,4,1,17,3,10,5,4,B03,7,9,1,8,2,1,,59,59,1,13,4,120.660075,24.169147,2
7380,66000,387130000C,(04)23274275,(04)23288582,2025,6,20,7,3,臺中市,南屯區,0,2,0,7,2,6,50,13,7,1,5,4,6,6,4,4,4,3,4,2,16,2,1,2,4,C03,7,1,1,10,1,14,12,51,51,1,13,4,120.655076,24.144843,2
7381,66000,387130000C,(04)23274275,(04)23288582,2025,6,20,7,22,臺中市,北屯區,0,0,0,7,,,40,,,,,,,,,,,,,,12,,,,,B03,,,1,,1,,,50,50,1,12,4,120.664107,24.185771,3
7382,66000,387130000C,(04)23274275,(04)23288582,2025,6,20,7,22,臺中市,西屯區,0,0,0,7,,,60,,,,,,,,,,,,,,13,,,,,B03,,,1,,1,,,7,7,1,12,4,120.649796,24.162755,3
7383,66000,387130000C,(04)23274275,(04)23288582,2025,6,20,7,24,臺中市,西屯區,0,1,0,7,2,6,50,4,2,1,5,4,6,6,2,1,4,1,5,1,11,3,10,2,1,C03,7,6,1,10,2,12,,39,39,1,12,4,120.639,24.182345,2
7384,66000,387130000C,(04)23274275,(04)23288582,2025,6,20,7,24,臺中市,大甲區,0,1,0,7,1,6,50,3,1,1,5,4,6,6,4,4,5,5,4,1,16,2,9,1,1,C03,7,1,1,10,2,11,,51,51,1,12,4,120.624387,24.340706,2
7385,66000,387130000C,(04)23274275,(04)23288582,2025,6,20,7,25,臺中市,西區,0,1,0,7,2,6,50,13,9,1,5,4,6,6,4,4,9,5,5,2,3,2,9,6,5,H01,8,18,7,21,10,17,,95,95,1,12,5,120.661343,24.144378,2
7386,66000,387130000C,(04)23274275,(04)23288582,2025,6,20,7,25,臺中市,南區,0,0,0,7,,,50,,,,,,,,,,,,,,13,,,,,B03,,,1,,1,,,7,7,1,13,4,120.669973,24.114782,3
7387,66000,387130000C,(04)23274275,(04)23288582,2025,6,20,7,26,臺中市,沙鹿區,0,1,0,7,2,6,50,13,9,1,5,4,6,6,4,4,9,5,5,2,13,2,8,2,1,C03,7,9,1,10,2,11,,7,7,1,6,4,120.613835,24.242164,2
7388,66000,387130000C,(04)23274275,(04)23288582,2025,6,20,7,27,臺中市,豐原區,0,1,0,7,2,6,30,3,1,1,5,4,6,6,4,4,10,5,5,1,16,3,10,5,4,B03,7,5,1,7,2,8,,14,14,1,13,4,120.74136,24.257844,2
7389,66000,387130000C,(04)23274275,(04)23288582,2025,6,20,7,30,臺中市,南屯區,0,0,0,7,,,50,,,,,,,,,,,,,,,,,,,A05,,,1,,2,,,84,84,1,6,4,120.653258,24.128767,3
7390,66000,387130000C,(04)23274275,(04)23288582,2025,6,20,7,30,臺中市,烏日區,0,0,0,7,,,,,,,,,,,,,,,,,,,,,,,,,,,,,,84,84,1,,,120.626853,24.111781,3
7391,66000,387130000C,(04)23274275,(04)23288582,2025,6,20,7,33,臺中市,沙鹿區,0,0,0,7,,,50,,,,,,,,,,,,,,,,,,,B03,,,1,,2,,,78,78,1,13,4,120.562582,24.233808,3
7392,66000,387130000C,(04)23274275,(04)23288582,2025,6,20,7,35,臺中市,大肚區,0,0,0,7,,,50,,,,,,,,,,,,,,,,,,,B03,,,1,,2,,,84,84,1,6,4,120.547001,24.145401,3
7393,66000,387130000C,(04)23274275,(04)23288582,2025,6,20,7,37,臺中市,大雅區,0,0,0,7,1,6,50,13,9,1,5,4,6,6,4,4,5,5,5,2,17,,,,,C03,,,1,,1,,,39,39,1,13,4,120.654297,24.229545,3
7394,66000,387130000C,(04)23274275,(04)23288582,2025,6,20,7,37,臺中市,西屯區,0,1,0,7,2,6,50,3,1,1,5,4,6,6,1,1,10,5,5,2,12,2,8,2,4,C03,7,9,1,10,2,14,,8,8,1,13,4,120.6261,24.184575,2
7395,66000,387130000C,(04)23274275,(04)23288582,2025,6,20,7,37,臺中市,大肚區,0,1,0,7,2,6,50,13,9,1,5,4,6,6,4,4,9,4,5,1,17,3,10,1,1,C03,7,6,1,10,2,12,,20,20,1,6,4,120.578488,24.169035,2
7396,66000,387130000C,(04)23274275,(04)23288582,2025,6,20,7,41,臺中市,南區,0,0,0,7,,,50,,,,,,,,,,,,,,17,,,,,C03,,,1,,2,,,51,51,1,12,4,120.661971,24.129416,3
7397,66000,387130000C,(04)23274275,(04)23288582,2025,6,20,7,42,臺中市,大甲區,0,0,0,7,,,50,,,,,,,,,,,,,,30,,,,,B03,,,1,,2,,,58,58,1,6,4,120.62977,24.341105,3
7398,66000,387130000C,(04)23274275,(04)23288582,2025,6,20,7,42,臺中市,豐原區,0,2,0,7,2,6,30,13,9,1,5,4,6,6,4,4,10,5,5,1,17,2,9,1,4,C03,7,15,1,10,2,14,,84,84,1,12,4,120.741026,24.274153,2
7399,66000,387130000C,(04)23274275,(04)23288582,2025,6,20,7,43,臺中市,豐原區,0,0,0,7,,,30,,,,,,,,,,,,,,17,,,,,B03,,,1,,2,,,85,85,1,13,4,120.709151,24.246424,3
7400,66000,387130000C,(04)23274275,(04)23288582,2025,6,20,7,44,臺中市,東區,0,1,0,7,2,6,50,4,1,1,5,4,6,6,2,1,10,5,5,2,16,3,10,3,1,B03,7,5,1,8,2,2,,47,47,1,12,4,120.696986,24.14296,2
7401,66000,387130000C,(04)23274275,(04)23288582,2025,6,20,7,45,臺中市,西區,0,0,0,7,,,50,,,,,,,,,,,,,,,,,,,C03,,,1,,2,,,84,84,1,12,4,120.672157,24.132704,3
7402,66000,387130000C,(04)23274275,(04)23288582,2025,6,20,7,45,臺中市,東區,0,0,0,7,,,50,,,,,,,,,,,,,,,,,,,B03,,,1,,2,,,23,23,1,6,4,120.709716,24.13674,3
7403,66000,387130000C,(04)23274275,(04)23288582,2025,6,20,7,46,臺中市,北屯區,0,1,0,7,3,6,50,13,9,1,5,4,6,6,4,4,1,4,5,2,17,2,9,1,1,C03,7,9,1,10,2,12,,85,85,1,12,4,120.66188,24.189041,2
7404,66000,387130000C,(04)23274275,(04)23288582,2025,6,20,7,47,臺中市,太平區,0,1,0,7,3,6,50,3,1,1,5,4,6,6,4,4,5,4,5,2,5,3,10,3,1,B03,7,9,1,8,2,2,,84,84,1,12,4,120.722179,24.149425,2
7405,66000,387130000C,(04)23274275,(04)23288582,2025,6,20,7,50,臺中市,大雅區,0,1,0,7,2,6,50,13,9,1,5,4,6,6,4,4,9,5,5,1,13,2,9,1,1,C03,7,9,1,10,2,11,,7,7,1,13,4,120.670696,24.226149,2
7406,66000,387130000C,(04)23274275,(04)23288582,2025,6,20,7,50,臺中市,西屯區,0,1,0,7,2,6,40,13,8,1,5,4,6,6,4,4,1,4,5,2,13,2,9,2,4,C03,7,9,1,10,2,11,,7,7,1,12,4,120.645721,24.201326,2
7407,66000,387130000C,(04)23274275,(04)23288582,2025,6,20,7,50,臺中市,大里區,0,0,0,7,,,50,,,,,,,,,,,,,,,,,,,B03,,,5,,2,,,84,84,1,13,4,120.705877,24.09553,3
7408,66000,387130000C,(04)23274275,(04)23288582,2025,6,20,7,51,臺中市,豐原區,0,1,0,7,2,6,60,4,2,1,5,4,6,6,1,1,1,2,5,1,13,2,9,1,1,C03,7,9,1,10,2,11,,7,7,1,13,4,120.72901,24.277172,2
7409,66000,387130000C,(04)23274275,(04)23288582,2025,6,20,7,52,臺中市,豐原區,0,0,0,7,,,50,,,,,,,,,,,,,,13,,,,,C03,,,1,,2,,,7,7,1,13,4,120.737155,24.25577,3
7410,66000,387130000C,(04)23274275,(04)23288582,2025,6,20,7,55,臺中市,北區,0,0,0,7,,,50,,,,,,,,,,,,,,,,,,,C03,,,1,,2,,,7,7,1,12,4,120.694703,24.159903,3
7411,66000,387130000C,(04)23274275,(04)23288582,2025,6,20,7,55,臺中市,大里區,0,1,0,7,2,6,40,13,9,1,5,4,6,6,4,4,10,5,5,1,17,3,10,3,1,B03,7,1,1,8,2,5,,51,51,1,6,4,120.687071,24.083039,2
7412,66000,387130000C,(04)23274275,(04)23288582,2025,6,20,7,56,臺中市,東區,0,2,0,7,2,6,50,4,2,1,5,4,6,6,1,1,10,5,5,2,13,2,9,2,1,C03,7,9,1,10,2,11,14,7,7,1,13,4,120.699973,24.132541,2
7413,66000,387130000C,(04)23274275,(04)23288582,2025,6,20,7,57,臺中市,太平區,0,2,0,7,2,6,50,13,9,1,5,4,6,6,4,4,5,4,5,1,17,2,9,2,1,C03,7,4,1,10,2,14,,84,84,1,12,4,120.712047,24.156405,2
7414,66000,387130000C,(04)23274275,(04)23288582,2025,6,20,8,0,臺中市,東區,0,1,0,7,2,6,50,4,2,1,5,4,6,6,2,1,1,4,5,2,13,2,9,1,1,C03,7,9,1,10,2,11,,7,7,1,12,4,120.68507,24.129598,2