序號,縣市別代碼,機關代碼,市話,傳真,年,月,日,時,分,縣市,區,死亡數量,受傷數量,2-30,天候,道路照明設備,道路類別,道路速限,道路型態,事故位置,路面鋪裝,路面狀態,路面缺陷,障礙物,視距,號誌種類,號誌動作,分向設施,快車道或一般車道間,快慢車道間,路面邊線,事故類型及型態,受傷程度,主要傷處,保護裝備,行動電話或功能裝置,當事者區分(類別),車輛用途,當事者行動狀態,駕照狀態,駕照種類,飲酒情形,車輛撞擊部位最初,車輛撞擊部位其他,肇事因素個別,肇事因素主要,肇事逃逸,職業,共享經濟或外送平台,GPS座標X,GPS座標Y,事故類別
7415,66000,387130000C,(04)23274275,(04)23288582,2025,6,20,8,0,臺中市,外埔區,0,0,0,7,2,6,0,13,14,1,5,4,6,6,4,4,5,5,5,1,14,3,10,3,1,B03,7,2,5,8,2,3,,49,49,1,12,4,120.655541,24.332082,3
7416,66000,387130000C,(04)23274275,(04)23288582,2025,6,20,8,5,臺中市,大里區,0,0,0,7,,,50,,,,,,,,,,,,,,,,,,,B03,,,3,,2,,,49,49,1,13,4,120.688116,24.086029,3
7417,66000,387130000C,(04)23274275,(04)23288582,2025,6,20,8,6,臺中市,霧峰區,0,0,0,7,,,50,,,,,,,,,,,,,,17,,,,,C03,,,1,,2,,,84,84,1,6,4,120.706611,24.076392,3
7418,66000,387130000C,(04)23274275,(04)23288582,2025,6,20,8,6,臺中市,梧棲區,0,1,0,7,3,6,30,4,1,1,5,4,6,6,4,4,10,5,5,2,15,2,9,3,1,B03,7,9,1,8,2,1,,15,15,1,6,4,120.549599,24.255243,2
7419,66000,387130000C,(04)23274275,(04)23288582,2025,6,20,8,9,臺中市,西屯區,0,1,0,7,2,6,50,4,1,1,5,4,6,6,3,1,10,5,5,2,18,2,7,2,1,C03,7,5,1,10,2,16,,84,84,1,12,4,120.650251,24.169196,2
7420,66000,387130000C,(04)23274275,(04)23288582,2025,6,20,8,9,臺中市,烏日區,0,1,0,7,2,6,40,11,8,1,5,4,6,6,4,4,10,5,5,1,17,3,10,1,1,C03,7,9,3,19,2,16,,84,84,1,6,4,120.585447,24.112109,2
7421,66000,387130000C,(04)23274275,(04)23288582,2025,6,20,8,11,臺中市,新社區,0,0,0,7,,,30,,,,,,,,,,,,,,,,,,,B03,,,1,,1,,,14,14,1,12,4,120.807026,24.221917,3
7422,66000,387130000C,(04)23274275,(04)23288582,2025,6,20,8,13,臺中市,南區,0,1,0,7,2,6,50,13,9,1,5,4,6,6,4,4,9,5,5,2,12,2,9,2,1,C03,7,9,1,10,2,14,,43,43,1,6,4,120.650823,24.115485,2
7423,66000,387130000C,(04)23274275,(04)23288582,2025,6,20,8,14,臺中市,太平區,0,1,0,7,2,6,30,3,1,1,5,4,6,6,4,4,10,5,5,2,17,3,10,3,1,B03,7,1,1,8,2,1,,51,51,1,12,4,120.71707,24.124071,2
7424,66000,387130000C,(04)23274275,(04)23288582,2025,6,20,8,15,臺中市,南屯區,0,1,0,7,2,6,50,4,2,1,5,4,6,6,2,1,5,4,4,2,17,3,10,3,1,B03,7,5,1,8,2,5,,65,65,1,12,4,120.635034,24.146362,2
7425,66000,387130000C,(04)23274275,(04)23288582,2025,6,20,8,20,臺中市,沙鹿區,0,1,0,7,2,6,50,4,1,1,5,4,6,6,1,1,10,5,5,2,16,2,9,2,1,C03,7,6,5,19,2,14,,48,48,1,6,4,120.568734,24.209379,2
7426,66000,387130000C,(04)23274275,(04)23288582,2025,6,20,8,21,臺中市,神岡區,0,1,0,7,2,6,50,13,7,1,5,4,6,6,4,4,9,4,4,1,13,2,9,2,1,C03,7,9,1,10,2,11,,7,7,1,6,4,120.648613,24.282924,2
7427,66000,387130000C,(04)23274275,(04)23288582,2025,6,20,8,22,臺中市,豐原區,0,0,0,7,,,30,,,,,,,,,,,,,,17,,,,,B02,,,1,,2,,,51,51,1,12,4,120.71607,24.243788,3
7428,66000,387130000C,(04)23274275,(04)23288582,2025,6,20,8,23,臺中市,大里區,0,1,0,7,2,6,50,4,1,1,5,4,6,6,3,1,5,4,4,2,16,3,10,3,1,B12,7,11,1,8,2,8,,45,45,1,6,4,120.690393,24.106161,2
7429,66000,387130000C,(04)23274275,(04)23288582,2025,6,20,8,25,臺中市,北屯區,0,0,0,7,,,50,,,,,,,,,,,,,,12,,,,,B03,,,1,,1,,,40,40,1,13,4,120.697689,24.170149,3
7430,66000,387130000C,(04)23274275,(04)23288582,2025,6,20,8,25,臺中市,沙鹿區,0,2,0,7,2,6,40,4,1,1,5,4,6,6,1,1,3,5,3,2,17,2,9,1,1,C03,7,9,1,10,2,11,,7,7,1,13,4,120.570052,24.237022,2
7431,66000,387130000C,(04)23274275,(04)23288582,2025,6,20,8,26,臺中市,大雅區,0,0,0,7,,,50,,,,,,,,,,,,,,,,,,,B03,,,1,,1,,,7,7,1,13,4,120.669211,24.214365,3
7432,66000,387130000C,(04)23274275,(04)23288582,2025,6,20,8,28,臺中市,東區,0,1,0,7,3,6,50,4,9,1,5,4,6,6,4,4,5,5,5,2,16,3,10,5,4,B03,7,6,1,8,2,4,,12,12,1,6,4,120.70705,24.131719,2
7433,66000,387130000C,(04)23274275,(04)23288582,2025,6,20,8,29,臺中市,大里區,0,1,0,7,3,6,50,4,1,1,5,4,6,6,1,1,10,5,5,2,16,2,9,4,1,F01,7,6,7,21,2,11,,48,48,1,13,4,120.684147,24.116726,2
7434,66000,387130000C,(04)23274275,(04)23288582,2025,6,20,8,31,臺中市,東區,0,1,0,7,2,6,50,13,8,1,5,4,6,6,4,4,1,4,4,2,17,3,10,3,1,B03,7,15,1,8,2,2,,84,84,1,13,4,120.693927,24.133479,2
7435,66000,387130000C,(04)23274275,(04)23288582,2025,6,20,8,33,臺中市,龍井區,0,0,0,6,,,60,,,,,,,,,,,,,,14,,,,,B03,,,1,,1,,,94,94,1,6,4,120.573422,24.185409,3
7436,66000,387130000C,(04)23274275,(04)23288582,2025,6,20,8,35,臺中市,南屯區,0,0,0,7,,,50,,,,,,,,,,,,,,14,,,,,B03,,,1,,1,,,49,49,1,12,4,120.629787,24.117629,3
7437,66000,387130000C,(04)23274275,(04)23288582,2025,6,20,8,36,臺中市,東勢區,0,3,0,7,2,6,40,4,1,1,5,4,6,6,1,1,10,5,5,2,17,2,9,1,4,C03,7,6,1,10,2,11,,85,85,1,12,4,120.82913,24.258851,2
7438,66000,387130000C,(04)23274275,(04)23288582,2025,6,20,8,39,臺中市,北區,0,0,0,7,,,50,,,,,,,,,,,,,,,,,,,B03,,,1,,1,,,50,50,1,13,4,120.675437,24.152681,3
7439,66000,387130000C,(04)23274275,(04)23288582,2025,6,20,8,40,臺中市,南區,0,0,0,7,,,50,,,,,,,,,,,,,,17,,,,,B01,,,1,,1,,,51,51,1,12,4,120.66826,24.116046,3
7440,66000,387130000C,(04)23274275,(04)23288582,2025,6,20,8,40,臺中市,西屯區,0,1,0,7,3,6,50,13,9,1,5,4,6,6,4,4,8,4,5,1,17,3,10,5,4,C03,7,5,2,19,2,12,,20,20,1,13,4,120.606399,24.192112,2
7441,66000,387130000C,(04)23274275,(04)23288582,2025,6,20,8,46,臺中市,豐原區,0,2,0,7,2,6,50,13,7,1,5,4,6,6,4,4,9,5,4,2,16,2,9,1,1,C03,7,6,1,10,2,14,,84,84,1,13,4,120.702563,24.243679,2
7442,66000,387130000C,(04)23274275,(04)23288582,2025,6,20,8,49,臺中市,大里區,0,0,0,7,,,50,,,,,,,,,,,,,,13,,,,,C03,,,1,,2,,,84,84,1,12,4,120.699542,24.110174,3
7443,66000,387130000C,(04)23274275,(04)23288582,2025,6,20,8,50,臺中市,北區,0,0,0,7,,,50,,,,,,,,,,,,,,,,,,,B03,,,1,,1,,,49,49,1,13,4,120.677742,24.148841,3
7444,66000,387130000C,(04)23274275,(04)23288582,2025,6,20,8,51,臺中市,神岡區,0,0,0,7,,,30,,,,,,,,,,,,,,2,,,,,B12,,,1,,2,,,84,84,1,12,4,120.671017,24.26574,3
7445,66000,387130000C,(04)23274275,(04)23288582,2025,6,20,8,52,臺中市,西屯區,0,0,0,7,,,30,,,,,,,,,,,,,,17,,,,,B03,,,1,,9,,,59,59,1,12,4,120.607592,24.188325,3
7446,66000,387130000C,(04)23274275,(04)23288582,2025,6,20,8,53,臺中市,潭子區,0,0,0,7,,,50,,,,,,,,,,,,,,,,,,,A31,,,1,,2,,,49,49,1,13,4,120.706616,24.225995,3
7447,66000,387130000C,(04)23274275,(04)23288582,2025,6,20,8,55,臺中市,西屯區,0,1,0,7,2,6,35,11,8,1,5,4,6,6,4,4,10,5,5,1,18,2,9,2,4,C03,7,9,1,10,2,12,,59,59,1,12,4,120.628671,24.175663,2
7448,66000,387130000C,(04)23274275,(04)23288582,2025,6,20,8,55,臺中市,大肚區,0,1,0,7,2,6,30,3,9,1,5,4,6,6,4,4,10,5,5,2,18,2,9,1,1,C03,7,9,1,10,2,14,,87,87,1,6,4,120.567245,24.115336,2
7449,66000,387130000C,(04)23274275,(04)23288582,2025,6,20,8,58,臺中市,大甲區,0,0,0,7,,,30,,,,,,,,,,,,,,1,,,,,B03,,,1,,2,,,8,8,1,12,4,120.634771,24.370348,3
7450,66000,387130000C,(04)23274275,(04)23288582,2025,6,20,9,7,臺中市,烏日區,0,1,0,7,3,6,30,13,9,1,5,4,6,6,4,4,10,5,5,2,18,2,9,1,1,C03,7,12,1,10,2,11,14,84,84,1,6,4,120.635122,24.069361,2
7451,66000,387130000C,(04)23274275,(04)23288582,2025,6,20,9,12,臺中市,北屯區,0,0,0,7,,,50,,,,,,,,,,,,,,12,,,,,B03,,,1,,1,,,8,8,1,12,4,120.687666,24.182003,3
7452,66000,387130000C,(04)23274275,(04)23288582,2025,6,20,9,16,臺中市,西屯區,0,1,0,7,2,6,40,13,9,1,5,4,6,6,4,4,10,5,5,2,16,3,10,5,4,B03,7,5,1,8,2,5,,20,20,1,13,4,120.613057,24.184318,2
7453,66000,387130000C,(04)23274275,(04)23288582,2025,6,20,9,20,臺中市,中區,0,1,0,7,3,6,50,4,1,1,5,4,6,6,1,1,10,5,5,2,12,2,9,1,1,C03,7,15,1,10,2,13,,84,84,1,6,4,120.680692,24.138637,2
7454,66000,387130000C,(04)23274275,(04)23288582,2025,6,20,9,24,臺中市,北區,0,0,0,7,,,50,,,,,,,,,,,,,,13,,,,,B12,,,1,,2,,,7,7,1,13,4,120.677041,24.15342,3
7455,66000,387130000C,(04)23274275,(04)23288582,2025,6,20,9,27,臺中市,豐原區,0,1,0,7,2,6,50,4,1,1,5,4,6,6,1,1,10,5,5,2,17,2,9,1,1,F03,7,1,7,21,2,14,,51,51,1,13,4,120.721736,24.273086,2
7456,66000,387130000C,(04)23274275,(04)23288582,2025,6,20,9,28,臺中市,南區,0,2,0,7,2,6,50,4,1,1,5,4,6,6,2,1,10,5,5,2,16,2,8,2,1,C03,7,6,1,10,2,12,,48,48,1,6,4,120.673347,24.130305,2
7457,66000,387130000C,(04)23274275,(04)23288582,2025,6,20,9,30,臺中市,新社區,0,0,0,7,,,40,,,,,,,,,,,,,,,,,,,C02,,,1,,1,,,84,84,1,12,4,120.81771,24.181335,3
7458,66000,387130000C,(04)23274275,(04)23288582,2025,6,20,9,32,臺中市,北屯區,0,1,0,7,3,3,80,13,14,1,5,4,6,6,4,4,1,5,5,1,23,2,9,3,4,B03,7,9,5,8,2,1,,56,56,1,6,4,120.720948,24.171327,2
7459,66000,387130000C,(04)23274275,(04)23288582,2025,6,20,9,32,臺中市,太平區,0,2,0,7,2,6,50,3,1,1,5,4,6,6,4,4,10,5,5,2,17,2,9,2,1,C03,7,1,3,19,2,14,,51,51,1,12,4,120.714696,24.126502,2
7460,66000,387130000C,(04)23274275,(04)23288582,2025,6,20,9,34,臺中市,北屯區,0,0,0,7,,,50,,,,,,,,,,,,,,,,,,,B03,,,1,,2,,,84,84,1,12,4,120.68348,24.201308,3
7461,66000,387130000C,(04)23274275,(04)23288582,2025,6,20,9,39,臺中市,大雅區,0,1,0,7,1,6,50,4,1,1,5,4,6,6,3,1,5,5,5,2,17,2,9,1,1,F03,7,9,7,21,2,11,,20,20,1,13,4,120.66724,24.239525,2
7462,66000,387130000C,(04)23274275,(04)23288582,2025,6,20,9,51,臺中市,潭子區,0,1,0,7,3,6,50,4,1,1,5,4,6,6,1,1,1,4,4,1,17,3,10,3,1,B03,7,5,1,8,2,6,,11,11,1,13,4,120.693148,24.216023,2
7463,66000,387130000C,(04)23274275,(04)23288582,2025,6,20,9,57,臺中市,神岡區,0,1,0,7,2,6,50,3,1,1,5,4,6,6,4,4,10,5,5,2,16,3,10,5,4,B03,7,11,1,8,2,7,,45,45,1,12,4,120.712887,24.257081,2
7464,66000,387130000C,(04)23274275,(04)23288582,2025,6,20,10,1,臺中市,西屯區,0,1,0,7,2,6,50,3,1,1,5,4,6,6,4,4,10,5,5,2,16,2,9,2,4,C03,7,6,1,10,2,11,,12,12,1,12,4,120.646178,24.167849,2
7465,66000,387130000C,(04)23274275,(04)23288582,2025,6,20,10,3,臺中市,東區,0,1,0,7,3,6,50,4,9,1,5,4,6,6,4,4,5,5,5,2,16,3,10,5,4,B03,7,5,1,8,2,8,,14,14,1,6,4,120.701131,24.143941,2
7466,66000,387130000C,(04)23274275,(04)23288582,2025,6,20,10,3,臺中市,南屯區,0,0,0,7,,,50,,,,,,,,,,,,,,11,,,,,B03,,,1,,1,,,20,20,1,13,4,120.627255,24.117254,3
7467,66000,387130000C,(04)23274275,(04)23288582,2025,6,20,10,6,臺中市,西屯區,0,0,0,7,,,50,,,,,,,,,,,,,,12,,,,,B03,,,1,,1,,,40,40,1,13,4,120.629099,24.205653,3
7468,66000,387130000C,(04)23274275,(04)23288582,2025,6,20,10,10,臺中市,北區,0,1,0,7,2,6,40,13,8,1,5,4,6,6,4,4,1,4,4,2,17,2,9,1,1,C03,7,9,3,19,2,11,,58,58,1,12,4,120.675308,24.160236,2
7469,66000,387130000C,(04)23274275,(04)23288582,2025,6,20,10,10,臺中市,清水區,0,1,0,7,3,6,60,4,1,1,5,4,6,6,1,1,5,4,4,1,16,3,10,3,1,A31,7,6,1,1,2,2,,11,11,1,12,4,120.536452,24.281275,2
7470,66000,387130000C,(04)23274275,(04)23288582,2025,6,20,10,12,臺中市,北屯區,0,0,0,7,,,80,,,,,,,,,,,,,,13,,,,,B03,,,1,,1,,,84,84,1,13,4,120.721181,24.177388,3
7471,66000,387130000C,(04)23274275,(04)23288582,2025,6,20,10,13,臺中市,潭子區,0,0,0,7,,,50,,,,,,,,,,,,,,15,,,,,C03,,,1,,2,,,24,24,1,12,4,120.703152,24.206597,3
7472,66000,387130000C,(04)23274275,(04)23288582,2025,6,20,10,13,臺中市,烏日區,0,1,0,7,2,6,60,5,1,1,5,4,6,6,1,1,5,5,5,2,13,2,8,1,1,C03,7,9,1,10,2,11,14,7,7,1,6,2,120.651332,24.055571,2
7473,66000,387130000C,(04)23274275,(04)23288582,2025,6,20,10,13,臺中市,神岡區,0,0,0,7,,,30,,,,,,,,,,,,,,14,,,,,A12,,,1,,2,,,49,49,1,6,4,120.680017,24.258213,3
7474,66000,387130000C,(04)23274275,(04)23288582,2025,6,20,10,16,臺中市,南屯區,0,0,0,7,,,40,,,,,,,,,,,,,,14,,,,,B12,,,1,,9,,,49,49,1,13,4,120.612006,24.158872,3
7475,66000,387130000C,(04)23274275,(04)23288582,2025,6,20,10,18,臺中市,后里區,0,1,0,7,2,6,50,4,1,1,5,4,6,6,1,1,1,3,4,1,16,3,10,3,1,B03,7,5,1,8,2,5,,11,11,1,12,4,120.72343,24.313162,2
7476,66000,387130000C,(04)23274275,(04)23288582,2025,6,20,10,19,臺中市,潭子區,0,0,0,7,,,60,,,,,,,,,,,,,,9,,,,,B12,,,1,,2,,,58,58,1,12,4,120.712959,24.222768,3
7477,66000,387130000C,(04)23274275,(04)23288582,2025,6,20,10,20,臺中市,南屯區,0,0,0,7,,,50,,,,,,,,,,,,,,,,,,,B03,,,1,,1,,,59,59,1,6,4,120.623141,24.145201,3
7478,66000,387130000C,(04)23274275,(04)23288582,2025,6,20,10,20,臺中市,北屯區,0,0,0,7,,,,,,,,,,,,,,,,,12,,,,,,,,,,,,,119,119,1,,,120.671678,24.201718,3
7479,66000,387130000C,(04)23274275,(04)23288582,2025,6,20,10,22,臺中市,西屯區,0,0,0,7,,,60,,,,,,,,,,,,,,14,,,,,A41,,,1,,1,,,82,82,1,12,4,120.628711,24.162235,3
7480,66000,387130000C,(04)23274275,(04)23288582,2025,6,20,10,22,臺中市,大里區,0,1,0,7,3,6,50,3,2,1,5,4,6,6,4,4,5,5,5,1,13,3,10,1,1,C03,7,9,4,10,2,11,,7,7,1,13,4,120.686158,24.114664,2
7481,66000,387130000C,(04)23274275,(04)23288582,2025,6,20,10,22,臺中市,新社區,0,1,0,7,3,6,30,3,2,1,5,4,6,6,4,4,10,5,5,1,11,2,8,5,2,C03,7,9,1,10,2,14,,61,61,1,13,4,120.787656,24.25067,2
7482,66000,387130000C,(04)23274275,(04)23288582,2025,6,20,10,27,臺中市,北區,0,0,0,7,,,50,,,,,,,,,,,,,,14,,,,,B03,,,1,,2,,,49,49,1,13,4,120.677979,24.151888,3
7483,66000,387130000C,(04)23274275,(04)23288582,2025,6,20,10,30,臺中市,西區,0,1,0,7,2,6,50,4,1,1,5,4,6,6,1,1,10,5,5,2,3,3,10,5,4,B03,7,6,1,8,2,5,,10,10,1,12,4,120.656751,24.147783,2
7484,66000,387130000C,(04)23274275,(04)23288582,2025,6,20,10,36,臺中市,南屯區,0,1,0,7,2,6,50,4,2,1,5,4,6,6,2,1,1,4,4,2,17,3,10,3,1,B03,7,5,1,8,2,8,,84,84,1,6,4,120.648711,24.15078,2
7485,66000,387130000C,(04)23274275,(04)23288582,2025,6,20,10,37,臺中市,西區,0,0,0,7,,,50,,,,,,,,,,,,,,,,,,,B02,,,1,,1,,,14,14,1,12,4,120.665025,24.150217,3
7486,66000,387130000C,(04)23274275,(04)23288582,2025,6,20,10,41,臺中市,神岡區,0,2,0,7,2,6,50,3,1,1,5,4,6,6,4,4,10,5,5,2,13,2,9,2,1,C03,7,9,1,8,2,11,,7,7,1,6,4,120.657356,24.278423,2
7487,66000,387130000C,(04)23274275,(04)23288582,2025,6,20,10,46,臺中市,西區,0,1,0,7,3,6,50,4,1,1,5,4,6,6,1,1,10,5,5,2,16,3,10,3,1,B03,7,5,1,4,2,5,,11,11,1,6,4,120.667305,24.140607,2
7488,66000,387130000C,(04)23274275,(04)23288582,2025,6,20,10,46,臺中市,東區,0,0,0,7,,,30,,,,,,,,,,,,,,17,,,,,B03,,,1,,1,,,84,84,1,6,4,120.694963,24.145461,3
7489,66000,387130000C,(04)23274275,(04)23288582,2025,6,20,10,46,臺中市,豐原區,0,2,0,7,2,6,50,4,1,1,5,4,6,6,2,1,5,4,4,2,17,2,9,1,1,C03,7,6,1,10,2,14,,36,36,1,12,4,120.714446,24.251048,2
7490,66000,387130000C,(04)23274275,(04)23288582,2025,6,20,10,48,臺中市,西區,0,1,0,7,2,6,50,4,1,1,5,4,6,6,1,1,10,5,5,2,17,2,9,1,1,C03,7,11,1,10,2,12,,23,23,1,13,4,120.67988,24.137919,2
7491,66000,387130000C,(04)23274275,(04)23288582,2025,6,20,10,50,臺中市,豐原區,0,2,0,7,2,6,50,13,14,1,5,4,6,6,4,4,1,4,4,1,2,2,9,2,4,C03,7,7,1,10,2,12,14,43,43,1,13,4,120.758074,24.276071,2
7492,66000,387130000C,(04)23274275,(04)23288582,2025,6,20,10,51,臺中市,北屯區,0,0,0,7,,,50,,,,,,,,,,,,,,13,,,,,B01,,,1,,2,,,84,84,1,12,4,120.721991,24.18196,3
7493,66000,387130000C,(04)23274275,(04)23288582,2025,6,20,10,54,臺中市,東勢區,0,0,0,7,,,50,,,,,,,,,,,,,,,,,,,B12,,,1,,1,,,84,84,1,12,4,120.828776,24.256242,3
7494,66000,387130000C,(04)23274275,(04)23288582,2025,6,20,11,0,臺中市,大里區,0,1,0,7,2,6,50,3,1,1,5,4,6,6,4,4,10,5,5,2,16,2,9,2,1,C03,7,5,1,10,9,14,,14,14,1,6,4,120.694223,24.090921,2
7495,66000,387130000C,(04)23274275,(04)23288582,2025,6,20,11,0,臺中市,大甲區,0,0,0,7,,,50,,,,,,,,,,,,,,,,,,,B12,,,1,,1,,,49,49,1,6,4,120.659019,24.405535,3
7496,66000,387130000C,(04)23274275,(04)23288582,2025,6,20,11,1,臺中市,大甲區,0,0,0,7,,,50,,,,,,,,,,,,,,13,,,,,B03,,,5,,2,,,84,84,1,12,4,120.627866,24.351472,3
7497,66000,387130000C,(04)23274275,(04)23288582,2025,6,20,11,4,臺中市,大里區,0,1,0,7,2,6,50,13,8,1,5,4,6,6,4,4,3,4,4,1,17,2,9,1,1,C03,7,1,1,10,2,14,12,51,51,1,12,4,120.679134,24.110737,2
7498,66000,387130000C,(04)23274275,(04)23288582,2025,6,20,11,10,臺中市,清水區,0,0,0,7,,,50,,,,,,,,,,,,,,,,,,,B02,,,1,,1,,,8,8,1,12,4,120.576397,24.270927,3
7499,66000,387130000C,(04)23274275,(04)23288582,2025,6,20,11,13,臺中市,太平區,0,1,0,7,2,6,50,4,1,1,5,4,6,6,2,1,10,5,5,2,16,2,8,2,1,C03,7,9,3,19,2,14,,84,84,1,12,4,120.730847,24.112122,2
7500,66000,387130000C,(04)23274275,(04)23288582,2025,6,20,11,15,臺中市,西區,0,0,0,7,,,50,,,,,,,,,,,,,,12,,,,,B12,,,1,,1,,,8,8,1,12,4,120.676497,24.13441,3
7501,66000,387130000C,(04)23274275,(04)23288582,2025,6,20,11,17,臺中市,大甲區,0,1,0,7,3,6,50,13,9,1,5,4,6,6,4,4,10,5,5,1,25,2,7,3,1,B12,7,9,1,8,2,5,,59,59,1,6,4,120.612276,24.403669,2
7502,66000,387130000C,(04)23274275,(04)23288582,2025,6,20,11,20,臺中市,北區,0,1,0,7,3,6,50,3,2,1,5,4,6,6,4,4,5,4,4,1,13,2,9,5,4,C03,7,9,1,10,2,11,,7,7,1,13,4,120.680072,24.148616,2
7503,66000,387130000C,(04)23274275,(04)23288582,2025,6,20,11,21,臺中市,北區,0,0,0,7,,,30,,,,,,,,,,,,,,12,,,,,B03,,,1,,1,,,50,50,1,13,4,120.679876,24.165469,3
7504,66000,387130000C,(04)23274275,(04)23288582,2025,6,20,11,21,臺中市,梧棲區,0,1,0,7,3,6,50,13,9,1,5,4,6,6,4,4,5,5,5,1,14,3,10,3,1,B12,7,2,1,8,2,7,,49,49,1,6,4,120.534477,24.247661,2
7505,66000,387130000C,(04)23274275,(04)23288582,2025,6,20,11,25,臺中市,大雅區,0,1,0,7,3,6,50,4,1,1,5,4,6,6,1,1,1,3,5,2,17,3,10,3,1,B03,7,5,1,8,2,6,,84,84,1,13,4,120.657078,24.223124,2
7506,66000,387130000C,(04)23274275,(04)23288582,2025,6,20,11,25,臺中市,西屯區,0,0,0,7,,,50,,,,,,,,,,,,,,13,,,,,B03,,,1,,1,,,59,59,1,13,4,120.659229,24.17057,3
7507,66000,387130000C,(04)23274275,(04)23288582,2025,6,20,11,30,臺中市,南屯區,0,0,0,7,,,50,,,,,,,,,,,,,,,,,,,B12,,,1,,2,,,14,14,1,6,4,120.64189,24.147808,3
7508,66000,387130000C,(04)23274275,(04)23288582,2025,6,20,11,34,臺中市,西屯區,0,0,0,7,,,40,,,,,,,,,,,,,,17,,,,,B03,,,1,,2,,,59,59,1,12,4,120.626458,24.154739,3
7509,66000,387130000C,(04)23274275,(04)23288582,2025,6,20,11,35,臺中市,霧峰區,0,0,0,7,,,50,,,,,,,,,,,,,,,,,,,B03,,,1,,2,,,7,7,1,6,4,120.698339,24.06372,3
7510,66000,387130000C,(04)23274275,(04)23288582,2025,6,20,11,42,臺中市,南屯區,0,0,0,7,,,50,,,,,,,,,,,,,,,,,,,B03,,,1,,1,,,7,7,1,12,4,120.637617,24.151116,3
7511,66000,387130000C,(04)23274275,(04)23288582,2025,6,20,11,43,臺中市,北區,0,0,0,7,,,50,,,,,,,,,,,,,,,,,,,B03,,,1,,1,,,49,49,1,12,4,120.679431,24.159353,3
7512,66000,387130000C,(04)23274275,(04)23288582,2025,6,20,11,43,臺中市,太平區,0,2,0,7,3,6,50,3,1,1,5,4,6,6,4,4,10,5,5,2,16,2,9,1,1,C03,7,11,1,10,2,11,,45,45,1,12,4,120.718222,24.126285,2
7513,66000,387130000C,(04)23274275,(04)23288582,2025,6,20,11,45,臺中市,西屯區,0,1,0,7,2,6,0,4,1,1,5,4,6,6,2,1,10,5,5,2,9,2,8,6,5,H01,8,16,7,21,10,16,,119,119,1,12,5,120.639083,24.164986,2
7514,66000,387130000C,(04)23274275,(04)23288582,2025,6,20,11,48,臺中市,大肚區,0,2,0,7,2,6,50,5,7,1,5,4,6,6,1,1,1,4,4,1,13,3,10,3,1,B03,7,9,1,8,2,1,,7,7,1,9,4,120.561361,24.125265,2
7515,66000,387130000C,(04)23274275,(04)23288582,2025,6,20,11,48,臺中市,大肚區,0,0,0,7,,,40,,,,,,,,,,,,,,13,,,,,C03,,,1,,2,,,6,6,1,6,4,120.561288,24.125314,3
7516,66000,387130000C,(04)23274275,(04)23288582,2025,6,20,11,50,臺中市,南屯區,0,0,0,7,,,50,,,,,,,,,,,,,,,,,,,C03,,,1,,1,,,84,84,1,6,4,120.638379,24.139662,4
7517,66000,387130000C,(04)23274275,(04)23288582,2025,6,20,11,50,臺中市,沙鹿區,0,0,0,7,,,60,,,,,,,,,,,,,,,,,,,B03,,,,,9,,,7,7,2,13,4,120.56906,24.237463,3
7518,66000,387130000C,(04)23274275,(04)23288582,2025,6,20,11,50,臺中市,外埔區,0,1,0,7,2,6,30,5,1,1,5,4,6,6,1,1,1,2,5,1,16,2,9,1,1,C03,7,6,1,10,2,11,,23,23,1,12,4,120.667916,24.319922,2
7519,66000,387130000C,(04)23274275,(04)23288582,2025,6,20,11,51,臺中市,中區,0,1,0,7,2,6,50,4,2,1,5,4,6,6,1,1,3,4,4,2,13,3,10,3,1,B01,7,9,1,4,2,1,,7,7,1,13,4,120.684323,24.137238,2
7520,66000,387130000C,(04)23274275,(04)23288582,2025,6,20,11,51,臺中市,南屯區,0,0,0,7,,,60,,,,,,,,,,,,,,17,,,,,B03,,,1,,2,,,35,35,1,12,4,120.623104,24.145268,3
7521,66000,387130000C,(04)23274275,(04)23288582,2025,6,20,11,52,臺中市,南屯區,0,0,0,7,,,50,,,,,,,,,,,,,,12,,,,,C04,,,1,,9,,,84,84,1,13,4,120.644789,24.134688,3
7522,66000,387130000C,(04)23274275,(04)23288582,2025,6,20,11,54,臺中市,大雅區,0,0,0,7,1,6,50,3,1,1,5,4,6,6,4,4,5,5,5,1,17,,,,,B03,,,1,,2,,,51,51,1,13,4,120.653945,24.230123,3
7523,66000,387130000C,(04)23274275,(04)23288582,2025,6,20,11,54,臺中市,西區,0,1,0,7,2,6,50,4,1,1,5,4,6,6,1,1,10,5,5,2,13,2,9,5,4,C03,7,5,1,10,2,11,,84,84,1,12,4,120.661674,24.136559,2
7524,66000,387130000C,(04)23274275,(04)23288582,2025,6,20,11,58,臺中市,豐原區,0,0,0,7,,,50,,,,,,,,,,,,,,17,,,,,B12,,,1,,2,,,50,50,1,12,4,120.70525,24.23815,3
7525,66000,387130000C,(04)23274275,(04)23288582,2025,6,20,12,1,臺中市,南屯區,0,1,0,7,3,6,50,4,1,1,5,4,6,6,2,1,10,5,5,2,16,3,10,5,4,B03,7,5,1,8,2,2,,84,84,1,6,4,120.64982,24.15081,2