序號,縣市別代碼,機關代碼,市話,傳真,年,月,日,時,分,縣市,區,死亡數量,受傷數量,2-30,天候,道路照明設備,道路類別,道路速限,道路型態,事故位置,路面鋪裝,路面狀態,路面缺陷,障礙物,視距,號誌種類,號誌動作,分向設施,快車道或一般車道間,快慢車道間,路面邊線,事故類型及型態,受傷程度,主要傷處,保護裝備,行動電話或功能裝置,當事者區分(類別),車輛用途,當事者行動狀態,駕照狀態,駕照種類,飲酒情形,車輛撞擊部位最初,車輛撞擊部位其他,肇事因素個別,肇事因素主要,肇事逃逸,職業,共享經濟或外送平台,GPS座標X,GPS座標Y,事故類別
7526,66000,387130000C,(04)23274275,(04)23288582,2025,6,20,12,10,臺中市,西屯區,0,0,0,7,,,50,,,,,,,,,,,,,,13,,,,,B03,,,1,,2,,,7,7,1,13,4,120.638237,24.18147,3
7527,66000,387130000C,(04)23274275,(04)23288582,2025,6,20,12,14,臺中市,潭子區,0,0,0,7,,,50,,,,,,,,,,,,,,,,,,,B03,,,1,,2,,,49,49,1,13,4,120.690965,24.214995,3
7528,66000,387130000C,(04)23274275,(04)23288582,2025,6,20,12,17,臺中市,西屯區,0,0,0,7,,,30,,,,,,,,,,,,,,14,,,,,B01,,,1,,1,,,49,49,1,12,4,120.643201,24.176484,3
7529,66000,387130000C,(04)23274275,(04)23288582,2025,6,20,12,18,臺中市,大雅區,0,0,0,7,,,50,,,,,,,,,,,,,,17,,,,,B03,,,1,,2,,,84,84,1,13,4,120.634291,24.213475,3
7530,66000,387130000C,(04)23274275,(04)23288582,2025,6,20,12,19,臺中市,沙鹿區,0,0,0,7,,,50,,,,,,,,,,,,,,,,,,,B03,,,1,,1,,,78,78,1,13,4,120.569106,24.202428,3
7531,66000,387130000C,(04)23274275,(04)23288582,2025,6,20,12,21,臺中市,大里區,0,0,0,7,,,50,,,,,,,,,,,,,,17,,,,,B12,,,1,,2,,,75,75,1,12,4,120.704395,24.105737,3
7532,66000,387130000C,(04)23274275,(04)23288582,2025,6,20,12,26,臺中市,潭子區,0,0,0,7,,,50,,,,,,,,,,,,,,,,,,,B03,,,1,,2,,,49,49,1,12,4,120.690503,24.212493,3
7533,66000,387130000C,(04)23274275,(04)23288582,2025,6,20,12,27,臺中市,西屯區,0,0,0,7,,,30,,,,,,,,,,,,,,14,,,,,A11,,,1,,2,,,49,49,1,12,4,120.658943,24.161168,3
7534,66000,387130000C,(04)23274275,(04)23288582,2025,6,20,12,27,臺中市,后里區,0,0,0,7,,,50,,,,,,,,,,,,,,9,,,,,,,,,,,,,86,86,1,,,120.719778,24.302706,3
7535,66000,387130000C,(04)23274275,(04)23288582,2025,6,20,12,29,臺中市,西屯區,0,1,0,7,1,6,50,4,1,1,5,4,6,6,1,1,8,5,5,1,17,3,10,5,4,B03,7,5,1,8,2,2,,11,11,1,13,4,120.652422,24.166542,2
7536,66000,387130000C,(04)23274275,(04)23288582,2025,6,20,12,30,臺中市,太平區,0,0,0,7,,,50,,,,,,,,,,,,,,13,,,,,B03,,,1,,2,,,58,58,1,6,4,120.725299,24.14982,3
7537,66000,387130000C,(04)23274275,(04)23288582,2025,6,20,12,34,臺中市,潭子區,0,0,0,7,,,50,,,,,,,,,,,,,,,,,,,B03,,,1,,2,,,8,8,1,13,4,120.702051,24.204852,3
7538,66000,387130000C,(04)23274275,(04)23288582,2025,6,20,12,36,臺中市,龍井區,0,0,0,7,,,50,,,,,,,,,,,,,,12,,,,,C03,,,1,,2,,,51,51,1,6,4,120.584723,24.183872,3
7539,66000,387130000C,(04)23274275,(04)23288582,2025,6,20,12,36,臺中市,沙鹿區,0,1,0,7,3,6,40,13,8,1,5,4,6,6,4,4,1,4,3,1,26,2,9,1,1,C03,7,9,1,9,2,11,,82,82,1,12,4,120.567827,24.238664,2
7540,66000,387130000C,(04)23274275,(04)23288582,2025,6,20,12,40,臺中市,大雅區,0,0,0,7,,,50,,,,,,,,,,,,,,,,,,,B13,,,1,,2,,,8,8,1,12,4,120.667978,24.216799,3
7541,66000,387130000C,(04)23274275,(04)23288582,2025,6,20,12,44,臺中市,南屯區,0,1,0,7,2,6,50,13,9,1,5,4,6,6,4,4,5,4,4,2,17,2,9,2,1,C03,7,9,1,10,2,11,,7,7,1,12,4,120.652647,24.140309,2
7542,66000,387130000C,(04)23274275,(04)23288582,2025,6,20,12,46,臺中市,南屯區,0,0,0,7,,,50,,,,,,,,,,,,,,17,,,,,A12,,,1,,2,,,35,35,1,6,4,120.63234,24.145533,3
7543,66000,387130000C,(04)23274275,(04)23288582,2025,6,20,12,47,臺中市,龍井區,0,0,0,7,,,40,,,,,,,,,,,,,,12,,,,,B03,,,1,,2,,,40,40,1,6,4,120.57852,24.187334,3
7544,66000,387130000C,(04)23274275,(04)23288582,2025,6,20,12,50,臺中市,西屯區,0,1,0,7,2,6,40,3,19,1,5,4,6,6,1,1,10,5,5,2,2,3,10,3,1,B12,7,6,1,8,2,4,,10,10,1,12,4,120.624804,24.185127,2
7545,66000,387130000C,(04)23274275,(04)23288582,2025,6,20,12,55,臺中市,北屯區,0,1,0,7,3,6,50,4,2,1,5,4,6,6,1,1,10,5,5,2,17,2,9,1,1,C03,7,9,1,10,1,11,,59,59,1,12,4,120.694195,24.171069,2
7546,66000,387130000C,(04)23274275,(04)23288582,2025,6,20,12,55,臺中市,沙鹿區,0,0,0,7,,,60,,,,,,,,,,,,,,,,,,,B12,,,1,,1,,,84,84,1,6,4,120.577023,24.225486,3
7547,66000,387130000C,(04)23274275,(04)23288582,2025,6,20,12,57,臺中市,西屯區,0,1,0,7,2,6,50,4,1,1,5,4,6,6,1,1,10,5,5,2,17,3,10,1,1,C03,7,9,1,10,2,16,,42,42,1,12,4,120.649064,24.193666,2
7548,66000,387130000C,(04)23274275,(04)23288582,2025,6,20,13,0,臺中市,西區,0,1,0,7,3,6,50,4,1,1,5,4,6,6,1,1,10,5,5,2,16,3,10,3,1,B01,7,6,1,4,2,1,,11,11,1,12,4,120.665283,24.146755,2
7549,66000,387130000C,(04)23274275,(04)23288582,2025,6,20,13,16,臺中市,北屯區,0,2,0,7,3,6,50,4,1,1,5,4,6,6,1,1,10,5,5,2,13,2,8,1,1,C03,7,9,1,10,2,11,,7,7,1,12,4,120.705978,24.16948,2
7550,66000,387130000C,(04)23274275,(04)23288582,2025,6,20,13,20,臺中市,龍井區,0,1,0,7,3,6,50,3,2,1,5,4,6,6,1,1,5,5,5,1,13,3,10,3,1,A12,7,9,1,2,2,5,,84,84,1,6,4,120.544265,24.177481,2
7551,66000,387130000C,(04)23274275,(04)23288582,2025,6,20,13,20,臺中市,豐原區,0,1,0,7,2,6,50,3,1,1,5,4,6,6,3,1,10,5,5,2,17,3,10,3,1,B03,7,6,1,8,2,1,,11,11,1,13,4,120.704968,24.24047,2
7552,66000,387130000C,(04)23274275,(04)23288582,2025,6,20,13,23,臺中市,神岡區,0,0,0,7,,,50,,,,,,,,,,,,,,13,,,,,C03,,,1,,1,,,7,7,1,12,2,120.683089,24.24388,3
7553,66000,387130000C,(04)23274275,(04)23288582,2025,6,20,13,29,臺中市,南區,0,0,0,7,,,40,,,,,,,,,,,,,,17,,,,,B03,,,1,,9,,,8,8,1,12,4,120.679965,24.123793,3
7554,66000,387130000C,(04)23274275,(04)23288582,2025,6,20,13,30,臺中市,大雅區,0,0,0,7,,,50,,,,,,,,,,,,,,,,,,,C03,,,1,,2,,,7,7,1,13,4,120.643959,24.22087,3
7555,66000,387130000C,(04)23274275,(04)23288582,2025,6,20,13,30,臺中市,大里區,0,1,0,7,2,6,50,13,7,1,5,4,6,6,4,4,5,5,4,1,17,3,10,3,1,B12,7,11,1,4,2,7,,45,45,1,13,4,120.7095,24.094502,2
7556,66000,387130000C,(04)23274275,(04)23288582,2025,6,20,13,33,臺中市,太平區,0,0,0,7,,,50,,,,,,,,,,,,,,,,,,,C03,,,1,,2,,,50,50,1,12,4,120.72099,24.157865,3
7557,66000,387130000C,(04)23274275,(04)23288582,2025,6,20,13,35,臺中市,潭子區,0,0,0,7,,,50,,,,,,,,,,,,,,,,,,,B02,,,1,,2,,,59,59,1,12,4,120.709251,24.22987,3
7558,66000,387130000C,(04)23274275,(04)23288582,2025,6,20,13,35,臺中市,南屯區,0,1,0,7,2,6,30,13,9,1,5,4,6,6,4,4,10,5,5,2,11,2,9,2,1,C02,7,9,1,9,2,12,,41,41,1,12,4,120.612231,24.157678,2
7559,66000,387130000C,(04)23274275,(04)23288582,2025,6,20,13,40,臺中市,潭子區,0,0,0,7,,,50,,,,,,,,,,,,,,,,,,,,,,,,,,,86,86,2,,,120.709703,24.21513,3
7560,66000,387130000C,(04)23274275,(04)23288582,2025,6,20,13,43,臺中市,西屯區,0,0,0,7,,,50,,,,,,,,,,,,,,13,,,,,B03,,,1,,2,,,59,59,1,13,4,120.644959,24.162776,3
7561,66000,387130000C,(04)23274275,(04)23288582,2025,6,20,13,46,臺中市,南屯區,0,0,0,7,,,50,,,,,,,,,,,,,,,,,,,C03,,,1,,1,,,59,59,1,12,4,120.62267,24.140394,4
7562,66000,387130000C,(04)23274275,(04)23288582,2025,6,20,13,50,臺中市,西屯區,0,1,0,7,2,6,50,4,1,1,5,4,6,6,2,1,10,5,5,2,16,3,10,3,4,B03,7,5,1,8,2,2,,11,11,1,12,4,120.637023,24.172144,2
7563,66000,387130000C,(04)23274275,(04)23288582,2025,6,20,13,52,臺中市,北區,0,1,0,7,2,6,50,4,1,1,5,4,6,6,1,1,5,5,5,2,15,2,9,1,1,C03,7,9,1,10,2,12,14,21,21,1,13,4,120.67362,24.154,2
7564,66000,387130000C,(04)23274275,(04)23288582,2025,6,20,13,55,臺中市,豐原區,0,1,0,7,2,6,30,4,1,1,5,4,6,6,4,4,10,5,5,2,17,3,10,2,1,C03,7,5,1,10,2,11,,15,15,1,13,4,120.733619,24.250408,2
7565,66000,387130000C,(04)23274275,(04)23288582,2025,6,20,13,58,臺中市,西區,0,0,0,7,,,50,,,,,,,,,,,,,,13,,,,,C03,,,1,,1,,,7,7,1,12,4,120.665876,24.139928,3
7566,66000,387130000C,(04)23274275,(04)23288582,2025,6,20,13,58,臺中市,大甲區,0,1,0,7,3,6,50,5,1,1,5,4,6,6,4,4,10,5,5,2,16,3,10,1,1,C03,7,6,1,10,2,12,,14,14,1,6,4,120.626888,24.352718,2
7567,66000,387130000C,(04)23274275,(04)23288582,2025,6,20,14,2,臺中市,北屯區,0,1,0,7,3,6,50,3,1,1,5,4,6,6,4,4,10,5,5,2,16,3,10,3,1,B03,7,6,1,8,2,4,,12,12,1,6,4,120.704663,24.187149,2
7568,66000,387130000C,(04)23274275,(04)23288582,2025,6,20,14,2,臺中市,大里區,0,0,0,7,,,30,,,,,,,,,,,,,,15,,,,,C03,,,1,,2,,,15,15,1,13,4,120.677454,24.094731,3
7569,66000,387130000C,(04)23274275,(04)23288582,2025,6,20,14,4,臺中市,豐原區,0,1,0,7,2,6,40,3,2,1,5,4,6,6,1,1,1,4,5,2,17,2,8,5,4,C03,7,1,1,10,2,14,,51,51,1,13,4,120.701364,24.249009,2
7570,66000,387130000C,(04)23274275,(04)23288582,2025,6,20,14,9,臺中市,北屯區,1,0,0,7,3,6,60,4,1,1,5,4,6,6,2,1,10,5,5,2,16,1,9,1,1,C03,7,6,3,19,9,14,,36,36,1,12,4,120.715149,24.164191,1
7571,66000,387130000C,(04)23274275,(04)23288582,2025,6,20,14,15,臺中市,西區,0,0,0,7,2,6,50,13,9,1,5,4,6,6,4,4,3,4,5,2,17,,,,,B03,,,1,,1,,,50,50,1,13,4,120.65352,24.151065,3
7572,66000,387130000C,(04)23274275,(04)23288582,2025,6,20,14,16,臺中市,南屯區,0,2,0,7,3,6,50,4,1,1,5,4,6,6,1,1,10,5,5,2,16,2,3,2,1,C03,7,6,1,10,2,13,,48,48,1,12,4,120.638198,24.139952,2
7573,66000,387130000C,(04)23274275,(04)23288582,2025,6,20,14,19,臺中市,南屯區,0,1,0,7,3,6,50,13,9,1,5,4,6,6,4,4,5,4,5,2,12,2,9,1,1,C03,7,9,1,10,2,11,,84,84,1,12,4,120.622888,24.140467,2
7574,66000,387130000C,(04)23274275,(04)23288582,2025,6,20,14,20,臺中市,東區,0,0,0,7,,,50,,,,,,,,,,,,,,,,,,,B03,,,1,,1,,,78,78,1,6,4,120.692704,24.14773,3
7575,66000,387130000C,(04)23274275,(04)23288582,2025,6,20,14,22,臺中市,大里區,0,0,0,7,,,50,,,,,,,,,,,,,,13,,,,,C03,,,1,,5,,,7,7,1,6,4,120.682412,24.100469,3
7576,66000,387130000C,(04)23274275,(04)23288582,2025,6,20,14,27,臺中市,神岡區,0,0,0,7,,,50,,,,,,,,,,,,,,12,,,,,B03,,,1,,1,,,8,8,1,12,4,120.697939,24.248553,3
7577,66000,387130000C,(04)23274275,(04)23288582,2025,6,20,14,30,臺中市,南屯區,0,0,0,7,,,50,,,,,,,,,,,,,,,,,,,B12,,,1,,1,,,50,50,1,12,4,120.61161,24.14566,3
7578,66000,387130000C,(04)23274275,(04)23288582,2025,6,20,14,30,臺中市,西屯區,0,1,0,7,2,6,40,13,8,1,5,4,6,6,4,4,1,4,1,2,13,2,9,2,1,C03,7,9,1,10,2,11,,7,7,1,13,4,120.615268,24.182938,2
7579,66000,387130000C,(04)23274275,(04)23288582,2025,6,20,14,33,臺中市,北區,0,1,0,7,2,6,30,3,2,1,5,4,6,6,4,4,10,5,5,2,12,3,10,3,1,B03,7,5,1,8,2,8,,14,14,1,13,4,120.681265,24.163293,2
7580,66000,387130000C,(04)23274275,(04)23288582,2025,6,20,14,33,臺中市,南屯區,0,1,0,7,2,6,50,13,9,1,5,4,6,6,4,4,8,5,5,2,17,2,9,2,4,C03,7,9,1,10,2,12,14,59,59,1,13,4,120.630573,24.140645,2
7581,66000,387130000C,(04)23274275,(04)23288582,2025,6,20,14,35,臺中市,北區,0,0,0,7,3,6,50,18,24,1,5,4,6,6,1,1,5,5,5,2,17,,,,,B03,,,1,,1,,,59,59,1,13,4,120.681734,24.155426,4
7582,66000,387130000C,(04)23274275,(04)23288582,2025,6,20,14,35,臺中市,大里區,0,1,0,7,2,6,50,18,24,1,5,4,6,6,1,1,10,5,5,2,17,3,10,3,1,B01,7,1,1,4,2,8,,51,51,1,6,4,120.729581,24.092225,2
7583,66000,387130000C,(04)23274275,(04)23288582,2025,6,20,14,36,臺中市,北區,0,3,0,7,2,6,50,4,2,1,5,4,6,6,2,1,1,4,4,2,13,2,9,2,1,C03,7,9,1,10,2,11,,7,7,1,12,4,120.674174,24.164801,2
7584,66000,387130000C,(04)23274275,(04)23288582,2025,6,20,14,37,臺中市,大里區,0,0,0,7,,,50,,,,,,,,,,,,,,,,,,,B03,,,1,,2,,,87,87,1,13,4,120.694661,24.097869,3
7585,66000,387130000C,(04)23274275,(04)23288582,2025,6,20,14,41,臺中市,東區,0,0,0,7,,,30,,,,,,,,,,,,,,14,,,,,B12,,,1,,1,,,49,49,1,6,4,120.703804,24.126807,3
7586,66000,387130000C,(04)23274275,(04)23288582,2025,6,20,14,42,臺中市,西屯區,0,0,0,7,,,30,,,,,,,,,,,,,,11,,,,,C03,,,1,,1,,,8,8,1,13,4,120.640834,24.196748,3
7587,66000,387130000C,(04)23274275,(04)23288582,2025,6,20,14,43,臺中市,豐原區,0,1,0,7,2,6,50,4,4,1,5,4,6,6,1,1,5,4,5,2,13,3,10,5,4,B03,7,1,1,8,2,5,,59,59,1,12,4,120.722596,24.255849,2
7588,66000,387130000C,(04)23274275,(04)23288582,2025,6,20,14,45,臺中市,太平區,0,1,0,7,2,6,50,3,1,1,5,4,6,6,1,1,10,5,5,2,18,2,9,1,1,C03,7,6,1,10,2,14,,84,84,1,12,4,120.734092,24.143423,2
7589,66000,387130000C,(04)23274275,(04)23288582,2025,6,20,14,45,臺中市,豐原區,0,0,0,7,,,50,,,,,,,,,,,,,,17,,,,,B12,,,1,,2,,,51,51,1,13,4,120.714693,24.239294,4
7590,66000,387130000C,(04)23274275,(04)23288582,2025,6,20,14,50,臺中市,南區,0,2,0,7,2,6,50,3,1,1,5,4,6,6,4,4,10,5,5,2,17,2,9,1,1,C03,7,9,1,10,2,11,,85,85,1,12,4,120.666291,24.128499,2
7591,66000,387130000C,(04)23274275,(04)23288582,2025,6,20,14,50,臺中市,沙鹿區,0,0,0,7,,,50,,,,,,,,,,,,,,17,,,,,B03,,,1,,1,,,50,50,1,6,4,120.566235,24.251233,3
7592,66000,387130000C,(04)23274275,(04)23288582,2025,6,20,14,55,臺中市,大雅區,0,0,0,7,,,70,,,,,,,,,,,,,,,,,,,B03,,,1,,1,,,7,7,1,13,4,120.641417,24.229975,3
7593,66000,387130000C,(04)23274275,(04)23288582,2025,6,20,14,59,臺中市,大里區,0,1,0,7,2,6,30,13,9,1,5,4,6,6,4,4,10,5,5,1,14,3,10,3,1,B03,7,2,1,8,2,3,,49,49,1,12,4,120.665712,24.085862,2
7594,66000,387130000C,(04)23274275,(04)23288582,2025,6,20,15,0,臺中市,太平區,0,0,0,7,,,50,,,,,,,,,,,,,,10,,,,,C03,,,1,,2,,,39,39,1,6,4,120.716617,24.124192,3
7595,66000,387130000C,(04)23274275,(04)23288582,2025,6,20,15,4,臺中市,西區,0,0,0,7,,,40,,,,,,,,,,,,,,,,,,,B03,,,1,,2,,,84,84,1,12,4,120.655205,24.14788,3
7596,66000,387130000C,(04)23274275,(04)23288582,2025,6,20,15,6,臺中市,太平區,0,0,0,7,,,50,,,,,,,,,,,,,,,,,,,B12,,,1,,1,,,49,49,1,12,4,120.722352,24.154142,3
7597,66000,387130000C,(04)23274275,(04)23288582,2025,6,20,15,8,臺中市,豐原區,0,2,0,7,2,6,50,13,9,1,5,4,6,6,4,4,10,5,5,2,13,2,9,1,1,C03,7,9,1,10,2,11,,7,7,1,6,4,120.700404,24.249354,2
7598,66000,387130000C,(04)23274275,(04)23288582,2025,6,20,15,11,臺中市,西屯區,0,1,0,6,3,6,50,13,7,1,5,4,6,6,4,4,1,4,4,2,13,3,10,5,4,B12,7,9,1,8,2,1,,56,56,1,12,4,120.651801,24.207547,2
7599,66000,387130000C,(04)23274275,(04)23288582,2025,6,20,15,13,臺中市,大里區,0,0,0,7,,,50,,,,,,,,,,,,,,15,,,,,C03,,,5,,1,,,21,21,1,12,4,120.701568,24.096122,3
7600,66000,387130000C,(04)23274275,(04)23288582,2025,6,20,15,13,臺中市,沙鹿區,0,1,0,7,2,6,60,13,7,1,5,4,6,6,4,4,1,4,1,1,13,3,10,3,1,B03,7,9,1,8,2,5,,85,85,1,12,4,120.58361,24.250097,2
7601,66000,387130000C,(04)23274275,(04)23288582,2025,6,20,15,14,臺中市,西屯區,0,0,0,7,,,50,,,,,,,,,,,,,,13,,,,,B01,,,1,,1,,,84,84,1,13,4,120.649864,24.163498,3
7602,66000,387130000C,(04)23274275,(04)23288582,2025,6,20,15,15,臺中市,北區,0,0,0,7,,,50,,,,,,,,,,,,,,17,,,,,B03,,,1,,1,,,84,84,1,13,4,120.685027,24.165262,4
7603,66000,387130000C,(04)23274275,(04)23288582,2025,6,20,15,15,臺中市,南屯區,0,1,0,7,2,6,30,3,1,1,5,4,6,6,4,4,10,5,5,2,17,2,7,3,1,B03,7,5,1,8,1,8,,14,14,1,12,4,120.622706,24.149843,2
7604,66000,387130000C,(04)23274275,(04)23288582,2025,6,20,15,15,臺中市,西屯區,0,0,0,7,,,40,,,,,,,,,,,,,,13,,,,,B03,,,1,,1,,,7,7,1,12,4,120.654523,24.159506,4
7605,66000,387130000C,(04)23274275,(04)23288582,2025,6,20,15,16,臺中市,大甲區,0,0,0,7,,,50,,,,,,,,,,,,,,14,,,,,B03,,,1,,1,,,49,49,1,6,4,120.623699,24.341102,3
7606,66000,387130000C,(04)23274275,(04)23288582,2025,6,20,15,19,臺中市,大里區,0,0,0,7,,,80,,,,,,,,,,,,,,13,,,,,B03,,,1,,2,,,7,7,1,13,4,120.700935,24.121131,3
7607,66000,387130000C,(04)23274275,(04)23288582,2025,6,20,15,20,臺中市,北區,0,0,0,7,,,30,,,,,,,,,,,,,,14,,,,,B03,,,1,,9,,,49,49,2,13,4,120.68149,24.155063,3
7608,66000,387130000C,(04)23274275,(04)23288582,2025,6,20,15,21,臺中市,龍井區,0,1,0,7,3,6,50,13,9,1,5,4,6,6,4,4,5,5,5,2,13,3,10,3,1,B03,7,9,1,8,2,1,,84,84,1,6,4,120.545803,24.183916,2
7609,66000,387130000C,(04)23274275,(04)23288582,2025,6,20,15,25,臺中市,烏日區,0,0,0,7,2,6,50,4,1,1,,4,6,6,1,1,10,5,5,2,13,3,10,3,1,B12,7,9,1,8,1,1,,7,7,1,6,4,120.62734,24.10404,3
7610,66000,387130000C,(04)23274275,(04)23288582,2025,6,20,15,26,臺中市,太平區,0,0,0,7,2,6,50,,,,,,,,,,,,,,,,,,,B03,,,1,,2,5,,84,84,1,12,4,120.716559,24.150537,3
7611,66000,387130000C,(04)23274275,(04)23288582,2025,6,20,15,29,臺中市,西屯區,0,0,0,7,,,50,,,,,,,,,,,,,,12,,,,,A04,,,1,,1,,,50,50,1,13,4,120.636539,24.168585,3
7612,66000,387130000C,(04)23274275,(04)23288582,2025,6,20,15,30,臺中市,烏日區,0,0,0,7,,,30,,,,,,,,,,,,,,,,,,,B03,,,1,,2,,,50,50,1,6,4,120.639,24.103014,3
7613,66000,387130000C,(04)23274275,(04)23288582,2025,6,20,15,34,臺中市,大里區,0,0,0,7,,,50,,,,,,,,,,,,,,16,,,,,C03,,,1,,2,,,84,84,1,12,4,120.664464,24.096892,3
7614,66000,387130000C,(04)23274275,(04)23288582,2025,6,20,15,40,臺中市,中區,0,0,0,7,,,50,,,,,,,,,,,,,,,,,,,B03,,,1,,2,,,43,43,1,12,4,120.684806,24.141874,3
7615,66000,387130000C,(04)23274275,(04)23288582,2025,6,20,15,40,臺中市,大里區,0,0,0,7,2,6,50,3,1,1,5,4,6,6,4,4,10,5,5,2,16,,,,,B03,,,1,,2,,,14,14,1,6,4,120.712308,24.08601,3
7616,66000,387130000C,(04)23274275,(04)23288582,2025,6,20,15,41,臺中市,北區,0,1,0,7,2,6,50,3,1,1,5,4,6,6,1,1,10,5,5,2,17,3,10,5,4,B03,7,15,1,8,2,16,,42,42,1,13,4,120.67206,24.15572,2
7617,66000,387130000C,(04)23274275,(04)23288582,2025,6,20,15,45,臺中市,豐原區,0,1,0,7,2,6,50,4,1,1,5,4,6,6,1,1,10,5,5,2,17,3,10,3,1,B03,7,9,1,8,2,4,,58,58,1,13,4,120.718948,24.243416,2
7618,66000,387130000C,(04)23274275,(04)23288582,2025,6,20,15,46,臺中市,烏日區,0,1,0,7,2,6,50,13,9,1,5,4,6,6,1,1,5,4,5,1,13,2,8,1,1,C03,7,9,1,10,2,11,,84,84,1,6,4,120.636044,24.09735,2
7619,66000,387130000C,(04)23274275,(04)23288582,2025,6,20,15,50,臺中市,南屯區,0,1,0,7,3,6,40,13,8,1,5,4,6,6,4,4,5,5,4,2,17,3,10,3,1,B03,7,1,1,8,2,5,,51,51,1,12,4,120.630065,24.122826,2
7620,66000,387130000C,(04)23274275,(04)23288582,2025,6,20,15,53,臺中市,西區,0,1,0,7,3,6,50,4,1,1,5,4,6,6,1,1,10,5,5,2,16,2,9,2,1,C03,7,5,1,10,1,12,,84,84,1,12,4,120.665207,24.150823,2
7621,66000,387130000C,(04)23274275,(04)23288582,2025,6,20,15,53,臺中市,南區,0,0,0,7,,,50,,,,,,,,,,,,,,12,,,,,B11,,,1,,1,,,8,8,1,13,4,120.652873,24.108827,3
7622,66000,387130000C,(04)23274275,(04)23288582,2025,6,20,15,55,臺中市,西區,0,0,0,7,,,50,,,,,,,,,,,,,,12,,,,,B03,,,1,,1,,,50,50,1,12,4,120.675867,24.137003,3
7623,66000,387130000C,(04)23274275,(04)23288582,2025,6,20,15,59,臺中市,北屯區,0,0,0,7,,,80,,,,,,,,,,,,,,,,,,,B03,,,1,,2,,,7,7,1,6,4,120.72213,24.192894,3
7624,66000,387130000C,(04)23274275,(04)23288582,2025,6,20,15,59,臺中市,大里區,0,1,0,7,2,6,50,4,2,1,5,4,6,6,1,1,10,5,5,1,16,3,10,3,1,B12,7,5,1,6,2,5,,11,11,1,12,4,120.696682,24.111169,2
7625,66000,387130000C,(04)23274275,(04)23288582,2025,6,20,16,0,臺中市,北屯區,0,1,0,7,2,6,50,4,1,1,5,4,6,6,1,1,10,5,5,2,17,3,10,3,1,B03,7,5,1,8,2,2,,20,20,1,12,4,120.70396,24.182162,2
7626,66000,387130000C,(04)23274275,(04)23288582,2025,6,20,16,0,臺中市,太平區,0,2,0,7,3,6,50,3,1,1,5,4,6,6,4,4,10,5,5,2,13,2,9,1,1,C03,7,9,2,19,2,11,,58,58,1,12,4,120.73525,24.133706,2
7627,66000,387130000C,(04)23274275,(04)23288582,2025,6,20,16,5,臺中市,沙鹿區,0,1,0,7,2,6,50,13,9,1,5,4,6,6,4,4,9,5,5,2,17,2,8,1,1,C03,7,1,1,10,2,11,14,51,51,1,6,4,120.609142,24.243309,2
7628,66000,387130000C,(04)23274275,(04)23288582,2025,6,20,16,6,臺中市,后里區,0,2,0,7,2,6,50,4,1,1,5,4,6,6,4,4,10,5,5,2,15,2,9,1,1,C03,7,9,1,10,2,11,,15,15,1,12,4,120.71259,24.306654,2
7629,66000,387130000C,(04)23274275,(04)23288582,2025,6,20,16,11,臺中市,潭子區,0,2,0,7,3,6,50,3,1,1,5,4,6,6,4,4,5,5,5,2,17,2,9,2,1,C03,7,6,3,19,2,14,,48,48,1,13,4,120.713825,24.205536,2
7630,66000,387130000C,(04)23274275,(04)23288582,2025,6,20,16,17,臺中市,霧峰區,0,1,0,7,3,6,50,13,9,1,5,4,6,6,4,4,9,5,5,2,12,3,10,3,1,B03,7,11,1,8,2,4,,45,45,1,12,4,120.685362,24.050311,2
7631,66000,387130000C,(04)23274275,(04)23288582,2025,6,20,16,17,臺中市,大里區,0,0,0,7,,,60,,,,,,,,,,,,,,13,,,,,B03,,,1,,2,,,7,7,1,13,4,120.690909,24.100987,3
7632,66000,387130000C,(04)23274275,(04)23288582,2025,6,20,16,17,臺中市,龍井區,0,0,0,7,,,50,,,,,,,,,,,,,,,,,,,A05,,,1,,9,,,77,77,1,6,4,120.523674,24.202803,3
7633,66000,387130000C,(04)23274275,(04)23288582,2025,6,20,16,18,臺中市,豐原區,0,1,0,7,2,6,40,13,14,1,5,4,6,6,4,4,5,5,5,1,17,2,7,5,4,C03,7,9,2,19,2,11,,84,84,1,13,4,120.728142,24.244846,2
7634,66000,387130000C,(04)23274275,(04)23288582,2025,6,20,16,19,臺中市,北屯區,0,0,0,7,,,50,,,,,,,,,,,,,,13,,,,,B03,,,1,,1,,,84,84,1,12,4,120.737647,24.178458,3
7635,66000,387130000C,(04)23274275,(04)23288582,2025,6,20,16,20,臺中市,東區,0,0,0,7,,,50,,,,,,,,,,,,,,16,,,,,B03,,,1,,1,,,45,45,1,12,4,120.684233,24.130588,3
7636,66000,387130000C,(04)23274275,(04)23288582,2025,6,20,16,20,臺中市,南屯區,0,2,0,7,3,6,50,4,2,1,5,4,6,6,1,1,10,5,5,2,17,3,10,3,1,B03,7,9,1,8,2,5,,8,8,1,12,4,120.652912,24.140389,2
7637,66000,387130000C,(04)23274275,(04)23288582,2025,6,20,16,20,臺中市,大里區,0,0,0,7,,,50,,,,,,,,,,,,,,13,,,,,B03,,,1,,2,,,7,7,1,12,4,120.693594,24.105302,3
7638,66000,387130000C,(04)23274275,(04)23288582,2025,6,20,16,20,臺中市,沙鹿區,0,1,0,7,2,6,50,13,9,1,5,4,6,6,4,4,5,5,5,2,17,2,9,1,1,C03,7,9,1,10,2,11,,84,84,1,12,4,120.557507,24.23417,2