序號,縣市別代碼,機關代碼,市話,傳真,年,月,日,時,分,縣市,區,死亡數量,受傷數量,2-30,天候,道路照明設備,道路類別,道路速限,道路型態,事故位置,路面鋪裝,路面狀態,路面缺陷,障礙物,視距,號誌種類,號誌動作,分向設施,快車道或一般車道間,快慢車道間,路面邊線,事故類型及型態,受傷程度,主要傷處,保護裝備,行動電話或功能裝置,當事者區分(類別),車輛用途,當事者行動狀態,駕照狀態,駕照種類,飲酒情形,車輛撞擊部位最初,車輛撞擊部位其他,肇事因素個別,肇事因素主要,肇事逃逸,職業,共享經濟或外送平台,GPS座標X,GPS座標Y,事故類別
8086,66000,387130000C,(04)23274275,(04)23288582,2025,6,21,17,10,臺中市,豐原區,0,1,0,7,2,6,50,4,1,1,5,4,6,6,1,1,10,5,5,2,16,3,10,3,1,B03,7,6,1,8,2,2,,11,11,1,13,4,120.720413,24.26559,2
8087,66000,387130000C,(04)23274275,(04)23288582,2025,6,21,17,11,臺中市,龍井區,0,0,0,7,,,50,,,,,,,,,,,,,,,,,,,B03,,,1,,2,,,49,49,1,6,4,120.530609,24.18368,3
8088,66000,387130000C,(04)23274275,(04)23288582,2025,6,21,17,12,臺中市,烏日區,0,0,0,7,,,50,,,,,,,,,,,,,,11,,,,,A12,,,1,,2,,,48,48,1,13,4,120.647302,24.092278,3
8089,66000,387130000C,(04)23274275,(04)23288582,2025,6,21,17,12,臺中市,烏日區,0,0,0,7,,,60,,,,,,,,,,,,,,13,,,,,B03,,,1,,2,,,7,7,1,6,4,120.652446,24.090773,3
8090,66000,387130000C,(04)23274275,(04)23288582,2025,6,21,17,13,臺中市,霧峰區,0,0,0,7,,,70,,,,,,,,,,,,,,13,,,,,B03,,,1,,1,,,7,7,1,12,4,120.663828,24.076976,3
8091,66000,387130000C,(04)23274275,(04)23288582,2025,6,21,17,15,臺中市,南屯區,0,0,0,7,,,50,,,,,,,,,,,,,,,,,,,B01,,,1,,2,,,59,59,1,12,4,120.636901,24.135997,3
8092,66000,387130000C,(04)23274275,(04)23288582,2025,6,21,17,15,臺中市,北屯區,0,0,0,7,,,50,,,,,,,,,,,,,,,,,,,C03,,,1,,1,,,7,7,1,12,4,120.685522,24.172194,3
8093,66000,387130000C,(04)23274275,(04)23288582,2025,6,21,17,18,臺中市,東勢區,0,0,0,5,,,30,,,,,,,,,,,,,,11,,,,,A12,,,1,,1,,,8,8,1,13,4,120.83036,24.244678,3
8094,66000,387130000C,(04)23274275,(04)23288582,2025,6,21,17,20,臺中市,東區,0,0,0,7,,,50,,,,,,,,,,,,,,30,,,,,C03,,,1,,2,,,87,87,1,6,4,120.705338,24.144582,3
8095,66000,387130000C,(04)23274275,(04)23288582,2025,6,21,17,20,臺中市,大里區,0,1,0,7,2,6,50,13,24,1,5,4,6,6,4,4,10,5,5,2,17,3,10,3,1,B03,7,11,1,8,2,4,,45,45,1,6,4,120.709688,24.094527,2
8096,66000,387130000C,(04)23274275,(04)23288582,2025,6,21,17,21,臺中市,西屯區,0,2,0,7,3,6,50,4,1,1,5,4,6,6,2,1,10,5,5,2,16,3,10,3,1,B03,7,6,1,8,1,6,,11,11,1,13,4,120.64693,24.168943,2
8097,66000,387130000C,(04)23274275,(04)23288582,2025,6,21,17,22,臺中市,北區,0,0,0,7,,,50,,,,,,,,,,,,,,13,,,,,B12,,,1,,1,,,7,7,1,13,4,120.684227,24.145313,3
8098,66000,387130000C,(04)23274275,(04)23288582,2025,6,21,17,23,臺中市,北區,0,1,0,7,3,6,50,4,1,1,5,4,6,6,2,1,10,5,5,2,17,2,9,5,4,C03,7,9,1,10,2,11,,7,7,1,13,4,120.674674,24.162866,2
8099,66000,387130000C,(04)23274275,(04)23288582,2025,6,21,17,28,臺中市,烏日區,0,0,0,7,,,50,,,,,,,,,,,,,,,,,,,B03,,,1,,1,,,14,14,1,13,4,120.621202,24.106475,4
8100,66000,387130000C,(04)23274275,(04)23288582,2025,6,21,17,30,臺中市,西屯區,0,0,0,7,,,50,,,,,,,,,,,,,,17,,,,,B12,,,1,,1,,,51,51,1,12,4,120.658743,24.171757,3
8101,66000,387130000C,(04)23274275,(04)23288582,2025,6,21,17,32,臺中市,北屯區,0,1,0,7,2,6,50,4,1,1,5,4,6,6,4,4,10,5,5,2,15,2,7,2,1,C03,7,9,3,19,2,11,,15,15,1,6,4,120.715878,24.170899,2
8102,66000,387130000C,(04)23274275,(04)23288582,2025,6,21,17,32,臺中市,神岡區,0,0,0,7,,,50,,,,,,,,,,,,,,11,,,,,C03,,,3,,2,,,26,26,1,12,4,120.661407,24.261807,3
8103,66000,387130000C,(04)23274275,(04)23288582,2025,6,21,17,35,臺中市,豐原區,0,2,0,7,3,6,50,4,1,1,5,4,6,6,4,4,5,5,5,2,17,2,9,1,4,C03,7,4,2,19,2,12,,7,7,1,12,4,120.719915,24.252733,2
8104,66000,387130000C,(04)23274275,(04)23288582,2025,6,21,17,35,臺中市,豐原區,0,0,0,7,,,50,,,,,,,,,,,,,,16,,,,,B03,,,1,,2,,,11,11,1,13,4,120.699207,24.248976,3
8105,66000,387130000C,(04)23274275,(04)23288582,2025,6,21,17,38,臺中市,神岡區,0,0,0,7,,,30,,,,,,,,,,,,,,17,,,,,B12,,,5,,2,,,59,59,1,13,4,120.692535,24.236345,3
8106,66000,387130000C,(04)23274275,(04)23288582,2025,6,21,17,39,臺中市,神岡區,0,2,0,7,2,6,50,4,1,1,5,4,6,6,1,1,10,5,5,2,15,2,9,5,4,C03,7,9,1,10,2,14,,21,21,1,12,4,120.692085,24.235345,2
8107,66000,387130000C,(04)23274275,(04)23288582,2025,6,21,17,40,臺中市,南屯區,0,1,0,7,2,6,50,4,2,1,5,4,6,6,2,1,1,4,4,2,13,2,9,2,1,C03,7,9,1,10,1,11,,84,84,1,13,4,120.646627,24.137415,2
8108,66000,387130000C,(04)23274275,(04)23288582,2025,6,21,17,41,臺中市,西區,0,0,0,7,,,50,,,,,,,,,,,,,,13,,,,,B13,,,1,,2,,,84,84,1,12,4,120.676494,24.140766,3
8109,66000,387130000C,(04)23274275,(04)23288582,2025,6,21,17,46,臺中市,大里區,0,0,0,7,,,50,,,,,,,,,,,,,,17,,,,,B03,,,1,,2,,,49,49,1,12,4,120.681141,24.103737,3
8110,66000,387130000C,(04)23274275,(04)23288582,2025,6,21,17,47,臺中市,豐原區,0,1,0,7,2,6,50,4,1,1,5,4,6,6,1,1,5,4,5,1,12,3,10,5,4,C03,7,5,3,19,2,12,,47,47,1,13,4,120.720283,24.264687,2
8111,66000,387130000C,(04)23274275,(04)23288582,2025,6,21,17,50,臺中市,沙鹿區,0,0,0,7,2,6,50,13,7,1,5,4,6,6,4,4,4,3,4,2,20,,,,,B03,,,1,,2,,,84,84,1,12,4,120.567072,24.254237,3
8112,66000,387130000C,(04)23274275,(04)23288582,2025,6,21,17,51,臺中市,北屯區,0,0,0,7,,,50,,,,,,,,,,,,,,17,,,,,B03,,,1,,1,,,8,8,1,12,4,120.692133,24.179476,3
8113,66000,387130000C,(04)23274275,(04)23288582,2025,6,21,17,52,臺中市,北區,0,0,0,7,,,50,,,,,,,,,,,,,,16,,,,,B03,,,1,,1,,,47,47,1,13,4,120.680022,24.152442,3
8114,66000,387130000C,(04)23274275,(04)23288582,2025,6,21,17,55,臺中市,北屯區,0,1,0,7,2,6,50,3,1,1,5,4,6,6,4,4,10,5,5,2,17,3,10,3,1,B01,7,6,1,4,2,16,,48,48,1,6,4,120.726511,24.169319,2
8115,66000,387130000C,(04)23274275,(04)23288582,2025,6,21,17,56,臺中市,龍井區,0,1,0,7,3,6,30,4,1,1,5,4,6,6,4,4,10,5,5,2,16,3,10,3,1,B03,7,6,1,8,2,1,,12,12,1,6,4,120.524145,24.210858,2
8116,66000,387130000C,(04)23274275,(04)23288582,2025,6,21,17,56,臺中市,豐原區,0,0,0,7,,,50,,,,,,,,,,,,,,13,,,,,B03,,,1,,2,,,84,84,1,12,4,120.714862,24.249042,3
8117,66000,387130000C,(04)23274275,(04)23288582,2025,6,21,18,0,臺中市,西區,0,1,0,7,3,6,50,4,1,1,5,4,6,6,1,1,10,5,5,2,17,3,10,2,1,C03,7,14,1,10,2,12,,84,84,1,12,4,120.673347,24.147628,2
8118,66000,387130000C,(04)23274275,(04)23288582,2025,6,21,18,0,臺中市,沙鹿區,0,2,0,7,1,6,40,3,3,1,5,4,6,6,1,1,1,3,4,1,13,2,8,2,1,C03,7,9,1,10,2,11,,7,7,1,12,4,120.575288,24.247375,2
8119,66000,387130000C,(04)23274275,(04)23288582,2025,6,21,18,2,臺中市,烏日區,0,0,0,7,,,30,,,,,,,,,,,,,,13,,,,,C03,,,1,,2,,,7,7,1,12,4,120.634267,24.105041,3
8120,66000,387130000C,(04)23274275,(04)23288582,2025,6,21,18,5,臺中市,南屯區,0,0,0,7,,,50,,,,,,,,,,,,,,,,,,,B03,,,1,,1,,,59,59,1,12,4,120.640337,24.151214,3
8121,66000,387130000C,(04)23274275,(04)23288582,2025,6,21,18,8,臺中市,大甲區,0,0,0,7,,,70,,,,,,,,,,,,,,,,,,,C03,,,1,,2,,,7,7,1,6,4,120.641583,24.404479,3
8122,66000,387130000C,(04)23274275,(04)23288582,2025,6,21,18,9,臺中市,北屯區,0,1,0,7,3,6,50,4,1,1,5,4,6,6,1,1,10,5,5,2,17,3,10,3,1,B03,7,5,1,8,1,2,,11,11,1,11,4,120.693391,24.19284,2
8123,66000,387130000C,(04)23274275,(04)23288582,2025,6,21,18,15,臺中市,南屯區,0,0,0,7,1,6,50,13,9,1,5,4,6,6,4,4,5,5,5,2,11,,,,,B03,,,1,,1,,,8,8,1,12,4,120.651494,24.135812,3
8124,66000,387130000C,(04)23274275,(04)23288582,2025,6,21,18,15,臺中市,清水區,0,3,0,7,3,6,50,4,2,1,5,4,6,6,1,1,5,4,5,1,17,2,9,2,1,C03,7,9,1,10,2,11,,7,7,1,12,4,120.603178,24.310116,2
8125,66000,387130000C,(04)23274275,(04)23288582,2025,6,21,18,17,臺中市,中區,0,0,0,7,,,50,,,,,,,,,,,,,,12,,,,,B03,,,1,,1,,,40,40,1,12,4,120.680994,24.14383,3
8126,66000,387130000C,(04)23274275,(04)23288582,2025,6,21,18,19,臺中市,東區,0,0,0,7,,,30,,,,,,,,,,,,,,16,,,,,B03,,,1,,2,,,12,12,1,12,4,120.692432,24.140709,3
8127,66000,387130000C,(04)23274275,(04)23288582,2025,6,21,18,19,臺中市,南屯區,0,1,0,7,2,6,50,4,2,1,5,4,6,6,4,4,5,5,5,2,17,3,10,3,1,B03,7,13,1,8,2,4,,76,76,1,12,4,120.643857,24.137816,2
8128,66000,387130000C,(04)23274275,(04)23288582,2025,6,21,18,22,臺中市,大肚區,0,0,0,7,,,30,,,,,,,,,,,,,,,,,,,B03,,,1,,2,,,49,49,1,6,4,120.576922,24.114413,3
8129,66000,387130000C,(04)23274275,(04)23288582,2025,6,21,18,25,臺中市,西屯區,0,1,0,7,1,6,30,4,1,1,5,4,6,6,4,4,10,5,5,2,15,2,9,1,1,C03,7,9,1,10,2,11,,15,15,1,12,4,120.660281,24.196417,2
8130,66000,387130000C,(04)23274275,(04)23288582,2025,6,21,18,26,臺中市,烏日區,0,1,0,7,1,6,30,13,9,1,5,4,6,6,4,4,10,5,5,1,12,2,9,1,1,C03,7,9,1,10,2,11,14,41,41,1,12,4,120.638884,24.084353,2
8131,66000,387130000C,(04)23274275,(04)23288582,2025,6,21,18,29,臺中市,烏日區,0,0,0,7,,,50,,,,,,,,,,,,,,11,,,,,C03,,,1,,2,,,39,39,1,13,4,120.589787,24.113372,3
8132,66000,387130000C,(04)23274275,(04)23288582,2025,6,21,18,42,臺中市,北屯區,0,0,0,7,,,50,,,,,,,,,,,,,,17,,,,,B03,,,1,,1,,,34,34,1,12,4,120.719414,24.174848,3
8133,66000,387130000C,(04)23274275,(04)23288582,2025,6,21,18,49,臺中市,北屯區,0,4,0,7,1,6,50,4,1,1,5,4,6,6,2,1,10,5,5,2,16,3,10,3,1,B03,7,6,1,8,2,1,,11,11,1,6,4,120.668248,24.197949,2
8134,66000,387130000C,(04)23274275,(04)23288582,2025,6,21,18,51,臺中市,北區,0,0,0,7,,,50,,,,,,,,,,,,,,13,,,,,B03,,,1,,2,,,59,59,1,12,4,120.686894,24.162873,3
8135,66000,387130000C,(04)23274275,(04)23288582,2025,6,21,18,54,臺中市,北區,0,1,0,7,1,6,50,13,9,1,5,4,6,6,4,4,9,5,5,2,17,3,10,5,4,B01,7,11,1,4,2,8,,45,45,1,13,4,120.698072,24.15504,2
8136,66000,387130000C,(04)23274275,(04)23288582,2025,6,21,18,55,臺中市,南區,0,0,0,7,,,50,,,,,,,,,,,,,,12,,,,,B03,,,1,,2,,,84,84,1,12,4,120.65513,24.114932,3
8137,66000,387130000C,(04)23274275,(04)23288582,2025,6,21,18,55,臺中市,大里區,0,0,0,7,,,50,,,,,,,,,,,,,,13,,,,,C03,,,1,,2,,,58,58,1,12,4,120.693858,24.090199,3
8138,66000,387130000C,(04)23274275,(04)23288582,2025,6,21,19,5,臺中市,南屯區,0,0,0,7,1,6,50,13,9,1,5,4,6,6,1,1,5,5,5,2,14,,,,,B03,,,1,,1,,,49,49,1,12,4,120.652176,24.148788,3
8139,66000,387130000C,(04)23274275,(04)23288582,2025,6,21,19,10,臺中市,沙鹿區,0,1,0,6,1,6,50,4,1,1,5,4,6,6,2,1,5,4,5,2,16,2,9,4,1,C03,7,6,1,10,2,14,,48,48,1,12,4,120.562195,24.24515,2
8140,66000,387130000C,(04)23274275,(04)23288582,2025,6,21,19,24,臺中市,潭子區,0,0,0,7,,,60,,,,,,,,,,,,,,9,,,,,B03,,,1,,2,,,40,40,1,12,4,120.705519,24.215827,3
8141,66000,387130000C,(04)23274275,(04)23288582,2025,6,21,19,25,臺中市,南區,0,0,0,7,,,40,,,,,,,,,,,,,,17,,,,,,,,,,,,,86,86,1,,,120.654125,24.111064,4
8142,66000,387130000C,(04)23274275,(04)23288582,2025,6,21,19,26,臺中市,烏日區,0,1,0,7,1,6,80,13,9,1,5,4,6,6,4,4,1,4,5,1,12,3,10,3,1,A11,7,7,1,3,2,5,,40,40,1,6,4,120.614826,24.105552,2
8143,66000,387130000C,(04)23274275,(04)23288582,2025,6,21,19,33,臺中市,北區,0,0,0,7,,,50,,,,,,,,,,,,,,35,,,,,A11,,,1,,1,,,51,51,1,13,4,120.695487,24.158329,3
8144,66000,387130000C,(04)23274275,(04)23288582,2025,6,21,19,34,臺中市,北區,0,2,0,7,1,6,40,4,8,1,5,4,6,6,1,1,5,5,4,2,17,2,9,5,4,C03,7,9,1,10,2,12,,84,84,1,13,4,120.675433,24.167465,2
8145,66000,387130000C,(04)23274275,(04)23288582,2025,6,21,19,35,臺中市,西屯區,0,0,0,7,,,50,,,,,,,,,,,,,,13,,,,,C04,,,1,,1,,,22,22,1,13,4,120.663965,24.164434,3
8146,66000,387130000C,(04)23274275,(04)23288582,2025,6,21,19,35,臺中市,西屯區,0,1,0,7,1,6,50,4,1,1,5,4,6,6,1,1,10,5,5,2,16,3,10,5,1,C03,7,9,1,10,1,14,,7,7,1,12,4,120.655099,24.176111,2
8147,66000,387130000C,(04)23274275,(04)23288582,2025,6,21,19,37,臺中市,西屯區,0,0,0,7,,,50,,,,,,,,,,,,,,13,,,,,A05,,,1,,1,,,82,82,1,12,4,120.639868,24.166206,3
8148,66000,387130000C,(04)23274275,(04)23288582,2025,6,21,19,40,臺中市,龍井區,0,0,0,7,,,30,,,,,,,,,,,,,,,,,,,C03,,,1,,11,,,87,87,1,6,4,120.592418,24.182087,3
8149,66000,387130000C,(04)23274275,(04)23288582,2025,6,21,19,40,臺中市,大甲區,0,2,0,7,1,6,50,4,1,1,5,4,6,6,4,4,10,5,5,2,17,2,9,5,4,C03,7,9,1,10,2,16,,15,15,1,6,4,120.630122,24.348796,2
8150,66000,387130000C,(04)23274275,(04)23288582,2025,6,21,19,46,臺中市,大甲區,0,1,0,7,1,6,50,4,1,1,5,4,6,6,2,1,10,5,5,2,11,2,9,5,4,C03,7,9,1,10,2,11,,21,21,1,6,4,120.627759,24.346588,2
8151,66000,387130000C,(04)23274275,(04)23288582,2025,6,21,19,47,臺中市,南屯區,0,0,0,7,,,50,,,,,,,,,,,,,,,,,,,B03,,,1,,2,,,84,84,1,12,4,120.646601,24.150751,3
8152,66000,387130000C,(04)23274275,(04)23288582,2025,6,21,19,57,臺中市,大里區,0,1,0,7,1,6,50,13,9,1,5,4,6,6,1,1,9,4,5,1,30,,,,,,,,,,,,,118,118,1,,,120.679955,24.109083,2
8153,66000,387130000C,(04)23274275,(04)23288582,2025,6,21,20,0,臺中市,中區,0,2,0,7,1,6,50,4,1,1,5,4,6,6,1,1,10,5,5,2,16,2,8,2,1,C03,7,6,1,10,2,11,,48,48,1,13,4,120.679881,24.146232,2
8154,66000,387130000C,(04)23274275,(04)23288582,2025,6,21,20,2,臺中市,北區,0,0,0,7,,,50,,,,,,,,,,,,,,17,,,,,,,,,,,,,86,86,1,,,120.680568,24.167269,4
8155,66000,387130000C,(04)23274275,(04)23288582,2025,6,21,20,3,臺中市,太平區,0,0,0,7,,,50,,,,,,,,,,,,,,17,,,,,B03,,,1,,2,,,50,50,1,12,4,120.749419,24.121975,3
8156,66000,387130000C,(04)23274275,(04)23288582,2025,6,21,20,12,臺中市,南屯區,0,2,0,7,1,6,50,4,2,1,5,4,6,6,4,4,10,5,4,2,17,3,10,2,1,C03,7,9,1,10,2,16,,84,84,1,12,4,120.614335,24.14375,2
8157,66000,387130000C,(04)23274275,(04)23288582,2025,6,21,20,13,臺中市,西屯區,0,0,0,7,,,30,,,,,,,,,,,,,,17,,,,,A12,,,1,,9,,,8,8,1,12,4,120.64442,24.17758,3
8158,66000,387130000C,(04)23274275,(04)23288582,2025,6,21,20,14,臺中市,南區,0,0,0,7,,,50,,,,,,,,,,,,,,14,,,,,B03,,,1,,2,,,49,49,1,6,4,120.655282,24.123101,3
8159,66000,387130000C,(04)23274275,(04)23288582,2025,6,21,20,18,臺中市,大里區,0,0,0,7,,,50,,,,,,,,,,,,,,,,,,,B03,,,1,,2,,,78,78,1,13,4,120.707387,24.095259,3
8160,66000,387130000C,(04)23274275,(04)23288582,2025,6,21,20,25,臺中市,南屯區,0,0,0,7,1,6,40,13,8,1,5,4,6,6,4,4,5,5,4,2,14,,,,,B03,,,1,,2,,,50,50,1,12,4,120.643557,24.151639,3
8161,66000,387130000C,(04)23274275,(04)23288582,2025,6,21,20,27,臺中市,南屯區,0,1,0,7,1,6,50,13,9,1,5,4,6,6,4,4,5,4,5,2,12,2,9,2,1,C03,7,9,1,10,2,11,,59,59,1,12,4,120.641906,24.134794,2
8162,66000,387130000C,(04)23274275,(04)23288582,2025,6,21,20,32,臺中市,西屯區,0,0,0,7,,,50,,,,,,,,,,,,,,12,,,,,C03,,,1,,2,,,39,39,1,12,4,120.593534,24.180452,3
8163,66000,387130000C,(04)23274275,(04)23288582,2025,6,21,20,40,臺中市,豐原區,0,1,0,7,1,6,50,3,2,1,5,4,6,6,4,4,5,4,4,2,17,3,10,3,1,B03,7,14,1,8,2,4,,76,76,1,6,4,120.710665,24.239681,2
8164,66000,387130000C,(04)23274275,(04)23288582,2025,6,21,20,43,臺中市,西屯區,0,0,0,7,,,50,,,,,,,,,,,,,,11,,,,,C02,,,1,,1,,,11,11,1,12,4,120.645472,24.175895,3
8165,66000,387130000C,(04)23274275,(04)23288582,2025,6,21,20,49,臺中市,北屯區,0,0,0,7,,,80,,,,,,,,,,,,,,,,,,,B03,,,1,,1,,,59,59,1,6,4,120.675499,24.201163,3
8166,66000,387130000C,(04)23274275,(04)23288582,2025,6,21,20,51,臺中市,北區,0,0,0,7,,,50,,,,,,,,,,,,,,17,,,,,B03,,,1,,1,,,84,84,1,13,4,120.69438,24.161191,3
8167,66000,387130000C,(04)23274275,(04)23288582,2025,6,21,21,8,臺中市,大雅區,0,0,0,7,,,50,,,,,,,,,,,,,,12,,,,,C03,,,1,,2,,,20,20,1,12,4,120.656817,24.220736,3
8168,66000,387130000C,(04)23274275,(04)23288582,2025,6,21,21,10,臺中市,大里區,0,0,0,7,,,40,,,,,,,,,,,,,,17,,,,,B03,,,1,,1,,,49,49,1,12,4,120.682941,24.115355,3
8169,66000,387130000C,(04)23274275,(04)23288582,2025,6,21,21,10,臺中市,梧棲區,0,1,0,7,1,6,30,13,9,1,5,4,6,6,4,4,10,5,5,2,2,3,10,1,1,F02,7,9,7,21,2,11,,84,84,1,12,4,120.539591,24.246509,2
8170,66000,387130000C,(04)23274275,(04)23288582,2025,6,21,21,26,臺中市,石岡區,0,1,0,7,1,6,50,13,9,1,5,4,6,6,4,4,5,5,5,1,17,2,9,1,1,C03,7,4,1,10,2,14,,85,85,1,12,4,120.808819,24.257184,2
8171,66000,387130000C,(04)23274275,(04)23288582,2025,6,21,21,29,臺中市,大里區,0,0,0,7,,,50,,,,,,,,,,,,,,,,,,,B03,,,1,,9,,,8,8,1,12,4,120.708791,24.110738,3
8172,66000,387130000C,(04)23274275,(04)23288582,2025,6,21,21,29,臺中市,龍井區,0,0,0,7,,,40,,,,,,,,,,,,,,,,,,,B12,,,1,,1,,,49,49,1,12,4,120.580706,24.176525,3
8173,66000,387130000C,(04)23274275,(04)23288582,2025,6,21,21,38,臺中市,大甲區,0,1,0,7,2,6,50,5,1,1,5,4,6,6,1,1,10,5,5,2,16,2,9,4,1,C03,7,9,1,11,2,11,,21,21,1,6,4,120.623489,24.344284,2
8174,66000,387130000C,(04)23274275,(04)23288582,2025,6,21,21,40,臺中市,北區,0,0,0,7,,,50,,,,,,,,,,,,,,17,,,,,B03,,,1,,1,,,8,8,1,13,4,120.669221,24.172588,3
8175,66000,387130000C,(04)23274275,(04)23288582,2025,6,21,21,46,臺中市,南屯區,0,2,0,7,1,6,50,4,1,1,5,4,6,6,4,4,7,4,5,2,15,3,10,3,1,B03,7,9,1,8,2,1,,12,12,1,12,4,120.639724,24.138853,2
8176,66000,387130000C,(04)23274275,(04)23288582,2025,6,21,21,58,臺中市,烏日區,0,0,0,7,,,50,,,,,,,,,,,,,,17,,,,,B03,,,1,,9,,,77,77,1,6,4,120.644398,24.112869,3
8177,66000,387130000C,(04)23274275,(04)23288582,2025,6,21,22,0,臺中市,東區,0,1,0,7,1,6,40,13,8,1,5,4,6,6,4,4,5,5,4,2,18,2,9,1,1,C03,7,9,1,10,1,12,,84,84,1,12,4,120.708993,24.144349,2
8178,66000,387130000C,(04)23274275,(04)23288582,2025,6,21,22,10,臺中市,東區,0,0,0,7,,,30,,,,,,,,,,,,,,17,,,,,B03,,,1,,2,,,84,84,1,12,4,120.695758,24.145234,3
8179,66000,387130000C,(04)23274275,(04)23288582,2025,6,21,22,10,臺中市,南屯區,0,1,0,7,1,6,40,13,8,1,5,4,6,6,4,4,1,5,4,2,18,2,9,6,4,F02,7,9,7,21,2,14,,59,59,1,6,1,120.586328,24.141657,2
8180,66000,387130000C,(04)23274275,(04)23288582,2025,6,21,22,55,臺中市,西屯區,0,1,0,7,1,6,40,13,8,1,5,4,6,6,4,4,1,5,1,1,16,3,10,3,1,B03,7,5,1,8,2,2,,65,65,1,12,4,120.617469,24.182191,2
8181,66000,387130000C,(04)23274275,(04)23288582,2025,6,21,22,59,臺中市,北區,0,0,0,7,,,50,,,,,,,,,,,,,,14,,,,,B03,,,1,,2,,,50,50,1,13,4,120.684866,24.151189,3
8182,66000,387130000C,(04)23274275,(04)23288582,2025,6,21,23,5,臺中市,東區,0,2,0,7,1,6,50,4,9,1,5,4,6,6,2,1,5,5,5,2,16,3,10,5,4,B03,7,6,1,8,2,8,,11,11,1,6,4,120.700999,24.135767,2
8183,66000,387130000C,(04)23274275,(04)23288582,2025,6,21,23,20,臺中市,太平區,0,0,0,7,,,50,,,,,,,,,,,,,,,,,,,C03,,,1,,2,,,7,7,1,12,4,120.727059,24.115262,4
8184,66000,387130000C,(04)23274275,(04)23288582,2025,6,21,23,22,臺中市,西區,0,0,0,6,,,50,,,,,,,,,,,,,,,,,,,B03,,,1,,1,,,8,8,1,13,4,120.662591,24.150782,3
8185,66000,387130000C,(04)23274275,(04)23288582,2025,6,21,23,27,臺中市,南屯區,0,1,0,7,1,6,60,13,9,1,5,4,6,6,4,4,7,2,5,2,13,2,9,1,1,C03,7,14,2,19,2,11,,84,84,1,12,4,120.616293,24.153058,2
8186,66000,387130000C,(04)23274275,(04)23288582,2025,6,21,23,27,臺中市,和平區,0,1,0,7,3,9,30,11,9,1,5,4,6,6,4,4,10,5,5,1,18,2,9,2,1,C04,7,9,3,19,2,14,,87,87,1,6,4,121.304139,24.324135,2
8187,66000,387130000C,(04)23274275,(04)23288582,2025,6,21,23,30,臺中市,西區,0,1,0,6,2,6,50,4,1,1,5,4,6,6,1,1,10,5,5,2,17,3,10,3,1,B03,7,5,1,8,2,2,,47,47,1,13,4,120.657271,24.146713,2
8188,66000,387130000C,(04)23274275,(04)23288582,2025,6,21,23,32,臺中市,西屯區,0,0,0,7,,,30,,,,,,,,,,,,,,20,,,,,B03,,,3,,9,,,59,59,1,12,4,120.644517,24.177543,3
8189,66000,387130000C,(04)23274275,(04)23288582,2025,6,21,23,37,臺中市,西屯區,0,2,0,7,1,6,50,4,1,1,5,4,6,6,2,1,1,4,5,2,12,2,8,5,4,C03,7,9,1,10,2,11,,2,2,1,13,4,120.667123,24.173226,2
8190,66000,387130000C,(04)23274275,(04)23288582,2025,6,21,23,55,臺中市,大雅區,0,1,0,7,1,6,30,13,24,1,5,4,6,6,4,4,10,5,5,2,17,2,7,2,1,C03,7,9,1,10,2,11,,59,59,1,12,4,120.643926,24.205809,2
8191,66000,387130000C,(04)23274275,(04)23288582,2025,6,21,23,59,臺中市,北區,0,1,0,7,1,6,50,13,9,1,5,4,6,6,4,4,9,5,5,2,17,3,10,5,4,B03,7,1,1,8,2,8,,51,51,1,12,4,120.667909,24.169291,2
8192,66000,387130000C,(04)23274275,(04)23288582,2025,6,22,0,10,臺中市,東區,0,0,0,7,,,50,,,,,,,,,,,,,,13,,,,,C03,,,3,,2,,,7,7,1,12,4,120.704306,24.138324,3
8193,66000,387130000C,(04)23274275,(04)23288582,2025,6,22,0,12,臺中市,大肚區,0,1,0,7,2,6,50,12,9,1,5,4,6,6,4,4,4,5,5,2,18,2,9,2,1,C03,7,9,1,10,2,12,,87,87,1,6,4,120.56081,24.160688,2
8194,66000,387130000C,(04)23274275,(04)23288582,2025,6,22,0,21,臺中市,南屯區,0,0,0,7,,,50,,,,,,,,,,,,,,15,,,,,B03,,,1,,2,,,24,24,1,6,4,120.649991,24.13204,3
8195,66000,387130000C,(04)23274275,(04)23288582,2025,6,22,0,29,臺中市,南屯區,0,2,0,7,1,6,40,13,8,1,5,4,6,6,4,4,3,5,3,2,17,2,9,1,1,C03,7,9,1,10,2,12,,7,7,1,12,4,120.61266,24.149815,2
8196,66000,387130000C,(04)23274275,(04)23288582,2025,6,22,0,30,臺中市,南區,0,1,0,7,3,6,50,13,9,1,5,4,6,6,4,4,5,5,5,2,17,2,9,5,4,C03,7,9,3,19,2,11,,84,84,1,6,4,120.68377,24.130078,2
8197,66000,387130000C,(04)23274275,(04)23288582,2025,6,22,0,31,臺中市,北屯區,0,0,0,7,,,50,,,,,,,,,,,,,,,,,,,C03,,,1,,2,,,84,84,1,13,4,120.663084,24.187737,3
8198,66000,387130000C,(04)23274275,(04)23288582,2025,6,22,0,37,臺中市,西屯區,0,0,0,7,,,50,,,,,,,,,,,,,,16,,,,,B01,,,1,,2,,,21,21,1,13,4,120.650871,24.166529,3