序號,縣市別代碼,機關代碼,市話,傳真,年,月,日,時,分,縣市,區,死亡數量,受傷數量,2-30,天候,道路照明設備,道路類別,道路速限,道路型態,事故位置,路面鋪裝,路面狀態,路面缺陷,障礙物,視距,號誌種類,號誌動作,分向設施,快車道或一般車道間,快慢車道間,路面邊線,事故類型及型態,受傷程度,主要傷處,保護裝備,行動電話或功能裝置,當事者區分(類別),車輛用途,當事者行動狀態,駕照狀態,駕照種類,飲酒情形,車輛撞擊部位最初,車輛撞擊部位其他,肇事因素個別,肇事因素主要,肇事逃逸,職業,共享經濟或外送平台,GPS座標X,GPS座標Y,事故類別
8533,66000,387130000C,(04)23274275,(04)23288582,2025,6,23,8,32,臺中市,西區,0,0,0,7,,,50,,,,,,,,,,,,,,,,,,,B03,,,1,,1,,,84,84,1,6,4,120.669831,24.149735,3
8534,66000,387130000C,(04)23274275,(04)23288582,2025,6,23,8,32,臺中市,龍井區,0,0,0,7,,,60,,,,,,,,,,,,,,13,,,,,B02,,,1,,1,,,7,7,1,12,4,120.574167,24.181148,3
8535,66000,387130000C,(04)23274275,(04)23288582,2025,6,23,8,33,臺中市,南區,0,0,0,7,,,50,,,,,,,,,,,,,,17,,,,,B03,,,1,,1,,,8,8,1,12,4,120.680449,24.133566,3
8536,66000,387130000C,(04)23274275,(04)23288582,2025,6,23,8,34,臺中市,北區,0,1,0,7,2,6,50,3,2,1,5,4,6,6,4,4,10,5,5,2,12,2,9,2,1,C04,7,9,1,10,2,12,,39,39,1,13,4,120.667661,24.17164,2
8537,66000,387130000C,(04)23274275,(04)23288582,2025,6,23,8,36,臺中市,南屯區,0,0,0,7,,,50,,,,,,,,,,,,,,13,,,,,B01,,,1,,1,,,84,84,1,12,4,120.646789,24.142312,3
8538,66000,387130000C,(04)23274275,(04)23288582,2025,6,23,8,36,臺中市,烏日區,0,0,0,7,,,50,,,,,,,,,,,,,,,,,,,B13,,,1,,2,,,56,56,1,12,4,120.587637,24.13729,3
8539,66000,387130000C,(04)23274275,(04)23288582,2025,6,23,8,36,臺中市,沙鹿區,0,1,0,7,2,6,30,11,9,1,5,4,6,6,4,4,10,5,5,1,17,3,10,5,4,C03,7,9,1,10,2,16,,41,41,1,13,4,120.5934,24.218395,2
8540,66000,387130000C,(04)23274275,(04)23288582,2025,6,23,8,41,臺中市,南屯區,0,0,0,7,,,50,,,,,,,,,,,,,,,,,,,C03,,,1,,1,,,84,84,1,13,4,120.631844,24.144879,4
8541,66000,387130000C,(04)23274275,(04)23288582,2025,6,23,8,42,臺中市,南區,0,0,0,7,,,50,,,,,,,,,,,,,,16,,,,,B03,,,1,,1,,,84,84,1,13,4,120.658996,24.117151,3
8542,66000,387130000C,(04)23274275,(04)23288582,2025,6,23,8,42,臺中市,西屯區,0,0,0,7,,,60,,,,,,,,,,,,,,12,,,,,,,,,,,,,8,8,1,,,120.649097,24.162935,3
8543,66000,387130000C,(04)23274275,(04)23288582,2025,6,23,8,43,臺中市,大里區,0,2,0,7,3,6,50,4,1,1,5,4,6,6,1,1,10,5,5,2,16,2,8,2,1,C03,7,6,1,10,2,12,,11,11,1,13,4,120.692565,24.120086,2
8544,66000,387130000C,(04)23274275,(04)23288582,2025,6,23,8,45,臺中市,潭子區,0,1,0,7,2,6,60,13,7,1,5,4,5,6,4,4,1,4,4,1,12,3,10,3,1,B03,7,7,1,8,2,5,,40,40,1,13,4,120.705257,24.214272,2
8545,66000,387130000C,(04)23274275,(04)23288582,2025,6,23,8,46,臺中市,西屯區,0,1,0,7,2,6,60,4,1,1,5,4,6,6,2,1,5,4,4,2,12,2,8,2,1,C03,7,1,1,10,2,14,,87,87,1,12,4,120.664726,24.178119,2
8546,66000,387130000C,(04)23274275,(04)23288582,2025,6,23,8,47,臺中市,北屯區,0,0,0,7,,,50,,,,,,,,,,,,,,13,,,,,A11,,,1,,2,,,84,84,1,6,4,120.664302,24.185531,3
8547,66000,387130000C,(04)23274275,(04)23288582,2025,6,23,8,50,臺中市,北區,0,0,0,7,,,30,,,,,,,,,,,,,,14,,,,,B12,,,1,,1,,,84,84,1,13,4,120.665678,24.154495,3
8548,66000,387130000C,(04)23274275,(04)23288582,2025,6,23,8,53,臺中市,烏日區,0,2,0,7,2,6,30,4,1,1,5,4,6,6,4,4,10,5,5,2,17,2,9,1,1,C03,7,9,1,10,9,12,,20,20,1,13,4,120.637309,24.078334,2
8549,66000,387130000C,(04)23274275,(04)23288582,2025,6,23,8,54,臺中市,西屯區,0,1,0,7,2,6,40,4,1,1,5,4,6,6,1,1,10,5,5,2,17,2,9,5,4,C03,7,6,1,10,2,12,,4,4,1,13,4,120.637283,24.173182,2
8550,66000,387130000C,(04)23274275,(04)23288582,2025,6,23,8,54,臺中市,烏日區,0,0,0,7,,,50,,,,,,,,,,,,,,13,,,,,B03,,,1,,1,,,59,59,1,13,4,120.652433,24.090112,3
8551,66000,387130000C,(04)23274275,(04)23288582,2025,6,23,8,55,臺中市,北區,0,2,0,7,2,6,30,4,1,1,5,4,6,6,4,4,10,5,5,2,17,2,9,5,1,C03,7,6,1,10,2,11,,14,14,1,13,4,120.667419,24.161848,2
8552,66000,387130000C,(04)23274275,(04)23288582,2025,6,23,8,56,臺中市,西屯區,0,1,0,7,2,6,40,13,8,1,5,4,6,6,4,4,1,4,1,1,18,2,9,5,4,C03,7,9,1,10,2,12,,59,59,1,13,4,120.626942,24.158723,2
8553,66000,387130000C,(04)23274275,(04)23288582,2025,6,23,8,56,臺中市,霧峰區,0,1,0,7,2,6,50,3,2,1,5,4,6,6,1,1,3,4,4,1,13,2,9,1,1,C03,7,9,1,10,2,11,,7,7,1,12,4,120.70017,24.07499,2
8554,66000,387130000C,(04)23274275,(04)23288582,2025,6,23,9,4,臺中市,南屯區,0,0,0,7,,,50,,,,,,,,,,,,,,12,,,,,B03,,,1,,1,,,2,2,1,13,4,120.622324,24.150066,3
8555,66000,387130000C,(04)23274275,(04)23288582,2025,6,23,9,6,臺中市,南區,0,1,0,7,3,6,50,3,1,1,5,4,6,6,4,4,10,5,5,2,18,2,9,1,1,C03,7,9,1,10,2,14,,84,84,1,12,4,120.659552,24.12562,2
8556,66000,387130000C,(04)23274275,(04)23288582,2025,6,23,9,9,臺中市,西屯區,0,2,0,7,1,6,50,4,1,1,5,4,6,6,1,1,10,5,5,2,15,2,8,5,4,C03,7,9,1,10,2,12,,21,21,1,12,4,120.646861,24.174894,2
8557,66000,387130000C,(04)23274275,(04)23288582,2025,6,23,9,9,臺中市,大里區,0,0,0,7,,,30,,,,,,,,,,,,,,,,,,,B03,,,1,,1,,,84,84,1,12,4,120.675862,24.109253,3
8558,66000,387130000C,(04)23274275,(04)23288582,2025,6,23,9,10,臺中市,神岡區,0,1,0,7,1,6,50,13,9,1,5,4,6,6,4,4,5,5,5,1,12,2,9,1,4,C03,7,1,1,10,2,14,,51,51,1,12,4,120.655397,24.279631,2
8559,66000,387130000C,(04)23274275,(04)23288582,2025,6,23,9,11,臺中市,西屯區,0,1,0,7,2,6,50,13,7,1,5,4,6,6,4,4,1,4,4,2,23,2,9,5,4,B03,7,9,5,19,11,5,,59,59,1,13,4,120.65907,24.193775,2
8560,66000,387130000C,(04)23274275,(04)23288582,2025,6,23,9,14,臺中市,東區,0,1,0,7,2,6,50,4,1,1,5,4,6,6,2,1,10,5,5,2,15,3,10,2,1,C03,7,9,1,10,2,11,,21,21,1,12,4,120.689051,24.134094,2
8561,66000,387130000C,(04)23274275,(04)23288582,2025,6,23,9,17,臺中市,大雅區,0,0,0,7,,,60,,,,,,,,,,,,,,,,,,,B03,,,1,,1,,,7,7,1,13,4,120.646776,24.222323,3
8562,66000,387130000C,(04)23274275,(04)23288582,2025,6,23,9,23,臺中市,大里區,0,2,0,7,3,6,50,4,1,1,5,4,6,6,4,4,5,4,4,2,15,2,9,5,4,C03,7,9,1,10,2,11,,12,12,1,13,4,120.692129,24.112095,2
8563,66000,387130000C,(04)23274275,(04)23288582,2025,6,23,9,26,臺中市,梧棲區,0,0,0,7,,,50,,,,,,,,,,,,,,17,,,,,B03,,,1,,2,,,50,50,1,6,4,120.543138,24.242788,3
8564,66000,387130000C,(04)23274275,(04)23288582,2025,6,23,9,28,臺中市,北屯區,0,1,0,7,2,6,50,13,9,1,5,4,6,6,4,4,3,3,5,2,24,2,9,2,1,C03,7,9,1,10,2,12,14,59,59,1,13,4,120.68658,24.200161,2
8565,66000,387130000C,(04)23274275,(04)23288582,2025,6,23,9,30,臺中市,西屯區,0,1,0,7,2,6,50,13,9,1,5,4,6,6,4,4,7,4,5,2,16,2,9,5,4,C03,7,11,1,10,2,11,,46,46,1,12,4,120.643724,24.194994,2
8566,66000,387130000C,(04)23274275,(04)23288582,2025,6,23,9,33,臺中市,大里區,0,1,0,7,2,6,50,5,2,1,5,4,6,6,1,1,4,3,4,1,17,2,9,1,1,F03,7,9,7,21,2,11,,21,21,1,6,4,120.71858,24.096812,2
8567,66000,387130000C,(04)23274275,(04)23288582,2025,6,23,9,36,臺中市,潭子區,0,1,0,7,2,6,60,5,1,1,5,4,6,6,2,1,1,4,4,1,12,3,10,1,1,C03,7,7,1,10,2,13,,40,40,1,13,4,120.703442,24.200512,2
8568,66000,387130000C,(04)23274275,(04)23288582,2025,6,23,9,40,臺中市,大雅區,0,0,0,7,,,60,,,,,,,,,,,,,,,,,,,B03,,,1,,2,,,7,7,1,13,4,120.649884,24.213733,3
8569,66000,387130000C,(04)23274275,(04)23288582,2025,6,23,9,48,臺中市,霧峰區,0,1,0,7,2,6,30,4,9,1,5,4,6,6,4,4,10,5,5,1,13,2,8,1,1,C03,7,9,1,10,2,11,,7,7,1,5,4,120.687428,24.051625,2
8570,66000,387130000C,(04)23274275,(04)23288582,2025,6,23,9,52,臺中市,西屯區,0,0,0,7,,,50,,,,,,,,,,,,,,16,,,,,B03,,,1,,1,,,47,47,1,12,4,120.647027,24.169034,4
8571,66000,387130000C,(04)23274275,(04)23288582,2025,6,23,9,52,臺中市,西屯區,0,0,0,7,,,60,,,,,,,,,,,,,,,,,,,B03,,,1,,1,,,7,7,1,12,4,120.659227,24.193528,3
8572,66000,387130000C,(04)23274275,(04)23288582,2025,6,23,9,52,臺中市,大里區,0,0,0,7,,,30,,,,,,,,,,,,,,16,,,,,B03,,,1,,1,,,14,14,1,13,4,120.698976,24.098383,3
8573,66000,387130000C,(04)23274275,(04)23288582,2025,6,23,9,54,臺中市,北屯區,0,1,0,7,2,6,40,3,1,1,5,4,6,6,1,1,10,5,5,2,16,2,9,5,4,C03,7,6,1,10,2,14,,23,23,1,12,4,120.723065,24.161846,2
8574,66000,387130000C,(04)23274275,(04)23288582,2025,6,23,9,56,臺中市,西屯區,0,0,0,7,,,40,,,,,,,,,,,,,,13,,,,,B03,,,1,,2,,,7,7,1,13,4,120.636609,24.160469,3
8575,66000,387130000C,(04)23274275,(04)23288582,2025,6,23,9,57,臺中市,西區,0,0,0,7,,,50,,,,,,,,,,,,,,13,,,,,B12,,,1,,1,,,7,7,1,12,4,120.655113,24.146705,3
8576,66000,387130000C,(04)23274275,(04)23288582,2025,6,23,9,57,臺中市,霧峰區,0,1,0,7,2,6,40,3,9,1,5,4,6,6,4,4,5,5,4,2,13,2,9,1,1,C03,7,9,1,10,2,11,,7,7,1,5,4,120.688536,24.043776,2
8577,66000,387130000C,(04)23274275,(04)23288582,2025,6,23,10,4,臺中市,東區,0,1,0,7,3,6,50,3,1,1,5,4,6,6,4,4,10,5,5,2,16,3,10,3,1,B12,7,5,1,8,2,2,,11,11,1,12,4,120.707087,24.136406,2
8578,66000,387130000C,(04)23274275,(04)23288582,2025,6,23,10,5,臺中市,西屯區,0,2,0,7,2,6,50,3,1,1,5,4,6,6,4,4,1,4,5,1,17,3,10,5,4,B03,7,5,1,8,1,2,,14,14,1,13,4,120.62652,24.177681,2
8579,66000,387130000C,(04)23274275,(04)23288582,2025,6,23,10,6,臺中市,太平區,0,0,0,7,2,6,50,,,,,,,,,,,,,,,,,,,B03,,,1,,2,1,,14,14,1,12,4,120.727211,24.12692,3
8580,66000,387130000C,(04)23274275,(04)23288582,2025,6,23,10,9,臺中市,豐原區,0,0,0,7,,,50,,,,,,,,,,,,,,14,,,,,B12,,,1,,1,,,49,49,1,6,4,120.701278,24.250313,3
8581,66000,387130000C,(04)23274275,(04)23288582,2025,6,23,10,10,臺中市,大甲區,0,2,0,7,2,6,40,3,9,1,5,4,6,6,1,1,6,3,5,1,15,2,9,1,1,C03,7,9,3,19,2,11,,21,21,1,12,4,120.654107,24.379405,2
8582,66000,387130000C,(04)23274275,(04)23288582,2025,6,23,10,10,臺中市,神岡區,0,1,0,7,2,6,50,4,1,1,5,4,6,6,1,1,5,5,5,1,16,3,10,3,1,B12,7,6,1,8,2,5,,11,11,1,12,4,120.697028,24.256992,2
8583,66000,387130000C,(04)23274275,(04)23288582,2025,6,23,10,16,臺中市,太平區,0,0,0,7,,,50,,,,,,,,,,,,,,,,,,,B02,,,1,,2,,,45,45,1,6,4,120.714685,24.151989,3
8584,66000,387130000C,(04)23274275,(04)23288582,2025,6,23,10,20,臺中市,后里區,0,0,0,7,,,50,,,,,,,,,,,,,,11,,,,,B12,,,1,,1,,,84,84,1,6,4,120.713072,24.309325,3
8585,66000,387130000C,(04)23274275,(04)23288582,2025,6,23,10,25,臺中市,大甲區,0,0,0,7,,,70,,,,,,,,,,,,,,13,,,,,B12,,,1,,1,,,7,7,1,12,5,120.626272,24.358125,3
8586,66000,387130000C,(04)23274275,(04)23288582,2025,6,23,10,27,臺中市,西屯區,0,0,0,7,,,50,,,,,,,,,,,,,,13,,,,,B03,,,1,,1,,,7,7,1,12,4,120.656011,24.199696,3
8587,66000,387130000C,(04)23274275,(04)23288582,2025,6,23,10,30,臺中市,東區,0,0,0,7,,,50,,,,,,,,,,,,,,17,,,,,B03,,,1,,1,,,50,50,1,12,4,120.68631,24.134135,3
8588,66000,387130000C,(04)23274275,(04)23288582,2025,6,23,10,33,臺中市,北區,0,0,0,7,,,50,,,,,,,,,,,,,,13,,,,,B03,,,1,,2,,,7,7,1,13,4,120.663487,24.163021,3
8589,66000,387130000C,(04)23274275,(04)23288582,2025,6,23,10,34,臺中市,北屯區,0,1,0,7,2,6,50,13,9,1,5,4,1,6,1,1,5,5,4,2,17,3,10,3,1,B12,7,9,1,8,2,5,,87,87,1,12,4,120.710602,24.178211,2
8590,66000,387130000C,(04)23274275,(04)23288582,2025,6,23,10,35,臺中市,西屯區,0,2,0,7,2,6,40,4,2,1,5,4,6,6,2,1,10,5,5,2,13,2,9,5,4,C03,7,9,1,10,2,14,,59,59,1,12,4,120.638905,24.158797,2
8591,66000,387130000C,(04)23274275,(04)23288582,2025,6,23,10,36,臺中市,南屯區,0,0,0,7,,,50,,,,,,,,,,,,,,13,,,,,B12,,,1,,1,,,7,7,1,6,4,120.636494,24.146575,4
8592,66000,387130000C,(04)23274275,(04)23288582,2025,6,23,10,39,臺中市,霧峰區,0,1,0,7,2,6,50,3,2,1,5,4,6,6,4,4,4,3,5,1,17,3,10,3,1,B12,7,6,1,8,2,4,,11,11,1,6,4,120.692808,24.066119,2
8593,66000,387130000C,(04)23274275,(04)23288582,2025,6,23,10,41,臺中市,北屯區,0,0,0,7,,,50,,,,,,,,,,,,,,17,,,,,B03,,,1,,2,,,84,84,1,12,4,120.688316,24.175164,3
8594,66000,387130000C,(04)23274275,(04)23288582,2025,6,23,10,43,臺中市,龍井區,0,1,0,7,2,6,50,4,1,5,5,4,6,6,1,1,10,5,5,2,16,2,1,3,1,B03,7,6,1,8,2,5,,11,11,1,6,4,120.546081,24.193321,2
8595,66000,387130000C,(04)23274275,(04)23288582,2025,6,23,10,45,臺中市,石岡區,0,1,0,7,2,6,50,4,1,1,5,4,6,6,4,4,10,5,5,1,15,3,10,5,4,B12,7,9,1,8,2,2,,15,15,1,13,4,120.775976,24.275446,2
8596,66000,387130000C,(04)23274275,(04)23288582,2025,6,23,10,49,臺中市,豐原區,0,0,0,7,,,50,,,,,,,,,,,,,,,,,,,C03,,,1,,2,,,84,84,1,13,4,120.721757,24.239186,3
8597,66000,387130000C,(04)23274275,(04)23288582,2025,6,23,10,53,臺中市,北區,0,2,0,7,2,6,50,13,7,1,5,4,6,6,2,1,10,5,4,2,17,2,9,1,1,C03,7,9,3,19,2,12,,21,21,1,12,4,120.681844,24.144601,2
8598,66000,387130000C,(04)23274275,(04)23288582,2025,6,23,10,58,臺中市,北區,0,0,0,7,,,50,,,,,,,,,,,,,,17,,,,,F03,,,1,,2,,,59,59,1,13,4,120.685816,24.149023,3
8599,66000,387130000C,(04)23274275,(04)23288582,2025,6,23,10,58,臺中市,西屯區,0,1,0,7,2,6,35,3,1,1,5,4,6,6,4,4,10,5,5,2,22,2,9,2,1,C03,7,6,1,10,2,11,,82,82,1,5,4,120.628455,24.17277,2
8600,66000,387130000C,(04)23274275,(04)23288582,2025,6,23,11,0,臺中市,南屯區,0,0,0,7,,,60,,,,,,,,,,,,,,17,,,,,A41,,,1,,1,,,91,91,1,12,4,120.585388,24.166334,3
8601,66000,387130000C,(04)23274275,(04)23288582,2025,6,23,11,4,臺中市,西屯區,0,0,0,7,,,30,,,,,,,,,,,,,,17,,,,,B11,,,1,,2,,,8,8,1,12,4,120.650213,24.160698,3
8602,66000,387130000C,(04)23274275,(04)23288582,2025,6,23,11,4,臺中市,太平區,0,1,0,7,3,6,40,4,1,1,5,4,6,6,4,4,10,5,5,2,16,3,10,3,1,B12,7,5,1,8,2,6,,84,84,1,6,4,120.724721,24.14935,2
8603,66000,387130000C,(04)23274275,(04)23288582,2025,6,23,11,5,臺中市,南區,0,0,0,7,,,30,,,,,,,,,,,,,,25,,,,,B12,,,3,,11,,,84,84,1,12,4,120.677477,24.131187,3
8604,66000,387130000C,(04)23274275,(04)23288582,2025,6,23,11,5,臺中市,北屯區,0,0,0,7,,,50,,,,,,,,,,,,,,17,,,,,B03,,,1,,9,,,59,59,2,12,4,120.697252,24.186727,3
8605,66000,387130000C,(04)23274275,(04)23288582,2025,6,23,11,9,臺中市,豐原區,0,1,0,7,2,6,50,13,7,1,5,4,6,6,4,4,5,5,4,2,14,3,10,3,1,B12,7,2,1,8,2,3,,49,49,1,12,4,120.732882,24.258568,2
8606,66000,387130000C,(04)23274275,(04)23288582,2025,6,23,11,14,臺中市,北屯區,0,1,0,7,2,6,50,4,1,1,5,4,6,6,1,1,10,5,5,2,16,3,10,5,4,B12,7,5,1,8,2,5,,84,84,1,12,4,120.683559,24.183642,2
8607,66000,387130000C,(04)23274275,(04)23288582,2025,6,23,11,18,臺中市,北屯區,0,0,0,7,,,50,,,,,,,,,,,,,,13,,,,,B03,,,1,,1,,,56,56,1,12,4,120.69707,24.168823,3
8608,66000,387130000C,(04)23274275,(04)23288582,2025,6,23,11,20,臺中市,北屯區,0,1,0,7,3,6,50,3,2,1,5,4,6,6,3,1,5,5,4,2,13,2,9,1,1,F01,7,9,7,21,1,11,,59,59,1,6,4,120.733323,24.168988,2
8609,66000,387130000C,(04)23274275,(04)23288582,2025,6,23,11,20,臺中市,西屯區,0,1,0,7,2,6,40,4,1,1,5,4,6,6,2,1,10,5,5,2,16,3,10,5,4,B03,7,5,1,8,2,6,,11,11,1,13,4,120.593044,24.183185,2
8610,66000,387130000C,(04)23274275,(04)23288582,2025,6,23,11,20,臺中市,烏日區,0,0,0,7,,,50,,,,,,,,,,,,,,,,,,,B03,,,1,,2,,,84,84,1,13,4,120.635356,24.107084,3
8611,66000,387130000C,(04)23274275,(04)23288582,2025,6,23,11,22,臺中市,南屯區,0,0,0,7,,,50,,,,,,,,,,,,,,13,,,,,B03,,,1,,1,,,7,7,1,12,4,120.623497,24.149515,3
8612,66000,387130000C,(04)23274275,(04)23288582,2025,6,23,11,28,臺中市,大雅區,0,1,0,7,3,6,50,4,9,1,5,4,6,6,1,1,9,4,5,1,18,2,9,2,1,C03,7,12,1,10,2,16,,84,84,1,13,4,120.656834,24.220749,2
8613,66000,387130000C,(04)23274275,(04)23288582,2025,6,23,11,28,臺中市,北區,0,0,0,7,2,6,50,3,9,1,5,4,6,6,1,1,5,4,5,2,13,3,10,3,1,B03,7,9,1,8,2,1,,7,7,1,12,4,120.668339,24.16684,3
8614,66000,387130000C,(04)23274275,(04)23288582,2025,6,23,11,31,臺中市,西屯區,0,1,0,7,2,6,50,3,1,1,5,4,6,6,4,4,1,4,5,1,13,2,9,5,4,C03,7,6,1,10,2,14,,87,87,1,13,4,120.654583,24.199593,2
8615,66000,387130000C,(04)23274275,(04)23288582,2025,6,23,11,35,臺中市,大肚區,0,1,0,7,3,6,50,3,1,1,5,4,6,6,4,4,10,5,5,2,17,2,9,2,1,C03,7,6,1,10,2,11,,14,14,1,6,4,120.544156,24.156992,2
8616,66000,387130000C,(04)23274275,(04)23288582,2025,6,23,11,36,臺中市,北區,0,0,0,7,,,50,,,,,,,,,,,,,,14,,,,,B03,,,1,,1,,,49,49,1,13,4,120.685123,24.157396,3
8617,66000,387130000C,(04)23274275,(04)23288582,2025,6,23,11,38,臺中市,西區,0,0,0,7,,,50,,,,,,,,,,,,,,,,,,,B03,,,1,,1,,,50,50,1,13,4,120.671191,24.137237,3
8618,66000,387130000C,(04)23274275,(04)23288582,2025,6,23,11,40,臺中市,南屯區,0,1,0,7,3,6,50,4,1,1,5,4,6,6,2,1,10,5,5,2,17,3,10,5,4,B03,7,1,1,4,2,16,,51,51,1,6,4,120.643879,24.136004,2
8619,66000,387130000C,(04)23274275,(04)23288582,2025,6,23,11,40,臺中市,南屯區,0,0,0,7,,,50,,,,,,,,,,,,,,13,,,,,B03,,,1,,2,,,59,59,1,13,4,120.585701,24.16685,3
8620,66000,387130000C,(04)23274275,(04)23288582,2025,6,23,11,41,臺中市,沙鹿區,0,1,0,7,2,6,40,13,9,1,5,4,6,6,4,4,10,5,5,2,17,3,10,3,1,B03,7,1,1,8,2,5,,51,51,1,13,4,120.567773,24.254344,2
8621,66000,387130000C,(04)23274275,(04)23288582,2025,6,23,11,46,臺中市,北區,0,1,0,7,2,6,50,13,9,1,5,4,6,6,4,4,8,3,5,2,17,3,10,5,1,B12,7,13,1,8,2,4,,76,76,1,13,4,120.669528,24.163089,2
8622,66000,387130000C,(04)23274275,(04)23288582,2025,6,23,11,50,臺中市,龍井區,0,0,0,7,,,50,,,,,,,,,,,,,,,,,,,A12,,,1,,2,,,8,8,1,6,4,120.505493,24.210273,3
8623,66000,387130000C,(04)23274275,(04)23288582,2025,6,23,11,51,臺中市,烏日區,0,2,0,7,2,6,50,4,1,1,5,4,6,6,2,1,10,5,5,2,3,2,9,1,1,C04,7,9,1,10,2,11,12,10,10,1,5,4,120.61913,24.109347,2
8624,66000,387130000C,(04)23274275,(04)23288582,2025,6,23,11,52,臺中市,龍井區,0,1,0,7,2,6,50,3,1,1,5,4,6,6,1,1,10,5,5,2,12,2,9,1,1,C04,7,6,1,8,2,14,,8,8,1,12,4,120.57392,24.18438,2
8625,66000,387130000C,(04)23274275,(04)23288582,2025,6,23,11,55,臺中市,南屯區,0,0,0,7,,,50,,,,,,,,,,,,,,17,,,,,B02,,,1,,1,,,51,51,1,12,4,120.611963,24.149455,3
8626,66000,387130000C,(04)23274275,(04)23288582,2025,6,23,12,0,臺中市,豐原區,0,2,0,7,3,6,50,13,7,1,5,4,6,6,4,4,5,5,4,2,17,2,9,1,1,C03,7,9,1,10,2,11,,39,39,1,12,4,120.711634,24.246699,2
8627,66000,387130000C,(04)23274275,(04)23288582,2025,6,23,12,2,臺中市,豐原區,0,0,0,7,,,50,,,,,,,,,,,,,,17,,,,,B11,,,1,,2,,,84,84,1,6,4,120.710194,24.23976,3
8628,66000,387130000C,(04)23274275,(04)23288582,2025,6,23,12,5,臺中市,西屯區,0,0,0,7,,,40,,,,,,,,,,,,,,13,,,,,B03,,,1,,1,,,84,84,1,12,4,120.643013,24.166029,3
8629,66000,387130000C,(04)23274275,(04)23288582,2025,6,23,12,5,臺中市,大甲區,0,1,0,7,2,6,40,3,9,1,5,4,6,6,4,4,6,3,5,1,12,3,10,3,1,A04,7,5,1,2,2,16,,20,20,1,12,4,120.635239,24.357935,2
8630,66000,387130000C,(04)23274275,(04)23288582,2025,6,23,12,6,臺中市,中區,0,1,0,7,3,6,50,13,9,1,5,4,6,6,4,4,5,4,5,2,13,2,9,1,1,F01,7,9,7,21,1,11,,7,7,1,6,4,120.679584,24.142822,2
8631,66000,387130000C,(04)23274275,(04)23288582,2025,6,23,12,7,臺中市,烏日區,0,0,0,7,,,30,,,,,,,,,,,,,,10,,,,,B12,,,1,,1,,,41,41,1,13,4,120.653751,24.090832,3
8632,66000,387130000C,(04)23274275,(04)23288582,2025,6,23,12,10,臺中市,梧棲區,0,0,0,7,,,50,,,,,,,,,,,,,,17,,,,,B03,,,1,,2,,,8,8,1,12,4,120.541746,24.245598,3
8633,66000,387130000C,(04)23274275,(04)23288582,2025,6,23,12,11,臺中市,南屯區,0,0,0,7,,,50,,,,,,,,,,,,,,,,,,,A11,,,1,,1,,,84,84,1,13,4,120.623453,24.149476,3
8634,66000,387130000C,(04)23274275,(04)23288582,2025,6,23,12,11,臺中市,西屯區,0,2,0,7,2,6,50,13,9,1,5,4,6,6,4,4,9,4,5,2,13,2,9,1,1,C03,7,9,1,10,2,14,,88,88,1,12,4,120.635349,24.169426,2
8635,66000,387130000C,(04)23274275,(04)23288582,2025,6,23,12,12,臺中市,北屯區,0,0,0,7,,,50,,,,,,,,,,,,,,17,,,,,A41,,,1,,9,,,68,68,1,13,4,120.718292,24.181937,3
8636,66000,387130000C,(04)23274275,(04)23288582,2025,6,23,12,15,臺中市,北屯區,0,0,0,7,,,50,,,,,,,,,,,,,,,,,,,B03,,,1,,1,,,84,84,1,12,4,120.680979,24.175144,3
8637,66000,387130000C,(04)23274275,(04)23288582,2025,6,23,12,17,臺中市,北屯區,0,0,0,7,,,40,,,,,,,,,,,,,,13,,,,,B03,,,1,,1,,,84,84,1,13,4,120.720444,24.166015,3
8638,66000,387130000C,(04)23274275,(04)23288582,2025,6,23,12,18,臺中市,西屯區,0,1,0,7,2,6,30,13,9,1,5,4,6,6,2,1,5,2,5,2,13,3,10,2,1,C03,7,9,1,11,2,11,,7,7,1,12,4,120.640386,24.179123,2
8639,66000,387130000C,(04)23274275,(04)23288582,2025,6,23,12,19,臺中市,西屯區,0,0,0,7,,,40,,,,,,,,,,,,,,17,,,,,B03,,,1,,1,,,8,8,1,13,4,120.634109,24.160117,3
8640,66000,387130000C,(04)23274275,(04)23288582,2025,6,23,12,23,臺中市,大里區,0,1,0,7,2,6,50,5,2,1,5,4,6,6,1,1,4,1,4,1,17,3,10,3,1,B03,7,9,1,8,2,1,,84,84,1,6,4,120.715257,24.095878,2
8641,66000,387130000C,(04)23274275,(04)23288582,2025,6,23,12,23,臺中市,太平區,0,0,0,7,,,50,,,,,,,,,,,,,,,,,,,B03,,,1,,1,,,59,59,1,6,4,120.710884,24.151474,3
8642,66000,387130000C,(04)23274275,(04)23288582,2025,6,23,12,24,臺中市,中區,0,0,0,7,,,50,,,,,,,,,,,,,,,,,,,B03,,,1,,1,,,14,14,1,13,4,120.684056,24.14187,3
8643,66000,387130000C,(04)23274275,(04)23288582,2025,6,23,12,27,臺中市,北屯區,0,0,0,7,,,50,,,,,,,,,,,,,,9,,,,,B03,,,1,8,9,,,45,45,1,12,4,120.685778,24.203793,3
8644,66000,387130000C,(04)23274275,(04)23288582,2025,6,23,12,27,臺中市,北屯區,0,1,0,7,2,6,50,13,9,1,5,4,6,6,4,4,10,5,5,2,16,2,9,5,4,C03,7,9,1,10,1,11,,7,7,1,12,4,120.688476,24.171594,2
8645,66000,387130000C,(04)23274275,(04)23288582,2025,6,23,12,27,臺中市,豐原區,0,1,0,7,2,6,50,4,1,1,5,4,6,6,1,1,5,5,5,2,13,3,10,3,1,B03,7,6,1,8,2,8,,7,7,1,13,4,120.71433,24.251726,2