序號,縣市別代碼,機關代碼,市話,傳真,年,月,日,時,分,縣市,區,死亡數量,受傷數量,2-30,天候,道路照明設備,道路類別,道路速限,道路型態,事故位置,路面鋪裝,路面狀態,路面缺陷,障礙物,視距,號誌種類,號誌動作,分向設施,快車道或一般車道間,快慢車道間,路面邊線,事故類型及型態,受傷程度,主要傷處,保護裝備,行動電話或功能裝置,當事者區分(類別),車輛用途,當事者行動狀態,駕照狀態,駕照種類,飲酒情形,車輛撞擊部位最初,車輛撞擊部位其他,肇事因素個別,肇事因素主要,肇事逃逸,職業,共享經濟或外送平台,GPS座標X,GPS座標Y,事故類別
8759,66000,387130000C,(04)23274275,(04)23288582,2025,6,23,16,56,臺中市,大甲區,0,1,0,7,3,6,50,4,9,1,5,4,6,6,1,1,5,4,5,1,17,2,9,1,1,C03,7,6,1,10,2,13,,84,84,1,12,4,120.61823,24.348904,2
8760,66000,387130000C,(04)23274275,(04)23288582,2025,6,23,16,57,臺中市,大里區,0,1,0,7,2,6,50,13,9,1,5,4,6,6,4,4,9,4,5,1,16,3,10,3,1,B03,7,1,1,8,2,4,,51,51,1,12,4,120.695149,24.102554,2
8761,66000,387130000C,(04)23274275,(04)23288582,2025,6,23,16,57,臺中市,梧棲區,0,0,0,7,,,50,,,,,,,,,,,,,,14,,,,,B12,,,1,,1,,,84,84,1,12,4,120.537641,24.261064,3
8762,66000,387130000C,(04)23274275,(04)23288582,2025,6,23,16,59,臺中市,西屯區,0,0,0,7,,,50,,,,,,,,,,,,,,15,,,,,C03,,,1,,1,,,21,21,1,12,4,120.640319,24.186543,3
8763,66000,387130000C,(04)23274275,(04)23288582,2025,6,23,17,2,臺中市,豐原區,0,0,0,7,,,50,,,,,,,,,,,,,,16,,,,,B03,,,1,,2,,,25,25,1,12,4,120.725847,24.273229,3
8764,66000,387130000C,(04)23274275,(04)23288582,2025,6,23,17,3,臺中市,龍井區,0,1,0,7,2,6,30,4,1,1,5,4,6,6,4,4,10,5,5,2,15,3,10,3,1,B03,7,9,1,8,2,1,,13,13,1,6,4,120.533215,24.179603,2
8765,66000,387130000C,(04)23274275,(04)23288582,2025,6,23,17,8,臺中市,潭子區,0,2,0,7,2,6,60,3,2,1,5,4,6,6,4,4,1,4,4,1,17,3,10,2,1,C03,7,15,1,10,2,16,,75,75,1,13,4,120.686988,24.211364,2
8766,66000,387130000C,(04)23274275,(04)23288582,2025,6,23,17,8,臺中市,太平區,0,0,0,7,,,50,,,,,,,,,,,,,,17,,,,,B12,,,1,,2,,,84,84,1,12,4,120.72127,24.149059,3
8767,66000,387130000C,(04)23274275,(04)23288582,2025,6,23,17,8,臺中市,清水區,0,0,0,7,,,40,,,,,,,,,,,,,,,,,,,C03,,,1,,11,,,59,59,1,12,4,120.570992,24.274868,3
8768,66000,387130000C,(04)23274275,(04)23288582,2025,6,23,17,11,臺中市,北區,0,0,0,7,,,,,,,,,,,,,,,,,17,,,,,,,,,,,,,119,119,1,,,120.668817,24.156789,3
8769,66000,387130000C,(04)23274275,(04)23288582,2025,6,23,17,12,臺中市,潭子區,0,2,0,7,2,6,50,13,9,1,5,4,6,6,4,4,9,5,5,1,16,2,9,2,1,C03,7,6,1,10,2,12,,84,84,1,12,4,120.697023,24.194346,2
8770,66000,387130000C,(04)23274275,(04)23288582,2025,6,23,17,13,臺中市,太平區,0,2,0,7,3,6,40,13,12,1,5,4,6,6,1,1,5,2,4,1,13,2,9,1,1,C03,7,9,1,10,2,11,,7,7,1,6,4,120.733432,24.118374,2
8771,66000,387130000C,(04)23274275,(04)23288582,2025,6,23,17,15,臺中市,大里區,0,2,0,7,2,6,50,4,1,1,5,4,6,6,4,4,3,5,5,1,16,2,8,2,1,C03,7,6,1,10,2,12,,14,14,1,13,4,120.710003,24.086358,2
8772,66000,387130000C,(04)23274275,(04)23288582,2025,6,23,17,16,臺中市,烏日區,0,1,0,7,2,6,40,4,1,1,5,4,6,6,1,1,10,5,5,2,17,3,10,5,4,C03,7,6,1,10,2,12,,11,11,1,6,4,120.654872,24.095128,2
8773,66000,387130000C,(04)23274275,(04)23288582,2025,6,23,17,17,臺中市,北屯區,0,0,0,7,,,40,,,,,,,,,,,,,,14,,,,,B03,,,1,7,1,,,49,49,1,6,4,120.700071,24.162646,3
8774,66000,387130000C,(04)23274275,(04)23288582,2025,6,23,17,20,臺中市,北屯區,0,0,0,7,,,50,,,,,,,,,,,,,,9,,,,,B03,,,1,,1,,,50,50,1,6,4,120.720265,24.173497,3
8775,66000,387130000C,(04)23274275,(04)23288582,2025,6,23,17,22,臺中市,豐原區,0,1,0,7,2,6,50,4,9,1,5,4,6,6,1,1,1,4,4,1,17,3,10,4,1,G06,7,11,7,21,2,16,,85,85,1,12,4,120.709781,24.248646,2
8776,66000,387130000C,(04)23274275,(04)23288582,2025,6,23,17,26,臺中市,大雅區,0,1,0,7,2,6,50,13,9,1,5,4,6,6,4,4,5,5,5,1,17,2,9,2,1,C03,7,9,1,10,2,14,,84,84,1,13,4,120.669073,24.236581,2
8777,66000,387130000C,(04)23274275,(04)23288582,2025,6,23,17,26,臺中市,北區,0,0,0,7,,,50,,,,,,,,,,,,,,17,,,,,B03,,,1,,1,,,59,59,1,13,4,120.692848,24.159776,3
8778,66000,387130000C,(04)23274275,(04)23288582,2025,6,23,17,26,臺中市,西屯區,0,1,0,7,1,6,50,4,1,1,5,4,6,6,2,1,10,5,5,2,13,2,9,1,1,C03,7,9,1,10,2,11,,7,7,1,12,4,120.668158,24.174602,2
8779,66000,387130000C,(04)23274275,(04)23288582,2025,6,23,17,29,臺中市,西屯區,0,3,0,7,3,6,40,4,1,1,5,4,6,6,2,1,10,5,5,2,17,3,10,5,4,B03,7,5,1,8,2,16,,84,84,1,13,4,120.624192,24.178457,2
8780,66000,387130000C,(04)23274275,(04)23288582,2025,6,23,17,30,臺中市,西區,0,2,0,7,3,6,50,4,1,1,5,4,6,6,1,1,10,5,5,2,6,2,9,2,1,C03,7,5,1,10,2,11,,84,84,1,12,4,120.655108,24.146655,2
8781,66000,387130000C,(04)23274275,(04)23288582,2025,6,23,17,30,臺中市,東區,0,0,0,7,1,6,50,3,1,1,5,4,6,6,1,1,10,5,5,2,17,3,10,3,1,B03,7,5,3,19,1,8,,51,51,1,12,4,120.690338,24.125036,3
8782,66000,387130000C,(04)23274275,(04)23288582,2025,6,23,17,30,臺中市,西屯區,0,0,0,7,,,30,,,,,,,,,,,,,,,,,,,B03,,,1,,1,,,51,51,1,12,4,120.618663,24.19115,3
8783,66000,387130000C,(04)23274275,(04)23288582,2025,6,23,17,30,臺中市,太平區,0,0,0,7,,,50,,,,,,,,,,,,,,17,,,,,C03,,,1,,2,,,40,40,1,12,4,120.700801,24.149221,3
8784,66000,387130000C,(04)23274275,(04)23288582,2025,6,23,17,30,臺中市,烏日區,0,0,0,7,,,50,,,,,,,,,,,,,,17,,,,,B03,,,1,,1,,,7,7,1,6,4,120.596985,24.108577,3
8785,66000,387130000C,(04)23274275,(04)23288582,2025,6,23,17,32,臺中市,大甲區,0,1,0,7,3,6,50,13,9,1,5,4,6,6,4,4,5,4,5,1,18,2,9,1,1,C03,7,9,3,19,2,12,,6,6,1,12,4,120.625264,24.343241,2
8786,66000,387130000C,(04)23274275,(04)23288582,2025,6,23,17,33,臺中市,東區,0,2,0,7,3,6,50,13,7,1,5,4,6,6,4,4,5,4,4,2,16,2,9,2,1,F02,7,1,7,21,2,14,,84,84,1,12,4,120.698269,24.127227,2
8787,66000,387130000C,(04)23274275,(04)23288582,2025,6,23,17,33,臺中市,西屯區,0,0,0,7,,,50,,,,,,,,,,,,,,,,,,,C03,,,1,,2,,,7,7,1,12,4,120.655135,24.16433,3
8788,66000,387130000C,(04)23274275,(04)23288582,2025,6,23,17,35,臺中市,大雅區,0,1,0,7,2,6,50,13,9,1,5,4,6,6,4,4,5,5,5,1,9,3,10,1,1,C03,7,9,1,10,2,12,,8,8,1,13,4,120.647867,24.223497,2
8789,66000,387130000C,(04)23274275,(04)23288582,2025,6,23,17,35,臺中市,大里區,0,1,0,7,2,6,50,3,7,1,5,4,6,6,4,4,3,4,5,1,17,2,7,1,1,C03,7,11,1,10,1,12,,46,46,1,13,4,120.692341,24.091328,2
8790,66000,387130000C,(04)23274275,(04)23288582,2025,6,23,17,35,臺中市,大甲區,0,1,0,7,3,6,50,13,9,1,5,4,6,6,4,4,5,4,5,1,13,3,10,3,1,B03,7,9,1,8,2,5,,84,84,1,12,4,120.643862,24.356907,2
8791,66000,387130000C,(04)23274275,(04)23288582,2025,6,23,17,38,臺中市,神岡區,0,2,0,7,2,6,50,3,1,1,5,4,6,6,1,1,10,5,5,2,3,2,9,1,1,C03,7,9,1,10,2,11,,21,21,1,13,4,120.704395,24.26176,2
8792,66000,387130000C,(04)23274275,(04)23288582,2025,6,23,17,40,臺中市,北屯區,0,1,0,7,2,6,50,3,1,1,5,4,6,6,1,1,1,4,5,2,24,2,9,1,1,C03,7,9,1,10,2,11,,59,59,1,12,4,120.693687,24.201716,2
8793,66000,387130000C,(04)23274275,(04)23288582,2025,6,23,17,40,臺中市,太平區,0,1,0,7,3,6,50,3,2,1,5,4,6,6,1,1,10,5,5,2,17,3,10,3,1,B03,7,9,1,8,2,5,,84,84,1,6,4,120.707201,24.15112,2
8794,66000,387130000C,(04)23274275,(04)23288582,2025,6,23,17,41,臺中市,南屯區,0,1,0,7,2,6,60,5,1,1,5,4,6,6,2,1,9,4,1,2,13,3,10,3,1,B03,7,9,1,8,2,1,,59,59,1,12,4,120.633248,24.124221,2
8795,66000,387130000C,(04)23274275,(04)23288582,2025,6,23,17,42,臺中市,西屯區,0,1,0,7,2,6,50,4,9,1,5,4,6,6,1,1,5,4,5,2,13,3,10,5,4,A11,7,9,1,3,2,5,,7,7,1,12,4,120.619299,24.16845,2
8796,66000,387130000C,(04)23274275,(04)23288582,2025,6,23,17,43,臺中市,南屯區,0,0,0,7,,,50,,,,,,,,,,,,,,,,,,,B03,,,1,,2,,,84,84,1,6,4,120.611986,24.137337,3
8797,66000,387130000C,(04)23274275,(04)23288582,2025,6,23,17,44,臺中市,大雅區,0,0,0,7,,,50,,,,,,,,,,,,,,13,,,,,B03,,,1,,1,,,59,59,1,12,4,120.654354,24.229388,3
8798,66000,387130000C,(04)23274275,(04)23288582,2025,6,23,17,44,臺中市,烏日區,0,0,0,7,,,50,,,,,,,,,,,,,,13,,,,,B03,,,1,,1,,,84,84,1,13,4,120.640687,24.115133,3
8799,66000,387130000C,(04)23274275,(04)23288582,2025,6,23,17,45,臺中市,北區,0,1,0,7,2,6,50,4,1,1,5,4,6,6,1,1,10,5,5,2,16,3,10,5,4,B03,7,6,1,8,2,2,,11,11,1,13,4,120.687212,24.155849,2
8800,66000,387130000C,(04)23274275,(04)23288582,2025,6,23,17,45,臺中市,北屯區,0,0,0,7,,,50,,,,,,,,,,,,,,,,,,,C03,,,1,,1,,,7,7,1,12,4,120.687853,24.173102,3
8801,66000,387130000C,(04)23274275,(04)23288582,2025,6,23,17,48,臺中市,烏日區,0,0,0,7,,,60,,,,,,,,,,,,,,13,,,,,C03,,,1,,1,,,59,59,1,12,4,120.603385,24.108695,3
8802,66000,387130000C,(04)23274275,(04)23288582,2025,6,23,17,48,臺中市,沙鹿區,0,1,0,7,2,6,50,3,1,1,5,4,6,6,1,1,10,5,5,2,18,2,9,2,1,C03,7,9,1,10,2,12,,59,59,1,6,4,120.621117,24.242398,2
8803,66000,387130000C,(04)23274275,(04)23288582,2025,6,23,17,52,臺中市,龍井區,0,4,0,7,2,6,30,4,1,1,5,4,6,6,4,4,10,5,5,2,15,2,9,1,1,C03,7,9,1,10,2,12,,15,15,1,6,4,120.529454,24.205464,2
8804,66000,387130000C,(04)23274275,(04)23288582,2025,6,23,17,52,臺中市,豐原區,0,1,0,7,3,6,50,3,1,1,5,4,6,6,3,1,5,4,4,1,16,3,10,5,4,B03,7,6,1,8,2,1,,24,24,1,12,4,120.719045,24.257351,2
8805,66000,387130000C,(04)23274275,(04)23288582,2025,6,23,17,55,臺中市,中區,0,0,0,7,,,50,,,,,,,,,,,,,,13,,,,,C03,,,1,,1,,,7,7,1,11,4,120.682065,24.142897,3
8806,66000,387130000C,(04)23274275,(04)23288582,2025,6,23,17,55,臺中市,西屯區,0,1,0,7,2,6,50,4,1,1,5,4,6,6,2,1,10,5,5,2,16,3,10,2,1,C03,7,6,3,19,2,12,,11,11,1,5,4,120.660616,24.164175,2
8807,66000,387130000C,(04)23274275,(04)23288582,2025,6,23,17,55,臺中市,沙鹿區,0,0,0,7,,,30,,,,,,,,,,,,,,17,,,,,B03,,,1,,1,,,50,50,1,12,4,120.57046,24.216029,3
8808,66000,387130000C,(04)23274275,(04)23288582,2025,6,23,17,56,臺中市,東區,0,0,0,7,,,50,,,,,,,,,,,,,,,,,,,C03,,,1,,2,,,7,7,1,12,4,120.703252,24.142704,3
8809,66000,387130000C,(04)23274275,(04)23288582,2025,6,23,17,58,臺中市,西屯區,0,0,0,7,,,50,,,,,,,,,,,,,,13,,,,,B03,,,1,,1,,,59,59,1,13,4,120.614748,24.179656,3
8810,66000,387130000C,(04)23274275,(04)23288582,2025,6,23,18,1,臺中市,北屯區,0,0,0,7,,,50,,,,,,,,,,,,,,13,,,,,C03,,,1,10,9,,,7,7,2,6,4,120.685449,24.173934,3
8811,66000,387130000C,(04)23274275,(04)23288582,2025,6,23,18,2,臺中市,太平區,0,2,0,7,2,6,50,4,1,1,5,4,6,6,4,4,10,5,5,2,15,2,9,2,1,C03,7,9,1,10,2,11,,15,15,1,12,4,120.718392,24.147934,2
8812,66000,387130000C,(04)23274275,(04)23288582,2025,6,23,18,3,臺中市,大里區,0,0,0,7,,,80,,,,,,,,,,,,,,13,,,,,B03,,,1,,2,,,7,7,1,13,4,120.68283,24.077757,3
8813,66000,387130000C,(04)23274275,(04)23288582,2025,6,23,18,3,臺中市,豐原區,0,0,0,7,,,50,,,,,,,,,,,,,,30,,,,,H01,,,7,,2,,,97,97,1,12,4,120.704434,24.246517,3
8814,66000,387130000C,(04)23274275,(04)23288582,2025,6,23,18,5,臺中市,豐原區,0,1,0,7,2,6,50,3,1,1,5,4,6,6,4,4,5,5,5,1,17,3,10,3,1,B12,7,6,1,8,4,1,,53,53,1,12,4,120.719179,24.246614,2
8815,66000,387130000C,(04)23274275,(04)23288582,2025,6,23,18,9,臺中市,南屯區,0,1,0,7,2,6,50,4,1,1,5,4,6,6,2,1,1,4,1,2,16,3,10,3,1,B03,7,5,1,8,2,8,,84,84,1,12,4,120.623547,24.149633,2
8816,66000,387130000C,(04)23274275,(04)23288582,2025,6,23,18,9,臺中市,西屯區,0,1,0,7,2,6,0,13,8,1,5,4,6,6,4,4,1,4,4,2,16,3,10,5,4,B03,7,1,1,8,2,8,,51,51,1,12,4,120.640992,24.159563,2
8817,66000,387130000C,(04)23274275,(04)23288582,2025,6,23,18,10,臺中市,北屯區,0,1,0,7,3,6,50,4,2,1,5,4,6,6,4,4,10,5,5,2,17,3,10,3,1,B03,7,6,1,8,2,8,,48,48,1,6,4,120.66209,24.19126,2
8818,66000,387130000C,(04)23274275,(04)23288582,2025,6,23,18,13,臺中市,神岡區,0,0,0,7,,,50,,,,,,,,,,,,,,12,,,,,F01,,,7,,1,,,7,7,1,13,4,120.661233,24.269453,4
8819,66000,387130000C,(04)23274275,(04)23288582,2025,6,23,18,14,臺中市,中區,0,2,0,7,2,6,30,3,1,1,5,4,6,6,4,4,10,5,5,2,16,2,9,1,1,C03,7,6,1,10,2,12,,14,14,1,6,4,120.676857,24.144234,2
8820,66000,387130000C,(04)23274275,(04)23288582,2025,6,23,18,14,臺中市,北屯區,0,2,0,7,2,6,50,13,9,1,5,4,6,6,4,4,1,4,5,2,12,2,9,2,1,C03,7,10,1,10,2,14,,42,42,1,12,4,120.685746,24.172969,2
8821,66000,387130000C,(04)23274275,(04)23288582,2025,6,23,18,15,臺中市,北屯區,0,1,0,7,1,6,50,3,1,1,5,4,6,6,4,4,10,5,5,2,12,3,10,3,1,B03,7,9,1,8,2,5,,85,85,1,12,4,120.696861,24.175169,2
8822,66000,387130000C,(04)23274275,(04)23288582,2025,6,23,18,22,臺中市,西區,0,0,0,7,,,50,,,,,,,,,,,,,,13,,,,,B03,,,1,,2,,,59,59,1,12,4,120.661565,24.153469,3
8823,66000,387130000C,(04)23274275,(04)23288582,2025,6,23,18,22,臺中市,北屯區,0,0,0,7,,,30,,,,,,,,,,,,,,17,,,,,B03,,,1,,1,,,59,59,1,13,4,120.695554,24.168609,3
8824,66000,387130000C,(04)23274275,(04)23288582,2025,6,23,18,23,臺中市,西區,0,1,0,7,3,6,30,13,9,1,5,4,6,6,4,4,10,5,5,2,17,3,10,3,1,B03,7,13,1,8,2,4,,76,76,1,12,4,120.657829,24.137014,2
8825,66000,387130000C,(04)23274275,(04)23288582,2025,6,23,18,23,臺中市,南區,0,0,0,7,,,50,,,,,,,,,,,,,,,,,,,C03,,,1,,2,,,40,40,1,6,4,120.650118,24.120638,4
8826,66000,387130000C,(04)23274275,(04)23288582,2025,6,23,18,24,臺中市,神岡區,0,2,0,6,2,6,50,3,1,1,5,4,6,6,4,4,10,5,5,2,17,2,7,3,1,B03,7,11,1,8,2,4,,45,45,1,6,4,120.680395,24.240675,2
8827,66000,387130000C,(04)23274275,(04)23288582,2025,6,23,18,25,臺中市,太平區,0,0,0,7,,,30,,,,,,,,,,,,,,17,,,,,B03,,,1,,2,,,8,8,1,6,4,120.725882,24.150484,3
8828,66000,387130000C,(04)23274275,(04)23288582,2025,6,23,18,27,臺中市,豐原區,0,1,0,7,1,6,50,11,9,1,5,4,6,6,4,4,1,4,5,2,17,3,10,5,4,A31,1,5,1,1,11,16,,68,68,1,12,4,120.749479,24.268838,2
8829,66000,387130000C,(04)23274275,(04)23288582,2025,6,23,18,28,臺中市,清水區,0,0,0,7,,,40,,,,,,,,,,,,,,,,,,,,,,,,,,,119,119,1,,4,120.546402,24.268479,3
8830,66000,387130000C,(04)23274275,(04)23288582,2025,6,23,18,30,臺中市,龍井區,0,0,0,6,,,30,,,,,,,,,,,,,,9,,,,,B03,,,1,,10,,,50,50,1,6,4,120.574913,24.180432,4
8831,66000,387130000C,(04)23274275,(04)23288582,2025,6,23,18,32,臺中市,北區,0,0,0,7,,,50,,,,,,,,,,,,,,,,,,,C03,,,1,,9,,,84,84,1,13,4,120.673751,24.143325,3
8832,66000,387130000C,(04)23274275,(04)23288582,2025,6,23,18,32,臺中市,太平區,0,1,0,7,1,6,40,14,9,1,5,4,6,6,4,4,10,5,5,2,17,3,10,2,1,C03,7,9,1,10,2,16,,4,4,1,12,4,120.716218,24.14622,2
8833,66000,387130000C,(04)23274275,(04)23288582,2025,6,23,18,34,臺中市,北屯區,0,0,0,7,,,50,,,,,,,,,,,,,,30,,,,,B03,,,1,,2,,,59,59,1,12,4,120.711197,24.172262,3
8834,66000,387130000C,(04)23274275,(04)23288582,2025,6,23,18,35,臺中市,西屯區,0,0,0,7,,,30,,,,,,,,,,,,,,14,,,,,B03,,,1,,1,,,49,49,1,12,4,120.655341,24.173665,3
8835,66000,387130000C,(04)23274275,(04)23288582,2025,6,23,18,43,臺中市,北區,0,2,0,7,2,6,40,4,1,1,5,4,6,6,1,1,5,4,4,2,13,2,9,1,1,C03,7,9,1,10,2,11,,84,84,1,12,4,120.674182,24.165103,2
8836,66000,387130000C,(04)23274275,(04)23288582,2025,6,23,18,46,臺中市,大里區,0,2,0,7,3,6,50,3,2,1,5,4,6,6,4,4,5,5,5,1,16,2,9,1,1,C03,7,6,1,10,2,13,,14,14,1,13,4,120.699098,24.104336,2
8837,66000,387130000C,(04)23274275,(04)23288582,2025,6,23,18,51,臺中市,大雅區,0,2,0,7,1,6,50,4,2,1,5,4,6,6,4,4,5,5,5,1,13,2,9,2,1,C03,7,9,1,10,2,11,,84,84,1,13,4,120.644904,24.221521,2
8838,66000,387130000C,(04)23274275,(04)23288582,2025,6,23,18,52,臺中市,龍井區,0,0,0,6,,,50,,,,,,,,,,,,,,13,,,,,C03,,,1,,1,,,51,51,1,6,4,120.579564,24.192595,3
8839,66000,387130000C,(04)23274275,(04)23288582,2025,6,23,19,0,臺中市,北區,0,0,0,7,,,50,,,,,,,,,,,,,,17,,,,,B03,,,1,,1,,,87,87,1,13,4,120.677748,24.1495,3
8840,66000,387130000C,(04)23274275,(04)23288582,2025,6,23,19,1,臺中市,太平區,0,1,0,7,1,6,50,3,1,1,5,4,6,6,4,4,5,4,5,1,13,3,10,3,1,B12,7,9,1,7,2,8,,84,84,1,12,4,120.734403,24.145052,2
8841,66000,387130000C,(04)23274275,(04)23288582,2025,6,23,19,5,臺中市,北區,0,0,0,7,,,30,,,,,,,,,,,,,,17,,,,,C03,,,7,,10,,,85,85,1,13,4,120.673615,24.170978,3
8842,66000,387130000C,(04)23274275,(04)23288582,2025,6,23,19,5,臺中市,北屯區,0,1,0,6,1,6,30,4,1,1,5,4,6,6,4,4,10,5,5,2,18,2,9,2,1,C03,7,9,1,10,2,14,,12,12,1,6,4,120.680364,24.179335,2
8843,66000,387130000C,(04)23274275,(04)23288582,2025,6,23,19,10,臺中市,大雅區,0,1,0,7,1,6,40,4,2,1,5,4,6,6,1,1,5,5,4,1,17,2,9,4,1,F02,7,9,7,21,2,11,,84,84,1,13,1,120.636137,24.21612,2
8844,66000,387130000C,(04)23274275,(04)23288582,2025,6,23,19,10,臺中市,南區,0,2,0,7,1,6,50,4,1,1,5,4,6,6,4,4,10,5,5,2,15,2,9,1,1,C03,7,9,1,10,2,11,,12,12,1,12,4,120.668113,24.123015,2
8845,66000,387130000C,(04)23274275,(04)23288582,2025,6,23,19,11,臺中市,西屯區,0,0,0,7,,,50,,,,,,,,,,,,,,12,,,,,B03,,,1,,1,,,85,85,1,12,4,120.593516,24.191252,3
8846,66000,387130000C,(04)23274275,(04)23288582,2025,6,23,19,16,臺中市,梧棲區,0,1,0,7,1,6,40,4,1,1,5,4,6,6,1,1,10,5,5,2,16,2,8,1,1,C03,7,9,1,10,2,14,,1,1,1,12,4,120.532793,24.25155,2
8847,66000,387130000C,(04)23274275,(04)23288582,2025,6,23,19,22,臺中市,太平區,0,1,0,7,1,6,50,3,2,1,5,4,6,6,4,4,5,5,5,2,17,2,7,4,1,F01,7,9,7,21,2,12,,84,84,1,12,4,120.710363,24.15801,2
8848,66000,387130000C,(04)23274275,(04)23288582,2025,6,23,19,27,臺中市,東區,0,2,0,7,1,6,50,4,1,1,5,4,6,6,4,4,10,5,5,2,16,3,10,1,1,C03,7,11,1,10,2,11,,45,45,1,12,4,120.699234,24.129659,2
8849,66000,387130000C,(04)23274275,(04)23288582,2025,6,23,19,34,臺中市,大里區,0,0,0,7,,,30,,,,,,,,,,,,,,,,,,,B12,,,1,,2,,,87,87,1,13,4,120.731093,24.088956,3
8850,66000,387130000C,(04)23274275,(04)23288582,2025,6,23,19,40,臺中市,大雅區,0,0,0,7,,,60,,,,,,,,,,,,,,,,,,,B02,,,1,,1,,,49,49,1,12,4,120.649981,24.211699,3
8851,66000,387130000C,(04)23274275,(04)23288582,2025,6,23,19,41,臺中市,大雅區,0,1,0,7,1,6,70,3,2,1,5,4,6,6,1,1,1,4,5,1,13,2,9,2,1,C03,7,9,1,10,2,11,,7,7,1,13,4,120.642195,24.229182,2
8852,66000,387130000C,(04)23274275,(04)23288582,2025,6,23,19,41,臺中市,南屯區,0,0,0,7,,,,,,,,,,,,,,,,,,,,,,,,,,,,,,119,119,1,,,120.645423,24.133142,3
8853,66000,387130000C,(04)23274275,(04)23288582,2025,6,23,19,45,臺中市,北屯區,0,2,0,7,3,6,50,13,8,1,5,4,6,6,4,4,1,5,1,2,13,3,10,2,1,C03,7,9,1,10,2,11,,84,84,1,6,4,120.726868,24.161421,2
8854,66000,387130000C,(04)23274275,(04)23288582,2025,6,23,19,48,臺中市,大里區,0,1,0,7,1,6,50,13,9,1,5,4,6,6,4,4,10,5,5,1,18,2,9,1,1,C03,7,9,1,10,2,11,,84,84,1,12,4,120.671629,24.108185,2
8855,66000,387130000C,(04)23274275,(04)23288582,2025,6,23,19,50,臺中市,龍井區,0,0,0,7,,,40,,,,,,,,,,,,,,,,,,,B03,,,1,,1,,,7,7,1,12,4,120.542384,24.218045,3
8856,66000,387130000C,(04)23274275,(04)23288582,2025,6,23,19,52,臺中市,后里區,0,0,0,7,,,40,,,,,,,,,,,,,,,,,,,B12,,,1,,9,,,43,43,2,7,4,120.720184,24.3252,3
8857,66000,387130000C,(04)23274275,(04)23288582,2025,6,23,19,58,臺中市,南屯區,0,0,0,7,,,50,,,,,,,,,,,,,,15,,,,,B03,,,1,,2,,,84,84,1,12,4,120.653258,24.128767,3
8858,66000,387130000C,(04)23274275,(04)23288582,2025,6,23,19,58,臺中市,大里區,0,0,0,7,,,50,,,,,,,,,,,,,,,,,,,B03,,,1,,2,,,49,49,1,12,4,120.684794,24.100727,3
8859,66000,387130000C,(04)23274275,(04)23288582,2025,6,23,19,59,臺中市,大雅區,0,1,0,7,1,6,70,3,2,1,5,4,6,6,1,1,1,4,4,1,17,2,9,2,1,C03,7,6,1,10,2,11,,84,84,1,13,4,120.636221,24.234703,2
8860,66000,387130000C,(04)23274275,(04)23288582,2025,6,23,19,59,臺中市,太平區,0,1,0,7,2,6,50,5,1,1,5,4,6,6,1,1,10,5,5,2,17,2,9,1,1,C03,7,6,1,10,2,12,,48,48,1,12,4,120.724499,24.149479,2
8861,66000,387130000C,(04)23274275,(04)23288582,2025,6,23,20,0,臺中市,梧棲區,0,0,0,7,,,50,,,,,,,,,,,,,,12,,,,,B03,,,1,,1,,,50,50,1,12,4,120.533573,24.257873,3
8862,66000,387130000C,(04)23274275,(04)23288582,2025,6,23,20,3,臺中市,大里區,0,0,0,7,,,30,,,,,,,,,,,,,,11,,,,,B03,,,1,,1,,,8,8,1,13,4,120.696586,24.081988,3
8863,66000,387130000C,(04)23274275,(04)23288582,2025,6,23,20,23,臺中市,大雅區,0,0,0,7,,,50,,,,,,,,,,,,,,,,,,,C03,,,1,,2,,,7,7,1,13,4,120.65254,24.228274,3
8864,66000,387130000C,(04)23274275,(04)23288582,2025,6,23,20,30,臺中市,南屯區,0,1,0,7,2,6,50,4,1,1,5,4,6,6,2,1,9,4,4,2,12,3,10,3,1,B03,7,8,1,8,2,2,,40,40,1,12,4,120.646473,24.129528,2
8865,66000,387130000C,(04)23274275,(04)23288582,2025,6,23,20,34,臺中市,北屯區,0,1,0,7,1,6,50,3,1,1,5,4,6,6,4,4,10,5,5,2,17,2,9,1,1,C03,7,6,3,19,2,15,,12,12,1,12,4,120.709417,24.178233,2
8866,66000,387130000C,(04)23274275,(04)23288582,2025,6,23,20,49,臺中市,南屯區,0,2,0,7,2,6,50,4,2,1,5,4,6,6,4,4,5,5,4,2,13,2,8,2,1,C03,7,6,1,10,2,11,,84,84,1,12,4,120.635735,24.148494,2
8867,66000,387130000C,(04)23274275,(04)23288582,2025,6,23,20,55,臺中市,大肚區,0,2,0,7,1,6,30,13,9,1,5,4,6,6,4,4,10,5,5,2,12,2,9,1,1,C03,7,9,1,10,2,12,,7,7,1,6,4,120.578878,24.118061,2
8868,66000,387130000C,(04)23274275,(04)23288582,2025,6,23,21,0,臺中市,東區,0,0,0,7,,,50,,,,,,,,,,,,,,,,,,,B03,,,1,,2,,,11,11,1,6,4,120.69451,24.142756,4
8869,66000,387130000C,(04)23274275,(04)23288582,2025,6,23,21,20,臺中市,北屯區,0,0,0,7,,,50,,,,,,,,,,,,,,17,,,,,A11,,,1,,9,,,49,49,1,13,4,120.718369,24.175864,3
8870,66000,387130000C,(04)23274275,(04)23288582,2025,6,23,21,20,臺中市,太平區,0,0,0,7,1,6,50,13,9,1,5,4,6,6,4,4,9,5,5,2,27,3,10,3,1,B03,7,9,5,8,2,1,,59,59,1,6,4,120.708537,24.111532,3