序號,縣市別代碼,機關代碼,市話,傳真,年,月,日,時,分,縣市,區,死亡數量,受傷數量,2-30,天候,道路照明設備,道路類別,道路速限,道路型態,事故位置,路面鋪裝,路面狀態,路面缺陷,障礙物,視距,號誌種類,號誌動作,分向設施,快車道或一般車道間,快慢車道間,路面邊線,事故類型及型態,受傷程度,主要傷處,保護裝備,行動電話或功能裝置,當事者區分(類別),車輛用途,當事者行動狀態,駕照狀態,駕照種類,飲酒情形,車輛撞擊部位最初,車輛撞擊部位其他,肇事因素個別,肇事因素主要,肇事逃逸,職業,共享經濟或外送平台,GPS座標X,GPS座標Y,事故類別
8981,66000,387130000C,(04)23274275,(04)23288582,2025,6,24,8,25,臺中市,大肚區,0,2,0,7,2,6,30,4,1,1,5,4,6,6,1,1,10,5,5,2,15,2,9,4,1,C03,7,9,1,10,2,11,,25,25,1,6,4,120.578742,24.120922,2
8982,66000,387130000C,(04)23274275,(04)23288582,2025,6,24,8,28,臺中市,太平區,0,0,0,7,,,50,,,,,,,,,,,,,,,,,,,B01,,,1,,1,,,7,7,1,12,4,120.70983,24.135077,3
8983,66000,387130000C,(04)23274275,(04)23288582,2025,6,24,8,29,臺中市,大雅區,0,1,0,7,1,6,50,13,7,1,5,4,6,6,1,1,1,4,4,2,18,2,9,2,1,C03,7,12,1,10,2,12,,84,84,1,12,4,120.631732,24.230068,2
8984,66000,387130000C,(04)23274275,(04)23288582,2025,6,24,8,30,臺中市,南區,0,2,0,7,2,6,50,13,9,1,5,4,6,6,4,4,5,5,5,2,17,2,8,2,1,C03,7,9,1,10,2,11,,84,84,1,12,4,120.658036,24.108949,2
8985,66000,387130000C,(04)23274275,(04)23288582,2025,6,24,8,30,臺中市,霧峰區,0,0,0,7,,,70,,,,,,,,,,,,,,,,,,,,,,,,,,,116,116,1,,,120.662591,24.071439,3
8986,66000,387130000C,(04)23274275,(04)23288582,2025,6,24,8,31,臺中市,西區,0,0,0,7,,,50,,,,,,,,,,,,,,,,,,,A41,,,1,,9,,,8,8,1,6,4,120.668014,24.1297,3
8987,66000,387130000C,(04)23274275,(04)23288582,2025,6,24,8,34,臺中市,南屯區,0,0,0,7,,,50,,,,,,,,,,,,,,,,,,,B03,,,5,,2,,,84,84,1,13,4,120.654857,24.134946,3
8988,66000,387130000C,(04)23274275,(04)23288582,2025,6,24,8,34,臺中市,北屯區,0,1,0,7,1,6,25,4,2,1,5,4,6,6,4,4,10,5,5,2,16,2,9,1,1,C03,7,9,1,10,1,11,,15,15,1,13,4,120.701879,24.167529,2
8989,66000,387130000C,(04)23274275,(04)23288582,2025,6,24,8,36,臺中市,西屯區,0,0,0,7,,,40,,,,,,,,,,,,,,,,,,,B03,,,1,,2,,,87,87,1,12,4,120.624188,24.178128,3
8990,66000,387130000C,(04)23274275,(04)23288582,2025,6,24,8,39,臺中市,西屯區,0,1,0,7,2,6,50,13,8,1,5,4,6,6,4,4,1,4,4,2,16,3,10,5,4,B03,7,5,1,8,2,5,,47,47,1,13,4,120.640538,24.160052,2
8991,66000,387130000C,(04)23274275,(04)23288582,2025,6,24,8,40,臺中市,西區,0,0,0,7,,,50,,,,,,,,,,,,,,,,,,,B03,,,1,,1,,,84,84,1,6,4,120.662588,24.132178,3
8992,66000,387130000C,(04)23274275,(04)23288582,2025,6,24,8,41,臺中市,北屯區,0,0,0,7,,,50,,,,,,,,,,,,,,11,,,,,B03,,,1,,2,,,51,51,1,6,4,120.704971,24.178096,3
8993,66000,387130000C,(04)23274275,(04)23288582,2025,6,24,8,41,臺中市,西屯區,0,2,0,7,2,6,50,13,9,1,5,4,6,6,4,4,1,4,5,2,13,2,9,2,4,C03,7,9,1,10,2,11,,7,7,1,13,4,120.637578,24.170512,2
8994,66000,387130000C,(04)23274275,(04)23288582,2025,6,24,8,42,臺中市,潭子區,0,0,0,7,,,0,,,,,,,,,,,,,,,,,,,C03,,,1,,2,,,78,78,1,13,4,120.709793,24.235857,3
8995,66000,387130000C,(04)23274275,(04)23288582,2025,6,24,8,43,臺中市,大里區,0,1,0,7,2,6,50,3,1,1,5,4,6,6,1,1,1,5,5,2,17,3,10,3,1,B12,7,6,1,8,2,2,,11,11,1,12,4,120.668104,24.10474,2
8996,66000,387130000C,(04)23274275,(04)23288582,2025,6,24,8,43,臺中市,太平區,0,2,0,7,3,6,50,3,22,1,5,4,6,6,1,1,10,5,5,2,3,2,9,1,1,C03,7,9,1,10,2,11,,21,21,1,6,4,120.706675,24.159352,2
8997,66000,387130000C,(04)23274275,(04)23288582,2025,6,24,8,45,臺中市,大雅區,0,2,0,7,3,6,50,4,1,1,5,4,6,6,1,1,10,5,5,2,17,2,8,2,1,C03,7,9,3,19,2,14,,84,84,1,12,4,120.669875,24.22258,2
8998,66000,387130000C,(04)23274275,(04)23288582,2025,6,24,8,46,臺中市,大里區,0,0,0,7,,,50,,,,,,,,,,,,,,17,,,,,,,,,,,,,84,84,1,,,120.677269,24.093289,4
8999,66000,387130000C,(04)23274275,(04)23288582,2025,6,24,8,48,臺中市,西屯區,0,1,0,7,2,6,50,4,2,1,5,4,6,6,4,4,10,5,5,2,12,3,10,3,1,G03,7,9,1,1,1,17,,8,8,1,12,4,120.63369,24.182535,2
9000,66000,387130000C,(04)23274275,(04)23288582,2025,6,24,8,48,臺中市,太平區,0,2,0,7,3,6,30,3,1,1,5,4,6,6,4,4,10,5,5,2,16,2,9,2,1,C04,7,6,1,10,2,11,,12,12,1,12,4,120.70188,24.112452,2
9001,66000,387130000C,(04)23274275,(04)23288582,2025,6,24,8,49,臺中市,太平區,0,2,0,7,3,6,50,3,2,1,5,4,6,6,4,4,5,5,5,1,3,2,9,6,5,H01,8,16,7,21,10,17,,95,95,1,6,5,120.71451,24.143054,2
9002,66000,387130000C,(04)23274275,(04)23288582,2025,6,24,8,49,臺中市,沙鹿區,0,1,0,7,2,6,50,13,7,1,5,4,6,6,4,4,5,4,4,2,17,2,8,1,1,C03,7,8,3,19,2,14,12,43,43,1,6,4,120.559874,24.239264,2
9003,66000,387130000C,(04)23274275,(04)23288582,2025,6,24,8,50,臺中市,西屯區,0,0,0,7,,,50,,,,,,,,,,,,,,17,,,,,C03,,,1,,1,,,2,2,1,13,4,120.629749,24.165392,3
9004,66000,387130000C,(04)23274275,(04)23288582,2025,6,24,8,50,臺中市,后里區,0,3,0,7,3,6,50,13,8,1,5,4,6,6,4,4,3,4,4,1,13,2,9,2,1,C03,7,9,1,10,2,11,,7,7,1,6,4,120.72219,24.307481,2
9005,66000,387130000C,(04)23274275,(04)23288582,2025,6,24,8,51,臺中市,西屯區,0,2,0,7,2,6,50,3,2,1,5,4,6,6,4,4,5,4,5,2,16,2,9,1,1,C03,7,5,1,10,2,14,,12,12,1,12,4,120.621002,24.184991,2
9006,66000,387130000C,(04)23274275,(04)23288582,2025,6,24,8,53,臺中市,西屯區,0,0,0,7,,,50,,,,,,,,,,,,,,13,,,,,B13,,,1,,1,,,59,59,1,13,4,120.647923,24.196628,3
9007,66000,387130000C,(04)23274275,(04)23288582,2025,6,24,8,55,臺中市,南區,0,0,0,7,,,50,,,,,,,,,,,,,,13,,,,,C03,,,1,,1,,,7,7,1,12,4,120.655464,24.124055,3
9008,66000,387130000C,(04)23274275,(04)23288582,2025,6,24,8,55,臺中市,北屯區,0,0,0,7,,,50,,,,,,,,,,,,,,9,,,,,B03,,,1,8,1,,,51,51,1,12,4,120.692014,24.171602,3
9009,66000,387130000C,(04)23274275,(04)23288582,2025,6,24,8,55,臺中市,豐原區,0,1,0,7,2,6,50,13,14,1,5,4,6,6,4,4,1,4,4,1,12,3,10,3,1,B03,7,3,1,8,2,8,,50,50,1,12,4,120.704527,24.254804,2
9010,66000,387130000C,(04)23274275,(04)23288582,2025,6,24,8,56,臺中市,北屯區,0,1,0,7,2,6,50,3,1,1,5,4,6,6,4,4,10,5,5,2,17,3,10,3,1,B03,7,11,1,8,2,8,,85,85,1,12,4,120.690401,24.186226,2
9011,66000,387130000C,(04)23274275,(04)23288582,2025,6,24,8,57,臺中市,潭子區,0,1,0,7,2,6,30,3,1,1,5,4,6,6,4,4,10,5,5,2,12,3,10,3,1,B12,7,1,1,8,2,4,,51,51,1,13,4,120.701197,24.195123,2
9012,66000,387130000C,(04)23274275,(04)23288582,2025,6,24,8,58,臺中市,北屯區,0,1,0,7,1,6,50,13,9,1,5,4,6,6,4,4,1,4,5,1,13,2,9,1,1,C03,7,9,1,10,2,13,,59,59,1,12,4,120.667743,24.17968,2
9013,66000,387130000C,(04)23274275,(04)23288582,2025,6,24,8,59,臺中市,北屯區,0,0,0,7,,,50,,,,,,,,,,,,,,17,,,,,B13,,,1,,1,,,8,8,1,6,4,120.693419,24.180021,3
9014,66000,387130000C,(04)23274275,(04)23288582,2025,6,24,9,0,臺中市,南屯區,0,1,0,7,2,6,50,13,9,1,5,4,6,6,4,4,9,4,5,2,12,2,9,1,1,C03,7,9,1,10,2,14,,84,84,1,12,4,120.646737,24.130035,2
9015,66000,387130000C,(04)23274275,(04)23288582,2025,6,24,9,2,臺中市,西區,0,2,0,7,3,6,50,4,1,1,5,4,6,6,1,1,10,5,5,2,15,2,9,2,1,C03,7,9,1,10,2,11,,21,21,1,12,4,120.651288,24.146738,2
9016,66000,387130000C,(04)23274275,(04)23288582,2025,6,24,9,5,臺中市,大雅區,0,1,0,7,1,6,60,4,1,1,5,4,6,6,1,1,1,4,5,1,16,3,10,3,1,B02,7,5,1,8,2,5,,84,84,1,12,4,120.650185,24.211998,2
9017,66000,387130000C,(04)23274275,(04)23288582,2025,6,24,9,7,臺中市,西屯區,0,1,0,7,2,6,50,3,1,1,5,4,6,6,2,1,10,5,5,2,16,3,10,5,4,F01,7,6,7,21,2,11,,11,11,1,13,1,120.641981,24.16333,2
9018,66000,387130000C,(04)23274275,(04)23288582,2025,6,24,9,8,臺中市,神岡區,0,0,0,7,,,50,,,,,,,,,,,,,,12,,,,,B12,,,1,,1,,,8,8,1,12,4,120.655674,24.259584,3
9019,66000,387130000C,(04)23274275,(04)23288582,2025,6,24,9,9,臺中市,大里區,0,0,0,7,,,50,,,,,,,,,,,,,,,,,,,B03,,,1,,1,,,7,7,1,12,4,120.681545,24.109606,3
9020,66000,387130000C,(04)23274275,(04)23288582,2025,6,24,9,10,臺中市,北區,0,0,0,7,,,50,,,,,,,,,,,,,,17,,,,,C03,,,1,,1,,,87,87,1,13,4,120.687452,24.152998,3
9021,66000,387130000C,(04)23274275,(04)23288582,2025,6,24,9,13,臺中市,西區,0,0,0,7,,,50,,,,,,,,,,,,,,,,,,,B03,,,1,,1,,,59,59,1,12,4,120.653241,24.151432,3
9022,66000,387130000C,(04)23274275,(04)23288582,2025,6,24,9,16,臺中市,梧棲區,0,0,0,7,,,40,,,,,,,,,,,,,,14,,,,,B03,,,1,,2,,,49,49,1,6,4,120.526468,24.223334,3
9023,66000,387130000C,(04)23274275,(04)23288582,2025,6,24,9,17,臺中市,東區,0,1,0,7,2,6,50,4,1,1,5,4,6,6,4,4,9,4,4,2,9,3,10,3,1,B03,7,9,1,8,2,1,,7,7,1,12,4,120.687758,24.13593,2
9024,66000,387130000C,(04)23274275,(04)23288582,2025,6,24,9,20,臺中市,霧峰區,0,0,0,7,,,50,,,,,,,,,,,,,,14,,,,,B03,,,1,,2,,,49,49,1,6,4,120.695242,24.044377,3
9025,66000,387130000C,(04)23274275,(04)23288582,2025,6,24,9,27,臺中市,太平區,0,1,0,7,3,6,50,3,2,1,5,4,6,6,3,1,10,5,5,2,16,2,9,6,1,F01,7,7,7,21,2,11,,40,40,1,12,4,120.720133,24.133755,2
9026,66000,387130000C,(04)23274275,(04)23288582,2025,6,24,9,29,臺中市,北屯區,0,0,0,7,,,80,,,,,,,,,,,,,,13,,,,,B03,,,1,,2,,,5,5,1,6,4,120.695517,24.20099,3
9027,66000,387130000C,(04)23274275,(04)23288582,2025,6,24,9,30,臺中市,大里區,0,0,0,7,,,25,,,,,,,,,,,,,,12,,,,,C03,,,1,,2,,,8,8,1,13,4,120.689924,24.106935,3
9028,66000,387130000C,(04)23274275,(04)23288582,2025,6,24,9,30,臺中市,大里區,0,2,0,7,2,6,50,4,1,1,5,4,6,6,1,1,10,5,5,2,2,2,9,1,1,C03,7,5,5,10,2,11,,10,10,1,12,4,120.692326,24.111863,2
9029,66000,387130000C,(04)23274275,(04)23288582,2025,6,24,9,30,臺中市,沙鹿區,0,0,0,7,,,,,,,,,,,,,,,,,16,,,,,,,,,,,,,119,119,1,,,120.55955,24.207045,4
9030,66000,387130000C,(04)23274275,(04)23288582,2025,6,24,9,32,臺中市,西屯區,0,0,0,7,,,70,,,,,,,,,,,,,,14,,,,,B03,,,1,,1,,,49,49,1,12,4,120.624676,24.178662,3
9031,66000,387130000C,(04)23274275,(04)23288582,2025,6,24,9,41,臺中市,西屯區,0,1,0,7,3,6,50,4,1,1,5,4,6,6,2,1,10,5,5,2,15,3,10,5,4,B03,7,9,1,8,2,1,,21,21,1,13,4,120.660451,24.164449,2
9032,66000,387130000C,(04)23274275,(04)23288582,2025,6,24,9,44,臺中市,東區,0,2,0,7,2,6,50,13,8,1,5,4,6,6,4,4,9,4,4,1,16,2,9,2,1,C04,7,6,1,8,1,11,,39,39,1,13,4,120.690481,24.139997,2
9033,66000,387130000C,(04)23274275,(04)23288582,2025,6,24,9,47,臺中市,西屯區,0,0,0,7,,,40,,,,,,,,,,,,,,14,,,,,B12,,,1,,2,,,49,49,1,12,4,120.631786,24.16259,3
9034,66000,387130000C,(04)23274275,(04)23288582,2025,6,24,9,52,臺中市,大肚區,0,0,0,7,,,30,,,,,,,,,,,,,,,,,,,B12,,,1,,2,,,20,20,1,6,4,120.545897,24.149458,3
9035,66000,387130000C,(04)23274275,(04)23288582,2025,6,24,9,53,臺中市,西區,0,0,0,7,,,50,,,,,,,,,,,,,,,,,,,B03,,,1,8,1,,,34,34,1,13,4,120.671907,24.138827,3
9036,66000,387130000C,(04)23274275,(04)23288582,2025,6,24,9,55,臺中市,北屯區,0,1,0,7,2,6,50,4,1,1,5,4,6,6,2,1,4,3,4,2,15,3,10,3,1,B12,7,9,1,4,2,8,,21,21,1,13,4,120.687222,24.169309,2
9037,66000,387130000C,(04)23274275,(04)23288582,2025,6,24,9,55,臺中市,沙鹿區,0,1,0,7,2,6,40,3,2,1,5,4,6,6,4,4,1,4,1,1,9,3,10,3,1,B03,7,9,1,8,2,5,,82,82,1,12,4,120.562767,24.240631,2
9038,66000,387130000C,(04)23274275,(04)23288582,2025,6,24,10,0,臺中市,北屯區,0,2,0,7,2,6,50,4,1,1,5,4,6,6,1,1,10,5,5,2,17,2,9,5,4,C03,7,9,1,10,2,14,,59,59,1,12,4,120.733633,24.159879,2
9039,66000,387130000C,(04)23274275,(04)23288582,2025,6,24,10,2,臺中市,東區,0,0,0,7,,,50,,,,,,,,,,,,,,14,,,,,B12,,,1,,9,,,84,84,1,12,4,120.701486,24.125128,3
9040,66000,387130000C,(04)23274275,(04)23288582,2025,6,24,10,6,臺中市,南區,0,2,0,7,2,6,50,3,2,1,5,4,6,6,4,4,5,5,4,2,16,2,9,2,1,C03,7,6,1,10,2,14,,84,84,1,12,4,120.658077,24.124936,2
9041,66000,387130000C,(04)23274275,(04)23288582,2025,6,24,10,9,臺中市,潭子區,0,2,0,7,3,6,50,13,7,1,5,4,6,6,4,4,9,4,4,2,3,2,9,2,1,C03,7,9,1,10,2,11,,84,84,1,13,4,120.707678,24.210259,2
9042,66000,387130000C,(04)23274275,(04)23288582,2025,6,24,10,10,臺中市,北屯區,0,0,0,7,,,50,,,,,,,,,,,,,,13,,,,,B03,,,1,,1,,,84,84,1,12,4,120.719149,24.162942,3
9043,66000,387130000C,(04)23274275,(04)23288582,2025,6,24,10,16,臺中市,太平區,0,0,0,7,,,30,,,,,,,,,,,,,,,,,,,B12,,,1,,2,,,58,58,1,12,4,120.709769,24.132308,3
9044,66000,387130000C,(04)23274275,(04)23288582,2025,6,24,10,17,臺中市,大里區,0,0,0,7,,,50,,,,,,,,,,,,,,,,,,,B03,,,1,,2,,,85,85,1,12,4,120.674529,24.102788,3
9045,66000,387130000C,(04)23274275,(04)23288582,2025,6,24,10,18,臺中市,太平區,0,0,0,7,,,30,,,,,,,,,,,,,,12,,,,,B03,,,1,,2,,,50,50,1,6,4,120.706848,24.149986,3
9046,66000,387130000C,(04)23274275,(04)23288582,2025,6,24,10,22,臺中市,北區,0,1,0,7,2,6,50,4,1,1,5,4,6,6,4,4,5,5,5,2,17,2,9,1,1,C03,7,9,1,10,2,16,12,84,84,1,12,2,120.684065,24.154639,2
9047,66000,387130000C,(04)23274275,(04)23288582,2025,6,24,10,28,臺中市,北區,0,1,0,7,2,6,50,13,9,1,5,4,6,6,4,4,8,3,5,1,12,3,10,3,1,B03,7,7,1,8,1,2,,40,40,1,13,4,120.665957,24.166713,2
9048,66000,387130000C,(04)23274275,(04)23288582,2025,6,24,10,28,臺中市,北屯區,0,1,0,7,3,6,50,4,1,1,5,4,6,6,1,1,10,5,5,2,16,3,10,3,1,B12,7,6,1,8,2,6,,23,23,1,6,4,120.681987,24.181898,2
9049,66000,387130000C,(04)23274275,(04)23288582,2025,6,24,10,32,臺中市,西屯區,0,0,0,7,,,50,,,,,,,,,,,,,,17,,,,,C03,,,1,,1,,,4,4,1,13,4,120.660361,24.164608,3
9050,66000,387130000C,(04)23274275,(04)23288582,2025,6,24,10,40,臺中市,潭子區,0,0,0,7,,,50,,,,,,,,,,,,,,12,,,,,B12,,,1,,1,,,40,40,1,13,4,120.678865,24.215788,3
9051,66000,387130000C,(04)23274275,(04)23288582,2025,6,24,10,43,臺中市,西屯區,0,1,0,7,1,6,50,13,9,1,5,4,6,6,4,4,5,4,4,2,16,3,10,5,4,B03,7,7,1,8,2,6,,40,40,1,13,4,120.649816,24.175401,2
9052,66000,387130000C,(04)23274275,(04)23288582,2025,6,24,10,45,臺中市,太平區,0,0,0,7,,,30,,,,,,,,,,,,,,,,,,,B11,,,1,,2,,,84,84,1,12,4,120.706069,24.149669,3
9053,66000,387130000C,(04)23274275,(04)23288582,2025,6,24,10,45,臺中市,清水區,0,0,0,7,,,50,,,,,,,,,,,,,,,,,,,B03,,,1,,2,,,84,84,1,12,4,120.573485,24.26504,3
9054,66000,387130000C,(04)23274275,(04)23288582,2025,6,24,10,46,臺中市,太平區,0,1,0,7,2,6,50,3,1,1,5,4,6,6,4,4,10,5,5,2,17,2,9,5,4,C03,7,6,1,10,2,11,,7,7,1,6,4,120.707644,24.111758,2
9055,66000,387130000C,(04)23274275,(04)23288582,2025,6,24,10,47,臺中市,大里區,0,2,0,7,2,6,50,13,8,1,5,4,6,6,4,4,5,4,4,1,17,2,9,1,1,C03,7,7,1,10,2,12,,84,84,1,12,4,120.67675,24.100687,2
9056,66000,387130000C,(04)23274275,(04)23288582,2025,6,24,10,47,臺中市,太平區,0,1,0,7,3,6,50,3,2,1,5,4,6,6,4,4,10,5,5,2,16,2,9,1,1,C03,7,9,1,10,2,11,,84,84,1,12,4,120.737005,24.156933,2
9057,66000,387130000C,(04)23274275,(04)23288582,2025,6,24,10,47,臺中市,豐原區,0,0,0,7,,,50,,,,,,,,,,,,,,14,,,,,B12,,,1,,2,,,49,49,1,12,4,120.717669,24.252713,3
9058,66000,387130000C,(04)23274275,(04)23288582,2025,6,24,10,49,臺中市,北屯區,0,1,0,7,2,6,50,13,9,1,5,4,6,6,4,4,5,4,5,2,30,2,9,1,1,C03,7,9,1,10,2,11,,7,7,1,6,4,120.718444,24.187278,2
9059,66000,387130000C,(04)23274275,(04)23288582,2025,6,24,10,50,臺中市,大雅區,0,3,0,7,3,6,50,13,9,1,5,4,6,6,4,4,5,5,5,1,17,2,9,2,1,C03,7,1,1,10,2,11,,51,51,1,12,4,120.650391,24.220047,2
9060,66000,387130000C,(04)23274275,(04)23288582,2025,6,24,10,51,臺中市,大雅區,0,1,0,7,1,6,30,13,9,1,5,4,6,6,4,4,10,5,5,2,17,2,8,4,1,F01,7,6,7,21,2,11,,20,20,1,3,4,120.661053,24.220402,2
9061,66000,387130000C,(04)23274275,(04)23288582,2025,6,24,10,54,臺中市,沙鹿區,0,0,0,7,,,50,,,,,,,,,,,,,,17,,,,,B03,,,1,,2,,,8,8,1,6,4,120.56099,24.239957,3
9062,66000,387130000C,(04)23274275,(04)23288582,2025,6,24,10,56,臺中市,大里區,0,0,0,7,,,30,,,,,,,,,,,,,,17,,,,,,,,,,,,,119,119,1,,,120.706982,24.089764,3
9063,66000,387130000C,(04)23274275,(04)23288582,2025,6,24,10,59,臺中市,外埔區,0,1,0,7,2,6,50,13,9,1,5,4,6,6,4,4,9,5,5,1,18,2,9,2,1,C03,7,9,1,10,2,14,,84,84,1,12,4,120.730216,24.309421,2
9064,66000,387130000C,(04)23274275,(04)23288582,2025,6,24,11,7,臺中市,大里區,0,0,0,7,,,50,,,,,,,,,,,,,,,,,,,B12,,,1,,9,,,49,49,1,12,4,120.702682,24.11108,3
9065,66000,387130000C,(04)23274275,(04)23288582,2025,6,24,11,7,臺中市,大肚區,0,1,0,7,3,6,70,13,8,1,5,4,6,6,4,4,1,4,4,1,12,3,10,3,1,B03,7,7,1,8,2,5,,40,40,1,6,4,120.554043,24.132529,2
9066,66000,387130000C,(04)23274275,(04)23288582,2025,6,24,11,10,臺中市,太平區,0,0,0,7,,,30,,,,,,,,,,,,,,17,,,,,B03,,,3,,2,,,8,8,1,6,4,120.706656,24.14994,3
9067,66000,387130000C,(04)23274275,(04)23288582,2025,6,24,11,11,臺中市,豐原區,0,0,0,7,2,6,50,13,9,1,5,4,6,6,4,4,5,5,5,2,12,3,10,1,1,C03,7,9,1,10,2,12,,8,8,1,12,4,120.726012,24.240767,3
9068,66000,387130000C,(04)23274275,(04)23288582,2025,6,24,11,13,臺中市,西屯區,0,0,0,7,,,50,,,,,,,,,,,,,,17,,,,,B03,,,1,,9,,,49,49,1,12,4,120.639943,24.183789,3
9069,66000,387130000C,(04)23274275,(04)23288582,2025,6,24,11,14,臺中市,西屯區,0,0,0,7,,,50,,,,,,,,,,,,,,17,,,,,B12,,,1,,2,,,84,84,1,12,4,120.657922,24.168025,3
9070,66000,387130000C,(04)23274275,(04)23288582,2025,6,24,11,15,臺中市,西屯區,0,0,0,7,,,50,,,,,,,,,,,,,,16,,,,,B02,,,1,,1,,,84,84,1,13,4,120.633805,24.161131,3
9071,66000,387130000C,(04)23274275,(04)23288582,2025,6,24,11,18,臺中市,西區,0,1,0,7,2,6,50,3,8,1,5,4,6,6,4,4,1,4,5,2,16,3,10,5,4,B03,7,5,3,19,1,6,,85,85,2,13,4,120.661587,24.155869,2
9072,66000,387130000C,(04)23274275,(04)23288582,2025,6,24,11,21,臺中市,東區,0,0,0,7,,,50,,,,,,,,,,,,,,17,,,,,B03,,,1,,1,,,8,8,1,12,4,120.698908,24.133755,3
9073,66000,387130000C,(04)23274275,(04)23288582,2025,6,24,11,23,臺中市,西屯區,0,1,0,7,2,6,50,4,1,1,5,4,6,6,2,1,10,5,5,2,13,3,10,3,1,B12,7,8,1,6,2,5,,84,84,1,12,4,120.621921,24.186405,2
9074,66000,387130000C,(04)23274275,(04)23288582,2025,6,24,11,24,臺中市,西屯區,0,1,0,7,2,6,40,4,1,1,5,4,6,6,2,1,1,4,1,2,12,3,10,3,1,B03,7,9,1,8,2,8,,26,26,1,12,4,120.646192,24.164307,2
9075,66000,387130000C,(04)23274275,(04)23288582,2025,6,24,11,24,臺中市,龍井區,0,1,0,7,2,6,30,4,1,1,5,4,6,6,4,4,10,5,5,2,15,2,7,1,1,C03,7,9,1,10,2,11,,12,12,1,6,4,120.545844,24.177239,2
9076,66000,387130000C,(04)23274275,(04)23288582,2025,6,24,11,25,臺中市,中區,0,1,0,7,3,6,50,13,9,1,5,4,6,6,4,4,5,4,5,2,13,2,9,2,1,C03,7,9,5,19,1,11,,58,58,1,12,4,120.681474,24.144717,2
9077,66000,387130000C,(04)23274275,(04)23288582,2025,6,24,11,25,臺中市,南屯區,0,1,0,7,2,6,50,13,9,1,5,4,6,6,2,1,9,4,5,2,13,3,10,3,1,B03,7,9,1,8,2,1,,84,84,1,12,4,120.623497,24.149515,2
9078,66000,387130000C,(04)23274275,(04)23288582,2025,6,24,11,25,臺中市,西屯區,0,1,0,7,2,6,30,4,1,1,5,4,6,6,4,4,10,5,5,2,15,2,9,5,4,C03,7,9,1,10,2,11,,15,15,1,13,4,120.640993,24.181369,2
9079,66000,387130000C,(04)23274275,(04)23288582,2025,6,24,11,28,臺中市,神岡區,0,4,0,7,2,6,30,3,1,1,5,4,6,6,4,4,10,5,5,2,16,2,8,3,1,B03,7,5,1,8,2,5,,14,14,1,12,4,120.672042,24.255549,2
9080,66000,387130000C,(04)23274275,(04)23288582,2025,6,24,11,30,臺中市,潭子區,0,0,0,7,,,50,,,,,,,,,,,,,,,,,,,C03,,,1,,2,,,39,39,1,13,4,120.708434,24.210861,3
9081,66000,387130000C,(04)23274275,(04)23288582,2025,6,24,11,34,臺中市,大里區,0,2,0,7,2,6,50,3,2,1,5,4,6,6,1,1,4,4,4,1,17,2,9,1,1,C03,7,5,1,10,2,11,,22,22,1,6,4,120.688693,24.087453,2
9082,66000,387130000C,(04)23274275,(04)23288582,2025,6,24,11,36,臺中市,大里區,0,1,0,7,2,6,50,3,1,1,5,4,6,6,4,4,10,5,5,2,17,3,10,3,1,B03,7,11,1,8,2,7,,45,45,1,6,4,120.701252,24.083377,2
9083,66000,387130000C,(04)23274275,(04)23288582,2025,6,24,11,40,臺中市,沙鹿區,0,1,0,7,2,6,50,4,9,1,5,4,6,6,4,4,4,5,5,2,15,2,8,2,1,C03,7,9,1,10,2,11,,12,12,1,12,4,120.562823,24.243074,2
9084,66000,387130000C,(04)23274275,(04)23288582,2025,6,24,11,42,臺中市,大里區,0,0,0,7,,,50,,,,,,,,,,,,,,17,,,,,B12,,,1,,2,,,84,84,1,12,4,120.686133,24.115137,3
9085,66000,387130000C,(04)23274275,(04)23288582,2025,6,24,11,46,臺中市,南區,0,1,0,7,2,6,40,13,7,1,5,4,6,6,4,4,5,5,4,2,17,2,8,2,1,C03,7,1,1,10,2,11,,51,51,1,12,4,120.674324,24.12836,2
9086,66000,387130000C,(04)23274275,(04)23288582,2025,6,24,11,51,臺中市,大雅區,0,1,0,7,1,6,40,3,1,1,5,4,6,6,4,4,1,5,4,1,16,2,9,2,1,C03,7,9,1,10,2,11,,5,5,1,12,4,120.631289,24.240038,2
9087,66000,387130000C,(04)23274275,(04)23288582,2025,6,24,11,53,臺中市,潭子區,0,1,0,7,2,6,30,3,1,1,5,4,6,6,4,4,10,5,5,1,16,3,10,3,1,B03,7,6,1,8,1,8,,14,14,1,13,4,120.701323,24.224466,2
9088,66000,387130000C,(04)23274275,(04)23288582,2025,6,24,11,53,臺中市,沙鹿區,0,1,0,7,2,6,40,3,2,1,5,4,6,6,4,4,1,4,4,2,17,2,9,1,1,C03,7,1,1,10,2,14,,51,51,1,12,4,120.567458,24.253296,2
9089,66000,387130000C,(04)23274275,(04)23288582,2025,6,24,11,58,臺中市,北區,0,0,0,7,,,50,,,,,,,,,,,,,,13,,,,,B03,,,1,,2,,,59,59,1,13,4,120.685305,24.158831,3
9090,66000,387130000C,(04)23274275,(04)23288582,2025,6,24,11,58,臺中市,南區,0,3,0,7,3,6,50,4,1,1,5,4,6,6,1,1,10,5,5,2,13,2,8,2,1,C03,7,9,1,10,2,11,,84,84,1,12,4,120.679426,24.118858,2
9091,66000,387130000C,(04)23274275,(04)23288582,2025,6,24,12,2,臺中市,太平區,0,1,0,7,3,6,50,4,2,1,5,4,6,6,2,1,10,5,5,2,12,3,10,1,1,C03,7,15,1,11,2,14,,42,42,1,12,4,120.716797,24.151377,2
9092,66000,387130000C,(04)23274275,(04)23288582,2025,6,24,12,2,臺中市,豐原區,0,0,0,7,,,50,,,,,,,,,,,,,,9,,,,,H01,,,7,,10,,,109,109,1,12,5,120.72058,24.25163,3