序號,縣市別代碼,機關代碼,市話,傳真,年,月,日,時,分,縣市,區,死亡數量,受傷數量,2-30,天候,道路照明設備,道路類別,道路速限,道路型態,事故位置,路面鋪裝,路面狀態,路面缺陷,障礙物,視距,號誌種類,號誌動作,分向設施,快車道或一般車道間,快慢車道間,路面邊線,事故類型及型態,受傷程度,主要傷處,保護裝備,行動電話或功能裝置,當事者區分(類別),車輛用途,當事者行動狀態,駕照狀態,駕照種類,飲酒情形,車輛撞擊部位最初,車輛撞擊部位其他,肇事因素個別,肇事因素主要,肇事逃逸,職業,共享經濟或外送平台,GPS座標X,GPS座標Y,事故類別
9093,66000,387130000C,(04)23274275,(04)23288582,2025,6,24,12,3,臺中市,東區,0,1,0,7,2,6,50,3,1,1,5,4,6,6,4,4,9,4,4,2,17,3,10,1,1,C03,7,6,1,10,2,16,,39,39,1,12,4,120.684942,24.121982,2
9094,66000,387130000C,(04)23274275,(04)23288582,2025,6,24,12,4,臺中市,西屯區,0,0,0,7,,,50,,,,,,,,,,,,,,13,,,,,B12,,,1,,1,,,7,7,1,13,4,120.606485,24.161621,3
9095,66000,387130000C,(04)23274275,(04)23288582,2025,6,24,12,8,臺中市,清水區,0,2,0,7,2,6,50,3,2,1,5,4,6,6,3,1,8,3,5,2,12,2,9,4,1,F02,7,6,7,21,2,11,,11,11,1,12,4,120.560876,24.269914,2
9096,66000,387130000C,(04)23274275,(04)23288582,2025,6,24,12,11,臺中市,西屯區,0,1,0,7,2,6,50,13,8,1,5,4,6,6,4,4,5,4,4,2,16,3,10,5,4,B03,7,5,1,8,2,2,,42,42,1,12,4,120.652661,24.176184,2
9097,66000,387130000C,(04)23274275,(04)23288582,2025,6,24,12,11,臺中市,太平區,0,2,0,7,3,6,50,13,9,1,5,4,6,6,4,4,5,4,5,1,12,2,7,1,1,C03,7,7,1,10,2,11,,84,84,1,6,4,120.716465,24.127915,2
9098,66000,387130000C,(04)23274275,(04)23288582,2025,6,24,12,14,臺中市,北區,0,2,0,7,2,6,50,4,1,1,5,4,6,6,1,1,5,5,4,2,17,2,9,1,1,C03,7,9,1,10,2,11,,8,8,1,12,4,120.682933,24.168454,2
9099,66000,387130000C,(04)23274275,(04)23288582,2025,6,24,12,15,臺中市,后里區,0,0,0,7,,,50,,,,,,,,,,,,,,14,,,,,B02,,,1,,2,,,49,49,1,6,4,120.7218,24.30716,3
9100,66000,387130000C,(04)23274275,(04)23288582,2025,6,24,12,23,臺中市,西屯區,0,1,0,7,3,6,40,3,1,1,5,4,6,6,4,4,3,5,5,2,16,3,10,5,4,B03,7,5,1,8,2,2,,14,14,1,13,4,120.608228,24.184444,2
9101,66000,387130000C,(04)23274275,(04)23288582,2025,6,24,12,25,臺中市,南屯區,0,0,0,7,,,50,,,,,,,,,,,,,,13,,,,,B03,,,1,,2,,,84,84,1,12,4,120.639177,24.146995,3
9102,66000,387130000C,(04)23274275,(04)23288582,2025,6,24,12,27,臺中市,潭子區,0,0,0,7,,,30,,,,,,,,,,,,,,,,,,,B02,,,1,,2,,,49,49,1,13,4,120.686891,24.21037,3
9103,66000,387130000C,(04)23274275,(04)23288582,2025,6,24,12,28,臺中市,西區,0,1,0,7,2,6,50,4,1,1,5,4,6,6,1,1,10,5,5,2,16,2,9,2,1,C03,7,6,1,10,2,13,12,84,84,1,12,2,120.670485,24.133675,2
9104,66000,387130000C,(04)23274275,(04)23288582,2025,6,24,12,32,臺中市,北區,0,0,0,7,,,50,,,,,,,,,,,,,,17,,,,,C03,,,1,,1,,,84,84,1,13,4,120.664283,24.161836,4
9105,66000,387130000C,(04)23274275,(04)23288582,2025,6,24,12,34,臺中市,西屯區,0,0,0,7,,,30,,,,,,,,,,,,,,14,,,,,A12,,,1,,1,,,49,49,1,12,4,120.639685,24.157182,3
9106,66000,387130000C,(04)23274275,(04)23288582,2025,6,24,12,37,臺中市,北屯區,0,0,0,7,,,50,,,,,,,,,,,,,,13,,,,,B03,,,1,8,1,,,84,84,1,12,4,120.719475,24.163003,3
9107,66000,387130000C,(04)23274275,(04)23288582,2025,6,24,12,41,臺中市,西屯區,0,2,0,7,2,6,60,3,2,1,5,4,6,6,1,1,5,4,4,2,12,2,9,2,1,C03,7,9,1,10,2,11,,7,7,1,5,4,120.661531,24.163867,2
9108,66000,387130000C,(04)23274275,(04)23288582,2025,6,24,12,44,臺中市,大雅區,0,2,0,7,2,6,70,3,2,1,5,4,6,6,1,1,1,4,4,1,13,2,9,2,1,C03,7,9,3,19,9,11,,7,7,2,13,4,120.63306,24.238104,2
9109,66000,387130000C,(04)23274275,(04)23288582,2025,6,24,12,47,臺中市,沙鹿區,0,1,0,7,2,6,50,4,1,1,5,4,6,6,1,1,10,5,5,2,16,3,10,1,1,C03,7,6,1,10,2,12,,48,48,1,6,4,120.564972,24.241809,2
9110,66000,387130000C,(04)23274275,(04)23288582,2025,6,24,12,48,臺中市,西屯區,0,0,0,7,,,5,,,,,,,,,,,,,,13,,,,,B03,,,1,,2,,,59,59,1,13,4,120.636279,24.170049,3
9111,66000,387130000C,(04)23274275,(04)23288582,2025,6,24,12,50,臺中市,北屯區,0,1,0,7,2,6,50,5,2,1,5,4,6,6,2,1,10,4,5,2,16,3,10,3,1,B03,7,9,1,8,2,1,,21,21,1,12,4,120.727791,24.159804,2
9112,66000,387130000C,(04)23274275,(04)23288582,2025,6,24,12,52,臺中市,大里區,0,2,0,7,2,6,30,13,9,1,5,4,6,6,4,4,10,5,5,2,17,2,8,5,4,C03,7,6,1,10,2,12,,84,84,1,13,4,120.694288,24.092469,2
9113,66000,387130000C,(04)23274275,(04)23288582,2025,6,24,13,3,臺中市,西區,0,0,0,7,3,6,50,13,9,1,5,4,6,6,4,4,8,3,5,2,13,,,,,B03,,,1,,1,,,84,84,1,13,4,120.662184,24.146878,3
9114,66000,387130000C,(04)23274275,(04)23288582,2025,6,24,13,8,臺中市,大里區,0,0,0,7,,,50,,,,,,,,,,,,,,17,,,,,C03,,,1,,9,,,84,84,1,13,4,120.698254,24.08989,3
9115,66000,387130000C,(04)23274275,(04)23288582,2025,6,24,13,14,臺中市,后里區,0,0,0,7,,,50,,,,,,,,,,,,,,12,,,,,B11,,,1,,2,,,78,78,1,6,4,120.72478,24.309,4
9116,66000,387130000C,(04)23274275,(04)23288582,2025,6,24,13,22,臺中市,南屯區,0,0,0,7,,,50,,,,,,,,,,,,,,,,,,,A41,,,1,,2,,,84,84,1,6,4,120.625417,24.134647,3
9117,66000,387130000C,(04)23274275,(04)23288582,2025,6,24,13,24,臺中市,北屯區,0,1,0,7,3,6,50,4,2,1,5,4,6,6,1,1,5,5,5,2,13,3,10,3,1,B03,7,9,1,8,2,1,,84,84,1,6,4,120.678253,24.196616,2
9118,66000,387130000C,(04)23274275,(04)23288582,2025,6,24,13,30,臺中市,大里區,0,1,0,7,3,6,50,4,2,1,5,4,6,6,1,1,10,5,5,2,18,2,9,1,1,C03,7,9,1,10,2,15,,59,59,1,12,4,120.678877,24.111738,2
9119,66000,387130000C,(04)23274275,(04)23288582,2025,6,24,13,33,臺中市,霧峰區,0,0,0,7,,,50,,,,,,,,,,,,,,17,,,,,B12,,,1,,2,,,42,42,1,13,4,120.696323,24.065594,3
9120,66000,387130000C,(04)23274275,(04)23288582,2025,6,24,13,34,臺中市,清水區,0,1,0,7,3,6,50,3,1,1,5,4,6,6,4,4,9,4,4,2,16,2,8,3,1,B03,7,6,1,8,2,5,,20,20,1,11,4,120.570737,24.275971,2
9121,66000,387130000C,(04)23274275,(04)23288582,2025,6,24,13,37,臺中市,梧棲區,0,0,0,7,,,50,,,,,,,,,,,,,,13,,,,,B03,,,1,,2,,,49,49,1,12,4,120.537419,24.262206,3
9122,66000,387130000C,(04)23274275,(04)23288582,2025,6,24,13,44,臺中市,西屯區,0,0,0,7,,,50,,,,,,,,,,,,,,13,,,,,B03,,,1,,1,,,7,7,1,13,4,120.649967,24.163413,3
9123,66000,387130000C,(04)23274275,(04)23288582,2025,6,24,13,49,臺中市,西屯區,0,0,0,7,,,50,,,,,,,,,,,,,,13,,,,,B03,,,1,,1,,,7,7,1,12,4,120.652234,24.166609,3
9124,66000,387130000C,(04)23274275,(04)23288582,2025,6,24,13,50,臺中市,西區,0,0,0,7,,,50,,,,,,,,,,,,,,13,,,,,B03,,,1,,1,,,84,84,1,12,4,120.66184,24.150336,3
9125,66000,387130000C,(04)23274275,(04)23288582,2025,6,24,13,51,臺中市,西屯區,0,0,0,7,,,50,,,,,,,,,,,,,,12,,,,,B03,,,1,,2,,,59,59,1,12,4,120.654697,24.201484,3
9126,66000,387130000C,(04)23274275,(04)23288582,2025,6,24,13,52,臺中市,中區,0,0,0,7,,,50,,,,,,,,,,,,,,,,,,,C03,,,1,,1,,,84,84,1,6,4,120.681146,24.14492,3
9127,66000,387130000C,(04)23274275,(04)23288582,2025,6,24,13,56,臺中市,太平區,0,1,0,7,2,6,30,13,9,1,5,4,6,6,4,4,10,5,5,2,17,3,10,5,4,B03,7,1,1,8,2,16,,51,51,1,6,4,120.716399,24.128907,2
9128,66000,387130000C,(04)23274275,(04)23288582,2025,6,24,13,58,臺中市,北區,0,2,0,7,2,6,50,3,2,1,5,4,6,6,4,4,10,5,5,2,12,3,10,3,1,B03,7,7,1,8,2,2,,20,20,1,13,4,120.694059,24.152991,2
9129,66000,387130000C,(04)23274275,(04)23288582,2025,6,24,14,2,臺中市,北區,0,1,0,7,2,6,50,4,1,1,5,4,6,6,1,1,10,5,5,2,16,3,10,3,1,B03,7,6,1,8,2,8,,11,11,1,13,4,120.670458,24.157208,2
9130,66000,387130000C,(04)23274275,(04)23288582,2025,6,24,14,2,臺中市,西屯區,0,0,0,7,,,60,,,,,,,,,,,,,,,,,,,B03,,,3,,2,,,7,7,1,12,4,120.634948,24.179809,3
9131,66000,387130000C,(04)23274275,(04)23288582,2025,6,24,14,8,臺中市,西區,0,0,0,7,,,50,,,,,,,,,,,,,,,,,,,B12,,,1,8,1,,,84,84,1,13,4,120.679488,24.13806,3
9132,66000,387130000C,(04)23274275,(04)23288582,2025,6,24,14,8,臺中市,太平區,0,2,0,7,3,6,50,13,9,1,5,4,6,6,4,4,5,2,5,1,13,2,8,1,1,F03,7,9,7,21,2,11,,58,58,1,6,4,120.721441,24.120015,2
9133,66000,387130000C,(04)23274275,(04)23288582,2025,6,24,14,9,臺中市,沙鹿區,0,1,0,7,2,6,40,3,1,1,5,4,6,6,1,1,10,5,5,2,18,2,9,2,1,C03,7,6,1,10,2,12,,48,48,1,6,4,120.561923,24.208405,2
9134,66000,387130000C,(04)23274275,(04)23288582,2025,6,24,14,10,臺中市,太平區,0,0,0,7,,,80,,,,,,,,,,,,,,12,,,,,B12,,,1,,9,,,8,8,1,6,4,120.71705,24.154874,3
9135,66000,387130000C,(04)23274275,(04)23288582,2025,6,24,14,12,臺中市,西屯區,0,1,0,7,2,6,40,3,1,1,5,4,6,6,2,1,10,5,5,2,12,2,9,5,4,C03,7,8,1,10,2,14,,36,36,1,13,4,120.64238,24.169413,2
9136,66000,387130000C,(04)23274275,(04)23288582,2025,6,24,14,16,臺中市,太平區,0,0,0,7,,,50,,,,,,,,,,,,,,,,,,,B03,,,1,,2,,,8,8,1,12,4,120.71619,24.149254,3
9137,66000,387130000C,(04)23274275,(04)23288582,2025,6,24,14,26,臺中市,北區,0,1,0,7,2,6,40,4,1,1,5,4,6,6,1,1,1,4,1,2,18,2,9,1,1,C03,7,9,1,10,2,12,,7,7,1,12,4,120.665639,24.154102,2
9138,66000,387130000C,(04)23274275,(04)23288582,2025,6,24,14,28,臺中市,潭子區,0,2,0,7,2,6,50,5,2,1,5,4,6,6,1,1,5,4,5,1,17,3,10,2,1,C03,7,5,1,10,2,12,,11,11,1,13,4,120.718032,24.191269,2
9139,66000,387130000C,(04)23274275,(04)23288582,2025,6,24,14,29,臺中市,后里區,0,0,0,7,,,50,,,,,,,,,,,,,,14,,,,,B03,,,1,,2,,,49,49,1,6,4,120.719,24.3107,3
9140,66000,387130000C,(04)23274275,(04)23288582,2025,6,24,14,30,臺中市,南區,0,0,0,7,1,6,50,4,1,1,5,4,6,6,1,1,10,5,5,2,17,3,10,3,1,B03,7,1,1,8,1,5,,51,51,1,12,4,120.655457,24.115199,3
9141,66000,387130000C,(04)23274275,(04)23288582,2025,6,24,14,30,臺中市,南屯區,0,0,0,7,,,50,,,,,,,,,,,,,,12,,,,,A11,,,1,,9,,,50,50,1,12,4,120.645406,24.148773,3
9142,66000,387130000C,(04)23274275,(04)23288582,2025,6,24,14,30,臺中市,北屯區,0,0,0,7,,,50,,,,,,,,,,,,,,9,,,,,B03,,,1,1,1,,,51,51,1,12,4,120.685659,24.194721,3
9143,66000,387130000C,(04)23274275,(04)23288582,2025,6,24,14,31,臺中市,潭子區,0,0,0,7,,,60,,,,,,,,,,,,,,,,,,,B01,,,1,,2,,,84,84,1,13,4,120.70262,24.197737,3
9144,66000,387130000C,(04)23274275,(04)23288582,2025,6,24,14,33,臺中市,東勢區,0,0,0,7,,,60,,,,,,,,,,,,,,13,,,,,B03,,,1,,1,,,7,7,1,13,4,120.82296,24.261187,3
9145,66000,387130000C,(04)23274275,(04)23288582,2025,6,24,14,38,臺中市,北區,0,2,0,7,2,6,50,3,2,1,5,4,6,6,1,1,5,4,5,2,17,2,9,5,1,C03,7,9,1,10,2,12,,8,8,1,13,4,120.669519,24.166854,2
9146,66000,387130000C,(04)23274275,(04)23288582,2025,6,24,14,38,臺中市,清水區,0,2,0,7,3,6,30,3,1,1,5,4,6,6,4,4,10,5,5,2,16,2,9,1,1,C03,7,5,1,10,2,11,,14,14,1,12,4,120.573256,24.282778,2
9147,66000,387130000C,(04)23274275,(04)23288582,2025,6,24,14,39,臺中市,西區,0,2,0,7,1,6,50,4,2,1,5,4,6,6,1,1,10,5,5,2,17,2,9,5,4,B12,7,15,1,8,2,15,,84,84,1,12,4,120.669818,24.138588,2
9148,66000,387130000C,(04)23274275,(04)23288582,2025,6,24,14,39,臺中市,后里區,0,1,0,7,3,6,50,3,1,1,5,4,6,6,4,4,5,5,5,2,13,2,7,4,1,F02,7,6,7,21,8,11,,53,53,1,6,4,120.7326,24.3042,2
9149,66000,387130000C,(04)23274275,(04)23288582,2025,6,24,14,40,臺中市,西屯區,0,1,0,7,2,6,50,4,1,1,5,4,6,6,1,1,10,5,5,2,16,3,10,5,4,B03,7,5,1,8,2,2,,47,47,1,12,4,120.643979,24.16051,2
9150,66000,387130000C,(04)23274275,(04)23288582,2025,6,24,14,42,臺中市,潭子區,0,0,0,7,,,60,,,,,,,,,,,,,,,,,,,B12,,,1,,2,,,40,40,1,13,4,120.704047,24.203733,3
9151,66000,387130000C,(04)23274275,(04)23288582,2025,6,24,14,43,臺中市,北區,0,1,0,7,2,6,50,13,9,1,5,4,6,6,4,4,3,4,5,1,17,3,10,3,1,B03,7,4,3,19,2,5,,1,1,1,13,4,120.679584,24.162947,2
9152,66000,387130000C,(04)23274275,(04)23288582,2025,6,24,14,48,臺中市,大里區,0,0,0,7,,,50,,,,,,,,,,,,,,16,,,,,B03,,,1,,2,,,45,45,1,13,4,120.690115,24.109232,3
9153,66000,387130000C,(04)23274275,(04)23288582,2025,6,24,14,49,臺中市,西區,0,0,0,7,,,50,,,,,,,,,,,,,,17,,,,,B03,,,1,,2,,,50,50,1,11,4,120.658205,24.147948,3
9154,66000,387130000C,(04)23274275,(04)23288582,2025,6,24,14,50,臺中市,東區,0,0,0,7,,,50,,,,,,,,,,,,,,13,,,,,B03,,,1,,1,,,84,84,1,13,4,120.68551,24.135463,3
9155,66000,387130000C,(04)23274275,(04)23288582,2025,6,24,14,51,臺中市,烏日區,0,0,0,7,2,6,50,4,1,1,5,4,6,6,1,1,10,5,5,2,14,3,10,3,1,B13,7,2,1,8,2,6,,49,49,1,6,4,120.64367,24.083361,3
9156,66000,387130000C,(04)23274275,(04)23288582,2025,6,24,14,54,臺中市,西屯區,0,0,0,7,,,50,,,,,,,,,,,,,,14,,,,,B03,,,1,,1,,,49,49,1,12,4,120.623248,24.17484,3
9157,66000,387130000C,(04)23274275,(04)23288582,2025,6,24,15,0,臺中市,大雅區,0,0,0,7,,,0,,,,,,,,,,,,,,,,,,,B03,,,1,,1,,,49,49,1,13,4,120.651366,24.216536,3
9158,66000,387130000C,(04)23274275,(04)23288582,2025,6,24,15,4,臺中市,龍井區,0,0,0,7,,,30,,,,,,,,,,,,,,,,,,,B03,,,1,,2,,,24,24,1,6,4,120.539016,24.193123,3
9159,66000,387130000C,(04)23274275,(04)23288582,2025,6,24,15,5,臺中市,大里區,0,2,0,7,3,6,50,4,1,1,5,4,6,6,2,1,1,4,5,1,13,2,9,1,1,C03,7,9,1,10,2,11,,7,7,1,13,4,120.688247,24.102311,2
9160,66000,387130000C,(04)23274275,(04)23288582,2025,6,24,15,6,臺中市,北屯區,0,0,0,7,,,50,,,,,,,,,,,,,,17,,,,,B03,,,1,,1,,,50,50,1,12,4,120.715477,24.18112,4
9161,66000,387130000C,(04)23274275,(04)23288582,2025,6,24,15,7,臺中市,霧峰區,0,1,0,7,2,6,40,4,9,1,5,4,6,6,1,1,5,5,5,1,13,3,10,3,1,B03,7,9,1,8,2,1,,7,7,1,6,4,120.702386,24.068758,2
9162,66000,387130000C,(04)23274275,(04)23288582,2025,6,24,15,11,臺中市,大里區,0,0,0,7,,,50,,,,,,,,,,,,,,,,,,,B03,,,1,,1,,,7,7,1,12,4,120.680761,24.104977,3
9163,66000,387130000C,(04)23274275,(04)23288582,2025,6,24,15,12,臺中市,大甲區,0,0,0,7,,,40,,,,,,,,,,,,,,,,,,,C03,,,1,,1,,,84,84,1,12,4,120.622512,24.356519,3
9164,66000,387130000C,(04)23274275,(04)23288582,2025,6,24,15,13,臺中市,神岡區,0,0,0,7,,,50,,,,,,,,,,,,,,12,,,,,B03,,,1,,2,,,8,8,1,12,4,120.682099,24.246816,3
9165,66000,387130000C,(04)23274275,(04)23288582,2025,6,24,15,15,臺中市,神岡區,0,1,0,7,3,6,50,3,1,1,5,4,6,6,2,1,5,4,4,2,12,3,10,3,1,B03,7,14,1,8,2,4,,76,76,1,13,4,120.682014,24.247207,2
9166,66000,387130000C,(04)23274275,(04)23288582,2025,6,24,15,15,臺中市,神岡區,0,0,0,7,,,60,,,,,,,,,,,,,,12,,,,,B03,,,1,,1,,,7,7,1,13,4,120.694341,24.248317,3
9167,66000,387130000C,(04)23274275,(04)23288582,2025,6,24,15,18,臺中市,太平區,0,0,0,7,,,50,,,,,,,,,,,,,,17,,,,,B12,,,1,,1,,,72,72,1,6,4,120.715602,24.14638,3
9168,66000,387130000C,(04)23274275,(04)23288582,2025,6,24,15,22,臺中市,大里區,0,1,0,7,2,6,40,4,1,1,5,4,6,6,1,1,10,5,5,2,16,2,9,5,4,C03,7,9,1,10,2,12,,7,7,1,12,4,120.703655,24.093213,2
9169,66000,387130000C,(04)23274275,(04)23288582,2025,6,24,15,29,臺中市,大里區,0,0,0,7,3,6,50,13,14,1,5,4,6,6,4,4,5,4,4,2,12,,,,,B03,,,1,,2,,,84,84,1,12,4,120.676651,24.100662,3
9170,66000,387130000C,(04)23274275,(04)23288582,2025,6,24,15,29,臺中市,大里區,0,0,0,7,,,50,,,,,,,,,,,,,,13,,,,,C03,,,1,,2,,,7,7,1,13,4,120.69958,24.101918,3
9171,66000,387130000C,(04)23274275,(04)23288582,2025,6,24,15,30,臺中市,南區,0,1,0,7,2,6,50,4,1,1,5,4,6,6,2,1,10,5,5,2,12,3,10,3,1,B03,7,4,1,8,1,2,,84,84,2,12,4,120.682848,24.134448,2
9172,66000,387130000C,(04)23274275,(04)23288582,2025,6,24,15,31,臺中市,烏日區,0,1,0,7,2,6,50,4,1,1,5,4,5,6,1,1,10,5,5,2,17,3,10,3,1,A41,1,6,1,1,9,16,,75,75,1,6,4,120.644317,24.087617,2
9173,66000,387130000C,(04)23274275,(04)23288582,2025,6,24,15,36,臺中市,南屯區,0,0,0,7,,,40,,,,,,,,,,,,,,12,,,,,B12,,,1,,1,,,8,8,1,12,4,120.612764,24.13896,3
9174,66000,387130000C,(04)23274275,(04)23288582,2025,6,24,15,43,臺中市,大甲區,0,0,0,7,,,50,,,,,,,,,,,,,,,,,,,B03,,,1,,1,,,8,8,1,12,4,120.624585,24.362682,3
9175,66000,387130000C,(04)23274275,(04)23288582,2025,6,24,15,46,臺中市,西區,0,2,0,7,2,6,50,4,1,1,5,4,6,6,2,1,1,4,4,2,13,2,9,2,1,C03,7,9,1,10,2,11,,7,7,1,12,4,120.667115,24.132177,2
9176,66000,387130000C,(04)23274275,(04)23288582,2025,6,24,15,47,臺中市,大雅區,0,0,0,7,,,70,,,,,,,,,,,,,,13,,,,,B03,,,1,,1,,,57,57,1,13,4,120.629398,24.241662,3
9177,66000,387130000C,(04)23274275,(04)23288582,2025,6,24,15,49,臺中市,太平區,0,0,0,7,,,50,,,,,,,,,,,,,,,,,,,B02,,,1,,1,,,59,59,1,6,4,120.704192,24.155097,3
9178,66000,387130000C,(04)23274275,(04)23288582,2025,6,24,15,50,臺中市,梧棲區,0,0,0,7,,,50,,,,,,,,,,,,,,13,,,,,A21,,,1,,1,,,7,7,1,6,4,120.538836,24.25789,3
9179,66000,387130000C,(04)23274275,(04)23288582,2025,6,24,15,52,臺中市,潭子區,0,1,0,7,3,6,50,4,1,1,5,4,6,6,1,1,5,2,4,2,16,3,10,3,1,B03,7,5,1,8,2,2,,11,11,1,13,4,120.704344,24.211585,2
9180,66000,387130000C,(04)23274275,(04)23288582,2025,6,24,15,52,臺中市,西屯區,0,1,0,7,2,6,50,4,1,1,5,4,6,6,2,1,5,4,5,2,13,3,10,5,4,B12,7,9,1,8,2,5,,7,7,1,12,4,120.635954,24.181828,2
9181,66000,387130000C,(04)23274275,(04)23288582,2025,6,24,15,54,臺中市,北區,0,0,0,7,,,50,,,,,,,,,,,,,,13,,,,,B03,,,1,,1,,,7,7,1,13,4,120.681588,24.151104,3
9182,66000,387130000C,(04)23274275,(04)23288582,2025,6,24,15,55,臺中市,北屯區,0,0,0,7,,,50,,,,,,,,,,,,,,14,,,,,B03,,,1,,2,,,49,49,1,6,4,120.706308,24.194383,3
9183,66000,387130000C,(04)23274275,(04)23288582,2025,6,24,15,57,臺中市,霧峰區,0,0,0,7,,,30,,,,,,,,,,,,,,16,,,,,C02,,,1,,2,,,1,1,1,13,4,120.695044,24.066131,3
9184,66000,387130000C,(04)23274275,(04)23288582,2025,6,24,15,57,臺中市,烏日區,0,1,0,7,2,6,50,4,1,1,5,4,6,6,1,1,10,5,5,2,18,2,9,2,1,C03,7,6,1,10,2,14,,58,58,1,6,4,120.600486,24.110638,2
9185,66000,387130000C,(04)23274275,(04)23288582,2025,6,24,16,0,臺中市,南區,0,0,0,7,,,50,,,,,,,,,,,,,,,,,,,B03,,,1,,1,,,45,45,1,6,4,120.661125,24.122824,4
9186,66000,387130000C,(04)23274275,(04)23288582,2025,6,24,16,0,臺中市,豐原區,0,0,0,7,,,50,,,,,,,,,,,,,,13,,,,,B03,,,1,,2,,,7,7,1,12,4,120.741232,24.255622,3
9187,66000,387130000C,(04)23274275,(04)23288582,2025,6,24,16,1,臺中市,西屯區,0,0,0,7,,,50,,,,,,,,,,,,,,13,,,,,B03,,,1,,1,,,78,78,1,13,4,120.64553,24.172028,3
9188,66000,387130000C,(04)23274275,(04)23288582,2025,6,24,16,6,臺中市,清水區,0,0,0,7,2,6,50,3,1,1,5,4,6,6,4,4,8,3,5,2,15,,,,,B03,,,1,,2,,,82,82,1,12,4,120.575306,24.272011,3
9189,66000,387130000C,(04)23274275,(04)23288582,2025,6,24,16,10,臺中市,豐原區,0,1,0,7,2,6,50,13,7,1,5,4,6,6,4,4,10,5,4,2,17,3,10,5,4,B12,7,13,1,8,2,8,,76,76,1,6,4,120.716675,24.249486,2
9190,66000,387130000C,(04)23274275,(04)23288582,2025,6,24,16,14,臺中市,清水區,0,0,0,7,,,60,,,,,,,,,,,,,,,,,,,,,,,,,,,119,119,1,,5,120.571274,24.266768,3
9191,66000,387130000C,(04)23274275,(04)23288582,2025,6,24,16,19,臺中市,石岡區,0,2,0,7,2,6,50,11,9,1,2,4,6,6,4,4,5,5,5,1,17,3,10,3,1,B12,7,9,1,8,11,16,,84,84,1,12,4,120.779859,24.275888,2
9192,66000,387130000C,(04)23274275,(04)23288582,2025,6,24,16,20,臺中市,北屯區,0,1,0,7,3,6,40,3,1,1,5,4,6,6,2,1,10,5,5,2,13,3,10,1,1,C03,7,9,1,10,2,11,,7,7,1,12,4,120.665695,24.182727,2
9193,66000,387130000C,(04)23274275,(04)23288582,2025,6,24,16,23,臺中市,西區,0,1,0,7,1,6,50,3,1,1,5,4,6,6,4,4,10,5,5,2,17,3,10,5,4,B03,7,9,1,4,2,8,,13,13,1,12,4,120.673543,24.136459,2
9194,66000,387130000C,(04)23274275,(04)23288582,2025,6,24,16,23,臺中市,大甲區,0,1,0,7,2,6,40,13,9,1,5,4,6,6,1,1,6,4,5,1,13,2,9,1,1,C03,7,9,3,19,2,11,,7,7,1,12,4,120.62522,24.34896,2
9195,66000,387130000C,(04)23274275,(04)23288582,2025,6,24,16,25,臺中市,北屯區,0,1,0,7,3,6,50,4,7,1,5,4,6,6,1,1,5,5,4,2,16,2,9,2,1,C03,7,6,1,10,2,11,,4,4,1,13,4,120.694258,24.171813,2
9196,66000,387130000C,(04)23274275,(04)23288582,2025,6,24,16,26,臺中市,大雅區,0,1,0,7,1,6,30,3,1,1,5,4,6,6,4,4,5,5,5,1,17,2,9,1,1,F01,7,6,7,21,2,11,,48,48,1,13,4,120.626229,24.209497,2
9197,66000,387130000C,(04)23274275,(04)23288582,2025,6,24,16,43,臺中市,烏日區,0,0,0,7,2,6,40,11,9,1,5,4,6,6,4,4,10,5,5,2,14,3,10,3,1,B03,7,2,1,8,2,5,,49,49,1,6,4,120.634478,24.108622,3
9198,66000,387130000C,(04)23274275,(04)23288582,2025,6,24,16,50,臺中市,北屯區,0,0,0,7,,,30,,,,,,,,,,,,,,10,,,,,C03,,,1,,2,,,51,51,1,6,4,120.699918,24.179413,3
9199,66000,387130000C,(04)23274275,(04)23288582,2025,6,24,16,50,臺中市,沙鹿區,0,0,0,7,,,40,,,,,,,,,,,,,,17,,,,,B03,,,1,,2,,,8,8,1,12,4,120.569679,24.244488,4
9200,66000,387130000C,(04)23274275,(04)23288582,2025,6,24,16,57,臺中市,西區,0,1,0,7,2,6,50,3,1,1,5,4,6,6,4,4,10,5,5,2,17,3,10,3,1,B03,7,1,1,8,2,8,,51,51,1,12,4,120.656106,24.144949,2
9201,66000,387130000C,(04)23274275,(04)23288582,2025,6,24,16,58,臺中市,西屯區,0,1,0,7,2,6,40,3,1,1,5,4,6,6,2,1,1,4,4,2,15,2,9,5,4,C03,7,9,1,8,2,11,,84,84,1,12,4,120.645191,24.162759,2
9202,66000,387130000C,(04)23274275,(04)23288582,2025,6,24,16,59,臺中市,太平區,0,0,0,7,,,50,,,,,,,,,,,,,,13,,,,,B03,,,1,,2,,,84,84,1,6,4,120.704409,24.111434,3
9203,66000,387130000C,(04)23274275,(04)23288582,2025,6,24,17,5,臺中市,南屯區,0,1,0,7,2,6,50,13,9,1,5,4,6,6,4,4,9,4,5,2,12,2,9,1,1,C03,7,8,1,10,2,14,,40,40,1,12,4,120.649612,24.148482,2
9204,66000,387130000C,(04)23274275,(04)23288582,2025,6,24,17,5,臺中市,大甲區,0,0,0,7,,,50,,,,,,,,,,,,,,,,,,,A12,,,,,1,,,8,8,1,12,4,120.6242,24.361989,3