序號,縣市別代碼,機關代碼,市話,傳真,年,月,日,時,分,縣市,區,死亡數量,受傷數量,2-30,天候,道路照明設備,道路類別,道路速限,道路型態,事故位置,路面鋪裝,路面狀態,路面缺陷,障礙物,視距,號誌種類,號誌動作,分向設施,快車道或一般車道間,快慢車道間,路面邊線,事故類型及型態,受傷程度,主要傷處,保護裝備,行動電話或功能裝置,當事者區分(類別),車輛用途,當事者行動狀態,駕照狀態,駕照種類,飲酒情形,車輛撞擊部位最初,車輛撞擊部位其他,肇事因素個別,肇事因素主要,肇事逃逸,職業,共享經濟或外送平台,GPS座標X,GPS座標Y,事故類別
9205,66000,387130000C,(04)23274275,(04)23288582,2025,6,24,17,6,臺中市,大雅區,0,1,0,7,1,6,0,13,9,1,5,4,6,6,4,4,10,5,5,1,17,3,10,3,1,B03,7,1,1,8,2,8,,51,51,1,13,4,120.658079,24.234169,2
9206,66000,387130000C,(04)23274275,(04)23288582,2025,6,24,17,8,臺中市,大雅區,0,1,0,7,1,6,30,11,9,1,5,4,6,6,4,4,10,5,5,2,10,3,10,3,1,B12,7,9,1,8,2,5,,85,85,1,13,4,120.67953,24.231485,2
9207,66000,387130000C,(04)23274275,(04)23288582,2025,6,24,17,8,臺中市,中區,0,1,0,7,2,6,50,3,4,1,5,4,6,6,2,1,5,5,5,2,13,3,10,5,1,A04,7,9,1,2,2,5,,7,7,1,6,4,120.677962,24.143784,2
9208,66000,387130000C,(04)23274275,(04)23288582,2025,6,24,17,8,臺中市,太平區,0,1,0,7,2,6,40,3,1,1,5,4,6,6,4,4,10,5,5,2,13,2,9,1,1,C03,7,9,1,10,2,11,,84,84,1,12,4,120.705126,24.125376,2
9209,66000,387130000C,(04)23274275,(04)23288582,2025,6,24,17,9,臺中市,北屯區,0,0,0,7,,,50,,,,,,,,,,,,,,,,,,,C03,,,1,,1,,,24,24,1,12,4,120.727467,24.177319,3
9210,66000,387130000C,(04)23274275,(04)23288582,2025,6,24,17,9,臺中市,龍井區,0,0,0,7,,,50,,,,,,,,,,,,,,16,,,,,C03,,,1,,2,,,39,39,1,6,4,120.525528,24.213654,3
9211,66000,387130000C,(04)23274275,(04)23288582,2025,6,24,17,11,臺中市,西屯區,0,1,0,7,2,6,0,13,8,1,5,4,6,6,4,4,5,5,4,2,17,3,10,5,4,B03,7,1,1,8,2,8,,51,51,1,12,4,120.652253,24.169684,2
9212,66000,387130000C,(04)23274275,(04)23288582,2025,6,24,17,15,臺中市,沙鹿區,0,2,0,7,3,6,30,13,9,1,5,4,6,1,4,4,10,5,5,2,10,2,7,2,1,C03,7,12,1,10,1,11,,41,41,1,6,4,120.560824,24.231566,2
9213,66000,387130000C,(04)23274275,(04)23288582,2025,6,24,17,16,臺中市,霧峰區,0,0,0,7,,,30,,,,,,,,,,,,,,14,,,,,B12,,,1,,2,,,49,49,1,12,4,120.697779,24.069426,3
9214,66000,387130000C,(04)23274275,(04)23288582,2025,6,24,17,19,臺中市,烏日區,0,0,0,7,,,50,,,,,,,,,,,,,,13,,,,,B03,,,1,,2,,,84,84,1,6,4,120.62036,24.102093,3
9215,66000,387130000C,(04)23274275,(04)23288582,2025,6,24,17,23,臺中市,大甲區,0,2,0,7,2,6,40,4,9,1,5,4,6,6,4,4,7,5,5,2,15,2,9,1,1,C03,7,9,1,10,2,11,,6,6,1,12,4,120.644729,24.406503,2
9216,66000,387130000C,(04)23274275,(04)23288582,2025,6,24,17,25,臺中市,霧峰區,0,0,0,7,,,40,,,,,,,,,,,,,,,,,,,B03,,,1,,2,,,49,49,1,6,4,120.662181,24.071826,3
9217,66000,387130000C,(04)23274275,(04)23288582,2025,6,24,17,26,臺中市,西屯區,0,1,0,7,2,6,40,13,8,1,5,4,6,6,4,4,5,4,4,2,17,3,10,5,4,B03,7,13,1,8,2,4,,76,76,1,13,4,120.609744,24.186429,2
9218,66000,387130000C,(04)23274275,(04)23288582,2025,6,24,17,26,臺中市,豐原區,0,1,0,7,2,6,50,3,1,1,5,4,6,6,2,1,5,5,5,2,16,3,10,1,1,C03,7,5,1,10,2,12,,84,84,1,12,4,120.723853,24.25578,2
9219,66000,387130000C,(04)23274275,(04)23288582,2025,6,24,17,27,臺中市,西屯區,0,1,0,7,2,6,50,3,1,1,5,4,6,6,4,4,5,4,4,2,13,2,9,5,4,C03,7,9,1,9,1,11,,7,7,1,12,4,120.626644,24.185773,2
9220,66000,387130000C,(04)23274275,(04)23288582,2025,6,24,17,31,臺中市,南屯區,0,0,0,7,,,50,,,,,,,,,,,,,,13,,,,,B03,,,1,,1,,,59,59,1,12,4,120.640879,24.144299,3
9221,66000,387130000C,(04)23274275,(04)23288582,2025,6,24,17,32,臺中市,西屯區,0,1,0,7,1,6,50,4,1,1,5,4,6,6,4,4,10,5,5,2,16,3,10,3,1,B03,7,6,1,8,2,1,,14,14,1,12,4,120.660892,24.167633,2
9222,66000,387130000C,(04)23274275,(04)23288582,2025,6,24,17,34,臺中市,南屯區,0,0,0,7,,,50,,,,,,,,,,,,,,13,,,,,B03,,,1,,2,,,7,7,1,6,4,120.643604,24.137438,3
9223,66000,387130000C,(04)23274275,(04)23288582,2025,6,24,17,35,臺中市,北區,0,1,0,7,2,6,40,3,2,1,5,4,6,6,4,4,1,4,4,2,17,2,8,1,1,C03,7,15,1,10,2,11,,84,84,1,13,4,120.674453,24.163991,2
9224,66000,387130000C,(04)23274275,(04)23288582,2025,6,24,17,35,臺中市,龍井區,0,1,0,7,2,6,30,3,2,1,5,4,6,6,4,4,10,5,5,2,30,2,9,5,4,C03,7,9,1,10,2,12,,85,85,1,12,4,120.585205,24.184352,2
9225,66000,387130000C,(04)23274275,(04)23288582,2025,6,24,17,36,臺中市,北屯區,0,1,0,7,3,6,50,4,1,1,5,4,6,6,1,1,10,5,5,2,13,3,10,3,1,B03,7,9,1,8,2,1,,84,84,1,12,4,120.67983,24.185026,2
9226,66000,387130000C,(04)23274275,(04)23288582,2025,6,24,17,38,臺中市,后里區,0,0,0,7,2,6,50,13,14,1,5,4,6,6,4,4,5,5,4,1,17,3,10,2,1,C03,7,9,1,10,2,11,,84,84,1,12,4,120.695503,24.313372,3
9227,66000,387130000C,(04)23274275,(04)23288582,2025,6,24,17,40,臺中市,大里區,0,1,0,7,3,6,50,13,12,1,5,4,6,6,4,4,1,4,4,2,13,2,9,1,1,C03,7,9,1,10,2,11,,59,59,1,12,4,120.66205,24.1086,2
9228,66000,387130000C,(04)23274275,(04)23288582,2025,6,24,17,40,臺中市,大里區,0,0,0,7,,,50,,,,,,,,,,,,,,14,,,,,B12,,,1,,1,,,49,49,1,13,4,120.710551,24.102934,3
9229,66000,387130000C,(04)23274275,(04)23288582,2025,6,24,17,40,臺中市,梧棲區,0,0,0,7,,,50,,,,,,,,,,,,,,17,,,,,B03,,,1,,2,,,8,8,1,12,4,120.540261,24.257564,4
9230,66000,387130000C,(04)23274275,(04)23288582,2025,6,24,17,41,臺中市,大里區,0,2,0,7,2,6,50,13,9,1,5,4,6,6,4,4,9,4,5,2,12,2,9,2,1,C03,7,9,3,19,7,11,,8,8,1,12,4,120.689718,24.117085,2
9231,66000,387130000C,(04)23274275,(04)23288582,2025,6,24,17,48,臺中市,烏日區,0,0,0,7,,,50,,,,,,,,,,,,,,11,,,,,B03,,,1,,1,,,51,51,1,6,4,120.616372,24.110954,3
9232,66000,387130000C,(04)23274275,(04)23288582,2025,6,24,17,49,臺中市,東區,0,0,0,7,,,50,,,,,,,,,,,,,,,,,,,B03,,,1,,2,,,47,47,1,12,4,120.687945,24.142864,3
9233,66000,387130000C,(04)23274275,(04)23288582,2025,6,24,17,50,臺中市,南屯區,0,0,0,7,,,50,,,,,,,,,,,,,,13,,,,,B03,,,1,,1,,,7,7,1,12,4,120.623164,24.149748,3
9234,66000,387130000C,(04)23274275,(04)23288582,2025,6,24,17,51,臺中市,南屯區,0,2,0,7,2,6,50,13,9,1,5,4,6,6,4,4,9,5,5,2,11,2,9,1,1,C03,7,1,1,10,2,11,,51,51,1,12,4,120.643508,24.138212,2
9235,66000,387130000C,(04)23274275,(04)23288582,2025,6,24,17,51,臺中市,西屯區,0,0,0,7,,,40,,,,,,,,,,,,,,13,,,,,C03,,,1,,1,,,7,7,1,12,4,120.640831,24.167678,3
9236,66000,387130000C,(04)23274275,(04)23288582,2025,6,24,17,51,臺中市,西屯區,0,1,0,7,2,6,50,4,19,1,5,4,6,6,4,4,5,5,5,2,3,3,10,5,4,B03,7,6,1,8,2,1,,10,10,1,12,4,120.606074,24.188234,2
9237,66000,387130000C,(04)23274275,(04)23288582,2025,6,24,17,51,臺中市,霧峰區,0,0,0,7,,,50,,,,,,,,,,,,,,16,,,,,B03,,,1,,2,,,11,11,1,12,4,120.67675,24.060633,3
9238,66000,387130000C,(04)23274275,(04)23288582,2025,6,24,17,52,臺中市,沙鹿區,0,2,0,7,2,6,50,4,1,1,5,4,6,6,4,4,10,5,5,2,16,2,9,2,1,C03,7,6,1,10,2,14,,11,11,1,6,4,120.575486,24.218712,2
9239,66000,387130000C,(04)23274275,(04)23288582,2025,6,24,17,53,臺中市,太平區,0,0,0,7,,,40,,,,,,,,,,,,,,14,,,,,C03,,,1,,2,,,58,58,1,6,4,120.705253,24.14845,3
9240,66000,387130000C,(04)23274275,(04)23288582,2025,6,24,17,54,臺中市,豐原區,0,1,0,7,2,6,30,13,9,1,5,4,6,6,4,4,10,5,5,2,16,3,10,3,1,B03,7,6,1,8,2,8,,48,48,1,12,4,120.713617,24.254362,2
9241,66000,387130000C,(04)23274275,(04)23288582,2025,6,24,17,55,臺中市,龍井區,0,1,0,7,2,6,50,4,1,1,5,4,6,6,4,4,10,5,5,2,16,3,10,3,1,B03,7,6,1,8,2,8,,14,14,1,6,4,120.579045,24.182632,2
9242,66000,387130000C,(04)23274275,(04)23288582,2025,6,24,17,57,臺中市,龍井區,0,0,0,7,,,30,,,,,,,,,,,,,,,,,,,C03,,,1,,2,,,12,12,1,12,4,120.586356,24.180561,4
9243,66000,387130000C,(04)23274275,(04)23288582,2025,6,24,17,58,臺中市,西屯區,0,0,0,7,,,50,,,,,,,,,,,,,,13,,,,,C03,,,1,,9,,,7,7,1,12,4,120.658802,24.164692,3
9244,66000,387130000C,(04)23274275,(04)23288582,2025,6,24,18,0,臺中市,南屯區,0,1,0,7,2,6,50,13,9,1,5,4,6,6,4,4,5,4,5,2,13,2,9,2,1,C03,7,9,1,10,2,11,,7,7,1,12,4,120.641286,24.146888,2
9245,66000,387130000C,(04)23274275,(04)23288582,2025,6,24,18,0,臺中市,沙鹿區,0,0,0,6,,,50,,,,,,,,,,,,,,14,,,,,B03,,,1,,2,,,49,49,1,12,4,120.569623,24.219607,3
9246,66000,387130000C,(04)23274275,(04)23288582,2025,6,24,18,5,臺中市,南屯區,0,1,0,7,2,6,30,13,9,1,5,4,6,6,4,4,9,5,5,2,18,2,9,1,1,C03,7,9,1,10,2,12,,82,82,1,12,4,120.619902,24.132234,2
9247,66000,387130000C,(04)23274275,(04)23288582,2025,6,24,18,5,臺中市,西屯區,0,0,0,7,,,30,,,,,,,,,,,,,,16,,,,,B03,,,1,,1,,,12,12,1,12,4,120.637493,24.170552,3
9248,66000,387130000C,(04)23274275,(04)23288582,2025,6,24,18,5,臺中市,龍井區,0,1,0,7,1,6,50,5,1,1,5,4,6,6,1,1,10,5,5,2,17,2,9,5,4,C03,7,5,1,10,2,15,,84,84,1,6,4,120.573422,24.185409,2
9249,66000,387130000C,(04)23274275,(04)23288582,2025,6,24,18,7,臺中市,西區,0,0,0,7,,,50,,,,,,,,,,,,,,17,,,,,B03,,,1,,1,,,51,51,1,12,4,120.66498,24.146856,3
9250,66000,387130000C,(04)23274275,(04)23288582,2025,6,24,18,7,臺中市,龍井區,0,0,0,7,,,30,,,,,,,,,,,,,,,,,,,,,,,,,,,8,8,1,,,120.591091,24.182147,3
9251,66000,387130000C,(04)23274275,(04)23288582,2025,6,24,18,9,臺中市,大肚區,0,0,0,7,,,30,,,,,,,,,,,,,,14,,,,,B03,,,1,,2,,,49,49,1,6,4,120.551057,24.141622,3
9252,66000,387130000C,(04)23274275,(04)23288582,2025,6,24,18,13,臺中市,西區,0,1,0,7,2,6,30,13,24,1,5,4,6,6,4,4,5,4,5,2,18,2,9,6,1,F01,7,9,7,21,2,11,,84,84,1,13,4,120.650607,24.146365,2
9253,66000,387130000C,(04)23274275,(04)23288582,2025,6,24,18,14,臺中市,西屯區,0,0,0,7,,,40,,,,,,,,,,,,,,16,,,,,C03,,,1,,1,,,59,59,1,12,4,120.644471,24.171811,3
9254,66000,387130000C,(04)23274275,(04)23288582,2025,6,24,18,15,臺中市,南屯區,0,2,0,7,2,6,0,18,21,1,5,4,6,6,4,4,10,5,5,2,9,2,9,1,1,C04,7,3,1,11,2,11,,84,84,1,12,4,120.653442,24.14034,2
9255,66000,387130000C,(04)23274275,(04)23288582,2025,6,24,18,15,臺中市,北屯區,0,2,0,7,3,6,50,3,1,1,5,4,6,6,4,4,10,5,5,2,17,2,9,2,1,C03,7,5,1,10,2,12,,84,84,1,6,4,120.675008,24.177156,2
9256,66000,387130000C,(04)23274275,(04)23288582,2025,6,24,18,15,臺中市,清水區,0,0,0,7,,,40,,,,,,,,,,,,,,,,,,,B03,,,1,,2,,,50,50,1,12,4,120.558471,24.271479,3
9257,66000,387130000C,(04)23274275,(04)23288582,2025,6,24,18,16,臺中市,大里區,0,1,0,7,3,6,50,4,1,1,5,4,6,6,1,1,5,5,5,1,16,3,10,3,1,B02,7,6,1,8,2,8,,11,11,1,13,4,120.686055,24.108622,2
9258,66000,387130000C,(04)23274275,(04)23288582,2025,6,24,18,17,臺中市,北屯區,0,1,0,6,3,6,50,4,2,1,5,4,6,6,1,1,10,5,5,2,12,3,10,3,1,B03,7,9,1,8,2,2,,8,8,1,5,4,120.712817,24.172853,2
9259,66000,387130000C,(04)23274275,(04)23288582,2025,6,24,18,17,臺中市,西屯區,0,1,0,7,2,6,50,18,24,1,5,4,6,6,4,4,10,5,5,2,17,3,10,5,4,B03,7,1,1,8,2,8,,51,51,1,12,4,120.648341,24.159575,2
9260,66000,387130000C,(04)23274275,(04)23288582,2025,6,24,18,17,臺中市,西屯區,0,2,0,7,2,6,40,4,1,1,5,4,6,6,1,1,10,5,5,2,15,2,9,1,1,C03,7,9,1,10,2,11,,21,21,1,13,4,120.58919,24.174845,2
9261,66000,387130000C,(04)23274275,(04)23288582,2025,6,24,18,20,臺中市,豐原區,0,0,0,7,,,40,,,,,,,,,,,,,,2,3,10,2,4,C03,7,9,1,8,2,11,11,7,7,1,13,4,120.723693,24.244665,3
9262,66000,387130000C,(04)23274275,(04)23288582,2025,6,24,18,22,臺中市,霧峰區,0,0,0,7,,,30,,,,,,,,,,,,,,17,,,,,C03,,,1,,2,,,51,51,1,12,4,120.682102,24.069013,3
9263,66000,387130000C,(04)23274275,(04)23288582,2025,6,24,18,24,臺中市,豐原區,0,0,0,7,,,50,,,,,,,,,,,,,,17,,,,,B03,,,1,,2,,,84,84,1,12,4,120.718527,24.249619,3
9264,66000,387130000C,(04)23274275,(04)23288582,2025,6,24,18,25,臺中市,北屯區,0,0,0,7,,,50,,,,,,,,,,,,,,,,,,,B03,,,1,,1,,,84,84,1,12,4,120.718401,24.176683,3
9265,66000,387130000C,(04)23274275,(04)23288582,2025,6,24,18,25,臺中市,烏日區,0,0,0,7,,,50,,,,,,,,,,,,,,13,,,,,B03,,,1,,1,,,7,7,1,6,4,120.647992,24.092059,3
9266,66000,387130000C,(04)23274275,(04)23288582,2025,6,24,18,27,臺中市,潭子區,0,1,0,7,1,6,40,11,9,1,5,4,6,6,4,4,10,5,5,1,20,2,9,2,1,C03,7,9,1,10,2,14,,84,84,1,13,4,120.712623,24.194293,2
9267,66000,387130000C,(04)23274275,(04)23288582,2025,6,24,18,29,臺中市,南屯區,0,1,0,7,1,6,50,3,1,1,5,4,6,6,4,4,5,5,5,2,17,2,8,1,1,C03,7,1,1,9,2,14,,51,51,1,6,4,120.630824,24.145706,2
9268,66000,387130000C,(04)23274275,(04)23288582,2025,6,24,18,31,臺中市,神岡區,0,1,0,7,1,6,50,3,1,1,5,4,6,6,1,1,5,5,4,1,17,2,9,1,1,C03,7,12,1,10,2,16,,87,87,1,12,4,120.641393,24.286803,2
9269,66000,387130000C,(04)23274275,(04)23288582,2025,6,24,18,33,臺中市,西屯區,0,0,0,7,,,50,,,,,,,,,,,,,,14,,,,,B03,,,1,,1,,,59,59,1,12,4,120.632331,24.171196,3
9270,66000,387130000C,(04)23274275,(04)23288582,2025,6,24,18,41,臺中市,北屯區,0,0,0,7,,,40,,,,,,,,,,,,,,13,,,,,B03,,,1,3,2,,,84,84,1,6,4,120.721027,24.173392,3
9271,66000,387130000C,(04)23274275,(04)23288582,2025,6,24,18,43,臺中市,北屯區,0,0,0,7,,,50,,,,,,,,,,,,,,13,,,,,B03,,,1,,1,,,84,84,1,12,4,120.701836,24.182871,3
9272,66000,387130000C,(04)23274275,(04)23288582,2025,6,24,18,45,臺中市,中區,0,1,0,7,1,6,50,4,1,1,5,4,6,6,4,4,10,5,5,2,17,3,10,5,4,B03,7,6,1,8,2,5,,14,14,1,12,4,120.678348,24.145896,2
9273,66000,387130000C,(04)23274275,(04)23288582,2025,6,24,18,49,臺中市,西屯區,0,0,0,7,,,50,,,,,,,,,,,,,,13,,,,,B03,,,1,,2,,,59,59,1,12,4,120.645191,24.162759,3
9274,66000,387130000C,(04)23274275,(04)23288582,2025,6,24,18,50,臺中市,南屯區,0,0,0,7,,,40,,,,,,,,,,,,,,14,,,,,B03,,,1,,9,,,50,50,1,12,4,120.648436,24.130577,3
9275,66000,387130000C,(04)23274275,(04)23288582,2025,6,24,18,53,臺中市,西屯區,0,1,0,7,1,6,60,13,7,1,5,4,6,6,4,4,1,4,1,2,13,3,10,5,4,B03,7,9,1,8,1,1,,7,7,1,12,4,120.648732,24.1635,2
9276,66000,387130000C,(04)23274275,(04)23288582,2025,6,24,18,56,臺中市,西區,0,0,0,7,,,50,,,,,,,,,,,,,,14,,,,,B03,,,1,,1,,,49,49,1,12,4,120.660914,24.14786,3
9277,66000,387130000C,(04)23274275,(04)23288582,2025,6,24,19,0,臺中市,西屯區,0,1,0,7,1,6,40,4,4,1,5,4,6,6,2,1,5,5,4,2,16,2,9,5,4,C03,7,8,1,10,2,13,,40,40,1,13,4,120.637406,24.173035,2
9278,66000,387130000C,(04)23274275,(04)23288582,2025,6,24,19,0,臺中市,豐原區,0,0,0,7,,,50,,,,,,,,,,,,,,17,,,,,B03,,,1,,2,,,40,40,1,12,4,120.722586,24.253669,3
9279,66000,387130000C,(04)23274275,(04)23288582,2025,6,24,19,1,臺中市,潭子區,0,0,0,7,,,60,,,,,,,,,,,,,,,,,,,C03,,,1,,2,,,8,8,1,13,4,120.705749,24.218166,3
9280,66000,387130000C,(04)23274275,(04)23288582,2025,6,24,19,5,臺中市,大雅區,0,1,0,7,1,6,70,13,9,1,5,4,6,6,4,4,1,5,5,2,17,2,1,1,1,C03,7,9,1,10,2,11,,84,84,1,13,4,120.642091,24.22906,2
9281,66000,387130000C,(04)23274275,(04)23288582,2025,6,24,19,10,臺中市,北屯區,0,0,0,7,,,50,,,,,,,,,,,,,,13,,,,,C03,,,1,,1,,,84,84,1,6,4,120.726455,24.160995,3
9282,66000,387130000C,(04)23274275,(04)23288582,2025,6,24,19,15,臺中市,沙鹿區,0,1,0,7,1,6,50,4,1,1,5,4,6,1,4,4,10,5,5,2,15,3,10,3,1,B03,7,9,1,8,2,1,,15,15,1,12,4,120.569412,24.216935,2
9283,66000,387130000C,(04)23274275,(04)23288582,2025,6,24,19,17,臺中市,南屯區,0,2,0,7,1,6,50,13,5,1,5,4,6,6,4,4,5,5,5,2,17,2,9,1,1,C03,7,1,1,10,2,14,,51,51,1,6,4,120.611775,24.135889,2
9284,66000,387130000C,(04)23274275,(04)23288582,2025,6,24,19,19,臺中市,北屯區,0,1,0,7,1,6,50,4,4,1,5,4,6,6,2,1,10,5,5,2,12,3,10,3,1,B03,7,9,1,8,2,2,,84,84,1,12,4,120.665117,24.183906,2
9285,66000,387130000C,(04)23274275,(04)23288582,2025,6,24,19,20,臺中市,南屯區,0,2,0,7,3,6,50,13,9,1,5,4,6,6,4,4,9,5,5,2,13,2,9,1,1,C03,7,10,1,10,1,11,,84,84,1,12,4,120.649463,24.143714,2
9286,66000,387130000C,(04)23274275,(04)23288582,2025,6,24,19,22,臺中市,南區,0,1,0,7,1,6,50,4,2,1,5,4,6,6,2,1,5,4,5,2,13,2,9,1,1,C03,7,9,1,10,2,11,,7,7,1,12,4,120.676627,24.131752,2
9287,66000,387130000C,(04)23274275,(04)23288582,2025,6,24,19,23,臺中市,大肚區,0,0,0,7,,,40,,,,,,,,,,,,,,14,,,,,A41,,,1,,1,,,49,49,1,6,4,120.568894,24.122617,3
9288,66000,387130000C,(04)23274275,(04)23288582,2025,6,24,19,27,臺中市,西屯區,0,0,0,7,,,50,,,,,,,,,,,,,,13,,,,,B03,,,1,,1,,,7,7,1,12,4,120.646987,24.196312,3
9289,66000,387130000C,(04)23274275,(04)23288582,2025,6,24,19,35,臺中市,北屯區,0,2,0,7,1,6,50,3,1,1,5,4,6,6,4,4,10,5,5,2,18,2,9,2,1,C03,7,9,1,10,2,14,,59,59,1,13,4,120.711818,24.1724,2
9290,66000,387130000C,(04)23274275,(04)23288582,2025,6,24,19,47,臺中市,太平區,0,1,0,7,2,6,30,4,1,1,5,4,6,6,2,1,5,5,4,1,17,2,9,4,1,F01,7,6,7,21,2,11,,48,48,1,12,4,120.723386,24.131821,2
9291,66000,387130000C,(04)23274275,(04)23288582,2025,6,24,20,10,臺中市,北屯區,0,0,0,7,,,50,,,,,,,,,,,,,,13,,,,,B03,,,1,,2,,,43,43,1,6,4,120.68627,24.185439,3
9292,66000,387130000C,(04)23274275,(04)23288582,2025,6,24,20,10,臺中市,西屯區,0,2,0,7,1,6,50,13,9,1,5,4,6,6,4,4,5,5,5,2,17,3,10,5,4,C03,7,1,1,10,9,16,,51,51,1,12,4,120.617862,24.176797,2
9293,66000,387130000C,(04)23274275,(04)23288582,2025,6,24,20,14,臺中市,大里區,0,0,0,7,,,30,,,,,,,,,,,,,,,,,,,B03,,,1,,2,,,49,49,1,12,4,120.695625,24.090637,3
9294,66000,387130000C,(04)23274275,(04)23288582,2025,6,24,20,21,臺中市,西屯區,0,0,0,7,,,50,,,,,,,,,,,,,,13,,,,,B02,,,1,,1,,,7,7,1,12,4,120.632168,24.170474,3
9295,66000,387130000C,(04)23274275,(04)23288582,2025,6,24,20,23,臺中市,西屯區,0,1,0,7,1,6,50,3,1,1,5,4,6,6,2,1,10,5,5,2,13,3,10,5,4,C03,7,9,1,10,2,11,,7,7,1,13,4,120.653849,24.176154,2
9296,66000,387130000C,(04)23274275,(04)23288582,2025,6,24,20,23,臺中市,神岡區,0,2,0,7,3,6,60,13,9,1,5,4,6,6,4,4,3,4,4,1,12,2,9,1,1,C03,7,9,1,10,2,11,,7,7,1,13,4,120.688422,24.247555,2
9297,66000,387130000C,(04)23274275,(04)23288582,2025,6,24,20,24,臺中市,東區,0,1,0,7,1,6,50,4,2,1,5,4,6,6,2,1,5,5,5,2,13,2,9,2,1,C03,7,9,1,10,2,11,,7,7,1,6,4,120.683975,24.134812,2
9298,66000,387130000C,(04)23274275,(04)23288582,2025,6,24,20,36,臺中市,北區,0,0,0,7,,,30,,,,,,,,,,,,,,15,,,,,C03,,,1,,1,,,15,15,1,12,4,120.693594,24.155805,4
9299,66000,387130000C,(04)23274275,(04)23288582,2025,6,24,20,37,臺中市,南區,0,0,0,7,,,50,,,,,,,,,,,,,,,,,,,B03,,,1,,1,,,8,8,1,12,4,120.680731,24.130963,3
9300,66000,387130000C,(04)23274275,(04)23288582,2025,6,24,20,41,臺中市,北屯區,0,1,0,7,1,6,50,4,1,1,5,4,6,6,4,4,10,5,5,2,17,3,10,3,1,B03,7,6,1,8,2,4,,84,84,1,12,4,120.711242,24.173943,2
9301,66000,387130000C,(04)23274275,(04)23288582,2025,6,24,20,41,臺中市,豐原區,0,0,0,7,,,30,,,,,,,,,,,,,,14,,,,,B03,,,1,,2,,,49,49,1,12,4,120.734647,24.271887,3
9302,66000,387130000C,(04)23274275,(04)23288582,2025,6,24,20,44,臺中市,北屯區,0,2,0,7,1,6,50,4,1,1,5,4,6,6,1,1,10,5,5,2,17,3,10,3,1,B12,7,9,3,19,9,15,,68,68,1,13,4,120.738145,24.178367,2
9303,66000,387130000C,(04)23274275,(04)23288582,2025,6,24,20,47,臺中市,北區,0,1,0,7,1,6,50,4,19,1,5,4,6,6,1,1,5,4,5,2,2,3,10,5,1,B03,7,6,1,8,2,1,,10,10,1,13,4,120.674576,24.146779,2
9304,66000,387130000C,(04)23274275,(04)23288582,2025,6,24,20,57,臺中市,西屯區,0,1,0,7,1,6,50,3,1,1,5,4,6,6,4,4,10,5,5,2,16,3,10,3,1,B03,7,6,1,8,2,8,,14,14,1,12,4,120.646976,24.1708,2
9305,66000,387130000C,(04)23274275,(04)23288582,2025,6,24,20,57,臺中市,沙鹿區,0,0,0,7,,,50,,,,,,,,,,,,,,14,,,,,C03,,,1,,2,,,49,49,1,6,4,120.570177,24.243869,3
9306,66000,387130000C,(04)23274275,(04)23288582,2025,6,24,21,1,臺中市,潭子區,0,1,0,7,1,6,60,4,1,1,5,4,6,6,2,1,1,4,4,1,13,3,10,1,1,C03,7,9,1,10,2,11,,84,84,1,12,4,120.705749,24.218166,2
9307,66000,387130000C,(04)23274275,(04)23288582,2025,6,24,21,8,臺中市,南屯區,0,0,0,7,,,50,,,,,,,,,,,,,,,,,,,B03,,,1,,1,,,59,59,1,13,4,120.646629,24.140096,3
9308,66000,387130000C,(04)23274275,(04)23288582,2025,6,24,21,11,臺中市,后里區,0,2,0,7,1,6,50,4,1,1,5,4,6,6,1,1,1,4,4,1,16,2,7,3,1,B03,7,6,1,8,2,2,,11,11,1,12,4,120.72343,24.313162,2
9309,66000,387130000C,(04)23274275,(04)23288582,2025,6,24,21,12,臺中市,大里區,0,0,0,7,,,50,,,,,,,,,,,,,,,,,,,B03,,,1,,2,,,20,20,1,12,4,120.682889,24.098413,3
9310,66000,387130000C,(04)23274275,(04)23288582,2025,6,24,21,14,臺中市,神岡區,0,1,0,7,1,6,30,13,9,1,5,4,6,6,4,4,10,5,5,1,16,3,10,3,1,B03,7,1,1,8,2,8,,51,51,1,12,4,120.654253,24.283096,2
9311,66000,387130000C,(04)23274275,(04)23288582,2025,6,24,21,15,臺中市,烏日區,0,0,0,7,1,6,40,3,1,1,,4,6,6,4,4,10,5,5,2,12,3,10,3,1,B03,7,5,1,8,1,5,,8,8,1,6,4,120.641068,24.103134,3
9312,66000,387130000C,(04)23274275,(04)23288582,2025,6,24,21,23,臺中市,西屯區,0,0,0,7,,,50,,,,,,,,,,,,,,13,,,,,B12,,,1,,1,,,51,51,1,12,4,120.651812,24.197794,3
9313,66000,387130000C,(04)23274275,(04)23288582,2025,6,24,21,33,臺中市,南區,0,2,0,7,1,6,50,13,7,1,5,4,6,6,4,4,5,5,4,2,3,2,7,6,5,H01,8,16,7,21,10,17,,95,95,1,12,5,120.681954,24.129405,2
9314,66000,387130000C,(04)23274275,(04)23288582,2025,6,24,21,33,臺中市,西屯區,0,1,0,7,1,6,50,13,9,1,5,4,6,6,4,4,1,4,5,2,16,3,10,5,4,B03,7,7,1,8,2,5,,40,40,1,13,4,120.653021,24.198786,2
9315,66000,387130000C,(04)23274275,(04)23288582,2025,6,24,21,33,臺中市,龍井區,0,0,0,7,,,30,,,,,,,,,,,,,,,,,,,C03,,,1,,11,,,87,87,1,5,4,120.591397,24.18199,3
9316,66000,387130000C,(04)23274275,(04)23288582,2025,6,24,21,34,臺中市,南區,0,0,0,7,,,50,,,,,,,,,,,,,,,,,,,B03,,,1,,2,,,49,49,1,6,4,120.650902,24.112232,3