序號,縣市別代碼,機關代碼,市話,傳真,年,月,日,時,分,縣市,區,死亡數量,受傷數量,2-30,天候,道路照明設備,道路類別,道路速限,道路型態,事故位置,路面鋪裝,路面狀態,路面缺陷,障礙物,視距,號誌種類,號誌動作,分向設施,快車道或一般車道間,快慢車道間,路面邊線,事故類型及型態,受傷程度,主要傷處,保護裝備,行動電話或功能裝置,當事者區分(類別),車輛用途,當事者行動狀態,駕照狀態,駕照種類,飲酒情形,車輛撞擊部位最初,車輛撞擊部位其他,肇事因素個別,肇事因素主要,肇事逃逸,職業,共享經濟或外送平台,GPS座標X,GPS座標Y,事故類別
9990,66000,387130000C,(04)23274275,(04)23288582,2025,6,26,16,29,臺中市,大里區,0,0,0,7,3,6,50,13,9,1,5,4,6,6,1,1,5,5,5,2,13,,,,,B03,,,2,,2,,,84,84,1,12,4,120.695147,24.11098,3
9991,66000,387130000C,(04)23274275,(04)23288582,2025,6,26,16,32,臺中市,南屯區,0,0,0,7,3,6,50,13,8,1,5,4,6,6,1,1,3,4,2,2,12,,,,,C03,,,1,,1,,,7,7,1,12,4,120.631432,24.125448,3
9992,66000,387130000C,(04)23274275,(04)23288582,2025,6,26,16,32,臺中市,神岡區,0,0,0,7,,,50,,,,,,,,,,,,,,16,,,,,B03,,,1,,2,,,47,47,1,12,4,120.641363,24.286852,3
9993,66000,387130000C,(04)23274275,(04)23288582,2025,6,26,16,33,臺中市,西區,0,0,0,7,,,50,,,,,,,,,,,,,,13,,,,,B03,,,1,,2,,,84,84,1,12,4,120.653637,24.153468,3
9994,66000,387130000C,(04)23274275,(04)23288582,2025,6,26,16,34,臺中市,北屯區,0,0,0,7,,,50,,,,,,,,,,,,,,,,,,,B03,,,1,,1,,,59,59,1,13,4,120.700078,24.177343,3
9995,66000,387130000C,(04)23274275,(04)23288582,2025,6,26,16,37,臺中市,梧棲區,0,1,0,7,3,6,40,4,1,1,5,4,6,6,1,1,10,5,5,2,13,3,10,3,1,B03,7,6,1,8,2,7,,48,48,1,6,4,120.55206,24.244,2
9996,66000,387130000C,(04)23274275,(04)23288582,2025,6,26,16,39,臺中市,外埔區,0,1,0,7,2,6,50,3,1,1,5,4,6,6,4,4,10,5,5,2,8,3,10,3,1,B03,7,6,1,8,9,1,,59,59,1,12,4,120.638662,24.34162,2
9997,66000,387130000C,(04)23274275,(04)23288582,2025,6,26,16,39,臺中市,豐原區,0,0,0,7,,,50,,,,,,,,,,,,,,17,,,,,C03,,,1,,1,,,49,49,1,13,4,120.729875,24.250378,3
9998,66000,387130000C,(04)23274275,(04)23288582,2025,6,26,16,40,臺中市,豐原區,0,0,0,7,,,50,,,,,,,,,,,,,,17,,,,,C04,,,1,,2,,,84,84,1,6,4,120.722501,24.253527,3
9999,66000,387130000C,(04)23274275,(04)23288582,2025,6,26,16,43,臺中市,潭子區,0,0,0,7,,,60,,,,,,,,,,,,,,,,,,,B03,,,1,,2,,,84,84,1,12,4,120.705778,24.218716,3
10000,66000,387130000C,(04)23274275,(04)23288582,2025,6,26,16,44,臺中市,西屯區,0,0,0,7,,,50,,,,,,,,,,,,,,12,,,,,C03,,,1,,2,,,8,8,1,13,4,120.635172,24.179435,3
10001,66000,387130000C,(04)23274275,(04)23288582,2025,6,26,16,45,臺中市,大雅區,0,0,0,7,,,30,,,,,,,,,,,,,,,,,,,B12,,,1,,1,,,85,85,1,13,4,120.650439,24.238535,3
10002,66000,387130000C,(04)23274275,(04)23288582,2025,6,26,16,47,臺中市,烏日區,0,1,0,7,2,6,40,13,8,1,5,4,6,6,4,4,1,4,1,1,17,3,10,3,1,B03,7,7,1,8,2,6,,40,40,1,6,4,120.587956,24.113399,2
10003,66000,387130000C,(04)23274275,(04)23288582,2025,6,26,16,50,臺中市,南屯區,0,0,0,7,,,50,,,,,,,,,,,,,,,,,,,C03,,,1,,2,,,7,7,1,6,4,120.622251,24.145092,3
10004,66000,387130000C,(04)23274275,(04)23288582,2025,6,26,16,51,臺中市,北區,0,0,0,7,,,50,,,,,,,,,,,,,,13,,,,,B03,,,1,,2,,,59,59,1,12,4,120.67414,24.163592,3
10005,66000,387130000C,(04)23274275,(04)23288582,2025,6,26,16,54,臺中市,龍井區,0,1,0,7,2,6,40,4,1,1,5,4,6,6,2,1,3,5,5,2,16,2,8,2,1,C03,7,9,1,10,2,11,,84,84,1,6,4,120.576945,24.17704,2
10006,66000,387130000C,(04)23274275,(04)23288582,2025,6,26,16,55,臺中市,北區,0,0,0,7,,,50,,,,,,,,,,,,,,17,,,,,C03,,,6,,2,,,45,45,1,13,4,120.680464,24.160282,4
10007,66000,387130000C,(04)23274275,(04)23288582,2025,6,26,16,56,臺中市,東區,0,0,0,7,,,50,,,,,,,,,,,,,,,,,,,B03,,,1,,2,,,7,7,1,12,4,120.706157,24.142735,3
10008,66000,387130000C,(04)23274275,(04)23288582,2025,6,26,16,56,臺中市,北屯區,0,1,0,7,3,6,50,13,9,1,5,4,1,6,4,4,9,5,5,2,12,3,10,3,1,B03,7,9,1,8,2,8,,85,85,1,6,4,120.697898,24.172921,2
10009,66000,387130000C,(04)23274275,(04)23288582,2025,6,26,17,0,臺中市,北屯區,0,2,0,7,3,6,50,13,7,1,5,4,6,6,4,4,1,4,5,2,12,2,9,2,1,C03,7,8,1,10,2,14,,40,40,1,6,4,120.700511,24.182598,2
10010,66000,387130000C,(04)23274275,(04)23288582,2025,6,26,17,0,臺中市,沙鹿區,0,0,0,7,,,50,,,,,,,,,,,,,,17,,,,,C03,,,3,,2,,,49,49,1,6,4,120.564695,24.241194,3
10011,66000,387130000C,(04)23274275,(04)23288582,2025,6,26,17,3,臺中市,中區,0,0,0,7,,,50,,,,,,,,,,,,,,17,,,,,C03,,,1,,10,,,1,1,1,12,4,120.681739,24.144469,3
10012,66000,387130000C,(04)23274275,(04)23288582,2025,6,26,17,5,臺中市,沙鹿區,0,0,0,7,,,50,,,,,,,,,,,,,,,,,,,B03,,,1,,2,,,51,51,1,6,4,120.575884,24.214769,3
10013,66000,387130000C,(04)23274275,(04)23288582,2025,6,26,17,6,臺中市,大雅區,0,1,0,7,2,6,50,3,2,1,5,4,6,6,1,1,8,3,4,2,17,3,10,1,1,C03,7,6,1,10,2,16,,11,11,1,13,4,120.644329,24.209355,2
10014,66000,387130000C,(04)23274275,(04)23288582,2025,6,26,17,8,臺中市,西區,0,0,0,7,,,30,,,,,,,,,,,,,,17,,,,,C03,,,1,,1,,,84,84,1,12,4,120.679406,24.13818,3
10015,66000,387130000C,(04)23274275,(04)23288582,2025,6,26,17,8,臺中市,大甲區,0,1,0,7,3,6,50,4,9,1,5,4,6,6,4,4,5,4,4,1,17,2,9,1,1,C03,7,9,1,10,2,11,,12,12,1,12,4,120.648399,24.403261,2
10016,66000,387130000C,(04)23274275,(04)23288582,2025,6,26,17,10,臺中市,大雅區,0,2,0,7,1,6,50,13,9,1,5,4,6,6,4,4,5,5,5,1,17,2,3,1,1,C03,7,15,1,10,2,12,,4,4,1,12,4,120.662239,24.218732,2
10017,66000,387130000C,(04)23274275,(04)23288582,2025,6,26,17,10,臺中市,西區,0,1,0,7,2,6,50,13,9,1,5,4,6,6,4,4,10,5,5,2,17,3,10,3,1,B03,7,1,1,8,2,5,,20,20,1,12,4,120.667054,24.149578,2
10018,66000,387130000C,(04)23274275,(04)23288582,2025,6,26,17,11,臺中市,石岡區,0,0,0,7,,,70,,,,,,,,,,,,,,,,,,,B03,,,1,,2,,,84,84,1,12,4,120.788963,24.273848,3
10019,66000,387130000C,(04)23274275,(04)23288582,2025,6,26,17,12,臺中市,梧棲區,0,1,0,7,3,6,50,4,1,1,5,4,6,6,4,4,10,5,5,2,15,2,9,1,1,C03,7,9,1,10,2,11,,15,15,1,6,4,120.535635,24.255922,2
10020,66000,387130000C,(04)23274275,(04)23288582,2025,6,26,17,13,臺中市,西區,0,0,0,7,,,50,,,,,,,,,,,,,,,,,,,B03,,,1,,1,,,50,50,1,6,4,120.664422,24.138023,3
10021,66000,387130000C,(04)23274275,(04)23288582,2025,6,26,17,13,臺中市,北區,0,1,0,7,3,6,50,4,2,1,5,4,6,6,4,4,5,4,5,2,15,2,9,5,4,C03,7,9,1,10,2,11,,15,15,1,13,4,120.686056,24.160398,2
10022,66000,387130000C,(04)23274275,(04)23288582,2025,6,26,17,13,臺中市,神岡區,0,0,0,7,,,30,,,,,,,,,,,,,,14,,,,,B03,,,1,,1,,,49,49,1,12,4,120.708731,24.256731,3
10023,66000,387130000C,(04)23274275,(04)23288582,2025,6,26,17,14,臺中市,大肚區,0,2,0,7,3,6,50,13,9,1,5,4,6,6,4,4,5,4,5,2,16,2,9,2,1,C03,7,6,3,19,2,12,,39,39,1,6,4,120.544268,24.154,2
10024,66000,387130000C,(04)23274275,(04)23288582,2025,6,26,17,14,臺中市,清水區,0,1,0,7,3,6,50,4,1,1,5,4,6,6,2,1,9,4,5,1,16,2,9,6,1,F01,7,9,7,21,2,14,,21,21,1,12,4,120.566565,24.268398,2
10025,66000,387130000C,(04)23274275,(04)23288582,2025,6,26,17,14,臺中市,沙鹿區,0,1,0,7,2,6,50,4,1,1,5,4,6,6,4,4,10,5,5,2,16,3,10,3,1,B03,7,6,1,8,2,8,,14,14,1,12,4,120.571899,24.217568,2
10026,66000,387130000C,(04)23274275,(04)23288582,2025,6,26,17,15,臺中市,西屯區,0,1,0,7,2,6,40,4,1,1,5,4,6,6,4,4,10,5,5,2,16,2,9,5,4,C03,7,6,1,10,2,12,,48,48,1,13,4,120.665666,24.169826,2
10027,66000,387130000C,(04)23274275,(04)23288582,2025,6,26,17,17,臺中市,西區,0,0,0,7,,,50,,,,,,,,,,,,,,,,,,,B03,,,1,,1,,,7,7,1,12,4,120.671191,24.137237,3
10028,66000,387130000C,(04)23274275,(04)23288582,2025,6,26,17,17,臺中市,太平區,0,0,0,7,,,50,,,,,,,,,,,,,,13,,,,,B03,,,1,,2,,,84,84,1,12,4,120.737034,24.130706,3
10029,66000,387130000C,(04)23274275,(04)23288582,2025,6,26,17,19,臺中市,潭子區,0,0,0,7,,,50,,,,,,,,,,,,,,,,,,,C03,,,1,,1,,,7,7,1,12,4,120.70354,24.211594,4
10030,66000,387130000C,(04)23274275,(04)23288582,2025,6,26,17,20,臺中市,南屯區,0,0,0,7,,,40,,,,,,,,,,,,,,17,,,,,B03,,,1,,1,,,84,84,1,6,4,120.649514,24.14605,3
10031,66000,387130000C,(04)23274275,(04)23288582,2025,6,26,17,21,臺中市,西屯區,0,0,0,7,,,60,,,,,,,,,,,,,,12,,,,,B03,,,1,,1,,,39,39,1,12,4,120.6286,24.162762,3
10032,66000,387130000C,(04)23274275,(04)23288582,2025,6,26,17,21,臺中市,神岡區,0,1,0,7,2,6,50,3,2,1,5,4,6,6,1,1,2,4,5,1,18,2,9,1,1,C03,7,6,1,10,2,16,,59,59,1,12,4,120.674413,24.282478,2
10033,66000,387130000C,(04)23274275,(04)23288582,2025,6,26,17,22,臺中市,太平區,0,2,0,7,3,6,50,13,9,1,5,4,6,6,4,4,10,5,5,2,16,2,9,1,1,C03,7,1,1,10,2,12,,51,51,1,6,4,120.733221,24.154233,2
10034,66000,387130000C,(04)23274275,(04)23288582,2025,6,26,17,23,臺中市,龍井區,0,0,0,7,,,30,,,,,,,,,,,,,,,,,,,B03,,,1,,2,,,8,8,1,13,4,120.523206,24.193572,3
10035,66000,387130000C,(04)23274275,(04)23288582,2025,6,26,17,23,臺中市,神岡區,0,2,0,7,1,6,30,3,1,1,5,4,6,6,4,4,10,5,5,2,16,2,8,1,4,C03,7,5,1,10,2,14,,20,20,1,12,4,120.6578,24.26422,2
10036,66000,387130000C,(04)23274275,(04)23288582,2025,6,26,17,26,臺中市,北屯區,0,1,0,7,2,6,50,13,9,1,5,4,6,6,4,4,1,4,5,2,18,2,9,1,1,C03,7,9,2,19,2,14,,5,5,1,4,4,120.671342,24.189352,2
10037,66000,387130000C,(04)23274275,(04)23288582,2025,6,26,17,29,臺中市,南屯區,0,0,0,7,3,6,50,13,9,1,5,4,6,6,4,4,5,4,5,2,13,,,,,B03,,,1,,1,,,7,7,1,12,4,120.64475,24.134593,3
10038,66000,387130000C,(04)23274275,(04)23288582,2025,6,26,17,29,臺中市,太平區,0,2,0,7,2,6,30,4,1,1,5,4,6,6,4,4,10,5,5,2,15,2,9,2,1,F03,7,9,7,21,2,11,,15,15,1,12,4,120.730049,24.150051,2
10039,66000,387130000C,(04)23274275,(04)23288582,2025,6,26,17,30,臺中市,北屯區,0,1,0,7,1,6,50,4,2,1,5,4,6,6,1,1,3,4,4,2,12,3,10,3,1,B03,7,5,1,16,2,2,,11,11,1,13,4,120.690746,24.163,2
10040,66000,387130000C,(04)23274275,(04)23288582,2025,6,26,17,30,臺中市,西屯區,0,0,0,7,,,0,,,,,,,,,,,,,,17,,,,,C03,,,1,,11,,,84,84,1,13,4,120.621241,24.183494,3
10041,66000,387130000C,(04)23274275,(04)23288582,2025,6,26,17,34,臺中市,潭子區,0,0,0,7,,,30,,,,,,,,,,,,,,,,,,,B03,,,1,,2,,,8,8,1,12,4,120.702971,24.227041,3
10042,66000,387130000C,(04)23274275,(04)23288582,2025,6,26,17,34,臺中市,潭子區,0,0,0,7,,,50,,,,,,,,,,,,,,,,,,,C03,,,1,,2,,,7,7,1,13,4,120.712561,24.216612,3
10043,66000,387130000C,(04)23274275,(04)23288582,2025,6,26,17,35,臺中市,西屯區,0,0,0,7,,,50,,,,,,,,,,,,,,13,,,,,C03,,,1,,1,,,7,7,1,13,4,120.63882,24.172066,3
10044,66000,387130000C,(04)23274275,(04)23288582,2025,6,26,17,36,臺中市,大里區,0,1,0,7,2,6,50,3,1,1,5,4,6,6,4,4,10,5,5,2,16,3,10,3,1,B03,7,9,1,8,2,5,,12,12,1,12,4,120.6997,24.110141,2
10045,66000,387130000C,(04)23274275,(04)23288582,2025,6,26,17,36,臺中市,烏日區,0,0,0,7,,,50,,,,,,,,,,,,,,12,,,,,B03,,,1,,2,,,84,84,1,6,4,120.645673,24.118007,3
10046,66000,387130000C,(04)23274275,(04)23288582,2025,6,26,17,36,臺中市,梧棲區,0,1,0,7,2,6,30,4,1,1,5,4,6,6,4,4,10,5,5,2,15,2,8,1,1,C03,7,9,1,10,2,11,,15,15,1,12,4,120.519855,24.223388,2
10047,66000,387130000C,(04)23274275,(04)23288582,2025,6,26,17,37,臺中市,北屯區,0,1,0,7,1,6,50,3,2,1,5,4,6,6,1,1,5,4,5,2,12,3,10,3,1,B03,7,5,1,8,2,2,,20,20,1,13,4,120.732424,24.177087,2
10048,66000,387130000C,(04)23274275,(04)23288582,2025,6,26,17,38,臺中市,西屯區,0,0,0,7,,,40,,,,,,,,,,,,,,12,,,,,C03,,,1,,2,,,40,40,1,13,4,120.610877,24.170609,4
10049,66000,387130000C,(04)23274275,(04)23288582,2025,6,26,17,39,臺中市,北區,0,0,0,7,,,50,,,,,,,,,,,,,,14,,,,,B03,,,1,,1,,,49,49,1,12,4,120.671754,24.155671,3
10050,66000,387130000C,(04)23274275,(04)23288582,2025,6,26,17,40,臺中市,大雅區,0,0,0,7,,,30,,,,,,,,,,,,,,,,,,,B03,,,1,,2,,,8,8,1,13,4,120.652685,24.209665,3
10051,66000,387130000C,(04)23274275,(04)23288582,2025,6,26,17,40,臺中市,東區,0,2,0,7,1,6,50,4,1,1,5,4,6,6,1,1,9,4,5,2,15,2,9,1,1,C03,7,9,1,10,2,14,12,20,20,1,12,4,120.693194,24.143676,2
10052,66000,387130000C,(04)23274275,(04)23288582,2025,6,26,17,40,臺中市,神岡區,0,2,0,7,2,6,50,3,1,1,5,4,6,6,1,1,10,5,5,2,16,2,9,1,1,C03,7,6,5,19,2,14,,48,48,1,12,4,120.685051,24.246588,2
10053,66000,387130000C,(04)23274275,(04)23288582,2025,6,26,17,41,臺中市,南屯區,0,1,0,7,2,6,50,13,9,1,5,4,6,6,4,4,3,4,5,2,17,2,9,2,1,C03,7,9,1,10,2,14,,59,59,1,12,4,120.651259,24.14001,2
10054,66000,387130000C,(04)23274275,(04)23288582,2025,6,26,17,42,臺中市,北區,0,1,0,7,2,6,50,13,7,1,5,4,6,6,4,4,5,5,4,2,12,2,8,1,1,C03,7,15,1,10,2,14,,8,8,1,13,4,120.673289,24.170071,2
10055,66000,387130000C,(04)23274275,(04)23288582,2025,6,26,17,43,臺中市,西屯區,0,0,0,7,,,50,,,,,,,,,,,,,,16,,,,,C03,,,1,,1,,,11,11,1,12,4,120.623132,24.176,3
10056,66000,387130000C,(04)23274275,(04)23288582,2025,6,26,17,43,臺中市,豐原區,0,0,0,7,,,30,,,,,,,,,,,,,,13,,,,,C03,,,1,,2,,,7,7,1,13,4,120.70144,24.226658,3
10057,66000,387130000C,(04)23274275,(04)23288582,2025,6,26,17,45,臺中市,西屯區,0,2,0,7,2,6,40,13,8,1,5,4,6,6,2,1,1,4,1,2,12,2,9,2,1,C03,7,8,1,10,1,14,,40,40,1,12,4,120.653841,24.160499,2
10058,66000,387130000C,(04)23274275,(04)23288582,2025,6,26,17,45,臺中市,大里區,0,0,0,7,,,50,,,,,,,,,,,,,,17,,,,,B03,,,1,,1,,,50,50,1,6,4,120.696185,24.081075,3
10059,66000,387130000C,(04)23274275,(04)23288582,2025,6,26,17,46,臺中市,西屯區,0,2,0,7,1,6,50,8,9,1,5,4,6,6,4,4,2,4,5,2,13,3,10,5,4,B03,7,9,1,8,2,1,,7,7,1,13,4,120.627036,24.172331,2
10060,66000,387130000C,(04)23274275,(04)23288582,2025,6,26,17,48,臺中市,西屯區,0,1,0,7,2,6,40,4,8,1,5,4,6,6,1,1,5,5,4,2,17,2,8,5,4,C03,7,9,1,10,2,11,,59,59,1,12,4,120.647914,24.172395,2
10061,66000,387130000C,(04)23274275,(04)23288582,2025,6,26,17,48,臺中市,沙鹿區,0,0,0,7,,,50,,,,,,,,,,,,,,17,,,,,B03,,,1,,2,,,8,8,1,6,4,120.562665,24.243397,3
10062,66000,387130000C,(04)23274275,(04)23288582,2025,6,26,17,48,臺中市,清水區,0,1,0,7,2,6,50,4,1,1,5,4,6,6,2,1,1,2,5,1,16,3,10,3,1,B03,7,5,1,8,2,2,,11,11,1,13,4,120.57348,24.262837,2
10063,66000,387130000C,(04)23274275,(04)23288582,2025,6,26,17,49,臺中市,西屯區,0,0,0,7,,,50,,,,,,,,,,,,,,12,,,,,B03,,,1,,2,,,8,8,1,12,4,120.641788,24.157217,3
10064,66000,387130000C,(04)23274275,(04)23288582,2025,6,26,17,49,臺中市,大肚區,0,2,0,7,3,6,50,3,1,1,5,4,6,6,4,4,10,5,5,2,16,2,9,2,1,C03,7,5,1,10,2,14,,4,4,1,6,4,120.545314,24.150513,2
10065,66000,387130000C,(04)23274275,(04)23288582,2025,6,26,17,49,臺中市,清水區,0,0,0,7,,,60,,,,,,,,,,,,,,,,,,,B03,,,1,,11,,,7,7,1,12,4,120.561799,24.272068,3
10066,66000,387130000C,(04)23274275,(04)23288582,2025,6,26,17,50,臺中市,北屯區,0,1,0,7,3,6,50,4,1,1,5,4,6,6,2,1,10,5,5,2,16,3,10,3,1,B03,7,5,1,8,2,5,,84,84,1,6,4,120.703417,24.162757,2
10067,66000,387130000C,(04)23274275,(04)23288582,2025,6,26,17,51,臺中市,南屯區,0,0,0,7,,,50,,,,,,,,,,,,,,,,,,,C03,,,1,,2,,,71,71,1,6,4,120.608385,24.148198,3
10068,66000,387130000C,(04)23274275,(04)23288582,2025,6,26,17,53,臺中市,龍井區,0,0,0,7,2,6,60,13,7,1,5,4,6,6,2,1,9,4,3,2,13,3,10,3,1,B03,7,9,1,8,1,1,,7,7,1,6,4,120.574894,24.177765,3
10069,66000,387130000C,(04)23274275,(04)23288582,2025,6,26,17,54,臺中市,西屯區,0,0,0,7,,,70,,,,,,,,,,,,,,12,,,,,A21,,,1,,1,,,8,8,1,13,4,120.61655,24.182538,3
10070,66000,387130000C,(04)23274275,(04)23288582,2025,6,26,17,54,臺中市,后里區,0,0,0,7,2,6,50,12,7,1,5,4,6,6,4,4,1,4,4,1,13,3,10,3,1,B01,7,9,1,8,1,1,,84,84,1,6,4,120.700389,24.312591,3
10071,66000,387130000C,(04)23274275,(04)23288582,2025,6,26,17,55,臺中市,霧峰區,0,0,0,7,,,50,,,,,,,,,,,,,,12,,,,,B03,,,1,,2,,,84,84,1,12,4,120.69895,24.072603,3
10072,66000,387130000C,(04)23274275,(04)23288582,2025,6,26,18,0,臺中市,北屯區,0,1,0,7,3,6,50,4,1,1,5,4,6,6,2,1,10,5,5,2,16,2,9,2,1,C04,7,6,1,11,2,14,,48,48,1,12,4,120.681621,24.177957,2
10073,66000,387130000C,(04)23274275,(04)23288582,2025,6,26,18,0,臺中市,大甲區,0,0,0,7,,,40,,,,,,,,,,,,,,,,,,,B03,,,1,,1,,,50,50,1,12,4,120.622068,24.342417,3
10074,66000,387130000C,(04)23274275,(04)23288582,2025,6,26,18,2,臺中市,北區,0,0,0,7,,,50,,,,,,,,,,,,,,,,,,,B03,,,1,,2,,,7,7,1,13,4,120.681635,24.158939,4
10075,66000,387130000C,(04)23274275,(04)23288582,2025,6,26,18,4,臺中市,南屯區,0,0,0,7,,,50,,,,,,,,,,,,,,,,,,,B03,,,1,,1,,,59,59,1,13,4,120.623613,24.143675,3
10076,66000,387130000C,(04)23274275,(04)23288582,2025,6,26,18,6,臺中市,豐原區,0,1,0,7,2,6,50,3,7,1,5,4,6,6,1,1,5,5,4,2,17,3,10,2,1,C03,7,15,1,10,2,14,,8,8,1,13,4,120.726384,24.242426,2
10077,66000,387130000C,(04)23274275,(04)23288582,2025,6,26,18,13,臺中市,西屯區,0,0,0,7,,,50,,,,,,,,,,,,,,17,,,,,C03,,,1,,1,,,59,59,1,12,4,120.64289,24.198844,3
10078,66000,387130000C,(04)23274275,(04)23288582,2025,6,26,18,17,臺中市,北屯區,0,1,0,7,1,6,50,4,2,1,5,4,6,6,1,1,3,4,5,2,12,2,9,1,1,C03,7,6,1,16,2,14,,26,26,1,13,4,120.679588,24.172947,2
10079,66000,387130000C,(04)23274275,(04)23288582,2025,6,26,18,18,臺中市,南屯區,0,1,0,7,3,6,50,13,9,1,5,4,6,6,4,4,5,4,5,2,17,3,10,5,4,B03,7,14,1,8,2,2,,77,77,1,6,4,120.650672,24.136601,2
10080,66000,387130000C,(04)23274275,(04)23288582,2025,6,26,18,18,臺中市,大里區,0,0,0,7,,,30,,,,,,,,,,,,,,17,,,,,B01,,,1,4,2,,,84,84,1,13,4,120.706416,24.082185,3
10081,66000,387130000C,(04)23274275,(04)23288582,2025,6,26,18,18,臺中市,龍井區,0,0,0,7,,,70,,,,,,,,,,,,,,2,,,,,B03,,,1,,2,,,7,7,1,12,4,120.543756,24.180839,3
10082,66000,387130000C,(04)23274275,(04)23288582,2025,6,26,18,22,臺中市,南屯區,0,0,0,7,1,6,50,13,9,1,5,4,6,6,4,4,5,4,5,2,12,,,,,B03,,,1,,2,,,51,51,1,12,4,120.645204,24.134556,3
10083,66000,387130000C,(04)23274275,(04)23288582,2025,6,26,18,23,臺中市,太平區,0,0,0,7,,,50,,,,,,,,,,,,,,17,,,,,B03,,,1,,1,,,85,85,1,6,4,120.704523,24.152957,3
10084,66000,387130000C,(04)23274275,(04)23288582,2025,6,26,18,25,臺中市,太平區,0,0,0,7,,,50,,,,,,,,,,,,,,13,,,,,B02,,,1,,1,,,61,61,1,6,4,120.715266,24.148917,3
10085,66000,387130000C,(04)23274275,(04)23288582,2025,6,26,18,30,臺中市,沙鹿區,0,0,0,7,,,0,,,,,,,,,,,,,,30,,,,,B03,,,1,,9,,,85,85,1,12,4,120.569156,24.244605,3
10086,66000,387130000C,(04)23274275,(04)23288582,2025,6,26,18,35,臺中市,東區,0,2,0,7,1,6,50,4,1,1,5,4,6,6,1,1,10,5,5,2,16,3,10,3,1,B03,7,5,1,8,2,2,,65,65,1,12,4,120.695061,24.136935,2
10087,66000,387130000C,(04)23274275,(04)23288582,2025,6,26,18,35,臺中市,大肚區,0,0,0,7,,,50,,,,,,,,,,,,,,15,,,,,B03,,,1,,1,,,15,15,1,6,4,120.539961,24.156429,3
10088,66000,387130000C,(04)23274275,(04)23288582,2025,6,26,18,36,臺中市,西區,0,1,0,7,2,6,50,3,1,1,5,4,6,6,4,4,10,5,5,2,16,2,7,1,1,C03,7,9,1,10,2,11,,84,84,1,6,4,120.67917,24.137287,2
10089,66000,387130000C,(04)23274275,(04)23288582,2025,6,26,18,38,臺中市,太平區,0,0,0,7,,,80,,,,,,,,,,,,,,17,,,,,B03,,,1,,1,,,40,40,1,12,4,120.714272,24.148696,3
10090,66000,387130000C,(04)23274275,(04)23288582,2025,6,26,18,39,臺中市,大里區,0,0,0,7,,,50,,,,,,,,,,,,,,13,,,,,F03,,,7,,1,,,7,7,1,3,4,120.699877,24.105615,3
10091,66000,387130000C,(04)23274275,(04)23288582,2025,6,26,18,40,臺中市,大雅區,0,0,0,7,,,50,,,,,,,,,,,,,,,,,,,B03,,,1,,2,,,49,49,1,13,4,120.647421,24.224593,3
10092,66000,387130000C,(04)23274275,(04)23288582,2025,6,26,18,41,臺中市,北區,0,1,0,7,1,6,50,5,1,1,5,4,6,6,1,1,10,5,5,2,18,2,9,1,1,C02,7,6,1,9,2,14,,84,84,1,12,4,120.686497,24.155216,2
10093,66000,387130000C,(04)23274275,(04)23288582,2025,6,26,18,45,臺中市,烏日區,0,0,0,7,,,30,,,,,,,,,,,,,,14,,,,,B11,,,1,,1,,,49,49,1,12,4,120.635898,24.100948,3
10094,66000,387130000C,(04)23274275,(04)23288582,2025,6,26,18,46,臺中市,太平區,0,1,0,7,1,6,50,13,8,1,5,4,3,6,4,4,5,5,4,2,1,3,10,3,1,B03,7,9,1,8,2,2,,84,84,1,12,4,120.716997,24.148505,2
10095,66000,387130000C,(04)23274275,(04)23288582,2025,6,26,18,57,臺中市,南屯區,0,2,0,7,1,6,50,4,1,1,5,4,6,6,2,1,5,5,5,2,13,2,9,2,1,C03,7,9,1,10,2,11,,7,7,1,12,4,120.630639,24.141054,2
10096,66000,387130000C,(04)23274275,(04)23288582,2025,6,26,19,5,臺中市,南屯區,0,1,0,7,1,6,50,13,9,1,5,4,6,6,4,4,9,4,5,2,17,3,10,3,1,B03,7,11,1,8,2,1,,45,45,1,6,4,120.642788,24.138121,2
10097,66000,387130000C,(04)23274275,(04)23288582,2025,6,26,19,10,臺中市,北屯區,0,1,0,7,1,6,40,13,8,1,5,4,6,6,4,4,1,4,4,2,18,2,9,2,1,C03,7,12,1,10,2,14,,84,84,1,12,4,120.685138,24.170333,2
10098,66000,387130000C,(04)23274275,(04)23288582,2025,6,26,19,35,臺中市,潭子區,0,0,0,6,,,50,,,,,,,,,,,,,,,,,,,B03,,,1,,2,,,84,84,1,13,4,120.706818,24.207054,3
10099,66000,387130000C,(04)23274275,(04)23288582,2025,6,26,19,35,臺中市,南區,0,0,0,7,,,50,,,,,,,,,,,,,,,,,,,C03,,,1,,2,,,84,84,1,12,4,120.666652,24.114559,3
10100,66000,387130000C,(04)23274275,(04)23288582,2025,6,26,19,35,臺中市,大里區,0,0,0,7,,,60,,,,,,,,,,,,,,17,,,,,B03,,,1,,1,,,8,8,1,6,4,120.691682,24.074011,3
10101,66000,387130000C,(04)23274275,(04)23288582,2025,6,26,19,40,臺中市,西屯區,0,1,0,7,2,6,50,4,1,1,5,4,6,6,2,1,10,5,5,2,12,3,10,2,1,C03,7,9,1,10,2,12,,8,8,1,13,4,120.649796,24.162755,2