序號,縣市別代碼,機關代碼,市話,傳真,年,月,日,時,分,縣市,區,死亡數量,受傷數量,2-30,天候,道路照明設備,道路類別,道路速限,道路型態,事故位置,路面鋪裝,路面狀態,路面缺陷,障礙物,視距,號誌種類,號誌動作,分向設施,快車道或一般車道間,快慢車道間,路面邊線,事故類型及型態,受傷程度,主要傷處,保護裝備,行動電話或功能裝置,當事者區分(類別),車輛用途,當事者行動狀態,駕照狀態,駕照種類,飲酒情形,車輛撞擊部位最初,車輛撞擊部位其他,肇事因素個別,肇事因素主要,肇事逃逸,職業,共享經濟或外送平台,GPS座標X,GPS座標Y,事故類別
10102,66000,387130000C,(04)23274275,(04)23288582,2025,6,26,19,43,臺中市,中區,0,0,0,6,,,50,,,,,,,,,,,,,,,,,,,B03,,,1,,2,,,84,84,1,12,4,120.68265,24.14066,3
10103,66000,387130000C,(04)23274275,(04)23288582,2025,6,26,19,43,臺中市,北區,0,0,0,7,,,50,,,,,,,,,,,,,,13,,,,,B03,,,1,,2,,,84,84,1,12,4,120.666128,24.159316,4
10104,66000,387130000C,(04)23274275,(04)23288582,2025,6,26,19,54,臺中市,后里區,0,0,0,7,,,50,,,,,,,,,,,,,,12,,,,,B03,,,1,,2,,,51,51,1,12,4,120.665494,24.321503,3
10105,66000,387130000C,(04)23274275,(04)23288582,2025,6,26,20,4,臺中市,北屯區,0,1,0,7,3,6,40,13,9,1,5,4,6,6,4,4,1,4,5,1,13,3,10,2,1,C03,7,9,1,10,2,11,,7,7,1,12,4,120.791874,24.204974,2
10106,66000,387130000C,(04)23274275,(04)23288582,2025,6,26,20,12,臺中市,北區,0,1,0,6,1,6,50,4,1,1,5,4,6,6,4,4,10,5,5,2,15,3,10,1,1,C03,7,9,1,10,2,12,,15,15,1,13,4,120.688076,24.165928,2
10107,66000,387130000C,(04)23274275,(04)23288582,2025,6,26,20,12,臺中市,東區,0,0,0,7,,,50,,,,,,,,,,,,,,,,,,,B03,,,3,,2,,,8,8,1,6,4,120.710545,24.14614,3
10108,66000,387130000C,(04)23274275,(04)23288582,2025,6,26,20,22,臺中市,豐原區,0,0,0,6,,,50,,,,,,,,,,,,,,12,,,,,B03,,,1,,2,,,47,47,1,13,4,120.714493,24.251006,3
10109,66000,387130000C,(04)23274275,(04)23288582,2025,6,26,20,26,臺中市,西屯區,0,1,0,7,1,6,50,5,1,1,5,4,6,6,2,1,10,5,5,2,11,2,3,3,1,B03,7,6,1,8,2,5,,48,48,1,13,4,120.659684,24.192971,2
10110,66000,387130000C,(04)23274275,(04)23288582,2025,6,26,20,27,臺中市,大里區,0,1,0,5,1,6,50,13,9,1,4,4,6,6,4,4,5,5,5,1,17,3,10,3,1,B03,7,1,1,8,1,7,4,51,51,1,12,4,120.698327,24.096513,2
10111,66000,387130000C,(04)23274275,(04)23288582,2025,6,26,20,32,臺中市,大雅區,0,1,0,7,1,6,40,13,7,1,5,4,6,6,4,4,8,3,4,2,12,3,10,3,1,B03,7,11,1,8,2,8,,39,39,1,13,4,120.644824,24.210268,2
10112,66000,387130000C,(04)23274275,(04)23288582,2025,6,26,20,36,臺中市,龍井區,0,0,0,7,2,6,50,13,9,1,5,4,6,6,4,4,5,2,5,1,12,3,10,3,1,B03,7,9,1,8,2,2,,50,50,1,6,4,120.584458,24.182473,3
10113,66000,387130000C,(04)23274275,(04)23288582,2025,6,26,20,37,臺中市,中區,0,1,0,5,1,6,0,13,9,1,4,4,6,6,4,4,5,4,5,2,3,2,9,6,5,H01,8,16,7,21,10,17,,95,95,1,12,5,120.68379,24.142684,2
10114,66000,387130000C,(04)23274275,(04)23288582,2025,6,26,20,37,臺中市,西區,0,1,0,5,2,6,50,3,1,1,4,4,6,6,4,4,5,4,5,2,16,3,10,3,1,B03,7,6,1,8,2,5,,39,39,1,12,4,120.670828,24.145882,2
10115,66000,387130000C,(04)23274275,(04)23288582,2025,6,26,20,40,臺中市,西屯區,0,2,0,7,1,6,50,13,9,1,5,4,6,6,4,4,5,4,5,2,12,2,9,5,4,C03,7,8,1,10,2,14,,40,40,1,12,4,120.643193,24.165256,2
10116,66000,387130000C,(04)23274275,(04)23288582,2025,6,26,20,41,臺中市,東區,0,0,0,7,,,50,,,,,,,,,,,,,,,,,,,B03,,,1,,2,,,7,7,1,12,4,120.702063,24.142703,3
10117,66000,387130000C,(04)23274275,(04)23288582,2025,6,26,20,41,臺中市,北屯區,0,1,0,5,1,6,50,4,1,1,4,4,6,6,4,4,10,5,5,2,18,2,9,2,1,C03,7,9,1,10,2,14,,84,84,1,6,4,120.686983,24.177396,2
10118,66000,387130000C,(04)23274275,(04)23288582,2025,6,26,20,46,臺中市,南屯區,0,0,0,5,,,50,,,,,,,,,,,,,,,,,,,B03,,,1,,2,,,84,84,1,13,4,120.613436,24.14411,3
10119,66000,387130000C,(04)23274275,(04)23288582,2025,6,26,20,48,臺中市,東區,0,0,0,5,,,50,,,,,,,,,,,,,,,,,,,B03,,,1,,2,,,87,87,1,6,4,120.689407,24.1456,3
10120,66000,387130000C,(04)23274275,(04)23288582,2025,6,26,20,54,臺中市,北屯區,0,0,0,5,,,50,,,,,,,,,,,,,,14,,,,,B01,,,1,,2,,,59,59,1,6,4,120.6763,24.174398,3
10121,66000,387130000C,(04)23274275,(04)23288582,2025,6,26,20,55,臺中市,北區,0,1,0,7,3,6,50,5,2,1,4,4,6,6,2,1,3,2,3,2,13,2,9,5,4,C03,7,9,1,10,2,11,,7,7,1,13,4,120.676357,24.163032,2
10122,66000,387130000C,(04)23274275,(04)23288582,2025,6,26,21,5,臺中市,南屯區,0,0,0,7,,,50,,,,,,,,,,,,,,,,,,,B03,,,1,,1,,,51,51,1,12,4,120.635711,24.143383,3
10123,66000,387130000C,(04)23274275,(04)23288582,2025,6,26,21,8,臺中市,北區,0,2,0,5,1,6,50,4,1,1,4,4,6,6,1,1,10,5,5,2,3,2,9,1,1,C03,7,6,1,10,2,11,,10,10,1,12,4,120.685014,24.168202,2
10124,66000,387130000C,(04)23274275,(04)23288582,2025,6,26,21,8,臺中市,南屯區,0,0,0,5,,,50,,,,,,,,,,,,,,13,,,,,B03,,,1,,1,,,56,56,1,6,4,120.647115,24.137438,3
10125,66000,387130000C,(04)23274275,(04)23288582,2025,6,26,21,8,臺中市,清水區,0,0,0,7,,,50,,,,,,,,,,,,,,,,,,,B03,,,1,,1,,,49,49,1,12,4,120.565557,24.276363,3
10126,66000,387130000C,(04)23274275,(04)23288582,2025,6,26,21,17,臺中市,潭子區,0,2,0,6,3,6,50,4,1,1,5,4,6,6,1,1,5,4,4,2,13,2,8,2,1,C03,7,9,1,10,2,12,,21,21,1,13,4,120.710792,24.213104,2
10127,66000,387130000C,(04)23274275,(04)23288582,2025,6,26,21,20,臺中市,大雅區,0,1,0,5,1,6,0,3,2,1,4,4,6,6,4,4,4,3,5,1,17,3,10,3,4,B03,7,1,1,8,2,1,,51,51,1,13,4,120.655082,24.229775,2
10128,66000,387130000C,(04)23274275,(04)23288582,2025,6,26,21,20,臺中市,東區,0,3,0,5,1,6,50,4,1,1,4,4,6,6,1,1,10,5,5,2,17,2,9,3,1,B03,7,15,1,8,2,4,,82,82,1,12,4,120.68444,24.126199,2
10129,66000,387130000C,(04)23274275,(04)23288582,2025,6,26,21,24,臺中市,南屯區,0,0,0,5,,,50,,,,,,,,,,,,,,,,,,,B02,,,1,,1,,,50,50,1,13,4,120.627763,24.140444,3
10130,66000,387130000C,(04)23274275,(04)23288582,2025,6,26,21,24,臺中市,西屯區,0,1,0,7,1,6,40,4,1,1,4,4,6,6,1,1,5,5,4,2,18,2,9,5,4,C03,7,9,1,10,9,12,,59,59,1,12,4,120.649935,24.172377,2
10131,66000,387130000C,(04)23274275,(04)23288582,2025,6,26,21,27,臺中市,西區,0,0,0,5,,,50,,,,,,,,,,,,,,13,,,,,B03,,,1,,1,,,59,59,1,12,4,120.661803,24.154396,3
10132,66000,387130000C,(04)23274275,(04)23288582,2025,6,26,21,28,臺中市,烏日區,0,2,0,5,1,6,40,4,1,1,4,4,6,6,1,1,1,2,3,1,16,2,9,1,1,C03,7,6,1,10,2,11,14,23,23,1,6,4,120.615377,24.106109,2
10133,66000,387130000C,(04)23274275,(04)23288582,2025,6,26,21,29,臺中市,神岡區,0,4,0,7,1,6,1,13,9,1,5,4,6,6,4,4,9,5,4,2,28,,,,,,,,,,,,,118,118,1,,,120.662011,24.258879,2
10134,66000,387130000C,(04)23274275,(04)23288582,2025,6,26,21,33,臺中市,西區,0,0,0,5,,,50,,,,,,,,,,,,,,,,,,,B03,,,1,,1,,,49,49,1,12,4,120.657852,24.149109,3
10135,66000,387130000C,(04)23274275,(04)23288582,2025,6,26,21,36,臺中市,南屯區,0,2,0,5,1,6,50,4,2,1,4,4,6,6,2,1,5,4,4,2,9,2,9,2,1,C03,7,9,1,10,2,11,,84,84,1,12,4,120.638391,24.151464,2
10136,66000,387130000C,(04)23274275,(04)23288582,2025,6,26,21,36,臺中市,北屯區,0,0,0,5,,,50,,,,,,,,,,,,,,,,,,,B02,,,1,,2,,,49,49,1,13,4,120.719061,24.176296,3
10137,66000,387130000C,(04)23274275,(04)23288582,2025,6,26,21,36,臺中市,豐原區,0,1,0,5,1,6,50,4,1,1,4,4,6,6,1,1,10,5,5,2,18,2,9,2,1,C03,7,6,1,10,2,14,,84,84,1,13,4,120.720863,24.251735,2
10138,66000,387130000C,(04)23274275,(04)23288582,2025,6,26,21,41,臺中市,西區,0,1,0,5,1,6,50,13,9,1,4,4,6,6,4,4,9,5,5,1,17,3,10,5,4,B03,7,11,1,8,2,5,,45,45,1,12,4,120.655656,24.144947,2
10139,66000,387130000C,(04)23274275,(04)23288582,2025,6,26,21,41,臺中市,北區,0,1,0,5,1,6,50,3,1,1,4,4,3,6,4,4,10,5,5,2,17,2,9,5,4,F03,7,9,7,21,2,11,,84,84,1,12,4,120.671095,24.160382,2
10140,66000,387130000C,(04)23274275,(04)23288582,2025,6,26,21,43,臺中市,大肚區,0,1,0,6,1,6,40,4,2,1,4,4,6,6,2,1,3,4,3,1,13,2,4,2,1,C03,7,9,1,10,2,11,,7,7,1,6,4,120.582798,24.172256,2
10141,66000,387130000C,(04)23274275,(04)23288582,2025,6,26,21,48,臺中市,北區,0,0,0,5,,,40,,,,,,,,,,,,,,17,,,,,B03,,,1,,1,,,50,50,1,13,4,120.677503,24.153648,3
10142,66000,387130000C,(04)23274275,(04)23288582,2025,6,26,21,52,臺中市,沙鹿區,0,0,0,7,,,50,,,,,,,,,,,,,,17,,,,,,,,,,,,,119,119,1,13,4,120.56842,24.207398,3
10143,66000,387130000C,(04)23274275,(04)23288582,2025,6,26,22,3,臺中市,西區,0,1,0,5,1,6,50,4,19,1,4,4,6,6,1,1,10,5,5,2,9,3,10,3,1,B03,7,5,1,8,2,1,,10,10,1,12,4,120.675442,24.141728,2
10144,66000,387130000C,(04)23274275,(04)23288582,2025,6,26,22,5,臺中市,西屯區,0,0,0,5,,,40,,,,,,,,,,,,,,12,,,,,B03,,,1,,1,,,40,40,1,13,4,120.63361,24.173304,3
10145,66000,387130000C,(04)23274275,(04)23288582,2025,6,26,22,10,臺中市,潭子區,0,1,0,5,1,6,50,4,1,1,4,4,6,6,1,1,5,4,4,2,17,3,10,3,1,B01,7,6,1,4,2,5,,11,11,1,13,4,120.678911,24.204479,2
10146,66000,387130000C,(04)23274275,(04)23288582,2025,6,26,22,10,臺中市,南屯區,0,1,0,5,1,6,50,3,2,1,4,4,6,6,4,4,5,5,4,2,17,2,8,1,1,C03,7,9,1,10,2,11,,59,59,1,5,4,120.64365,24.150229,2
10147,66000,387130000C,(04)23274275,(04)23288582,2025,6,26,22,17,臺中市,烏日區,0,1,0,5,1,6,40,11,8,1,4,4,6,6,4,4,10,5,5,1,18,2,9,1,1,C03,7,5,1,10,2,12,,84,84,1,6,4,120.585619,24.112361,2
10148,66000,387130000C,(04)23274275,(04)23288582,2025,6,26,22,23,臺中市,太平區,0,1,0,5,1,6,50,13,9,1,4,4,6,6,4,4,9,4,5,1,17,3,10,4,1,A12,7,14,1,7,2,16,,76,76,1,12,4,120.723521,24.142022,2
10149,66000,387130000C,(04)23274275,(04)23288582,2025,6,26,22,26,臺中市,東區,0,1,0,5,1,6,50,4,1,1,4,4,6,6,4,4,5,5,5,2,17,3,10,3,1,B03,7,6,1,8,2,4,,48,48,1,12,4,120.704481,24.143298,2
10150,66000,387130000C,(04)23274275,(04)23288582,2025,6,26,22,29,臺中市,西區,0,1,0,5,1,6,50,3,1,1,4,4,6,6,4,4,10,5,5,2,16,3,10,3,1,B03,7,11,1,8,2,4,,45,45,1,12,4,120.679119,24.13716,2
10151,66000,387130000C,(04)23274275,(04)23288582,2025,6,26,22,40,臺中市,外埔區,0,2,0,7,1,6,50,3,1,1,5,4,6,6,4,4,10,5,5,2,11,2,9,1,1,C03,7,6,1,10,2,11,,14,14,1,12,4,120.642609,24.342094,2
10152,66000,387130000C,(04)23274275,(04)23288582,2025,6,26,22,42,臺中市,霧峰區,0,1,0,5,1,6,40,4,2,1,4,4,6,6,1,1,5,5,5,1,18,2,9,5,4,C03,7,9,1,10,2,14,,84,84,1,13,4,120.709282,24.080356,2
10153,66000,387130000C,(04)23274275,(04)23288582,2025,6,26,22,48,臺中市,大甲區,0,0,0,7,,,90,,,,,,,,,,,,,,30,,,,,,,,,,,,,91,91,1,,,120.614721,24.407954,3
10154,66000,387130000C,(04)23274275,(04)23288582,2025,6,26,22,52,臺中市,潭子區,0,4,0,6,1,6,50,13,9,1,5,4,6,6,4,4,1,4,5,1,13,2,8,3,1,B03,7,9,1,10,2,1,,84,84,1,13,4,120.699055,24.200823,2
10155,66000,387130000C,(04)23274275,(04)23288582,2025,6,26,23,0,臺中市,西屯區,0,0,0,5,,,50,,,,,,,,,,,,,,17,,,,,B03,,,1,,1,,,48,48,1,13,4,120.639083,24.164986,3
10156,66000,387130000C,(04)23274275,(04)23288582,2025,6,26,23,13,臺中市,西區,0,0,0,7,,,50,,,,,,,,,,,,,,,,,,,B03,,,1,,2,,,84,84,1,12,4,120.6546,24.154514,4
10157,66000,387130000C,(04)23274275,(04)23288582,2025,6,26,23,27,臺中市,潭子區,0,1,0,6,1,6,50,3,1,1,5,4,6,6,1,1,5,4,4,2,17,2,9,3,1,B03,7,6,3,19,9,1,,84,84,2,13,4,120.692292,24.221329,2
10158,66000,387130000C,(04)23274275,(04)23288582,2025,6,26,23,30,臺中市,太平區,0,1,0,7,3,6,50,3,1,1,4,4,6,6,3,1,10,5,5,2,18,2,9,2,4,C03,7,9,1,10,2,14,,84,84,1,12,4,120.7249,24.116117,2
10159,66000,387130000C,(04)23274275,(04)23288582,2025,6,26,23,32,臺中市,北區,0,1,0,6,1,6,50,5,1,1,4,4,6,6,2,1,10,5,5,2,16,3,10,3,1,B03,7,5,3,19,2,6,,65,65,1,12,4,120.676165,24.158286,2
10160,66000,387130000C,(04)23274275,(04)23288582,2025,6,26,23,44,臺中市,北區,0,0,0,7,,,50,,,,,,,,,,,,,,14,,,,,B01,,,1,,9,,,49,49,2,13,4,120.678736,24.150845,3
10161,66000,387130000C,(04)23274275,(04)23288582,2025,6,26,23,48,臺中市,大甲區,0,0,0,7,1,6,50,13,9,1,5,4,6,6,4,4,9,5,5,1,17,,,,,B03,,,1,,2,,,8,8,1,12,4,120.626766,24.34994,3
10162,66000,387130000C,(04)23274275,(04)23288582,2025,6,27,0,6,臺中市,大里區,0,1,0,6,1,6,50,4,1,1,4,4,6,6,1,1,10,5,5,2,16,3,10,3,1,B03,7,5,1,8,2,8,,47,47,2,12,4,120.687468,24.110251,2
10163,66000,387130000C,(04)23274275,(04)23288582,2025,6,27,0,36,臺中市,南區,0,1,0,6,1,6,50,13,8,1,4,4,6,6,4,4,1,4,4,2,18,2,9,2,1,C03,7,9,1,10,2,14,,84,84,1,12,4,120.679242,24.125356,2
10164,66000,387130000C,(04)23274275,(04)23288582,2025,6,27,2,4,臺中市,北屯區,0,1,0,7,1,6,50,4,1,1,5,4,6,6,1,1,10,5,5,2,13,3,10,3,1,B03,7,9,1,8,5,1,,7,7,1,12,4,120.684097,24.169519,2
10165,66000,387130000C,(04)23274275,(04)23288582,2025,6,27,2,23,臺中市,霧峰區,0,0,0,7,2,6,50,13,14,1,5,4,6,6,4,4,5,4,4,1,27,,,,,B03,,,1,,2,,,84,84,1,6,4,120.697951,24.058713,3
10166,66000,387130000C,(04)23274275,(04)23288582,2025,6,27,3,1,臺中市,中區,0,0,0,6,,,50,,,,,,,,,,,,,,,,,,,B01,,,1,,2,,,21,21,1,12,4,120.679157,24.145556,3
10167,66000,387130000C,(04)23274275,(04)23288582,2025,6,27,3,13,臺中市,大里區,0,1,0,6,1,6,40,5,1,1,5,4,6,6,1,1,10,5,5,2,16,2,9,1,1,C03,7,6,1,10,2,14,,38,38,1,6,2,120.696791,24.111185,2
10168,66000,387130000C,(04)23274275,(04)23288582,2025,6,27,5,10,臺中市,豐原區,0,0,0,7,,,30,,,,,,,,,,,,,,14,,,,,B03,,,1,,2,,,49,49,1,13,4,120.713543,24.247723,3
10169,66000,387130000C,(04)23274275,(04)23288582,2025,6,27,5,23,臺中市,太平區,0,1,0,7,2,6,50,11,8,1,5,4,6,6,4,4,9,4,4,2,17,2,9,1,1,C03,7,9,1,10,2,12,,84,84,1,12,4,120.700776,24.149732,2
10170,66000,387130000C,(04)23274275,(04)23288582,2025,6,27,6,28,臺中市,北區,0,1,0,7,2,6,50,5,1,1,5,4,6,6,1,1,5,5,5,2,16,3,10,3,1,B03,7,6,1,8,2,8,,48,48,1,13,4,120.678478,24.150952,2
10171,66000,387130000C,(04)23274275,(04)23288582,2025,6,27,6,45,臺中市,南屯區,0,0,0,7,,,50,,,,,,,,,,,,,,13,,,,,B03,,,1,,1,,,84,84,1,6,4,120.612732,24.15342,3
10172,66000,387130000C,(04)23274275,(04)23288582,2025,6,27,6,47,臺中市,北區,0,1,0,7,2,6,50,4,1,1,5,4,6,6,1,1,10,5,5,2,16,3,10,3,1,B03,7,11,3,19,2,8,,45,45,1,12,4,120.678138,24.148943,2
10173,66000,387130000C,(04)23274275,(04)23288582,2025,6,27,6,50,臺中市,大雅區,0,0,0,7,,,70,,,,,,,,,,,,,,,,,,,B03,,,1,,9,,,7,7,1,13,4,120.636851,24.234271,3
10174,66000,387130000C,(04)23274275,(04)23288582,2025,6,27,6,55,臺中市,西屯區,0,1,0,7,2,6,50,3,2,1,5,4,6,6,4,4,4,3,5,2,17,2,9,5,4,C03,7,12,1,10,2,14,,84,84,1,13,4,120.614258,24.17804,2
10175,66000,387130000C,(04)23274275,(04)23288582,2025,6,27,7,1,臺中市,西屯區,0,2,0,7,1,6,50,4,1,1,5,4,6,6,1,1,10,5,5,1,16,3,10,3,1,B03,7,6,1,8,4,2,,11,11,1,12,4,120.614748,24.179656,2
10176,66000,387130000C,(04)23274275,(04)23288582,2025,6,27,7,1,臺中市,梧棲區,0,1,0,7,3,6,50,4,1,1,5,4,6,6,3,1,10,5,5,2,16,3,10,3,1,B03,7,9,1,3,2,2,,12,12,1,6,4,120.528173,24.240116,2
10177,66000,387130000C,(04)23274275,(04)23288582,2025,6,27,7,1,臺中市,豐原區,0,0,0,7,,,50,,,,,,,,,,,,,,13,,,,,B03,,,1,,2,,,59,59,1,12,4,120.747172,24.269417,3
10178,66000,387130000C,(04)23274275,(04)23288582,2025,6,27,7,4,臺中市,大雅區,0,2,0,7,3,6,30,13,9,1,5,4,6,6,4,4,10,5,5,2,27,2,9,1,1,C03,7,9,1,8,2,11,,84,84,1,12,4,120.662605,24.237841,2
10179,66000,387130000C,(04)23274275,(04)23288582,2025,6,27,7,6,臺中市,后里區,0,2,0,7,2,6,50,5,1,1,5,4,6,2,1,1,1,4,4,1,15,2,9,1,1,C03,7,9,1,8,2,11,,21,21,1,6,4,120.718318,24.313224,2
10180,66000,387130000C,(04)23274275,(04)23288582,2025,6,27,7,9,臺中市,霧峰區,0,1,0,7,2,6,50,13,9,1,5,4,6,6,4,4,5,4,5,1,18,2,9,1,1,C03,7,9,1,10,2,12,,84,84,1,13,4,120.69761,24.077146,2
10181,66000,387130000C,(04)23274275,(04)23288582,2025,6,27,7,10,臺中市,大雅區,0,1,0,7,1,6,50,11,9,1,5,4,6,6,4,4,9,5,5,2,17,2,9,1,1,C03,7,9,1,10,2,14,,85,85,1,13,4,120.638572,24.230043,2
10182,66000,387130000C,(04)23274275,(04)23288582,2025,6,27,7,12,臺中市,沙鹿區,0,2,0,7,2,6,40,13,12,1,5,4,6,6,4,4,3,4,4,2,17,2,9,1,1,C03,7,8,1,10,2,14,,40,40,1,13,4,120.575288,24.247375,2
10183,66000,387130000C,(04)23274275,(04)23288582,2025,6,27,7,13,臺中市,南屯區,0,1,0,7,2,6,40,3,2,1,5,4,6,6,1,1,1,4,1,2,17,4,11,2,1,C03,7,9,6,20,9,12,,21,21,1,13,4,120.585486,24.166738,2
10184,66000,387130000C,(04)23274275,(04)23288582,2025,6,27,7,15,臺中市,北區,0,0,0,7,,,50,,,,,,,,,,,,,,35,,,,,B03,,,1,,2,,,45,45,1,13,4,120.688557,24.152718,3
10185,66000,387130000C,(04)23274275,(04)23288582,2025,6,27,7,21,臺中市,大里區,0,1,0,7,2,6,50,3,1,1,5,4,6,6,4,4,10,5,5,2,13,2,9,2,1,C03,7,9,1,10,2,11,,59,59,1,13,4,120.716855,24.095438,2
10186,66000,387130000C,(04)23274275,(04)23288582,2025,6,27,7,25,臺中市,沙鹿區,0,0,0,7,,,50,,,,,,,,,,,,,,12,,,,,C03,,,1,,1,,,8,8,1,12,4,120.5627,24.233661,4
10187,66000,387130000C,(04)23274275,(04)23288582,2025,6,27,7,26,臺中市,清水區,0,1,0,7,3,6,30,13,9,1,5,4,6,6,4,4,10,5,5,2,17,3,10,3,1,B03,7,14,1,8,11,2,,76,76,1,12,4,120.564409,24.270055,2
10188,66000,387130000C,(04)23274275,(04)23288582,2025,6,27,7,27,臺中市,中區,0,0,0,7,,,50,,,,,,,,,,,,,,12,,,,,C03,,,1,,2,,,8,8,1,12,4,120.68093,24.141011,3
10189,66000,387130000C,(04)23274275,(04)23288582,2025,6,27,7,28,臺中市,神岡區,0,1,0,7,2,6,30,13,9,1,5,4,6,6,4,4,10,5,5,1,18,2,9,2,1,C03,7,9,1,10,2,14,,84,84,1,6,4,120.683031,24.273148,2
10190,66000,387130000C,(04)23274275,(04)23288582,2025,6,27,7,30,臺中市,北區,0,0,0,7,,,50,,,,,,,,,,,,,,17,,,,,B12,,,1,,1,,,78,78,1,13,4,120.680679,24.153922,3
10191,66000,387130000C,(04)23274275,(04)23288582,2025,6,27,7,31,臺中市,太平區,0,1,0,7,2,6,40,13,9,1,5,4,6,6,4,4,9,4,5,1,28,2,9,1,1,C03,7,9,1,10,2,11,,84,84,1,12,4,120.760011,24.116749,2
10192,66000,387130000C,(04)23274275,(04)23288582,2025,6,27,7,32,臺中市,大雅區,0,0,0,7,,,0,,,,,,,,,,,,,,,,,,,B03,,,1,,1,,,51,51,1,12,4,120.648436,24.218001,3
10193,66000,387130000C,(04)23274275,(04)23288582,2025,6,27,7,33,臺中市,龍井區,0,1,0,7,3,6,50,12,9,1,5,4,6,6,4,4,5,4,5,1,13,2,7,1,1,C03,7,9,1,10,2,11,,7,7,1,6,4,120.556347,24.201135,2
10194,66000,387130000C,(04)23274275,(04)23288582,2025,6,27,7,35,臺中市,大雅區,0,2,0,7,1,6,50,3,1,1,5,4,6,6,4,4,9,5,5,1,17,2,9,1,1,C03,7,9,1,10,2,11,,4,4,1,13,4,120.667956,24.214598,2
10195,66000,387130000C,(04)23274275,(04)23288582,2025,6,27,7,35,臺中市,西屯區,0,1,0,7,2,6,30,4,1,1,5,4,6,6,4,4,10,5,5,2,15,3,10,5,4,B03,7,9,1,3,2,5,,13,13,1,12,4,120.650244,24.16658,2
10196,66000,387130000C,(04)23274275,(04)23288582,2025,6,27,7,35,臺中市,清水區,0,1,0,7,3,6,30,3,2,1,5,4,6,2,4,4,10,5,5,2,17,3,10,3,1,B03,7,1,1,8,2,1,,51,51,1,12,4,120.564968,24.264405,2
10197,66000,387130000C,(04)23274275,(04)23288582,2025,6,27,7,35,臺中市,后里區,0,1,0,7,2,6,50,4,1,1,5,4,6,6,1,1,5,4,5,2,16,3,10,3,1,B03,7,5,1,4,2,6,,11,11,1,6,4,120.70956,24.305256,2
10198,66000,387130000C,(04)23274275,(04)23288582,2025,6,27,7,36,臺中市,豐原區,0,1,0,7,2,6,50,4,1,1,5,4,6,6,1,1,10,5,5,2,12,3,10,3,1,B03,7,9,1,8,2,5,,7,7,1,13,4,120.729763,24.243619,2
10199,66000,387130000C,(04)23274275,(04)23288582,2025,6,27,7,37,臺中市,潭子區,0,1,0,7,3,6,30,3,1,1,5,4,6,6,4,4,10,5,5,2,17,3,10,2,1,C03,7,6,1,10,2,11,,14,14,1,13,4,120.711791,24.216925,2
10200,66000,387130000C,(04)23274275,(04)23288582,2025,6,27,7,37,臺中市,大甲區,0,0,0,7,,,50,,,,,,,,,,,,,,,,,,,B03,,,1,,1,,,8,8,1,6,4,120.632443,24.346286,3
10201,66000,387130000C,(04)23274275,(04)23288582,2025,6,27,7,38,臺中市,西屯區,0,0,0,7,,,50,,,,,,,,,,,,,,17,,,,,B03,,,1,,1,,,84,84,1,13,4,120.615369,24.183119,3
10202,66000,387130000C,(04)23274275,(04)23288582,2025,6,27,7,38,臺中市,龍井區,0,1,0,7,3,6,70,4,1,1,5,4,6,6,1,1,1,4,4,1,17,3,10,3,1,B03,7,5,1,5,2,5,,20,20,1,6,4,120.542304,24.218763,2
10203,66000,387130000C,(04)23274275,(04)23288582,2025,6,27,7,38,臺中市,豐原區,0,0,0,7,,,50,,,,,,,,,,,,,,13,,,,,B03,,,1,,2,,,59,59,1,13,4,120.703733,24.249691,3
10204,66000,387130000C,(04)23274275,(04)23288582,2025,6,27,7,39,臺中市,南屯區,0,0,0,7,,,50,,,,,,,,,,,,,,,,,,,B03,,,1,,1,,,45,45,1,12,4,120.654638,24.140539,3
10205,66000,387130000C,(04)23274275,(04)23288582,2025,6,27,7,39,臺中市,太平區,0,3,0,7,2,6,50,13,5,1,5,4,6,6,4,4,10,5,5,2,16,2,9,2,1,C03,7,9,1,10,2,14,,84,84,1,13,4,120.719564,24.129973,2
10206,66000,387130000C,(04)23274275,(04)23288582,2025,6,27,7,40,臺中市,南屯區,0,2,0,7,3,6,50,4,1,1,5,4,6,6,1,1,5,3,5,2,15,2,9,1,1,C03,7,9,1,10,2,12,,21,21,1,12,4,120.64643,24.146823,2
10207,66000,387130000C,(04)23274275,(04)23288582,2025,6,27,7,41,臺中市,西屯區,0,2,0,7,2,6,50,4,2,1,5,4,6,6,4,4,5,4,4,2,16,2,9,1,1,C03,7,6,1,10,2,13,12,84,84,1,12,4,120.60653,24.163842,2
10208,66000,387130000C,(04)23274275,(04)23288582,2025,6,27,7,43,臺中市,梧棲區,0,0,0,7,,,60,,,,,,,,,,,,,,17,,,,,B03,,,1,,2,,,40,40,1,6,4,120.536706,24.251504,3
10209,66000,387130000C,(04)23274275,(04)23288582,2025,6,27,7,43,臺中市,梧棲區,0,0,0,7,,3,90,,,,,,,,,,,,,,13,,,,,A11,,,1,,2,,,7,7,1,6,4,120.529791,24.235008,3
10210,66000,387130000C,(04)23274275,(04)23288582,2025,6,27,7,48,臺中市,沙鹿區,0,1,0,7,3,6,50,4,1,1,5,4,6,6,1,1,10,5,5,2,17,3,10,2,1,C03,7,9,1,10,2,12,,7,7,1,5,4,120.566881,24.252145,2