序號,縣市別代碼,機關代碼,市話,傳真,年,月,日,時,分,縣市,區,死亡數量,受傷數量,2-30,天候,道路照明設備,道路類別,道路速限,道路型態,事故位置,路面鋪裝,路面狀態,路面缺陷,障礙物,視距,號誌種類,號誌動作,分向設施,快車道或一般車道間,快慢車道間,路面邊線,事故類型及型態,受傷程度,主要傷處,保護裝備,行動電話或功能裝置,當事者區分(類別),車輛用途,當事者行動狀態,駕照狀態,駕照種類,飲酒情形,車輛撞擊部位最初,車輛撞擊部位其他,肇事因素個別,肇事因素主要,肇事逃逸,職業,共享經濟或外送平台,GPS座標X,GPS座標Y,事故類別
10435,66000,387130000C,(04)23274275,(04)23288582,2025,6,27,15,56,臺中市,太平區,0,2,0,7,2,6,50,13,9,1,5,4,6,6,1,1,5,4,5,1,13,2,9,1,1,C03,7,9,1,10,2,11,,84,84,1,12,4,120.718665,24.127441,2
10436,66000,387130000C,(04)23274275,(04)23288582,2025,6,27,15,56,臺中市,梧棲區,0,2,0,7,3,6,50,3,1,1,5,4,6,6,4,4,10,5,5,2,16,2,9,1,1,F02,7,6,7,21,2,14,,20,20,1,6,4,120.540117,24.25394,2
10437,66000,387130000C,(04)23274275,(04)23288582,2025,6,27,15,57,臺中市,大雅區,0,1,0,5,1,6,40,11,9,1,4,4,6,6,4,4,10,5,5,2,11,2,9,1,1,C03,7,9,1,10,2,14,,84,84,1,13,4,120.63572,24.220346,2
10438,66000,387130000C,(04)23274275,(04)23288582,2025,6,27,15,59,臺中市,豐原區,0,1,0,5,2,6,40,13,9,1,4,4,6,6,1,1,5,4,5,1,18,2,9,2,1,C03,7,9,1,10,2,12,,84,84,1,13,4,120.724427,24.229043,2
10439,66000,387130000C,(04)23274275,(04)23288582,2025,6,27,16,2,臺中市,南屯區,0,1,0,5,3,6,50,4,1,1,4,4,6,6,1,1,3,4,4,2,16,3,10,3,1,B03,7,6,1,8,2,5,,11,11,1,12,4,120.647789,24.150775,2
10440,66000,387130000C,(04)23274275,(04)23288582,2025,6,27,16,3,臺中市,大肚區,0,0,0,6,2,6,30,4,1,1,5,4,6,6,4,4,10,5,5,2,15,3,10,2,1,C03,7,9,1,10,2,11,,6,6,1,6,4,120.578748,24.173836,3
10441,66000,387130000C,(04)23274275,(04)23288582,2025,6,27,16,5,臺中市,西區,0,1,0,5,3,6,40,13,8,1,4,4,6,6,4,4,3,4,4,2,13,2,9,1,1,C03,7,9,1,10,1,11,,84,84,1,12,4,120.671444,24.145722,2
10442,66000,387130000C,(04)23274275,(04)23288582,2025,6,27,16,5,臺中市,神岡區,0,1,0,5,1,6,1,13,9,1,4,4,6,6,4,4,1,4,5,2,17,3,10,5,4,B03,7,1,1,8,2,16,,51,51,1,12,4,120.704676,24.277108,2
10443,66000,387130000C,(04)23274275,(04)23288582,2025,6,27,16,8,臺中市,西區,0,1,0,5,2,6,50,3,1,1,4,4,6,5,1,1,1,4,4,2,15,3,10,3,1,B03,7,11,1,8,2,8,,11,11,1,12,4,120.658502,24.155427,2
10444,66000,387130000C,(04)23274275,(04)23288582,2025,6,27,16,10,臺中市,南屯區,0,0,0,5,,,50,,,,,,,,,,,,,,13,,,,,B03,,,1,,1,,,56,56,1,12,4,120.617304,24.145428,3
10445,66000,387130000C,(04)23274275,(04)23288582,2025,6,27,16,12,臺中市,西屯區,0,1,0,5,2,6,50,13,9,1,4,4,6,6,4,4,1,4,5,2,17,3,10,3,4,B03,7,8,1,8,2,3,,84,84,1,12,4,120.646668,24.158273,2
10446,66000,387130000C,(04)23274275,(04)23288582,2025,6,27,16,12,臺中市,霧峰區,0,0,0,5,,,50,,,,,,,,,,,,,,,,,,,B03,,,1,,1,,,84,84,1,6,4,120.695527,24.065817,3
10447,66000,387130000C,(04)23274275,(04)23288582,2025,6,27,16,12,臺中市,大里區,0,1,0,5,2,6,50,4,1,1,4,4,6,6,1,1,1,2,4,1,16,3,10,3,1,B03,7,5,1,8,2,6,,11,11,1,13,4,120.688194,24.101806,2
10448,66000,387130000C,(04)23274275,(04)23288582,2025,6,27,16,14,臺中市,霧峰區,0,1,0,5,2,6,50,3,1,1,4,4,6,6,4,4,10,5,5,2,16,3,10,3,1,B11,7,5,1,8,2,8,,12,12,1,12,4,120.666919,24.07009,2
10449,66000,387130000C,(04)23274275,(04)23288582,2025,6,27,16,17,臺中市,北區,0,1,0,5,2,6,50,4,1,1,4,4,6,6,1,1,10,5,5,2,17,3,10,5,4,B03,7,6,1,8,2,1,,11,11,1,12,4,120.685725,24.155948,2
10450,66000,387130000C,(04)23274275,(04)23288582,2025,6,27,16,19,臺中市,大里區,0,0,0,5,,,50,,,,,,,,,,,,,,16,,,,,B03,,,1,,1,,,8,8,1,12,4,120.69648,24.110946,3
10451,66000,387130000C,(04)23274275,(04)23288582,2025,6,27,16,20,臺中市,西區,0,0,0,7,,,50,,,,,,,,,,,,,,,,,,,B03,,,1,,1,,,8,8,1,12,4,120.658875,24.155441,3
10452,66000,387130000C,(04)23274275,(04)23288582,2025,6,27,16,20,臺中市,烏日區,0,0,0,7,,,50,,,,,,,,,,,,,,9,,,,,B03,,,1,,1,,,32,32,1,6,4,120.623187,24.102915,4
10453,66000,387130000C,(04)23274275,(04)23288582,2025,6,27,16,20,臺中市,沙鹿區,0,1,0,6,2,6,50,3,1,1,5,4,6,6,4,4,5,5,5,1,16,3,10,3,1,B03,7,5,1,5,2,2,,47,47,1,12,4,120.568673,24.216667,2
10454,66000,387130000C,(04)23274275,(04)23288582,2025,6,27,16,20,臺中市,豐原區,0,0,0,6,,,50,,,,,,,,,,,,,,17,,,,,B03,,,1,,2,,,51,51,1,12,4,120.714856,24.239139,3
10455,66000,387130000C,(04)23274275,(04)23288582,2025,6,27,16,21,臺中市,西區,0,1,0,5,2,6,50,4,1,1,4,4,6,6,4,4,10,5,5,2,15,2,9,1,1,C03,7,9,1,10,2,12,,15,15,1,12,4,120.658813,24.141573,2
10456,66000,387130000C,(04)23274275,(04)23288582,2025,6,27,16,22,臺中市,沙鹿區,0,1,0,7,2,6,50,3,1,1,5,4,6,6,4,4,10,5,5,2,17,3,10,3,1,B03,7,6,1,8,2,4,,48,48,1,6,4,120.565597,24.234733,2
10457,66000,387130000C,(04)23274275,(04)23288582,2025,6,27,16,22,臺中市,豐原區,0,1,0,5,2,6,50,3,2,1,4,4,6,6,4,4,9,5,4,2,18,2,9,1,4,C03,7,9,5,19,2,12,,82,82,1,13,4,120.70824,24.246212,2
10458,66000,387130000C,(04)23274275,(04)23288582,2025,6,27,16,23,臺中市,大里區,0,1,0,7,2,6,50,4,1,1,4,4,6,6,1,1,10,5,5,2,13,2,9,2,1,C03,7,5,1,10,9,11,,7,7,1,12,4,120.686115,24.110276,2
10459,66000,387130000C,(04)23274275,(04)23288582,2025,6,27,16,24,臺中市,北區,0,2,0,6,2,6,50,13,9,1,5,4,1,5,4,4,9,5,5,2,18,2,9,1,1,C03,7,9,1,8,2,16,12,84,84,1,12,4,120.679983,24.166192,2
10460,66000,387130000C,(04)23274275,(04)23288582,2025,6,27,16,28,臺中市,北屯區,0,0,0,5,,,80,,,,,,,,,,,,,,13,,,,,A11,,,1,3,1,,,7,7,1,6,4,120.722123,24.18444,3
10461,66000,387130000C,(04)23274275,(04)23288582,2025,6,27,16,31,臺中市,烏日區,0,0,0,7,2,6,50,13,9,1,5,4,6,6,4,4,5,4,5,1,14,3,10,3,1,B03,7,2,1,8,1,7,,49,49,1,6,4,120.642937,24.073355,3
10462,66000,387130000C,(04)23274275,(04)23288582,2025,6,27,16,33,臺中市,龍井區,0,0,0,5,2,6,50,13,9,1,5,4,6,6,4,4,10,5,5,2,14,3,10,2,1,C03,7,2,1,10,2,13,,49,49,1,6,4,120.589447,24.183733,3
10463,66000,387130000C,(04)23274275,(04)23288582,2025,6,27,16,36,臺中市,大雅區,0,1,0,7,2,6,30,3,1,1,5,4,6,6,4,4,10,5,5,2,17,2,9,1,1,C03,7,6,1,10,2,11,,7,7,1,12,4,120.651756,24.216142,2
10464,66000,387130000C,(04)23274275,(04)23288582,2025,6,27,16,45,臺中市,清水區,0,0,0,7,,,40,,,,,,,,,,,,,,,,,,,B02,,,1,,2,,,20,20,1,12,4,120.552208,24.293565,3
10465,66000,387130000C,(04)23274275,(04)23288582,2025,6,27,16,47,臺中市,西屯區,0,2,0,5,3,6,50,13,12,1,4,4,6,6,4,4,3,5,5,2,3,2,9,6,5,H01,8,16,7,21,10,17,,95,95,1,4,5,120.664485,24.177751,2
10466,66000,387130000C,(04)23274275,(04)23288582,2025,6,27,16,49,臺中市,太平區,0,0,0,5,,,50,,,,,,,,,,,,,,,,,,,B03,,,1,,2,,,56,56,1,12,4,120.714136,24.138513,3
10467,66000,387130000C,(04)23274275,(04)23288582,2025,6,27,16,50,臺中市,沙鹿區,0,1,0,6,2,6,40,5,1,1,4,4,6,6,2,1,1,4,1,1,16,2,9,1,1,C03,7,9,3,19,2,11,14,84,84,1,12,4,120.579624,24.221553,2
10468,66000,387130000C,(04)23274275,(04)23288582,2025,6,27,16,51,臺中市,中區,0,0,0,5,,,50,,,,,,,,,,,,,,,,,,,A02,,,1,,2,,,59,59,1,6,4,120.684916,24.137577,3
10469,66000,387130000C,(04)23274275,(04)23288582,2025,6,27,16,51,臺中市,北屯區,0,1,0,5,3,6,50,13,9,1,4,4,6,6,4,4,1,4,5,2,17,2,9,2,1,C03,7,9,3,19,2,12,,84,84,1,12,4,120.697243,24.169783,2
10470,66000,387130000C,(04)23274275,(04)23288582,2025,6,27,16,51,臺中市,沙鹿區,0,2,0,7,2,6,40,13,8,1,5,4,6,6,4,4,1,5,4,1,17,2,8,1,1,C03,7,9,1,10,2,11,,7,7,1,6,4,120.581686,24.207976,2
10471,66000,387130000C,(04)23274275,(04)23288582,2025,6,27,16,53,臺中市,南區,0,1,0,5,2,6,50,4,1,1,4,4,6,6,1,1,10,5,5,2,16,3,10,3,1,B03,7,6,1,8,2,1,,11,11,1,12,4,120.660395,24.123758,2
10472,66000,387130000C,(04)23274275,(04)23288582,2025,6,27,16,53,臺中市,南屯區,0,0,0,5,,,60,,,,,,,,,,,,,,13,,,,,B03,,,1,,1,,,84,84,1,12,4,120.649851,24.146648,3
10473,66000,387130000C,(04)23274275,(04)23288582,2025,6,27,16,54,臺中市,大甲區,0,1,0,7,3,6,50,13,9,1,5,4,6,6,3,1,5,4,5,1,18,2,9,1,1,C03,7,9,1,10,2,14,,84,84,1,12,4,120.627152,24.355779,2
10474,66000,387130000C,(04)23274275,(04)23288582,2025,6,27,16,55,臺中市,西區,0,0,0,5,,,50,,,,,,,,,,,,,,12,,,,,B03,,,1,,2,,,2,2,1,12,4,120.665841,24.139891,3
10475,66000,387130000C,(04)23274275,(04)23288582,2025,6,27,16,55,臺中市,大里區,0,1,0,5,2,6,50,3,1,1,4,4,6,6,4,4,10,5,5,2,18,2,9,2,1,C03,7,9,1,10,1,12,,84,84,1,6,4,120.705377,24.082314,2
10476,66000,387130000C,(04)23274275,(04)23288582,2025,6,27,16,58,臺中市,大雅區,0,1,0,5,1,6,30,3,1,1,4,4,6,6,4,4,8,3,4,2,17,3,10,3,1,B03,7,6,1,8,2,1,,14,14,1,13,4,120.644299,24.206613,2
10477,66000,387130000C,(04)23274275,(04)23288582,2025,6,27,16,59,臺中市,潭子區,0,0,0,7,,,50,,,,,,,,,,,,,,,,,,,B03,,,1,,2,,,8,8,1,13,4,120.702428,24.204988,3
10478,66000,387130000C,(04)23274275,(04)23288582,2025,6,27,16,59,臺中市,梧棲區,0,1,0,6,3,6,50,13,7,1,5,4,6,6,1,1,1,2,4,2,13,3,10,1,1,C03,7,9,1,10,2,11,,59,59,1,6,4,120.5454,24.243014,2
10479,66000,387130000C,(04)23274275,(04)23288582,2025,6,27,17,2,臺中市,大肚區,0,1,0,6,2,6,50,13,9,1,5,4,6,6,4,4,5,4,5,1,17,3,10,2,1,C03,7,9,1,10,2,16,,87,87,1,6,4,120.577288,24.165177,2
10480,66000,387130000C,(04)23274275,(04)23288582,2025,6,27,17,3,臺中市,大肚區,0,1,0,7,2,6,30,3,9,1,5,4,6,6,4,4,10,5,5,2,17,2,9,2,1,F01,7,6,7,21,2,11,,59,59,1,6,4,120.538766,24.165327,2
10481,66000,387130000C,(04)23274275,(04)23288582,2025,6,27,17,5,臺中市,豐原區,0,0,0,6,,,40,,,,,,,,,,,,,,,,,,,F02,,,7,,2,,,84,84,1,12,4,120.727654,24.251344,3
10482,66000,387130000C,(04)23274275,(04)23288582,2025,6,27,17,9,臺中市,北區,0,1,0,5,2,6,50,4,2,1,4,4,6,6,1,1,5,5,5,2,18,2,9,1,1,C03,7,9,1,10,2,16,12,84,84,1,12,4,120.680985,24.1616,2
10483,66000,387130000C,(04)23274275,(04)23288582,2025,6,27,17,10,臺中市,霧峰區,0,1,0,5,2,6,50,13,9,1,4,4,6,6,4,4,9,5,5,1,18,2,9,2,1,C03,7,9,1,10,2,14,,84,84,1,6,4,120.690179,24.056904,2
10484,66000,387130000C,(04)23274275,(04)23288582,2025,6,27,17,10,臺中市,大肚區,0,0,0,7,,,30,,,,,,,,,,,,,,,,,,,B03,,,1,,2,,,49,49,1,6,4,120.563479,24.124005,3
10485,66000,387130000C,(04)23274275,(04)23288582,2025,6,27,17,11,臺中市,北屯區,0,1,0,5,2,6,50,4,1,1,4,4,6,6,2,1,10,5,5,2,13,3,10,3,1,B12,7,12,1,8,2,1,,7,7,1,6,4,120.704454,24.164862,2
10486,66000,387130000C,(04)23274275,(04)23288582,2025,6,27,17,12,臺中市,南屯區,0,1,0,7,3,6,40,4,1,1,4,4,6,6,4,4,10,5,5,2,15,3,10,5,4,B03,7,9,1,8,2,8,,12,12,1,6,4,120.641884,24.146877,2
10487,66000,387130000C,(04)23274275,(04)23288582,2025,6,27,17,12,臺中市,西屯區,0,1,0,5,2,6,30,13,9,1,4,4,6,6,4,4,10,5,5,2,17,2,9,2,1,C03,7,5,1,10,2,12,,84,84,1,12,4,120.633728,24.170582,2
10488,66000,387130000C,(04)23274275,(04)23288582,2025,6,27,17,13,臺中市,北屯區,0,1,0,7,3,6,50,13,8,1,5,4,6,6,4,4,3,4,4,2,17,3,10,3,1,B03,7,7,1,8,2,2,,85,85,1,12,4,120.716309,24.182128,2
10489,66000,387130000C,(04)23274275,(04)23288582,2025,6,27,17,13,臺中市,太平區,0,1,0,5,2,6,50,4,1,1,4,4,6,6,4,4,10,5,5,2,18,2,9,2,1,C03,7,9,1,10,2,16,,84,84,1,12,4,120.715524,24.114237,2
10490,66000,387130000C,(04)23274275,(04)23288582,2025,6,27,17,14,臺中市,西區,0,1,0,5,2,6,50,4,8,1,4,4,6,6,2,1,1,4,4,2,17,2,9,1,1,C03,7,9,5,19,2,11,,59,59,1,6,4,120.657179,24.146523,2
10491,66000,387130000C,(04)23274275,(04)23288582,2025,6,27,17,15,臺中市,豐原區,0,1,0,5,2,6,50,4,1,1,4,4,6,6,1,1,10,5,5,2,18,2,9,2,1,C03,7,5,1,10,2,12,,84,84,1,13,4,120.720597,24.258917,2
10492,66000,387130000C,(04)23274275,(04)23288582,2025,6,27,17,18,臺中市,南屯區,0,1,0,6,3,6,40,13,8,1,4,4,6,6,4,4,3,4,4,2,12,2,9,1,1,C03,7,7,5,19,2,12,,40,40,1,12,4,120.636885,24.152598,2
10493,66000,387130000C,(04)23274275,(04)23288582,2025,6,27,17,18,臺中市,太平區,0,0,0,5,,,40,,,,,,,,,,,,,,13,,,,,C04,,,1,,1,,,48,48,1,6,4,120.714696,24.110388,3
10494,66000,387130000C,(04)23274275,(04)23288582,2025,6,27,17,19,臺中市,北屯區,0,0,0,5,,,50,,,,,,,,,,,,,,16,,,,,B03,,,1,8,2,,,84,84,1,6,4,120.704454,24.164862,3
10495,66000,387130000C,(04)23274275,(04)23288582,2025,6,27,17,20,臺中市,北屯區,0,1,0,7,2,6,50,13,7,1,5,4,6,6,4,4,5,4,4,2,12,2,9,1,1,C03,7,15,3,19,2,11,,59,59,1,6,4,120.710917,24.191208,2
10496,66000,387130000C,(04)23274275,(04)23288582,2025,6,27,17,20,臺中市,西屯區,0,0,0,7,,,50,,,,,,,,,,,,,,13,,,,,B03,,,1,6,1,,,7,7,1,13,4,120.65751,24.190164,3
10497,66000,387130000C,(04)23274275,(04)23288582,2025,6,27,17,20,臺中市,大甲區,0,0,0,7,1,6,30,4,1,1,5,4,6,6,4,4,4,3,4,2,17,,,,,B03,,,1,,1,,,13,13,1,12,4,120.614413,24.347904,3
10498,66000,387130000C,(04)23274275,(04)23288582,2025,6,27,17,22,臺中市,北屯區,0,0,0,6,,,50,,,,,,,,,,,,,,13,,,,,B03,,,1,,1,,,7,7,1,12,4,120.689678,24.1649,3
10499,66000,387130000C,(04)23274275,(04)23288582,2025,6,27,17,22,臺中市,神岡區,0,1,0,7,2,6,30,13,9,1,5,4,6,6,4,4,10,5,5,2,17,2,9,5,4,C03,7,15,1,10,2,14,,59,59,1,13,4,120.683132,24.273729,2
10500,66000,387130000C,(04)23274275,(04)23288582,2025,6,27,17,23,臺中市,豐原區,0,0,0,6,,,50,,,,,,,,,,,,,,,,,,,B03,,,1,,2,,,84,84,1,13,4,120.716588,24.261542,3
10501,66000,387130000C,(04)23274275,(04)23288582,2025,6,27,17,25,臺中市,西屯區,0,1,0,7,2,6,50,3,1,1,5,4,6,6,4,4,10,5,5,2,12,3,10,5,4,B03,7,7,1,8,2,2,,40,40,1,13,4,120.649399,24.175219,2
10502,66000,387130000C,(04)23274275,(04)23288582,2025,6,27,17,25,臺中市,西屯區,0,1,0,7,2,6,50,13,9,1,5,4,6,6,4,4,1,4,5,2,12,3,10,3,1,A12,7,7,1,3,2,2,,40,40,1,12,4,120.656781,24.198355,2
10503,66000,387130000C,(04)23274275,(04)23288582,2025,6,27,17,26,臺中市,中區,0,1,0,6,1,6,50,4,1,1,5,4,6,6,4,4,10,5,5,2,17,2,9,5,4,C03,7,9,1,10,2,11,,6,6,1,12,4,120.678228,24.145605,2
10504,66000,387130000C,(04)23274275,(04)23288582,2025,6,27,17,27,臺中市,北屯區,0,1,0,6,3,6,50,4,2,1,5,4,6,6,1,1,5,5,4,2,18,2,8,1,1,C03,7,6,1,10,2,14,,84,84,1,12,4,120.665379,24.191235,2
10505,66000,387130000C,(04)23274275,(04)23288582,2025,6,27,17,29,臺中市,東區,0,0,0,6,,,50,,,,,,,,,,,,,,,,,,,B03,,,1,,1,,,84,84,1,12,4,120.696853,24.136995,3
10506,66000,387130000C,(04)23274275,(04)23288582,2025,6,27,17,30,臺中市,霧峰區,0,1,0,5,2,6,50,13,8,1,4,4,6,5,4,4,1,4,4,1,16,2,9,1,1,C03,7,5,1,10,2,11,,59,59,1,12,4,120.662647,24.061043,2
10507,66000,387130000C,(04)23274275,(04)23288582,2025,6,27,17,30,臺中市,霧峰區,0,0,0,7,,,50,,,,,,,,,,,,,,,,,,,B03,,,1,,2,,,7,7,1,12,4,120.664171,24.076134,3
10508,66000,387130000C,(04)23274275,(04)23288582,2025,6,27,17,30,臺中市,太平區,0,0,0,6,,,50,,,,,,,,,,,,,,,,,,,B03,,,3,,1,,,58,58,1,12,4,120.721847,24.150416,3
10509,66000,387130000C,(04)23274275,(04)23288582,2025,6,27,17,32,臺中市,西屯區,0,0,0,7,,,50,,,,,,,,,,,,,,12,,,,,B03,,,1,,1,,,8,8,1,12,4,120.647847,24.196114,3
10510,66000,387130000C,(04)23274275,(04)23288582,2025,6,27,17,33,臺中市,南區,0,1,0,5,3,6,30,5,1,1,4,4,6,6,4,4,10,5,5,2,16,2,9,1,1,C03,7,9,1,10,2,11,,13,13,1,7,2,120.671175,24.112972,2
10511,66000,387130000C,(04)23274275,(04)23288582,2025,6,27,17,33,臺中市,南屯區,0,2,0,5,2,6,50,13,8,1,4,4,6,6,4,4,5,4,4,2,17,2,9,2,1,C03,7,9,1,10,2,11,,8,8,1,12,4,120.635798,24.133255,2
10512,66000,387130000C,(04)23274275,(04)23288582,2025,6,27,17,35,臺中市,大里區,0,0,0,5,,,40,,,,,,,,,,,,,,,,,,,B03,,,1,,1,,,51,51,1,6,4,120.698969,24.081064,3
10513,66000,387130000C,(04)23274275,(04)23288582,2025,6,27,17,35,臺中市,清水區,0,0,0,7,,,50,,,,,,,,,,,,,,,,,,,B03,,,1,,1,,,12,12,1,12,4,120.551607,24.262914,3
10514,66000,387130000C,(04)23274275,(04)23288582,2025,6,27,17,37,臺中市,南屯區,0,1,0,5,2,6,60,4,1,1,4,4,6,6,2,1,5,4,5,2,17,2,9,1,1,C03,7,9,1,10,2,16,,84,84,1,12,4,120.646681,24.153613,2
10515,66000,387130000C,(04)23274275,(04)23288582,2025,6,27,17,41,臺中市,烏日區,0,1,0,6,2,6,50,11,9,1,5,4,6,6,4,4,1,4,4,2,12,3,10,5,4,A02,7,5,1,2,2,6,,87,87,1,12,4,120.620009,24.109755,2
10516,66000,387130000C,(04)23274275,(04)23288582,2025,6,27,17,41,臺中市,沙鹿區,0,0,0,7,,,50,,,,,,,,,,,,,,,,,,,B03,,,1,,2,,,47,47,1,13,4,120.570602,24.213398,3
10517,66000,387130000C,(04)23274275,(04)23288582,2025,6,27,17,42,臺中市,沙鹿區,0,0,0,7,,,60,,,,,,,,,,,,,,13,,,,,B03,,,1,,2,,,82,82,1,6,4,120.570154,24.200218,3
10518,66000,387130000C,(04)23274275,(04)23288582,2025,6,27,17,43,臺中市,西區,0,0,0,7,,,50,,,,,,,,,,,,,,,,,,,C03,,,1,,1,,,84,84,1,12,4,120.665473,24.153722,3
10519,66000,387130000C,(04)23274275,(04)23288582,2025,6,27,17,43,臺中市,南區,0,0,0,7,,,50,,,,,,,,,,,,,,,,,,,B03,,,1,,1,,,7,7,1,6,4,120.659907,24.12476,3
10520,66000,387130000C,(04)23274275,(04)23288582,2025,6,27,17,43,臺中市,大里區,0,1,0,6,2,6,30,4,1,1,4,4,6,6,4,4,10,5,5,2,15,3,10,3,1,B03,7,9,1,8,2,5,,15,15,1,13,4,120.701296,24.088092,2
10521,66000,387130000C,(04)23274275,(04)23288582,2025,6,27,17,44,臺中市,后里區,0,0,0,7,2,6,40,13,14,1,5,4,6,6,4,4,1,4,4,1,14,3,10,3,1,B03,7,2,1,8,1,3,,49,49,1,6,4,120.721874,24.306368,3
10522,66000,387130000C,(04)23274275,(04)23288582,2025,6,27,17,45,臺中市,北屯區,0,0,0,7,,,50,,,,,,,,,,,,,,,,,,,B03,,,1,,1,,,7,7,1,12,4,120.70539,24.167011,3
10523,66000,387130000C,(04)23274275,(04)23288582,2025,6,27,17,46,臺中市,沙鹿區,0,2,0,7,3,6,30,11,9,1,4,4,6,6,4,4,10,5,5,2,11,2,8,1,1,C03,7,9,1,10,2,11,14,41,41,1,6,4,120.569567,24.251099,2
10524,66000,387130000C,(04)23274275,(04)23288582,2025,6,27,17,47,臺中市,西區,0,1,0,7,2,6,50,4,1,1,4,4,6,6,1,1,10,5,5,2,16,2,9,2,1,C01,7,6,1,9,2,12,,11,11,1,12,4,120.660951,24.159175,2
10525,66000,387130000C,(04)23274275,(04)23288582,2025,6,27,17,50,臺中市,南區,0,1,0,7,2,6,30,13,9,1,5,4,6,6,4,4,10,5,5,2,28,2,9,1,1,C03,7,9,1,10,2,11,,85,85,1,12,4,120.68179,24.130385,2
10526,66000,387130000C,(04)23274275,(04)23288582,2025,6,27,17,50,臺中市,烏日區,0,0,0,7,,,50,,,,,,,,,,,,,,9,,,,,B03,,,1,,1,,,8,8,1,6,4,120.596398,24.111318,3
10527,66000,387130000C,(04)23274275,(04)23288582,2025,6,27,17,52,臺中市,南區,0,2,0,6,2,6,50,4,1,1,5,4,6,6,4,4,10,5,5,2,17,2,9,1,1,C03,7,6,1,10,2,12,,14,14,1,12,4,120.681846,24.126391,2
10528,66000,387130000C,(04)23274275,(04)23288582,2025,6,27,17,53,臺中市,南區,0,0,0,7,,,30,,,,,,,,,,,,,,30,,,,,C03,,,1,,9,,,87,87,1,6,4,120.66697,24.125125,3
10529,66000,387130000C,(04)23274275,(04)23288582,2025,6,27,17,53,臺中市,北屯區,0,0,0,7,,,40,,,,,,,,,,,,,,14,,,,,B03,,,1,,1,,,49,49,1,6,4,120.723282,24.164982,4
10530,66000,387130000C,(04)23274275,(04)23288582,2025,6,27,17,54,臺中市,南屯區,0,0,0,5,,,50,,,,,,,,,,,,,,13,,,,,C03,,,1,,1,,,7,7,1,6,4,120.646918,24.146841,3
10531,66000,387130000C,(04)23274275,(04)23288582,2025,6,27,17,54,臺中市,后里區,0,0,0,7,2,4,20,13,2,1,5,4,6,6,1,1,5,2,5,1,13,3,10,3,1,A41,7,7,1,6,2,1,,7,7,1,12,4,120.681758,24.315718,3
10532,66000,387130000C,(04)23274275,(04)23288582,2025,6,27,17,55,臺中市,沙鹿區,0,0,0,7,,,30,,,,,,,,,,,,,,,,,,,B03,,,1,,2,,,8,8,1,13,4,120.583414,24.221072,3
10533,66000,387130000C,(04)23274275,(04)23288582,2025,6,27,17,57,臺中市,神岡區,0,0,0,7,,,50,,,,,,,,,,,,,,16,,,,,B03,,,1,,2,,,59,59,1,12,4,120.701294,24.251356,3
10534,66000,387130000C,(04)23274275,(04)23288582,2025,6,27,17,59,臺中市,北區,0,2,0,7,3,6,50,11,9,1,5,4,6,6,4,4,5,4,5,2,18,2,9,1,1,C03,7,9,2,19,2,11,,59,59,1,12,4,120.685368,24.143228,2
10535,66000,387130000C,(04)23274275,(04)23288582,2025,6,27,17,59,臺中市,北屯區,0,0,0,7,,,50,,,,,,,,,,,,,,,,,,,B03,,,1,,1,,,7,7,1,13,4,120.687532,24.170609,3
10536,66000,387130000C,(04)23274275,(04)23288582,2025,6,27,18,2,臺中市,北區,0,0,0,7,,,50,,,,,,,,,,,,,,13,,,,,C01,,,1,,1,,,7,7,1,13,4,120.689134,24.153572,3
10537,66000,387130000C,(04)23274275,(04)23288582,2025,6,27,18,2,臺中市,北屯區,0,3,0,7,1,6,50,4,2,1,5,4,6,6,1,1,5,4,5,2,17,2,8,6,1,F01,7,9,7,21,2,11,,4,4,1,13,1,120.705827,24.174555,2
10538,66000,387130000C,(04)23274275,(04)23288582,2025,6,27,18,7,臺中市,梧棲區,0,0,0,7,,,60,,,,,,,,,,,,,,13,,,,,A12,,,1,,2,,,7,7,1,6,4,120.534615,24.246471,3
10539,66000,387130000C,(04)23274275,(04)23288582,2025,6,27,18,9,臺中市,西區,0,0,0,7,,,50,,,,,,,,,,,,,,,,,,,B03,,,1,,1,,,7,7,1,12,4,120.670083,24.149493,3
10540,66000,387130000C,(04)23274275,(04)23288582,2025,6,27,18,9,臺中市,西屯區,0,0,0,7,,,50,,,,,,,,,,,,,,13,,,,,B03,,,1,,1,,,7,7,1,12,4,120.639512,24.174659,3
10541,66000,387130000C,(04)23274275,(04)23288582,2025,6,27,18,12,臺中市,烏日區,0,0,0,6,2,6,60,13,7,1,,4,6,6,4,4,1,4,4,1,12,3,10,3,1,B03,7,8,1,8,2,8,,40,40,1,6,4,120.613441,24.106901,3
10542,66000,387130000C,(04)23274275,(04)23288582,2025,6,27,18,13,臺中市,清水區,0,0,0,7,,,60,,,,,,,,,,,,,,13,,,,,B03,,,1,,2,,,7,7,1,13,4,120.561649,24.272136,3
10543,66000,387130000C,(04)23274275,(04)23288582,2025,6,27,18,14,臺中市,梧棲區,0,0,0,7,,,30,,,,,,,,,,,,,,16,,,,,C03,,,1,,2,,,85,85,1,6,4,120.558405,24.243692,3
10544,66000,387130000C,(04)23274275,(04)23288582,2025,6,27,18,15,臺中市,東區,0,0,0,7,,,50,,,,,,,,,,,,,,,,,,,A02,,,1,,1,,,40,40,1,6,4,120.682929,24.134431,3