序號,縣市別代碼,機關代碼,市話,傳真,年,月,日,時,分,縣市,區,死亡數量,受傷數量,2-30,天候,道路照明設備,道路類別,道路速限,道路型態,事故位置,路面鋪裝,路面狀態,路面缺陷,障礙物,視距,號誌種類,號誌動作,分向設施,快車道或一般車道間,快慢車道間,路面邊線,事故類型及型態,受傷程度,主要傷處,保護裝備,行動電話或功能裝置,當事者區分(類別),車輛用途,當事者行動狀態,駕照狀態,駕照種類,飲酒情形,車輛撞擊部位最初,車輛撞擊部位其他,肇事因素個別,肇事因素主要,肇事逃逸,職業,共享經濟或外送平台,GPS座標X,GPS座標Y,事故類別
10545,66000,387130000C,(04)23274275,(04)23288582,2025,6,27,18,19,臺中市,大里區,0,1,0,7,2,6,50,3,1,1,5,4,6,6,4,4,10,5,5,2,16,3,10,3,1,B12,7,9,1,8,2,1,,84,84,1,12,4,120.702021,24.099053,2
10546,66000,387130000C,(04)23274275,(04)23288582,2025,6,27,18,20,臺中市,西屯區,0,0,0,7,,,30,,,,,,,,,,,,,,17,,,,,B03,,,1,,2,,,8,8,1,13,4,120.665112,24.168577,3
10547,66000,387130000C,(04)23274275,(04)23288582,2025,6,27,18,20,臺中市,霧峰區,0,0,0,7,,,50,,,,,,,,,,,,,,,,,,,C03,,,1,,1,,,7,7,1,12,4,120.709279,24.078908,3
10548,66000,387130000C,(04)23274275,(04)23288582,2025,6,27,18,22,臺中市,清水區,0,0,0,7,,,60,,,,,,,,,,,,,,,,,,,A41,,,1,,2,,,7,7,1,12,4,120.554683,24.302291,3
10549,66000,387130000C,(04)23274275,(04)23288582,2025,6,27,18,25,臺中市,西屯區,0,1,0,7,2,6,50,3,1,1,5,4,6,6,1,1,10,5,5,2,9,3,10,5,4,F01,7,5,7,21,2,12,,82,82,1,13,1,120.653118,24.156216,2
10550,66000,387130000C,(04)23274275,(04)23288582,2025,6,27,18,25,臺中市,西屯區,0,1,0,7,2,6,80,13,9,1,5,4,6,6,4,4,1,4,5,1,13,2,1,3,1,B03,7,9,1,8,2,1,,7,7,1,13,4,120.654925,24.1995,2
10551,66000,387130000C,(04)23274275,(04)23288582,2025,6,27,18,26,臺中市,西屯區,0,1,0,7,2,6,60,4,2,1,5,4,6,6,2,1,1,4,5,2,13,3,10,3,4,B03,7,9,1,8,2,5,,84,84,1,12,4,120.643643,24.165818,2
10552,66000,387130000C,(04)23274275,(04)23288582,2025,6,27,18,30,臺中市,北屯區,0,0,0,7,,,50,,,,,,,,,,,,,,13,,,,,B03,,,1,8,1,,,7,7,1,6,4,120.738407,24.178345,3
10553,66000,387130000C,(04)23274275,(04)23288582,2025,6,27,18,30,臺中市,西屯區,0,2,0,7,1,6,50,4,1,1,5,4,6,6,2,1,10,5,5,2,15,2,9,1,1,C03,7,9,1,10,2,12,,21,21,1,5,4,120.649064,24.193666,2
10554,66000,387130000C,(04)23274275,(04)23288582,2025,6,27,18,30,臺中市,沙鹿區,0,1,0,7,2,6,50,4,2,1,5,4,6,6,4,4,3,3,3,1,17,2,9,5,4,C03,7,9,1,10,2,12,,84,84,1,13,4,120.609625,24.245954,2
10555,66000,387130000C,(04)23274275,(04)23288582,2025,6,27,18,35,臺中市,豐原區,0,1,0,6,1,6,30,3,1,1,5,4,6,6,3,1,5,5,5,2,16,3,10,1,1,C03,7,6,1,10,2,11,,14,14,1,12,4,120.713466,24.258783,2
10556,66000,387130000C,(04)23274275,(04)23288582,2025,6,27,18,39,臺中市,北區,0,0,0,7,,,50,,,,,,,,,,,,,,17,,,,,B03,,,1,,2,,,40,40,1,12,4,120.682109,24.16303,3
10557,66000,387130000C,(04)23274275,(04)23288582,2025,6,27,18,42,臺中市,東區,0,0,0,7,,,,,,,,,,,,,,,,,18,,,,,F01,,,,,,,,85,85,1,,,120.690508,24.127359,4
10558,66000,387130000C,(04)23274275,(04)23288582,2025,6,27,18,45,臺中市,西屯區,0,0,0,7,,,30,,,,,,,,,,,,,,,,,,,B03,,,1,,2,,,8,8,1,12,4,120.661168,24.175118,3
10559,66000,387130000C,(04)23274275,(04)23288582,2025,6,27,18,49,臺中市,北屯區,0,0,0,6,,,30,,,,,,,,,,,,,,17,,,,,B03,,,1,,9,,,49,49,2,12,4,120.666338,24.180938,3
10560,66000,387130000C,(04)23274275,(04)23288582,2025,6,27,18,49,臺中市,西屯區,0,0,0,7,,,50,,,,,,,,,,,,,,17,,,,,B03,,,1,,1,,,8,8,1,12,4,120.652053,24.159359,3
10561,66000,387130000C,(04)23274275,(04)23288582,2025,6,27,18,55,臺中市,北區,0,0,0,7,1,6,50,4,9,1,5,4,6,6,1,1,5,5,5,2,13,3,10,3,1,B03,7,9,1,8,2,1,,59,59,1,12,4,120.684275,24.154114,3
10562,66000,387130000C,(04)23274275,(04)23288582,2025,6,27,18,55,臺中市,東勢區,0,1,0,7,1,6,50,4,1,1,5,4,6,6,2,1,10,5,5,2,16,3,10,5,4,C03,7,4,1,10,2,13,,1,1,1,13,4,120.830056,24.251612,2
10563,66000,387130000C,(04)23274275,(04)23288582,2025,6,27,18,56,臺中市,南屯區,0,1,0,7,1,6,50,13,9,1,5,4,6,6,1,1,5,2,5,2,13,3,10,1,1,C03,7,5,1,10,2,11,,7,7,1,12,4,120.634163,24.146244,2
10564,66000,387130000C,(04)23274275,(04)23288582,2025,6,27,19,5,臺中市,大雅區,0,0,0,7,,,40,,,,,,,,,,,,,,,,,,,C03,,,1,,2,,,7,7,1,13,4,120.643328,24.228104,3
10565,66000,387130000C,(04)23274275,(04)23288582,2025,6,27,19,6,臺中市,西區,0,0,0,7,,,50,,,,,,,,,,,,,,12,,,,,B03,,,1,,1,,,40,40,1,13,4,120.662988,24.150849,3
10566,66000,387130000C,(04)23274275,(04)23288582,2025,6,27,19,8,臺中市,中區,0,1,0,7,1,6,50,3,1,1,5,4,6,6,4,4,10,5,5,2,17,3,10,3,1,B02,7,11,1,8,2,1,,45,45,1,12,4,120.675995,24.141938,2
10567,66000,387130000C,(04)23274275,(04)23288582,2025,6,27,19,8,臺中市,北區,0,1,0,7,2,6,50,13,9,1,5,4,6,6,4,4,1,3,5,1,12,3,10,1,1,C03,7,9,1,10,2,11,,84,84,1,13,4,120.684078,24.162876,2
10568,66000,387130000C,(04)23274275,(04)23288582,2025,6,27,19,8,臺中市,北屯區,0,0,0,7,,,50,,,,,,,,,,,,,,15,,,,,B03,,,2,,9,,,21,21,1,6,4,120.721072,24.174065,3
10569,66000,387130000C,(04)23274275,(04)23288582,2025,6,27,19,9,臺中市,西屯區,0,0,0,7,,,50,,,,,,,,,,,,,,13,,,,,B03,,,1,,1,,,59,59,1,13,4,120.660907,24.167966,3
10570,66000,387130000C,(04)23274275,(04)23288582,2025,6,27,19,9,臺中市,烏日區,0,0,0,7,1,6,40,13,9,1,5,4,6,6,4,4,10,5,5,2,12,3,10,3,1,B03,7,9,1,8,1,2,,8,8,1,6,4,120.604245,24.11439,3
10571,66000,387130000C,(04)23274275,(04)23288582,2025,6,27,19,12,臺中市,南屯區,0,2,0,6,1,6,50,3,1,1,4,4,6,6,4,4,5,5,5,2,9,2,9,2,1,C03,7,9,1,10,2,11,,10,10,1,12,4,120.642674,24.153675,2
10572,66000,387130000C,(04)23274275,(04)23288582,2025,6,27,19,13,臺中市,太平區,0,1,0,7,1,6,50,13,9,1,5,4,6,6,4,4,5,5,5,1,17,3,10,5,4,B03,7,13,1,8,2,4,,76,76,1,12,4,120.722931,24.104267,2
10573,66000,387130000C,(04)23274275,(04)23288582,2025,6,27,19,16,臺中市,西屯區,0,1,0,7,1,6,50,13,9,1,5,4,6,6,4,4,5,4,5,2,16,3,10,2,4,C03,7,6,1,10,2,13,,4,4,1,13,4,120.634619,24.16493,2
10574,66000,387130000C,(04)23274275,(04)23288582,2025,6,27,19,18,臺中市,北屯區,0,2,0,7,1,6,50,4,2,1,5,4,6,6,4,4,5,4,4,2,15,3,10,3,1,B03,7,9,1,8,2,2,,13,13,1,13,4,120.7225,24.170341,2
10575,66000,387130000C,(04)23274275,(04)23288582,2025,6,27,19,18,臺中市,西屯區,0,1,0,7,1,6,50,13,9,1,5,4,6,6,2,1,1,4,5,2,12,3,10,3,4,B03,7,9,1,8,2,2,,84,84,1,12,4,120.657906,24.170574,2
10576,66000,387130000C,(04)23274275,(04)23288582,2025,6,27,19,20,臺中市,太平區,0,1,0,7,3,6,50,8,9,1,5,4,6,6,4,4,5,4,5,2,12,3,10,5,4,B03,7,9,1,8,2,2,,59,59,1,12,4,120.710962,24.134406,2
10577,66000,387130000C,(04)23274275,(04)23288582,2025,6,27,19,21,臺中市,沙鹿區,0,1,0,6,1,6,50,13,8,1,5,4,6,6,4,4,8,3,4,1,9,3,10,5,4,B03,7,9,1,8,11,2,,8,8,1,13,4,120.566468,24.235564,2
10578,66000,387130000C,(04)23274275,(04)23288582,2025,6,27,19,30,臺中市,南屯區,0,0,0,6,,,40,,,,,,,,,,,,,,14,,,,,B02,,,1,,2,,,49,49,1,6,4,120.635363,24.141394,3
10579,66000,387130000C,(04)23274275,(04)23288582,2025,6,27,19,30,臺中市,神岡區,0,2,0,7,2,6,50,5,1,1,5,4,6,6,2,1,10,5,5,2,17,2,9,5,4,C03,7,8,1,10,2,14,,40,40,1,13,4,120.685248,24.246739,2
10580,66000,387130000C,(04)23274275,(04)23288582,2025,6,27,19,32,臺中市,神岡區,0,0,0,7,,,1,,,,,,,,,,,,,,14,,,,,C03,,,1,,1,,,49,49,1,12,4,120.660221,24.25586,3
10581,66000,387130000C,(04)23274275,(04)23288582,2025,6,27,19,34,臺中市,東區,0,0,0,7,,,50,,,,,,,,,,,,,,,,,,,B03,,,1,,9,,,86,86,1,12,4,120.697973,24.140074,3
10582,66000,387130000C,(04)23274275,(04)23288582,2025,6,27,19,34,臺中市,大里區,0,0,0,7,,,50,,,,,,,,,,,,,,,,,,,B03,,,1,,1,,,50,50,1,12,4,120.706724,24.087231,3
10583,66000,387130000C,(04)23274275,(04)23288582,2025,6,27,19,38,臺中市,北區,0,0,0,7,,,50,,,,,,,,,,,,,,9,,,,,B03,,,1,,1,,,40,40,1,12,4,120.677484,24.153185,3
10584,66000,387130000C,(04)23274275,(04)23288582,2025,6,27,19,40,臺中市,大肚區,0,1,0,7,1,6,50,3,1,1,5,4,6,6,2,1,10,5,5,2,16,3,10,1,1,C03,7,5,1,10,2,12,,85,85,1,6,4,120.545267,24.151265,2
10585,66000,387130000C,(04)23274275,(04)23288582,2025,6,27,19,47,臺中市,西屯區,0,1,0,7,2,6,50,13,9,1,5,4,6,6,4,4,5,5,5,2,13,2,8,2,1,C03,7,9,1,9,1,11,,7,7,1,13,4,120.644092,24.166125,2
10586,66000,387130000C,(04)23274275,(04)23288582,2025,6,27,19,47,臺中市,大里區,0,0,0,6,2,6,50,13,9,1,5,4,6,6,4,4,5,4,5,2,17,,,,,C03,,,1,,2,,,50,50,1,13,4,120.680849,24.11517,3
10587,66000,387130000C,(04)23274275,(04)23288582,2025,6,27,19,49,臺中市,石岡區,0,0,0,7,,,50,,,,,,,,,,,,,,13,,,,,B03,,,1,,1,,,1,1,1,13,4,120.7765,24.276443,3
10588,66000,387130000C,(04)23274275,(04)23288582,2025,6,27,19,51,臺中市,中區,0,1,0,7,1,6,50,11,9,1,5,4,6,6,2,1,2,4,5,2,12,2,9,1,1,C03,7,9,1,10,2,14,,42,42,1,6,4,120.685136,24.137664,2
10589,66000,387130000C,(04)23274275,(04)23288582,2025,6,27,19,53,臺中市,北區,0,0,0,7,,,50,,,,,,,,,,,,,,17,,,,,B03,,,1,,2,,,40,40,1,12,4,120.678089,24.167053,3
10590,66000,387130000C,(04)23274275,(04)23288582,2025,6,27,19,57,臺中市,南屯區,0,0,0,7,1,6,50,13,9,1,5,4,6,6,1,1,1,4,5,2,12,,,,,B03,,,1,,1,,,43,43,1,12,4,120.647959,24.123302,3
10591,66000,387130000C,(04)23274275,(04)23288582,2025,6,27,19,59,臺中市,北區,0,0,0,7,,,40,,,,,,,,,,,,,,17,,,,,B03,,,5,,9,,,85,85,1,13,4,120.684807,24.161693,3
10592,66000,387130000C,(04)23274275,(04)23288582,2025,6,27,20,1,臺中市,西屯區,0,0,0,7,,,50,,,,,,,,,,,,,,13,,,,,B03,,,1,,2,,,59,59,1,13,4,120.617735,24.188121,3
10593,66000,387130000C,(04)23274275,(04)23288582,2025,6,27,20,5,臺中市,豐原區,0,1,0,7,1,6,40,13,9,1,5,4,6,6,4,4,10,5,5,1,19,2,9,1,4,C03,7,9,1,10,2,12,,82,82,1,13,4,120.754108,24.263871,2
10594,66000,387130000C,(04)23274275,(04)23288582,2025,6,27,20,10,臺中市,大雅區,0,1,0,7,1,6,50,4,2,1,5,4,6,6,1,1,1,3,5,1,17,3,10,5,4,B03,7,6,1,8,2,8,,7,7,1,13,4,120.653545,24.221255,2
10595,66000,387130000C,(04)23274275,(04)23288582,2025,6,27,20,12,臺中市,南屯區,0,0,0,7,,,50,,,,,,,,,,,,,,15,,,,,C03,,,1,,2,,,12,12,1,12,4,120.606932,24.133732,4
10596,66000,387130000C,(04)23274275,(04)23288582,2025,6,27,20,12,臺中市,南屯區,0,0,0,6,,,50,,,,,,,,,,,,,,14,,,,,B03,,,1,,2,,,49,49,1,12,4,120.633928,24.137502,3
10597,66000,387130000C,(04)23274275,(04)23288582,2025,6,27,20,12,臺中市,西屯區,0,1,0,7,1,6,40,13,8,1,5,4,6,6,4,4,1,4,5,2,16,3,10,5,4,B03,7,5,1,8,2,2,,20,20,1,12,4,120.6387,24.169034,2
10598,66000,387130000C,(04)23274275,(04)23288582,2025,6,27,20,17,臺中市,潭子區,0,0,0,7,,,30,,,,,,,,,,,,,,,,,,,C03,,,1,,1,,,78,78,1,12,4,120.702334,24.209879,3
10599,66000,387130000C,(04)23274275,(04)23288582,2025,6,27,20,28,臺中市,霧峰區,0,0,0,7,,,50,,,,,,,,,,,,,,,,,,,C03,,,1,,1,,,7,7,1,12,4,120.70075,24.066701,3
10600,66000,387130000C,(04)23274275,(04)23288582,2025,6,27,20,32,臺中市,沙鹿區,0,1,0,7,1,6,50,4,1,1,5,4,6,6,1,1,10,5,5,2,16,3,10,3,1,B01,7,11,1,8,2,2,,45,45,1,6,4,120.570294,24.213407,2
10601,66000,387130000C,(04)23274275,(04)23288582,2025,6,27,20,34,臺中市,大雅區,0,0,0,7,,,70,,,,,,,,,,,,,,,,,,,A04,,,1,,2,,,7,7,1,13,4,120.630849,24.240748,3
10602,66000,387130000C,(04)23274275,(04)23288582,2025,6,27,20,35,臺中市,龍井區,0,1,0,7,3,6,50,13,14,1,5,4,6,6,4,4,5,5,5,1,17,2,9,2,1,C03,7,9,1,10,2,11,,84,84,1,6,4,120.545852,24.188144,2
10603,66000,387130000C,(04)23274275,(04)23288582,2025,6,27,20,37,臺中市,西區,0,0,0,7,,,50,,,,,,,,,,,,,,11,,,,,B03,,,1,,1,,,40,40,1,13,4,120.671247,24.145505,3
10604,66000,387130000C,(04)23274275,(04)23288582,2025,6,27,20,45,臺中市,大里區,0,2,0,7,1,6,50,4,1,1,5,4,6,6,4,4,10,5,5,2,15,3,10,3,1,B03,7,9,1,8,2,1,,15,15,1,12,4,120.706141,24.084121,2
10605,66000,387130000C,(04)23274275,(04)23288582,2025,6,27,20,45,臺中市,太平區,0,2,0,7,1,6,50,3,1,1,5,4,6,6,4,4,10,5,5,2,16,2,9,1,1,C03,7,9,1,10,2,11,,58,58,1,6,4,120.71392,24.118355,2
10606,66000,387130000C,(04)23274275,(04)23288582,2025,6,27,20,45,臺中市,沙鹿區,0,1,0,7,1,6,50,4,1,1,5,4,6,6,1,1,10,5,5,2,16,3,10,3,1,B03,7,5,1,8,2,3,7,87,87,1,6,4,120.570294,24.213407,2
10607,66000,387130000C,(04)23274275,(04)23288582,2025,6,27,20,46,臺中市,北屯區,0,0,0,7,,,50,,,,,,,,,,,,,,,,,,,C03,,,1,,9,,,87,87,1,12,4,120.691269,24.176523,3
10608,66000,387130000C,(04)23274275,(04)23288582,2025,6,27,20,55,臺中市,太平區,0,0,0,7,,,50,,,,,,,,,,,,,,,,,,,B12,,,1,,2,,,8,8,1,12,4,120.706162,24.149946,3
10609,66000,387130000C,(04)23274275,(04)23288582,2025,6,27,20,57,臺中市,梧棲區,0,0,0,7,,,40,,,,,,,,,,,,,,13,,,,,B03,,,1,,1,,,7,7,1,6,4,120.525621,24.224461,3
10610,66000,387130000C,(04)23274275,(04)23288582,2025,6,27,20,59,臺中市,西屯區,0,0,0,7,,,40,,,,,,,,,,,,,,,,,,,C03,,,1,,2,,,40,40,1,12,4,120.660649,24.173023,3
10611,66000,387130000C,(04)23274275,(04)23288582,2025,6,27,21,0,臺中市,烏日區,0,3,0,7,1,6,50,13,9,1,5,4,6,6,4,4,5,4,5,1,12,2,8,1,1,C03,7,9,1,10,2,11,12,84,84,1,6,4,120.642976,24.078014,2
10612,66000,387130000C,(04)23274275,(04)23288582,2025,6,27,21,2,臺中市,西區,0,0,0,7,,,50,,,,,,,,,,,,,,,,,,,B03,,,1,,2,,,8,8,1,12,4,120.671247,24.145505,3
10613,66000,387130000C,(04)23274275,(04)23288582,2025,6,27,21,3,臺中市,南區,0,0,0,7,,,50,,,,,,,,,,,,,,13,,,,,F01,,,7,,2,,,7,7,1,12,4,120.657009,24.113869,4
10614,66000,387130000C,(04)23274275,(04)23288582,2025,6,27,21,10,臺中市,南屯區,0,1,0,7,1,6,50,4,1,1,5,4,6,6,3,1,10,5,5,2,13,2,8,1,1,C03,7,9,1,10,2,11,,7,7,1,6,4,120.635872,24.131157,2
10615,66000,387130000C,(04)23274275,(04)23288582,2025,6,27,21,14,臺中市,西屯區,0,0,0,7,,,50,,,,,,,,,,,,,,16,,,,,B03,,,1,,1,,,39,39,1,12,4,120.636439,24.160617,3
10616,66000,387130000C,(04)23274275,(04)23288582,2025,6,27,21,15,臺中市,大雅區,0,0,0,7,,,70,,,,,,,,,,,,,,,,,,,B03,,,1,,1,,,40,40,1,13,4,120.630849,24.240748,3
10617,66000,387130000C,(04)23274275,(04)23288582,2025,6,27,21,17,臺中市,沙鹿區,0,0,0,7,,,30,,,,,,,,,,,,,,11,,,,,B03,,,1,,2,,,8,8,1,6,4,120.594313,24.218463,3
10618,66000,387130000C,(04)23274275,(04)23288582,2025,6,27,21,20,臺中市,南屯區,0,2,0,7,2,6,50,13,9,1,5,4,6,6,4,4,10,4,5,2,17,3,10,3,1,B03,7,9,1,8,2,5,,7,7,1,12,4,120.639965,24.137634,2
10619,66000,387130000C,(04)23274275,(04)23288582,2025,6,27,21,20,臺中市,北屯區,0,0,0,7,,,50,,,,,,,,,,,,,,13,,,,,B03,,,1,,7,,,53,53,1,6,4,120.68632,24.189916,3
10620,66000,387130000C,(04)23274275,(04)23288582,2025,6,27,21,21,臺中市,西區,0,0,0,7,,,50,,,,,,,,,,,,,,,,,,,F01,,,7,,2,,,41,41,1,12,4,120.674776,24.143194,3
10621,66000,387130000C,(04)23274275,(04)23288582,2025,6,27,21,25,臺中市,霧峰區,0,1,0,7,1,6,50,13,9,1,5,4,6,6,4,4,5,5,5,2,3,3,10,2,1,C03,7,9,2,19,2,12,,84,84,1,6,4,120.700405,24.068522,2
10622,66000,387130000C,(04)23274275,(04)23288582,2025,6,27,21,29,臺中市,東區,0,1,0,7,1,6,50,13,9,1,5,4,6,6,4,4,7,5,5,2,17,3,10,5,4,B03,7,2,1,8,2,4,,49,49,1,6,4,120.706909,24.133122,2
10623,66000,387130000C,(04)23274275,(04)23288582,2025,6,27,21,29,臺中市,太平區,0,1,0,7,3,6,50,4,1,1,5,4,6,6,1,1,10,5,5,2,12,2,7,1,1,C03,7,7,1,10,2,12,,65,65,1,12,4,120.703112,24.153455,2
10624,66000,387130000C,(04)23274275,(04)23288582,2025,6,27,21,40,臺中市,大甲區,0,1,0,7,1,6,50,4,1,1,5,4,6,6,1,1,5,5,4,1,16,3,10,1,1,C02,7,5,1,9,2,12,,11,11,1,12,4,120.614824,24.35104,2
10625,66000,387130000C,(04)23274275,(04)23288582,2025,6,27,21,45,臺中市,南區,0,1,0,6,1,6,50,4,1,1,5,4,6,6,4,4,10,5,5,2,15,2,8,1,1,C03,7,9,1,10,2,12,,13,13,1,12,4,120.67655,24.129308,2
10626,66000,387130000C,(04)23274275,(04)23288582,2025,6,27,21,46,臺中市,南區,0,2,0,7,1,6,50,13,9,1,5,4,6,6,4,4,5,4,5,2,13,2,9,1,1,C03,7,9,1,10,2,12,,7,7,1,12,4,120.653502,24.122825,2
10627,66000,387130000C,(04)23274275,(04)23288582,2025,6,27,21,52,臺中市,東區,0,0,0,7,,,40,,,,,,,,,,,,,,14,,,,,B13,,,1,,9,,,49,49,1,6,4,120.710822,24.144676,3
10628,66000,387130000C,(04)23274275,(04)23288582,2025,6,27,21,53,臺中市,北屯區,0,0,0,7,,,30,,,,,,,,,,,,,,14,,,,,B03,,,1,,1,,,49,49,1,6,4,120.735918,24.17524,3
10629,66000,387130000C,(04)23274275,(04)23288582,2025,6,27,22,0,臺中市,西屯區,0,0,0,7,,,40,,,,,,,,,,,,,,12,,,,,C03,,,1,,2,,,40,40,1,13,4,120.652331,24.161299,4
10630,66000,387130000C,(04)23274275,(04)23288582,2025,6,27,22,1,臺中市,潭子區,0,1,0,6,1,6,40,4,1,1,5,4,6,6,1,1,1,5,5,1,17,2,9,2,1,C03,7,6,1,10,2,14,,84,84,1,13,4,120.716334,24.204387,2
10631,66000,387130000C,(04)23274275,(04)23288582,2025,6,27,22,1,臺中市,烏日區,0,1,0,7,1,6,50,13,7,1,5,4,6,6,4,4,1,4,4,2,18,2,9,1,1,C03,7,9,1,10,2,14,,84,84,1,6,4,120.644555,24.116994,2
10632,66000,387130000C,(04)23274275,(04)23288582,2025,6,27,22,4,臺中市,太平區,0,0,0,7,,,50,,,,,,,,,,,,,,17,,,,,B03,,,1,,2,,,58,58,1,6,4,120.722127,24.119523,3
10633,66000,387130000C,(04)23274275,(04)23288582,2025,6,27,22,11,臺中市,北屯區,0,0,0,7,,,50,,,,,,,,,,,,,,,,,,,C04,,,1,,1,,,49,49,1,13,4,120.694814,24.179883,3
10634,66000,387130000C,(04)23274275,(04)23288582,2025,6,27,22,20,臺中市,梧棲區,0,1,0,7,1,6,50,3,1,1,5,4,6,6,4,4,9,5,5,2,16,2,9,1,1,C03,7,4,1,10,2,11,,84,84,1,6,4,120.551639,24.239169,2
10635,66000,387130000C,(04)23274275,(04)23288582,2025,6,27,22,26,臺中市,南屯區,0,2,0,7,1,6,0,18,24,1,5,4,6,6,2,1,10,5,5,2,17,2,8,2,1,C01,7,9,1,9,1,11,,7,7,1,5,4,120.581726,24.143245,2
10636,66000,387130000C,(04)23274275,(04)23288582,2025,6,27,22,40,臺中市,北屯區,0,0,0,7,,,60,,,,,,,,,,,,,,13,,,,,B12,,,1,,1,,,59,59,1,6,4,120.722468,24.162193,3
10637,66000,387130000C,(04)23274275,(04)23288582,2025,6,27,22,44,臺中市,東區,0,0,0,7,,,50,,,,,,,,,,,,,,,,,,,B03,,,1,,1,,,49,49,1,6,4,120.692859,24.135818,3
10638,66000,387130000C,(04)23274275,(04)23288582,2025,6,27,23,0,臺中市,豐原區,0,0,0,7,,,60,,,,,,,,,,,,,,,,,,,B03,,,1,,2,,,11,11,1,13,4,120.713047,24.262246,3
10639,66000,387130000C,(04)23274275,(04)23288582,2025,6,27,23,10,臺中市,霧峰區,0,0,0,7,,,50,,,,,,,,,,,,,,17,,,,,B03,,,1,,1,,,87,87,1,12,4,120.691515,24.04713,3
10640,66000,387130000C,(04)23274275,(04)23288582,2025,6,27,23,15,臺中市,北區,0,0,0,7,,,40,,,,,,,,,,,,,,,,,,,B03,,,1,,2,,,49,49,1,12,4,120.677196,24.153657,3
10641,66000,387130000C,(04)23274275,(04)23288582,2025,6,27,23,22,臺中市,大里區,0,0,0,7,,,50,,,,,,,,,,,,,,14,,,,,B03,,,1,,2,,,49,49,1,13,4,120.6899,24.113901,3
10642,66000,387130000C,(04)23274275,(04)23288582,2025,6,27,23,31,臺中市,沙鹿區,0,0,0,7,,,50,,,,,,,,,,,,,,13,,,,,B03,,,1,,2,,,59,59,1,6,4,120.56147,24.242454,3
10643,66000,387130000C,(04)23274275,(04)23288582,2025,6,27,23,34,臺中市,北屯區,0,1,0,7,3,6,50,4,2,1,5,4,6,6,1,1,10,5,5,2,16,2,9,1,1,F03,7,11,7,21,2,12,,4,4,1,12,4,120.681436,24.17635,2
10644,66000,387130000C,(04)23274275,(04)23288582,2025,6,28,0,0,臺中市,南屯區,0,0,0,7,,,50,,,,,,,,,,,,,,,,,,,B03,,,1,,1,,,50,50,1,6,4,120.607071,24.137746,3
10645,66000,387130000C,(04)23274275,(04)23288582,2025,6,28,0,5,臺中市,太平區,0,2,0,7,1,6,50,4,1,1,5,4,6,6,1,1,10,5,5,2,16,2,9,1,1,C03,7,9,1,10,2,11,,21,21,1,6,4,120.735857,24.133195,2
10646,66000,387130000C,(04)23274275,(04)23288582,2025,6,28,0,22,臺中市,北區,0,0,0,7,,,50,,,,,,,,,,,,,,,,,,,C02,,,1,,11,,,87,87,1,13,4,120.686013,24.147589,3
10647,66000,387130000C,(04)23274275,(04)23288582,2025,6,28,0,29,臺中市,龍井區,0,1,0,7,3,6,50,13,9,1,5,3,6,6,4,4,9,4,5,1,18,2,9,2,1,C03,7,9,1,10,2,14,,87,87,1,5,4,120.578304,24.193645,2
10648,66000,387130000C,(04)23274275,(04)23288582,2025,6,28,0,48,臺中市,西屯區,0,1,0,7,1,6,30,4,1,1,5,4,6,6,4,4,10,5,5,2,15,2,9,1,4,C04,7,9,1,10,2,11,,12,12,1,13,4,120.643944,24.180446,2
10649,66000,387130000C,(04)23274275,(04)23288582,2025,6,28,1,10,臺中市,東區,0,1,0,7,1,6,50,4,1,1,5,4,6,6,2,1,10,5,5,2,16,3,10,3,1,B03,7,6,1,8,2,5,,11,11,1,6,4,120.699634,24.144627,2
10650,66000,387130000C,(04)23274275,(04)23288582,2025,6,28,1,25,臺中市,沙鹿區,0,0,0,7,,,30,,,,,,,,,,,,,,17,,,,,,,,,,,,,119,119,1,,,120.565773,24.229271,3
10651,66000,387130000C,(04)23274275,(04)23288582,2025,6,28,1,27,臺中市,北區,0,0,0,7,,,40,,,,,,,,,,,,,,,,,,,C02,,,1,,2,,,84,84,1,12,4,120.677065,24.151258,3
10652,66000,387130000C,(04)23274275,(04)23288582,2025,6,28,2,53,臺中市,西屯區,0,2,0,7,1,6,50,4,1,1,5,4,6,6,1,1,5,4,4,2,16,2,9,5,4,F01,7,6,7,21,2,12,,23,23,1,12,4,120.647871,24.174217,2
10653,66000,387130000C,(04)23274275,(04)23288582,2025,6,28,3,51,臺中市,大里區,0,1,0,7,1,6,50,3,2,1,5,4,6,6,1,1,5,5,5,1,12,2,9,1,1,C03,7,4,3,19,1,12,,1,1,1,12,4,120.701008,24.096347,2
10654,66000,387130000C,(04)23274275,(04)23288582,2025,6,28,4,7,臺中市,豐原區,0,0,0,7,,,50,,,,,,,,,,,,,,2,,,,,B12,,,1,,2,,,82,82,1,12,4,120.743272,24.253938,3
10655,66000,387130000C,(04)23274275,(04)23288582,2025,6,28,5,22,臺中市,西屯區,0,0,0,7,,,50,,,,,,,,,,,,,,12,,,,,B03,,,1,,1,,,84,84,1,13,4,120.644268,24.171377,3
10656,66000,387130000C,(04)23274275,(04)23288582,2025,6,28,5,24,臺中市,西屯區,0,1,0,7,2,6,30,4,1,1,5,4,6,6,3,1,5,4,4,2,15,2,9,5,4,C03,7,9,3,19,2,11,,24,24,1,12,4,120.652881,24.163088,2