序號,縣市別代碼,機關代碼,市話,傳真,年,月,日,時,分,縣市,區,死亡數量,受傷數量,2-30,天候,道路照明設備,道路類別,道路速限,道路型態,事故位置,路面鋪裝,路面狀態,路面缺陷,障礙物,視距,號誌種類,號誌動作,分向設施,快車道或一般車道間,快慢車道間,路面邊線,事故類型及型態,受傷程度,主要傷處,保護裝備,行動電話或功能裝置,當事者區分(類別),車輛用途,當事者行動狀態,駕照狀態,駕照種類,飲酒情形,車輛撞擊部位最初,車輛撞擊部位其他,肇事因素個別,肇事因素主要,肇事逃逸,職業,共享經濟或外送平台,GPS座標X,GPS座標Y,事故類別
10767,66000,387130000C,(04)23274275,(04)23288582,2025,6,28,11,25,臺中市,北屯區,0,0,0,7,,,50,,,,,,,,,,,,,,17,,,,,B03,,,1,,10,,,76,76,1,12,4,120.707394,24.186818,3
10768,66000,387130000C,(04)23274275,(04)23288582,2025,6,28,11,26,臺中市,北屯區,0,1,0,7,2,6,40,13,8,1,5,4,6,6,4,4,1,5,1,2,18,2,9,2,1,C03,7,9,1,10,2,12,,82,82,1,12,4,120.7217,24.185983,2
10769,66000,387130000C,(04)23274275,(04)23288582,2025,6,28,11,28,臺中市,豐原區,0,1,0,7,3,6,50,4,1,1,5,4,6,6,2,1,5,5,5,2,3,3,10,5,4,B03,7,6,1,8,2,1,,10,10,1,12,4,120.727822,24.251422,2
10770,66000,387130000C,(04)23274275,(04)23288582,2025,6,28,11,33,臺中市,北區,0,0,0,7,,,50,,,,,,,,,,,,,,17,,,,,B11,,,1,,1,,,84,84,1,13,4,120.673365,24.166004,3
10771,66000,387130000C,(04)23274275,(04)23288582,2025,6,28,11,33,臺中市,大里區,0,1,0,7,3,6,50,4,1,1,5,4,6,6,2,1,5,5,4,1,16,3,10,1,1,C03,7,6,1,10,2,11,,11,11,1,13,4,120.686072,24.110603,2
10772,66000,387130000C,(04)23274275,(04)23288582,2025,6,28,11,34,臺中市,西區,0,0,0,7,,,50,,,,,,,,,,,,,,,,,,,B03,,,1,,1,,,51,51,1,6,4,120.681805,24.136123,3
10773,66000,387130000C,(04)23274275,(04)23288582,2025,6,28,11,34,臺中市,霧峰區,0,1,0,7,2,6,30,3,2,1,5,4,6,6,4,4,10,5,5,2,17,2,9,2,1,C03,7,9,1,10,2,11,,84,84,1,13,4,120.699266,24.064649,2
10774,66000,387130000C,(04)23274275,(04)23288582,2025,6,28,11,34,臺中市,龍井區,0,0,0,7,,,30,,,,,,,,,,,,,,13,,,,,C03,,,1,,1,,,7,7,1,6,4,120.578431,24.181818,3
10775,66000,387130000C,(04)23274275,(04)23288582,2025,6,28,11,35,臺中市,神岡區,0,1,0,7,3,6,50,13,9,1,5,4,6,6,4,4,9,5,5,2,16,3,10,3,1,B12,7,1,1,8,2,8,,51,51,1,13,4,120.69429,24.231415,2
10776,66000,387130000C,(04)23274275,(04)23288582,2025,6,28,11,35,臺中市,豐原區,0,0,0,7,,,30,,,,,,,,,,,,,,17,,,,,C03,,,1,,2,,,14,14,1,13,4,120.720949,24.25084,3
10777,66000,387130000C,(04)23274275,(04)23288582,2025,6,28,11,37,臺中市,南屯區,0,1,0,7,2,6,50,4,1,1,5,4,6,6,4,4,5,5,4,2,15,2,6,2,1,C03,7,9,1,10,2,11,,13,13,1,12,4,120.643011,24.13712,2
10778,66000,387130000C,(04)23274275,(04)23288582,2025,6,28,11,39,臺中市,南屯區,0,2,0,7,2,6,50,4,1,1,5,4,6,6,1,1,10,5,5,2,17,2,9,2,1,C03,7,6,1,10,2,14,,11,11,1,12,4,120.6357,24.148511,2
10779,66000,387130000C,(04)23274275,(04)23288582,2025,6,28,11,39,臺中市,太平區,0,0,0,7,,,30,,,,,,,,,,,,,,,,,,,B03,,,1,,2,,,84,84,1,13,4,120.709839,24.12158,3
10780,66000,387130000C,(04)23274275,(04)23288582,2025,6,28,11,40,臺中市,西屯區,0,2,0,7,2,6,50,3,1,1,5,4,6,6,4,4,10,5,5,2,12,3,10,3,4,B03,7,5,1,8,2,5,,14,14,1,12,4,120.650144,24.197031,2
10781,66000,387130000C,(04)23274275,(04)23288582,2025,6,28,11,42,臺中市,大甲區,0,0,0,7,,,50,,,,,,,,,,,,,,,,,,,B03,,,1,,2,,,84,84,1,6,4,120.622947,24.347288,3
10782,66000,387130000C,(04)23274275,(04)23288582,2025,6,28,11,43,臺中市,豐原區,0,0,0,7,,,50,,,,,,,,,,,,,,13,,,,,A12,,,1,,2,,,7,7,1,12,4,120.719899,24.243156,3
10783,66000,387130000C,(04)23274275,(04)23288582,2025,6,28,11,44,臺中市,北屯區,0,0,0,7,,,50,,,,,,,,,,,,,,13,,,,,B03,,,1,,1,,,59,59,1,13,4,120.679322,24.173112,3
10784,66000,387130000C,(04)23274275,(04)23288582,2025,6,28,11,44,臺中市,后里區,0,1,0,7,2,6,50,3,1,1,5,4,6,6,4,4,5,4,5,1,17,3,10,4,1,B03,7,6,1,8,2,8,,48,48,1,6,4,120.699415,24.320564,2
10785,66000,387130000C,(04)23274275,(04)23288582,2025,6,28,11,46,臺中市,西屯區,0,1,0,7,2,6,40,3,1,1,5,4,5,6,2,1,10,5,5,2,17,2,9,1,1,C03,7,9,1,10,2,12,,8,8,1,13,4,120.65882,24.16365,2
10786,66000,387130000C,(04)23274275,(04)23288582,2025,6,28,11,49,臺中市,南屯區,0,1,0,7,2,6,50,4,1,1,5,4,6,6,2,1,9,4,1,2,2,3,10,3,1,B03,7,6,1,8,2,1,,10,10,1,12,4,120.646541,24.132061,2
10787,66000,387130000C,(04)23274275,(04)23288582,2025,6,28,11,50,臺中市,梧棲區,0,1,0,7,2,6,50,4,2,1,5,4,6,6,1,1,5,5,5,1,12,2,9,1,1,C03,7,7,1,10,2,12,,40,40,1,12,4,120.537279,24.244055,2
10788,66000,387130000C,(04)23274275,(04)23288582,2025,6,28,11,51,臺中市,西屯區,0,0,0,7,,,30,,,,,,,,,,,,,,,,,,,B03,,,1,,1,,,59,59,1,12,4,120.634498,24.16229,3
10789,66000,387130000C,(04)23274275,(04)23288582,2025,6,28,11,51,臺中市,沙鹿區,0,0,0,7,,,1,,,,,,,,,,,,,,17,,,,,B03,,,1,,1,,,51,51,1,6,4,120.555543,24.23046,3
10790,66000,387130000C,(04)23274275,(04)23288582,2025,6,28,11,52,臺中市,大里區,0,0,0,7,,,40,,,,,,,,,,,,,,,,,,,B12,,,1,,2,,,84,84,1,13,4,120.681211,24.104689,3
10791,66000,387130000C,(04)23274275,(04)23288582,2025,6,28,11,53,臺中市,西區,0,0,0,7,,,30,,,,,,,,,,,,,,17,,,,,B03,,,1,,1,,,8,8,1,12,4,120.656561,24.138912,3
10792,66000,387130000C,(04)23274275,(04)23288582,2025,6,28,11,54,臺中市,大里區,0,1,0,7,2,6,30,4,1,1,5,4,6,6,4,4,10,5,5,2,15,2,9,2,1,C03,7,9,1,10,2,12,,15,15,1,13,4,120.700603,24.091191,2
10793,66000,387130000C,(04)23274275,(04)23288582,2025,6,28,11,54,臺中市,大里區,0,1,0,7,2,6,50,3,1,1,5,4,6,6,4,4,10,5,5,2,12,3,10,2,1,C03,7,5,1,10,2,13,,14,14,1,12,4,120.677864,24.100701,2
10794,66000,387130000C,(04)23274275,(04)23288582,2025,6,28,11,57,臺中市,南屯區,0,1,0,7,2,6,40,13,8,1,5,4,6,6,4,4,9,4,4,2,11,2,9,1,1,C03,7,6,1,10,2,11,,54,54,1,12,4,120.615393,24.149718,2
10795,66000,387130000C,(04)23274275,(04)23288582,2025,6,28,12,0,臺中市,東區,0,0,0,7,,,50,,,,,,,,,,,,,,17,,,,,,,,,,,,,85,85,1,,,120.699973,24.139,3
10796,66000,387130000C,(04)23274275,(04)23288582,2025,6,28,12,0,臺中市,南屯區,0,0,0,7,3,6,50,13,9,1,5,4,6,6,4,4,9,4,5,2,14,,,,,B03,,,1,,1,,,49,49,1,12,4,120.653352,24.135516,3
10797,66000,387130000C,(04)23274275,(04)23288582,2025,6,28,12,2,臺中市,西屯區,0,0,0,7,,,50,,,,,,,,,,,,,,17,,,,,B12,,,3,,1,,,51,51,1,12,4,120.637374,24.172939,3
10798,66000,387130000C,(04)23274275,(04)23288582,2025,6,28,12,2,臺中市,清水區,0,0,0,7,,,50,,,,,,,,,,,,,,,,,,,B03,,,1,,2,,,15,15,1,12,4,120.574663,24.269755,3
10799,66000,387130000C,(04)23274275,(04)23288582,2025,6,28,12,8,臺中市,南屯區,0,0,0,7,,,50,,,,,,,,,,,,,,,,,,,B03,,,1,,1,,,47,47,1,13,4,120.6126,24.138453,3
10800,66000,387130000C,(04)23274275,(04)23288582,2025,6,28,12,10,臺中市,北屯區,0,0,0,7,,,50,,,,,,,,,,,,,,17,,,,,C03,,,1,,2,,,84,84,1,12,4,120.729614,24.171167,3
10801,66000,387130000C,(04)23274275,(04)23288582,2025,6,28,12,10,臺中市,大肚區,0,0,0,7,,,40,,,,,,,,,,,,,,,,,,,B03,,,1,,1,,,49,49,1,6,4,120.571223,24.120868,3
10802,66000,387130000C,(04)23274275,(04)23288582,2025,6,28,12,10,臺中市,新社區,0,0,0,7,,,50,,,,,,,,,,,,,,2,,,,,B03,,,1,,2,,,7,7,1,13,4,120.807378,24.239796,3
10803,66000,387130000C,(04)23274275,(04)23288582,2025,6,28,12,12,臺中市,霧峰區,0,0,0,7,,,50,,,,,,,,,,,,,,17,,,,,B03,,,1,,2,,,46,46,1,12,4,120.698116,24.066156,3
10804,66000,387130000C,(04)23274275,(04)23288582,2025,6,28,12,13,臺中市,北屯區,0,1,0,7,2,6,50,4,1,1,5,4,6,6,4,4,10,5,5,2,15,2,9,3,1,B03,7,9,1,8,1,1,,15,15,1,12,4,120.725354,24.165365,2
10805,66000,387130000C,(04)23274275,(04)23288582,2025,6,28,12,13,臺中市,豐原區,0,0,0,7,,,50,,,,,,,,,,,,,,13,,,,,B03,,,1,,1,,,57,57,1,13,4,120.720218,24.264327,3
10806,66000,387130000C,(04)23274275,(04)23288582,2025,6,28,12,15,臺中市,大雅區,0,1,0,7,2,6,50,3,9,1,5,4,6,6,3,1,10,4,5,1,17,3,10,1,1,C03,7,9,1,10,2,11,,7,7,1,12,4,120.614647,24.218017,2
10807,66000,387130000C,(04)23274275,(04)23288582,2025,6,28,12,17,臺中市,霧峰區,0,0,0,7,,6,0,,,,,,,,,,,,,,17,,,,,C03,,,1,8,1,,,84,84,1,13,4,120.697144,24.054359,3
10808,66000,387130000C,(04)23274275,(04)23288582,2025,6,28,12,18,臺中市,后里區,0,0,0,7,,,50,,,,,,,,,,,,,,,,,,,B12,,,1,,1,,,76,76,1,6,4,120.725,24.308909,3
10809,66000,387130000C,(04)23274275,(04)23288582,2025,6,28,12,19,臺中市,龍井區,0,0,0,7,,,60,,,,,,,,,,,,,,13,,,,,B03,,,1,,1,,,7,7,1,6,4,120.581398,24.175646,4
10810,66000,387130000C,(04)23274275,(04)23288582,2025,6,28,12,20,臺中市,北區,0,0,0,7,3,6,50,4,1,1,5,4,6,6,2,1,10,5,5,2,17,,,,,B03,,,1,,1,,,47,47,1,13,4,120.676189,24.173369,3
10811,66000,387130000C,(04)23274275,(04)23288582,2025,6,28,12,22,臺中市,龍井區,0,1,0,7,3,6,40,13,8,1,5,4,6,6,4,4,1,4,4,2,17,2,9,1,1,C03,7,9,1,10,2,12,,6,6,1,13,4,120.527776,24.195715,2
10812,66000,387130000C,(04)23274275,(04)23288582,2025,6,28,12,24,臺中市,大雅區,0,0,0,7,,,0,,,,,,,,,,,,,,,,,,,B03,,,1,,1,,,51,51,1,12,4,120.652101,24.228079,3
10813,66000,387130000C,(04)23274275,(04)23288582,2025,6,28,12,26,臺中市,西屯區,0,0,0,7,,,30,,,,,,,,,,,,,,17,,,,,B03,,,1,,2,,,59,59,1,13,4,120.660042,24.167028,3
10814,66000,387130000C,(04)23274275,(04)23288582,2025,6,28,12,29,臺中市,東區,0,0,0,7,,,50,,,,,,,,,,,,,,17,,,,,C03,,,1,,1,,,84,84,1,13,4,120.698972,24.142788,3
10815,66000,387130000C,(04)23274275,(04)23288582,2025,6,28,12,30,臺中市,大甲區,0,0,0,7,,,50,,,,,,,,,,,,,,,,,,,A12,,,1,,2,,,49,49,1,6,4,120.637738,24.366313,3
10816,66000,387130000C,(04)23274275,(04)23288582,2025,6,28,12,38,臺中市,龍井區,0,3,0,7,2,6,50,13,9,1,5,4,6,6,4,4,9,3,5,1,16,2,9,1,1,C03,7,6,1,10,2,14,,34,34,1,6,4,120.58916,24.180521,2
10817,66000,387130000C,(04)23274275,(04)23288582,2025,6,28,12,42,臺中市,北屯區,0,2,0,7,1,6,50,3,1,1,5,4,6,6,2,1,10,5,5,2,16,2,9,2,1,C03,7,6,1,10,2,14,,11,11,1,6,4,120.682242,24.186946,2
10818,66000,387130000C,(04)23274275,(04)23288582,2025,6,28,12,50,臺中市,北屯區,0,0,0,7,,,50,,,,,,,,,,,,,,17,,,,,B03,,,1,,1,,,50,50,1,6,4,120.671094,24.187245,3
10819,66000,387130000C,(04)23274275,(04)23288582,2025,6,28,12,55,臺中市,北區,0,0,0,7,,,50,,,,,,,,,,,,,,17,,,,,B03,,,1,,2,,,51,51,1,13,4,120.68476,24.166792,3
10820,66000,387130000C,(04)23274275,(04)23288582,2025,6,28,12,59,臺中市,西區,0,1,0,7,2,6,50,4,1,1,5,4,6,6,3,1,10,5,5,2,17,2,9,1,1,C03,7,6,1,10,2,14,,24,24,1,12,4,120.670016,24.148314,2
10821,66000,387130000C,(04)23274275,(04)23288582,2025,6,28,13,1,臺中市,西屯區,0,2,0,7,2,6,30,13,9,1,5,4,6,6,4,4,10,5,5,2,3,2,9,6,5,H01,8,16,7,21,2,17,,95,95,1,13,5,120.663284,24.164678,2
10822,66000,387130000C,(04)23274275,(04)23288582,2025,6,28,13,3,臺中市,北區,0,1,0,7,2,6,50,4,1,1,5,4,6,6,1,1,10,5,5,2,17,2,9,5,4,C03,7,6,1,10,2,14,,48,48,1,13,4,120.682735,24.146021,2
10823,66000,387130000C,(04)23274275,(04)23288582,2025,6,28,13,5,臺中市,東勢區,0,1,0,7,1,6,15,13,13,1,5,4,6,6,4,4,6,3,5,1,12,2,7,5,4,F02,7,9,7,21,2,14,,8,8,1,12,4,120.810864,24.278747,2
10824,66000,387130000C,(04)23274275,(04)23288582,2025,6,28,13,6,臺中市,豐原區,0,1,0,7,3,6,50,3,1,1,5,4,6,6,4,4,5,5,5,2,17,3,10,5,4,B02,7,15,1,8,2,5,,42,42,1,12,4,120.728922,24.255003,2
10825,66000,387130000C,(04)23274275,(04)23288582,2025,6,28,13,10,臺中市,潭子區,0,1,0,7,3,6,50,3,1,1,5,4,6,6,4,4,5,4,4,2,17,3,10,2,1,C03,7,6,1,10,2,12,,14,14,1,13,4,120.704843,24.209768,2
10826,66000,387130000C,(04)23274275,(04)23288582,2025,6,28,13,10,臺中市,西區,0,0,0,7,,,50,,,,,,,,,,,,,,,,,,,C03,,,1,,1,,,7,7,1,13,4,120.660951,24.159175,3
10827,66000,387130000C,(04)23274275,(04)23288582,2025,6,28,13,11,臺中市,大肚區,0,0,0,7,,,60,,,,,,,,,,,,,,13,,,,,B03,,,1,,2,,,7,7,1,6,4,120.582758,24.168266,3
10828,66000,387130000C,(04)23274275,(04)23288582,2025,6,28,13,26,臺中市,北屯區,0,0,0,7,,,50,,,,,,,,,,,,,,14,,,,,B03,,,1,,1,,,49,49,1,12,4,120.696073,24.169486,4
10829,66000,387130000C,(04)23274275,(04)23288582,2025,6,28,13,34,臺中市,南屯區,0,0,0,7,,,50,,,,,,,,,,,,,,13,,,,,B03,,,1,,1,,,7,7,1,12,4,120.6357,24.148511,3
10830,66000,387130000C,(04)23274275,(04)23288582,2025,6,28,13,38,臺中市,西區,0,0,0,7,,,50,,,,,,,,,,,,,,,,,,,B03,,,1,8,1,,,84,84,1,13,4,120.665463,24.13667,3
10831,66000,387130000C,(04)23274275,(04)23288582,2025,6,28,13,39,臺中市,烏日區,0,0,0,7,,,60,,,,,,,,,,,,,,,,,,,B12,,,1,,1,,,58,58,1,12,4,120.607175,24.108891,3
10832,66000,387130000C,(04)23274275,(04)23288582,2025,6,28,13,44,臺中市,龍井區,0,3,0,7,3,6,50,4,2,1,5,4,6,6,1,1,1,4,4,2,13,2,9,2,1,C03,7,9,1,10,2,11,,7,7,1,12,4,120.547693,24.201335,2
10833,66000,387130000C,(04)23274275,(04)23288582,2025,6,28,13,45,臺中市,西區,0,0,0,7,,,50,,,,,,,,,,,,,,17,,,,,B03,,,1,,1,,,43,43,1,12,4,120.656179,24.150885,3
10834,66000,387130000C,(04)23274275,(04)23288582,2025,6,28,13,49,臺中市,北屯區,0,1,0,7,2,6,50,13,9,1,5,4,6,6,4,4,5,2,5,2,18,2,9,2,1,C03,7,9,1,10,2,12,,82,82,1,12,4,120.668543,24.187792,2
10835,66000,387130000C,(04)23274275,(04)23288582,2025,6,28,13,52,臺中市,北屯區,0,0,0,7,,,30,,,,,,,,,,,,,,17,,,,,C03,,,3,,2,,,87,87,1,13,4,120.66961,24.182618,3
10836,66000,387130000C,(04)23274275,(04)23288582,2025,6,28,13,53,臺中市,北屯區,0,2,0,7,2,6,50,4,1,1,5,4,6,6,1,1,10,5,5,2,17,3,10,3,1,B03,7,5,1,8,2,2,,20,20,1,12,4,120.688542,24.181924,2
10837,66000,387130000C,(04)23274275,(04)23288582,2025,6,28,13,58,臺中市,北區,0,2,0,7,3,9,50,3,1,1,5,4,6,6,4,4,10,5,5,2,17,2,9,5,4,C03,7,5,1,10,1,12,,85,85,1,13,4,120.685303,24.158698,2
10838,66000,387130000C,(04)23274275,(04)23288582,2025,6,28,14,0,臺中市,北區,0,2,0,7,2,6,50,13,9,1,5,4,6,6,4,4,9,5,5,2,17,3,10,5,4,B03,7,5,1,8,2,5,,20,20,1,13,4,120.672468,24.167421,2
10839,66000,387130000C,(04)23274275,(04)23288582,2025,6,28,14,1,臺中市,西區,0,0,0,7,,,30,,,,,,,,,,,,,,,,,,,B12,,,1,,1,,,49,49,1,6,4,120.659879,24.143995,3
10840,66000,387130000C,(04)23274275,(04)23288582,2025,6,28,14,1,臺中市,南屯區,0,0,0,7,,,60,,,,,,,,,,,,,,12,,,,,B03,,,1,,1,,,40,40,1,12,4,120.648191,24.153489,3
10841,66000,387130000C,(04)23274275,(04)23288582,2025,6,28,14,4,臺中市,西區,0,1,0,7,2,6,50,4,1,1,5,4,6,6,1,1,10,5,5,2,17,3,10,3,1,B03,7,5,1,8,2,5,,84,84,1,13,4,120.65387,24.150885,2
10842,66000,387130000C,(04)23274275,(04)23288582,2025,6,28,14,8,臺中市,太平區,0,0,0,7,,,80,,,,,,,,,,,,,,13,,,,,B03,,,1,,9,,,7,7,1,12,4,120.714272,24.148696,3
10843,66000,387130000C,(04)23274275,(04)23288582,2025,6,28,14,14,臺中市,大雅區,0,1,0,7,1,6,40,3,1,1,5,4,6,6,4,4,4,1,5,1,12,2,9,1,1,F03,7,4,7,21,2,12,,34,34,1,13,4,120.644628,24.223594,2
10844,66000,387130000C,(04)23274275,(04)23288582,2025,6,28,14,17,臺中市,南屯區,0,2,0,7,3,6,40,4,1,1,5,4,6,6,1,1,10,5,5,2,12,3,10,2,4,C03,7,5,1,10,2,11,,42,42,1,6,4,120.647791,24.148854,2
10845,66000,387130000C,(04)23274275,(04)23288582,2025,6,28,14,18,臺中市,南屯區,0,0,0,7,3,6,50,13,9,1,5,4,6,6,4,4,10,5,5,2,14,,,,,B03,,,1,,1,,,50,50,1,12,4,120.651682,24.148994,3
10846,66000,387130000C,(04)23274275,(04)23288582,2025,6,28,14,20,臺中市,西屯區,0,0,0,7,,,50,,,,,,,,,,,,,,13,,,,,B03,,,1,,1,,,7,7,1,12,4,120.645191,24.162759,3
10847,66000,387130000C,(04)23274275,(04)23288582,2025,6,28,14,20,臺中市,龍井區,0,0,0,7,2,6,30,13,9,1,5,4,6,6,4,4,10,5,5,2,11,3,10,3,1,B03,7,9,1,8,2,4,,8,8,1,6,4,120.573483,24.180422,3
10848,66000,387130000C,(04)23274275,(04)23288582,2025,6,28,14,21,臺中市,西屯區,0,2,0,7,2,6,50,4,1,1,5,4,6,6,1,1,10,5,5,2,16,2,8,2,1,C03,7,6,1,10,2,12,,48,48,1,12,4,120.643643,24.165818,2
10849,66000,387130000C,(04)23274275,(04)23288582,2025,6,28,14,25,臺中市,西屯區,0,1,0,7,2,6,50,3,1,1,5,4,6,6,4,4,10,5,5,2,16,2,9,1,1,C03,7,6,1,10,2,12,,15,15,1,13,4,120.589637,24.178142,2
10850,66000,387130000C,(04)23274275,(04)23288582,2025,6,28,14,27,臺中市,北屯區,0,0,0,7,,,50,,,,,,,,,,,,,,,,,,,B03,,,1,,2,,,11,11,1,12,4,120.696321,24.185337,3
10851,66000,387130000C,(04)23274275,(04)23288582,2025,6,28,14,34,臺中市,太平區,0,1,0,7,2,6,50,4,2,1,5,4,6,6,2,1,10,5,5,2,13,2,7,2,1,C03,7,9,5,10,9,14,,84,84,1,12,4,120.710678,24.140807,2
10852,66000,387130000C,(04)23274275,(04)23288582,2025,6,28,14,34,臺中市,龍井區,0,2,0,7,2,6,50,4,1,1,5,4,6,6,4,4,5,5,5,2,16,3,10,3,1,B03,7,6,1,8,2,4,1,12,12,1,6,4,120.594091,24.190773,2
10853,66000,387130000C,(04)23274275,(04)23288582,2025,6,28,14,44,臺中市,東區,0,1,0,7,2,6,50,4,1,1,5,4,6,6,4,4,9,4,5,2,17,2,8,1,1,C04,7,15,5,10,2,11,,39,39,1,12,4,120.683457,24.134515,2
10854,66000,387130000C,(04)23274275,(04)23288582,2025,6,28,14,47,臺中市,大里區,0,1,0,7,2,6,50,13,9,1,5,4,6,6,4,4,9,5,5,1,12,2,9,2,1,C03,7,1,1,10,2,14,,51,51,1,12,4,120.688548,24.103239,2
10855,66000,387130000C,(04)23274275,(04)23288582,2025,6,28,14,50,臺中市,西區,0,0,0,7,,,50,,,,,,,,,,,,,,13,,,,,B03,,,1,,1,,,59,59,1,12,4,120.665757,24.140083,3
10856,66000,387130000C,(04)23274275,(04)23288582,2025,6,28,14,51,臺中市,西屯區,0,2,0,7,2,6,40,4,1,1,5,4,6,6,2,1,1,4,1,2,16,3,10,5,4,B01,7,5,1,4,2,5,,47,47,1,12,4,120.643913,24.156379,2
10857,66000,387130000C,(04)23274275,(04)23288582,2025,6,28,15,5,臺中市,西屯區,0,1,0,7,2,6,40,13,8,1,5,4,6,6,4,4,1,4,5,2,13,2,7,2,1,C03,7,9,2,19,2,12,,59,59,1,12,4,120.638611,24.159464,2
10858,66000,387130000C,(04)23274275,(04)23288582,2025,6,28,15,12,臺中市,北屯區,0,1,0,7,2,6,50,3,1,1,5,4,6,6,2,1,10,5,5,2,16,3,10,3,1,B03,7,5,1,8,2,5,,20,20,1,6,4,120.744086,24.185738,2
10859,66000,387130000C,(04)23274275,(04)23288582,2025,6,28,15,16,臺中市,北屯區,0,1,0,7,1,6,50,3,2,1,5,4,6,6,4,4,5,4,5,2,13,2,9,1,1,F03,7,9,7,21,2,11,,84,84,1,13,4,120.692956,24.17657,2
10860,66000,387130000C,(04)23274275,(04)23288582,2025,6,28,15,34,臺中市,太平區,0,3,0,7,2,6,50,4,1,1,5,4,6,6,4,4,10,5,5,2,15,2,8,2,2,C03,7,9,1,10,2,14,,12,12,1,12,4,120.706527,24.154937,2
10861,66000,387130000C,(04)23274275,(04)23288582,2025,6,28,15,39,臺中市,大里區,0,1,0,7,2,6,50,4,1,1,5,4,6,6,1,1,10,5,5,2,16,3,10,3,1,B03,7,5,1,8,2,2,,11,11,1,13,4,120.713502,24.094177,2
10862,66000,387130000C,(04)23274275,(04)23288582,2025,6,28,15,40,臺中市,大雅區,0,1,0,7,3,9,30,13,9,1,5,4,6,6,4,4,10,5,5,2,30,2,9,5,4,C03,7,9,1,10,2,15,,84,84,1,13,4,120.650139,24.238966,2
10863,66000,387130000C,(04)23274275,(04)23288582,2025,6,28,15,43,臺中市,西屯區,0,0,0,7,,,40,,,,,,,,,,,,,,12,,,,,C03,,,1,,1,,,8,8,1,12,4,120.633361,24.174559,3
10864,66000,387130000C,(04)23274275,(04)23288582,2025,6,28,15,44,臺中市,北屯區,0,0,0,7,,,50,,,,,,,,,,,,,,12,,,,,B03,,,1,,1,,,8,8,1,6,4,120.693893,24.167972,3
10865,66000,387130000C,(04)23274275,(04)23288582,2025,6,28,15,45,臺中市,北屯區,0,0,0,7,,,50,,,,,,,,,,,,,,12,,,,,B03,,,1,,1,,,51,51,1,12,4,120.683436,24.199512,3
10866,66000,387130000C,(04)23274275,(04)23288582,2025,6,28,15,45,臺中市,沙鹿區,0,2,0,7,2,6,30,4,2,1,5,4,6,6,4,4,8,3,5,2,17,2,9,5,4,C03,7,6,1,10,2,11,,12,12,1,13,4,120.574061,24.228575,2
10867,66000,387130000C,(04)23274275,(04)23288582,2025,6,28,15,47,臺中市,大甲區,0,2,0,7,1,6,30,4,9,1,5,4,6,6,4,4,6,5,4,2,11,3,10,3,1,B12,7,9,1,10,2,5,,15,15,1,12,4,120.631545,24.370944,2
10868,66000,387130000C,(04)23274275,(04)23288582,2025,6,28,15,51,臺中市,北屯區,0,0,0,7,,,50,,,,,,,,,,,,,,17,,,,,B03,,,1,,2,,,84,84,1,12,4,120.663049,24.197747,3
10869,66000,387130000C,(04)23274275,(04)23288582,2025,6,28,15,52,臺中市,西屯區,0,0,0,7,,,50,,,,,,,,,,,,,,13,,,,,B03,,,1,,1,,,7,7,1,12,4,120.646454,24.164454,3
10870,66000,387130000C,(04)23274275,(04)23288582,2025,6,28,15,53,臺中市,太平區,0,0,0,7,2,6,40,13,9,1,5,4,6,6,4,4,5,5,5,1,17,3,10,3,1,B03,7,1,1,8,2,8,,51,51,1,6,4,120.749941,24.123452,3
10871,66000,387130000C,(04)23274275,(04)23288582,2025,6,28,15,53,臺中市,龍井區,0,0,0,7,,,40,,,,,,,,,,,,,,,,,,,B03,,,1,,2,,,40,40,1,12,4,120.54317,24.218318,3
10872,66000,387130000C,(04)23274275,(04)23288582,2025,6,28,15,54,臺中市,潭子區,0,2,0,7,2,6,40,13,9,1,5,4,6,6,4,4,10,4,5,1,13,2,8,3,1,A41,7,9,1,1,2,1,,88,88,1,12,4,120.697634,24.201209,2
10873,66000,387130000C,(04)23274275,(04)23288582,2025,6,28,15,58,臺中市,北區,0,0,0,7,,,40,,,,,,,,,,,,,,,,,,,B03,,,1,,2,,,84,84,1,12,4,120.685134,24.160495,3
10874,66000,387130000C,(04)23274275,(04)23288582,2025,6,28,15,59,臺中市,西屯區,0,0,0,7,,,30,,,,,,,,,,,,,,17,,,,,B12,,,1,,2,,,8,8,1,12,4,120.664395,24.175146,3
10875,66000,387130000C,(04)23274275,(04)23288582,2025,6,28,16,3,臺中市,大雅區,0,0,0,7,,,60,,,,,,,,,,,,,,,,,,,B03,,,1,,1,,,56,56,1,13,4,120.64696,24.221634,3
10876,66000,387130000C,(04)23274275,(04)23288582,2025,6,28,16,3,臺中市,南屯區,0,0,0,7,,,30,,,,,,,,,,,,,,17,,,,,B12,,,1,,1,,,8,8,1,12,4,120.653376,24.144512,3
10877,66000,387130000C,(04)23274275,(04)23288582,2025,6,28,16,4,臺中市,北區,0,0,0,7,,,30,,,,,,,,,,,,,,17,,,,,C03,,,1,,2,,,84,84,1,13,4,120.669212,24.155917,3
10878,66000,387130000C,(04)23274275,(04)23288582,2025,6,28,16,5,臺中市,烏日區,0,0,0,7,,,50,,,,,,,,,,,,,,13,,,,,B03,,,1,,1,,,59,59,1,13,4,120.626543,24.110479,3