序號,縣市別代碼,機關代碼,市話,傳真,年,月,日,時,分,縣市,區,死亡數量,受傷數量,2-30,天候,道路照明設備,道路類別,道路速限,道路型態,事故位置,路面鋪裝,路面狀態,路面缺陷,障礙物,視距,號誌種類,號誌動作,分向設施,快車道或一般車道間,快慢車道間,路面邊線,事故類型及型態,受傷程度,主要傷處,保護裝備,行動電話或功能裝置,當事者區分(類別),車輛用途,當事者行動狀態,駕照狀態,駕照種類,飲酒情形,車輛撞擊部位最初,車輛撞擊部位其他,肇事因素個別,肇事因素主要,肇事逃逸,職業,共享經濟或外送平台,GPS座標X,GPS座標Y,事故類別
10879,66000,387130000C,(04)23274275,(04)23288582,2025,6,28,16,6,臺中市,西屯區,0,1,0,7,2,6,50,13,9,1,5,4,6,6,4,4,1,3,5,2,12,3,10,5,4,B12,7,8,1,7,2,7,,40,40,1,12,4,120.666427,24.172701,2
10880,66000,387130000C,(04)23274275,(04)23288582,2025,6,28,16,6,臺中市,神岡區,0,2,0,7,2,6,50,3,1,1,5,4,6,6,4,4,10,5,5,2,16,3,10,5,4,B01,7,5,1,4,2,5,,84,84,1,13,4,120.678992,24.239108,2
10881,66000,387130000C,(04)23274275,(04)23288582,2025,6,28,16,7,臺中市,南區,0,0,0,7,,,50,,,,,,,,,,,,,,17,,,,,C03,,,2,,1,,,50,50,1,4,4,120.666937,24.118345,3
10882,66000,387130000C,(04)23274275,(04)23288582,2025,6,28,16,10,臺中市,北區,0,0,0,7,,,50,,,,,,,,,,,,,,12,,,,,A11,,,1,,2,,,59,59,1,12,4,120.681607,24.160725,3
10883,66000,387130000C,(04)23274275,(04)23288582,2025,6,28,16,10,臺中市,北屯區,0,1,0,7,2,6,0,18,21,1,5,4,6,6,4,4,10,5,5,2,17,2,8,1,1,C03,7,15,1,10,2,11,,84,84,1,12,4,120.683413,24.19925,2
10884,66000,387130000C,(04)23274275,(04)23288582,2025,6,28,16,12,臺中市,南屯區,0,0,0,7,,,60,,,,,,,,,,,,,,14,,,,,B03,,,1,,1,,,49,49,1,12,4,120.635205,24.151261,3
10885,66000,387130000C,(04)23274275,(04)23288582,2025,6,28,16,15,臺中市,南區,0,0,0,7,,,50,,,,,,,,,,,,,,,,,,,,,,,,,,,119,119,1,,,120.680097,24.132455,3
10886,66000,387130000C,(04)23274275,(04)23288582,2025,6,28,16,20,臺中市,北屯區,0,0,0,7,,,50,,,,,,,,,,,,,,,,,,,B03,,,1,,9,,,50,50,1,13,4,120.708655,24.170206,3
10887,66000,387130000C,(04)23274275,(04)23288582,2025,6,28,16,20,臺中市,太平區,0,1,0,7,2,6,50,4,1,1,5,4,6,6,4,4,10,5,5,2,16,3,10,3,1,B03,7,6,1,8,2,5,,12,12,1,12,4,120.721009,24.151606,2
10888,66000,387130000C,(04)23274275,(04)23288582,2025,6,28,16,23,臺中市,北屯區,0,1,0,7,2,6,50,3,1,1,5,4,6,6,4,4,1,5,5,2,12,3,10,3,1,B03,7,5,1,8,2,2,,14,14,1,12,4,120.696588,24.17071,2
10889,66000,387130000C,(04)23274275,(04)23288582,2025,6,28,16,25,臺中市,北屯區,0,2,0,7,3,6,50,4,1,1,5,4,6,6,1,1,10,5,5,2,17,2,9,1,1,C03,7,5,1,10,2,12,,84,84,1,12,4,120.687034,24.168162,2
10890,66000,387130000C,(04)23274275,(04)23288582,2025,6,28,16,25,臺中市,清水區,0,0,0,7,,,50,,,,,,,,,,,,,,12,,,,,B03,,,1,,2,,,50,50,1,13,4,120.576789,24.266846,3
10891,66000,387130000C,(04)23274275,(04)23288582,2025,6,28,16,26,臺中市,南屯區,0,0,0,7,,,0,,,,,,,,,,,,,,14,,,,,B03,,,1,,1,,,49,49,1,6,4,120.628284,24.140221,3
10892,66000,387130000C,(04)23274275,(04)23288582,2025,6,28,16,27,臺中市,太平區,0,0,0,7,,,40,,,,,,,,,,,,,,13,,,,,B03,,,3,,2,,,7,7,1,12,4,120.714272,24.148696,3
10893,66000,387130000C,(04)23274275,(04)23288582,2025,6,28,16,30,臺中市,南屯區,0,0,0,7,3,6,50,13,9,1,5,4,6,6,1,1,5,5,5,2,13,,,,,B03,,,1,,1,,,59,59,1,12,4,120.646818,24.148696,3
10894,66000,387130000C,(04)23274275,(04)23288582,2025,6,28,16,35,臺中市,南區,0,1,0,7,3,6,50,4,9,1,5,4,6,6,2,1,3,5,5,2,16,3,10,5,4,B03,7,5,1,8,2,5,,20,20,1,6,4,120.664334,24.124728,2
10895,66000,387130000C,(04)23274275,(04)23288582,2025,6,28,16,36,臺中市,東區,0,0,0,7,,,50,,,,,,,,,,,,,,13,,,,,C03,,,1,,1,,,84,84,1,13,4,120.685909,24.143155,3
10896,66000,387130000C,(04)23274275,(04)23288582,2025,6,28,16,40,臺中市,北區,0,0,0,7,2,6,50,4,1,2,5,4,6,6,1,1,10,5,5,2,13,,,,,B03,,,1,,1,,,7,7,1,12,4,120.675942,24.159384,3
10897,66000,387130000C,(04)23274275,(04)23288582,2025,6,28,16,46,臺中市,霧峰區,0,0,0,7,,,50,,,,,,,,,,,,,,,,,,,B03,,,1,,2,,,8,8,1,12,4,120.69912,24.06704,3
10898,66000,387130000C,(04)23274275,(04)23288582,2025,6,28,16,47,臺中市,北屯區,0,0,0,7,,,30,,,,,,,,,,,,,,14,,,,,B01,,,1,8,9,,,49,49,1,12,4,120.667863,24.188743,3
10899,66000,387130000C,(04)23274275,(04)23288582,2025,6,28,16,50,臺中市,西屯區,0,0,0,7,,,60,,,,,,,,,,,,,,13,,,,,B02,,,1,,1,,,58,58,1,12,4,120.655894,24.159249,3
10900,66000,387130000C,(04)23274275,(04)23288582,2025,6,28,16,51,臺中市,豐原區,0,1,0,7,2,6,30,12,9,1,5,4,6,6,4,4,4,5,5,1,18,2,9,1,1,F01,7,9,7,21,2,15,,84,84,1,12,4,120.752342,24.256804,2
10901,66000,387130000C,(04)23274275,(04)23288582,2025,6,28,16,52,臺中市,東區,0,2,0,7,2,6,50,4,1,1,5,4,6,6,1,1,9,5,4,2,17,2,9,1,1,C03,7,6,1,10,2,12,,36,36,1,12,4,120.708993,24.144349,2
10902,66000,387130000C,(04)23274275,(04)23288582,2025,6,28,16,53,臺中市,北屯區,0,1,0,7,2,6,30,3,1,1,5,4,6,6,4,4,10,5,5,2,17,2,9,1,1,C03,7,6,1,10,2,12,,14,14,1,12,4,120.681379,24.188874,2
10903,66000,387130000C,(04)23274275,(04)23288582,2025,6,28,16,55,臺中市,西區,0,0,0,7,,,50,,,,,,,,,,,,,,17,,,,,B03,,,1,,1,,,59,59,1,12,4,120.661686,24.149379,3
10904,66000,387130000C,(04)23274275,(04)23288582,2025,6,28,16,55,臺中市,北屯區,0,1,0,7,1,6,50,13,9,1,5,4,6,6,4,4,7,4,5,2,18,2,9,1,1,C03,7,9,1,10,2,14,,84,84,1,13,4,120.71729,24.15988,2
10905,66000,387130000C,(04)23274275,(04)23288582,2025,6,28,16,55,臺中市,清水區,0,1,0,7,2,6,30,13,9,1,5,4,6,6,4,4,10,5,5,2,13,2,7,2,1,C03,7,9,1,11,2,11,,59,59,1,13,4,120.561835,24.26346,2
10906,66000,387130000C,(04)23274275,(04)23288582,2025,6,28,16,56,臺中市,清水區,0,1,0,7,3,6,30,4,1,1,5,4,6,6,3,1,10,5,5,2,17,2,9,1,1,C03,7,9,1,10,2,12,,24,24,1,12,4,120.57895,24.280523,2
10907,66000,387130000C,(04)23274275,(04)23288582,2025,6,28,17,0,臺中市,南屯區,0,2,0,7,2,6,60,13,9,1,5,4,6,6,4,4,5,2,5,2,12,2,8,1,1,C03,7,9,1,10,2,14,,8,8,1,12,4,120.641575,24.134848,2
10908,66000,387130000C,(04)23274275,(04)23288582,2025,6,28,17,0,臺中市,清水區,0,0,0,7,,,60,,,,,,,,,,,,,,,,,,,B03,,,1,,1,,,59,59,1,12,4,120.558725,24.309788,3
10909,66000,387130000C,(04)23274275,(04)23288582,2025,6,28,17,3,臺中市,北區,0,1,0,7,3,6,50,5,2,1,5,4,6,6,4,4,1,4,5,2,17,3,10,1,1,C03,7,5,1,10,2,12,,47,47,1,12,4,120.684917,24.163368,2
10910,66000,387130000C,(04)23274275,(04)23288582,2025,6,28,17,12,臺中市,北區,0,0,0,7,,,50,,,,,,,,,,,,,,17,,,,,B03,,,1,,1,,,84,84,1,13,4,120.698888,24.155282,3
10911,66000,387130000C,(04)23274275,(04)23288582,2025,6,28,17,12,臺中市,北屯區,0,1,0,7,2,6,50,3,1,1,5,4,6,6,4,4,10,5,5,2,17,2,9,1,1,C03,7,4,1,10,2,11,,84,84,1,12,4,120.673432,24.174762,2
10912,66000,387130000C,(04)23274275,(04)23288582,2025,6,28,17,15,臺中市,西屯區,0,1,0,7,2,6,40,4,1,1,5,4,6,6,1,1,10,5,5,2,16,3,10,3,1,B03,7,5,1,8,2,2,,85,85,1,12,4,120.624383,24.178531,2
10913,66000,387130000C,(04)23274275,(04)23288582,2025,6,28,17,18,臺中市,南屯區,0,4,0,7,3,6,50,5,1,1,5,4,6,6,1,1,5,5,5,2,17,2,9,3,1,B03,7,15,1,8,2,5,,21,21,1,12,4,120.633262,24.123785,2
10914,66000,387130000C,(04)23274275,(04)23288582,2025,6,28,17,19,臺中市,大雅區,0,2,0,7,3,6,30,18,9,1,5,4,6,6,4,4,10,5,5,2,17,3,10,3,1,B03,7,15,1,8,2,1,,84,84,1,12,4,120.604348,24.223448,2
10915,66000,387130000C,(04)23274275,(04)23288582,2025,6,28,17,22,臺中市,南屯區,0,0,0,7,,,50,,,,,,,,,,,,,,12,,,,,B03,,,1,,2,,,8,8,1,12,4,120.621618,24.134699,3
10916,66000,387130000C,(04)23274275,(04)23288582,2025,6,28,17,22,臺中市,南屯區,0,0,0,7,,,60,,,,,,,,,,,,,,13,,,,,B03,,,1,,1,,,7,7,1,12,4,120.621618,24.134699,3
10917,66000,387130000C,(04)23274275,(04)23288582,2025,6,28,17,22,臺中市,南屯區,0,2,0,6,2,6,50,13,9,1,5,4,6,6,4,4,5,4,5,2,12,2,8,2,1,C03,7,9,1,10,9,13,,84,84,1,12,4,120.652956,24.150646,2
10918,66000,387130000C,(04)23274275,(04)23288582,2025,6,28,17,24,臺中市,北區,0,0,0,7,,,50,,,,,,,,,,,,,,13,,,,,C03,,,1,,2,,,59,59,1,12,4,120.673445,24.162744,4
10919,66000,387130000C,(04)23274275,(04)23288582,2025,6,28,17,27,臺中市,西區,0,0,0,7,,,50,,,,,,,,,,,,,,,,,,,C03,,,1,,1,,,7,7,1,13,4,120.672718,24.131587,3
10920,66000,387130000C,(04)23274275,(04)23288582,2025,6,28,17,29,臺中市,西區,0,1,0,7,2,6,50,3,1,1,5,4,6,6,4,4,10,5,5,2,17,3,10,1,1,C03,7,9,1,10,2,11,,4,4,1,13,4,120.673761,24.150306,2
10921,66000,387130000C,(04)23274275,(04)23288582,2025,6,28,17,30,臺中市,北區,0,3,0,7,2,6,50,4,1,1,5,4,6,6,1,1,10,5,5,2,17,2,8,3,1,B03,7,5,1,8,2,1,,11,11,1,12,4,120.677079,24.16339,2
10922,66000,387130000C,(04)23274275,(04)23288582,2025,6,28,17,30,臺中市,烏日區,0,2,0,7,2,6,50,13,9,1,5,4,6,6,4,4,5,4,5,1,17,2,7,3,1,B03,7,1,1,10,2,8,,51,51,1,6,4,120.622439,24.107701,2
10923,66000,387130000C,(04)23274275,(04)23288582,2025,6,28,17,33,臺中市,西區,0,0,0,7,,,50,,,,,,,,,,,,,,14,,,,,B03,,,1,,1,,,49,49,1,12,4,120.673552,24.133067,3
10924,66000,387130000C,(04)23274275,(04)23288582,2025,6,28,17,34,臺中市,南屯區,0,0,0,7,,3,80,,,,,,,,,,,,,,13,,,,,B03,,,1,,1,,,7,7,1,6,4,120.626325,24.158399,3
10925,66000,387130000C,(04)23274275,(04)23288582,2025,6,28,17,35,臺中市,大里區,0,0,0,7,,,30,,,,,,,,,,,,,,17,,,,,A11,,,1,,2,,,93,93,1,13,4,120.721835,24.097629,3
10926,66000,387130000C,(04)23274275,(04)23288582,2025,6,28,17,42,臺中市,西屯區,0,0,0,7,,,40,,,,,,,,,,,,,,12,,,,,B03,,,1,,2,,,20,20,1,12,4,120.641863,24.167535,3
10927,66000,387130000C,(04)23274275,(04)23288582,2025,6,28,17,43,臺中市,西屯區,0,1,0,7,2,6,50,13,9,1,5,4,6,6,4,4,1,4,5,2,16,2,9,1,1,C03,7,9,1,10,2,14,,59,59,1,12,4,120.64661,24.158231,2
10928,66000,387130000C,(04)23274275,(04)23288582,2025,6,28,17,46,臺中市,南屯區,0,0,0,7,3,6,50,13,9,1,5,4,6,6,4,4,5,5,5,2,12,,,,,B03,,,1,,2,,,84,84,1,12,4,120.616861,24.152003,3
10929,66000,387130000C,(04)23274275,(04)23288582,2025,6,28,17,47,臺中市,南屯區,0,1,0,7,2,6,40,3,2,1,5,4,6,6,4,4,8,3,5,1,17,3,10,3,1,B03,7,5,1,8,1,16,,13,13,1,12,4,120.646431,24.151685,2
10930,66000,387130000C,(04)23274275,(04)23288582,2025,6,28,17,47,臺中市,沙鹿區,0,1,0,7,2,6,50,13,9,1,5,4,6,6,4,4,8,3,5,2,17,3,10,5,4,C03,7,9,1,10,2,11,,59,59,1,13,4,120.560575,24.235734,2
10931,66000,387130000C,(04)23274275,(04)23288582,2025,6,28,17,47,臺中市,沙鹿區,0,0,0,7,,,50,,,,,,,,,,,,,,17,,,,,B03,,,1,,9,,,49,49,1,6,4,120.580356,24.212351,3
10932,66000,387130000C,(04)23274275,(04)23288582,2025,6,28,17,49,臺中市,大里區,0,1,0,7,2,6,50,11,9,1,5,4,6,6,4,4,10,5,5,2,16,3,10,3,1,B03,7,9,1,8,2,2,,8,8,1,12,4,120.697668,24.092666,2
10933,66000,387130000C,(04)23274275,(04)23288582,2025,6,28,17,49,臺中市,梧棲區,0,1,0,7,3,6,60,13,9,1,5,4,6,6,4,4,1,4,5,1,18,2,9,1,1,C03,7,9,1,10,2,16,,87,87,1,6,4,120.525199,24.224869,2
10934,66000,387130000C,(04)23274275,(04)23288582,2025,6,28,17,50,臺中市,龍井區,0,0,0,7,,,50,,,,,,,,,,,,,,,,,,,C03,,,6,,9,,,7,7,1,12,4,120.535985,24.177172,3
10935,66000,387130000C,(04)23274275,(04)23288582,2025,6,28,17,52,臺中市,北區,0,3,0,7,3,6,40,13,9,1,5,4,6,6,4,4,1,4,4,2,9,3,10,3,1,B01,7,14,1,4,2,2,,77,77,1,12,4,120.687196,24.154244,2
10936,66000,387130000C,(04)23274275,(04)23288582,2025,6,28,17,53,臺中市,北屯區,0,1,0,7,3,6,50,13,9,1,5,4,6,6,4,4,1,4,5,2,13,2,8,1,1,C03,7,9,1,10,2,11,,84,84,1,12,4,120.664326,24.200732,2
10937,66000,387130000C,(04)23274275,(04)23288582,2025,6,28,17,58,臺中市,西屯區,0,2,0,7,2,6,50,4,1,1,5,4,6,6,1,1,10,5,5,2,13,2,9,5,4,C03,7,9,1,10,2,11,,59,59,1,12,4,120.632516,24.182843,2
10938,66000,387130000C,(04)23274275,(04)23288582,2025,6,28,17,59,臺中市,北屯區,0,0,0,7,,,40,,,,,,,,,,,,,,13,,,,,B03,,,1,,1,,,7,7,1,6,4,120.668516,24.201153,3
10939,66000,387130000C,(04)23274275,(04)23288582,2025,6,28,18,2,臺中市,潭子區,0,1,0,6,3,6,60,13,7,1,5,4,6,6,4,4,1,4,4,1,17,2,9,2,1,C03,7,9,1,10,2,11,,84,84,1,13,4,120.710124,24.235728,2
10940,66000,387130000C,(04)23274275,(04)23288582,2025,6,28,18,4,臺中市,大里區,0,0,0,7,,,30,,,,,,,,,,,,,,17,,,,,,,,,,,,,86,86,1,,,120.700604,24.091233,3
10941,66000,387130000C,(04)23274275,(04)23288582,2025,6,28,18,6,臺中市,北屯區,0,2,0,7,2,6,50,4,1,1,5,4,6,6,1,1,5,4,5,2,12,3,10,3,1,B03,7,9,1,8,2,5,,7,7,2,12,4,120.688304,24.177143,2
10942,66000,387130000C,(04)23274275,(04)23288582,2025,6,28,18,9,臺中市,大雅區,0,0,0,7,,,50,,,,,,,,,,,,,,,,,,,B03,,,1,,2,,,8,8,1,13,4,120.653188,24.218983,3
10943,66000,387130000C,(04)23274275,(04)23288582,2025,6,28,18,11,臺中市,東區,0,0,0,7,,,50,,,,,,,,,,,,,,13,,,,,C03,,,1,,1,,,58,58,1,6,4,120.686962,24.13552,3
10944,66000,387130000C,(04)23274275,(04)23288582,2025,6,28,18,12,臺中市,北區,0,0,0,7,,,50,,,,,,,,,,,,,,13,,,,,C04,,,1,,1,,,59,59,1,12,4,120.67243,24.168846,3
10945,66000,387130000C,(04)23274275,(04)23288582,2025,6,28,18,12,臺中市,北區,0,0,0,7,,,50,,,,,,,,,,,,,,14,,,,,B03,,,1,,1,,,49,49,1,13,4,120.685261,24.162512,3
10946,66000,387130000C,(04)23274275,(04)23288582,2025,6,28,18,13,臺中市,中區,0,0,0,7,,,50,,,,,,,,,,,,,,,,,,,C03,,,1,,2,,,4,4,1,12,4,120.679877,24.142757,3
10947,66000,387130000C,(04)23274275,(04)23288582,2025,6,28,18,14,臺中市,大肚區,0,4,0,7,2,6,50,4,1,1,5,4,6,6,4,4,10,5,5,2,15,2,9,2,1,C03,7,9,1,10,2,11,,59,59,1,6,4,120.576318,24.17543,2
10948,66000,387130000C,(04)23274275,(04)23288582,2025,6,28,18,15,臺中市,大雅區,0,2,0,7,3,6,30,4,1,1,5,4,6,6,3,1,10,5,5,1,17,2,8,1,1,C03,7,9,1,10,2,14,,20,20,1,12,4,120.662893,24.221585,2
10949,66000,387130000C,(04)23274275,(04)23288582,2025,6,28,18,16,臺中市,西區,0,0,0,7,,,50,,,,,,,,,,,,,,,,,,,B03,,,1,,1,,,51,51,1,13,4,120.655632,24.154807,3
10950,66000,387130000C,(04)23274275,(04)23288582,2025,6,28,18,17,臺中市,清水區,0,1,0,7,3,6,50,13,9,1,5,4,6,6,4,4,1,4,5,1,12,2,9,1,1,C03,7,9,1,10,2,11,,58,58,1,12,4,120.569633,24.276504,2
10951,66000,387130000C,(04)23274275,(04)23288582,2025,6,28,18,21,臺中市,西屯區,0,0,0,7,,,30,,,,,,,,,,,,,,12,,,,,B03,,,1,,1,,,59,59,1,12,4,120.64929,24.183298,3
10952,66000,387130000C,(04)23274275,(04)23288582,2025,6,28,18,23,臺中市,沙鹿區,0,0,0,7,,,50,,,,,,,,,,,,,,,,,,,B03,,,1,,2,,,8,8,1,12,4,120.560861,24.237302,3
10953,66000,387130000C,(04)23274275,(04)23288582,2025,6,28,18,26,臺中市,北屯區,0,3,0,7,1,6,50,4,2,1,5,4,6,6,1,1,3,4,5,2,13,3,10,3,1,B03,7,9,1,8,2,1,,7,7,1,13,4,120.692565,24.161955,2
10954,66000,387130000C,(04)23274275,(04)23288582,2025,6,28,18,31,臺中市,龍井區,0,0,0,7,,,60,,,,,,,,,,,,,,,,,,,B03,,,1,,2,,,49,49,1,12,4,120.53285,24.194229,3
10955,66000,387130000C,(04)23274275,(04)23288582,2025,6,28,18,41,臺中市,西屯區,0,0,0,7,,,30,,,,,,,,,,,,,,14,,,,,C03,,,1,,1,,,50,50,1,13,4,120.644521,24.175649,3
10956,66000,387130000C,(04)23274275,(04)23288582,2025,6,28,18,45,臺中市,北區,0,0,0,7,2,6,30,13,9,1,5,4,6,6,4,4,9,4,5,2,17,,,,,B03,,,1,,1,,,51,51,1,12,4,120.683048,24.161654,3
10957,66000,387130000C,(04)23274275,(04)23288582,2025,6,28,18,45,臺中市,沙鹿區,0,0,0,7,,,60,,,,,,,,,,,,,,13,,,,,B03,,,1,,2,,,7,7,1,6,4,120.581016,24.209313,4
10958,66000,387130000C,(04)23274275,(04)23288582,2025,6,28,18,48,臺中市,北屯區,0,0,0,7,,,50,,,,,,,,,,,,,,17,,,,,C03,,,1,,1,,,40,40,1,12,4,120.723832,24.175988,3
10959,66000,387130000C,(04)23274275,(04)23288582,2025,6,28,18,48,臺中市,西屯區,0,1,0,7,1,6,50,3,1,1,5,4,6,6,4,4,10,5,5,2,16,3,10,1,1,C03,7,6,1,10,2,13,,48,48,1,13,2,120.617807,24.186001,2
10960,66000,387130000C,(04)23274275,(04)23288582,2025,6,28,18,50,臺中市,太平區,0,0,0,7,,,50,,,,,,,,,,,,,,,,,,,B03,,,1,,2,,,49,49,1,12,4,120.719438,24.15545,3
10961,66000,387130000C,(04)23274275,(04)23288582,2025,6,28,18,57,臺中市,北屯區,0,0,0,7,,,50,,,,,,,,,,,,,,,,,,,B03,,,1,,1,,,49,49,1,12,4,120.691899,24.180317,3
10962,66000,387130000C,(04)23274275,(04)23288582,2025,6,28,19,5,臺中市,大甲區,0,0,0,7,,,50,,,,,,,,,,,,,,14,,,,,B03,,,1,,1,,,49,49,1,13,4,120.633129,24.344006,3
10963,66000,387130000C,(04)23274275,(04)23288582,2025,6,28,19,7,臺中市,大甲區,0,0,0,7,,,50,,,,,,,,,,,,,,13,,,,,B03,,,1,,2,,,84,84,1,12,4,120.592267,24.379091,3
10964,66000,387130000C,(04)23274275,(04)23288582,2025,6,28,19,9,臺中市,東區,0,1,0,7,1,6,50,4,9,1,5,4,6,6,1,1,5,5,5,2,15,3,10,5,4,C03,7,9,1,10,2,11,,21,21,1,6,4,120.701721,24.131781,2
10965,66000,387130000C,(04)23274275,(04)23288582,2025,6,28,19,11,臺中市,南區,0,1,0,7,1,6,50,13,13,1,5,2,6,6,4,4,10,5,5,2,17,2,9,4,1,F01,7,9,7,21,2,11,,84,84,1,13,1,120.648618,24.122353,2
10966,66000,387130000C,(04)23274275,(04)23288582,2025,6,28,19,18,臺中市,南屯區,0,1,0,7,1,6,50,4,19,1,5,4,6,6,2,1,10,5,5,2,3,3,10,5,4,B03,7,6,1,8,2,8,,10,10,1,6,4,120.646643,24.148823,2
10967,66000,387130000C,(04)23274275,(04)23288582,2025,6,28,19,18,臺中市,大里區,0,0,0,7,,,50,,,,,,,,,,,,,,,,,,,B03,,,1,,2,,,7,7,1,12,4,120.699225,24.087124,3
10968,66000,387130000C,(04)23274275,(04)23288582,2025,6,28,19,19,臺中市,潭子區,0,0,0,7,,,50,,,,,,,,,,,,,,13,,,,,C03,,,1,,2,,,84,84,1,12,4,120.705022,24.207144,3
10969,66000,387130000C,(04)23274275,(04)23288582,2025,6,28,19,19,臺中市,南區,0,0,0,7,,,50,,,,,,,,,,,,,,14,,,,,B03,,,1,,1,,,49,49,1,13,4,120.666673,24.118243,4
10970,66000,387130000C,(04)23274275,(04)23288582,2025,6,28,19,20,臺中市,石岡區,0,0,0,7,,,30,,,,,,,,,,,,,,8,,,,,B03,,,1,,1,,,26,26,1,12,4,120.814863,24.259921,3
10971,66000,387130000C,(04)23274275,(04)23288582,2025,6,28,19,23,臺中市,大里區,0,2,0,7,2,6,50,4,2,1,5,4,6,6,1,1,5,5,5,1,17,2,9,1,1,C03,7,2,1,10,2,13,,49,49,1,13,4,120.698047,24.089895,2
10972,66000,387130000C,(04)23274275,(04)23288582,2025,6,28,19,24,臺中市,南區,0,0,0,7,,,50,,,,,,,,,,,,,,17,,,,,C03,,,1,,2,,,50,50,1,6,4,120.65577,24.11412,3
10973,66000,387130000C,(04)23274275,(04)23288582,2025,6,28,19,24,臺中市,豐原區,0,1,0,7,1,6,50,5,4,1,5,4,6,6,1,1,1,4,5,1,13,2,9,1,4,C03,7,9,1,10,2,11,,56,56,1,13,4,120.709107,24.252537,2
10974,66000,387130000C,(04)23274275,(04)23288582,2025,6,28,19,28,臺中市,外埔區,0,1,0,7,1,6,50,13,8,1,5,4,6,6,1,1,5,4,4,2,11,2,2,4,1,B03,7,8,1,8,2,8,,84,84,1,12,4,120.639079,24.341697,2
10975,66000,387130000C,(04)23274275,(04)23288582,2025,6,28,19,29,臺中市,東區,0,1,0,7,1,6,50,4,9,1,5,4,6,6,4,4,5,5,5,2,17,3,10,5,4,B03,7,8,1,8,2,8,,40,40,1,6,4,120.6858,24.131226,2
10976,66000,387130000C,(04)23274275,(04)23288582,2025,6,28,19,29,臺中市,東區,0,0,0,7,,,50,,,,,,,,,,,,,,,,,,,B03,,,1,,2,,,47,47,1,13,4,120.693598,24.132973,3
10977,66000,387130000C,(04)23274275,(04)23288582,2025,6,28,19,36,臺中市,南區,0,0,0,7,,,50,,,,,,,,,,,,,,12,,,,,C03,,,1,,1,,,48,48,1,13,4,120.681897,24.133974,3
10978,66000,387130000C,(04)23274275,(04)23288582,2025,6,28,19,37,臺中市,梧棲區,0,0,0,7,,,30,,,,,,,,,,,,,,16,,,,,B03,,,1,,1,,,14,14,1,6,4,120.53404,24.259422,3
10979,66000,387130000C,(04)23274275,(04)23288582,2025,6,28,19,46,臺中市,大雅區,0,0,0,7,,,60,,,,,,,,,,,,,,,,,,,B03,,,1,,2,,,40,40,1,12,4,120.646582,24.222703,3
10980,66000,387130000C,(04)23274275,(04)23288582,2025,6,28,19,47,臺中市,烏日區,0,0,0,7,,,30,,,,,,,,,,,,,,,,,,,B03,,,1,,1,,,8,8,1,6,4,120.641767,24.07671,3
10981,66000,387130000C,(04)23274275,(04)23288582,2025,6,28,19,48,臺中市,東區,0,1,0,7,1,6,50,4,1,1,5,4,6,6,1,1,5,5,5,2,13,2,8,2,1,C03,7,9,1,10,2,11,,7,7,1,13,4,120.708099,24.133837,2
10982,66000,387130000C,(04)23274275,(04)23288582,2025,6,28,19,50,臺中市,大里區,0,0,0,7,,,50,,,,,,,,,,,,,,17,,,,,B03,,,1,,2,,,87,87,1,12,4,120.694155,24.10725,3
10983,66000,387130000C,(04)23274275,(04)23288582,2025,6,28,19,57,臺中市,大里區,0,1,0,7,1,6,50,13,8,1,5,4,6,6,4,4,5,4,4,1,18,2,9,1,1,C03,7,9,1,10,2,14,,85,85,1,12,4,120.69421,24.107326,2
10984,66000,387130000C,(04)23274275,(04)23288582,2025,6,28,20,3,臺中市,北區,0,1,0,7,1,6,30,13,9,1,5,4,6,6,4,4,10,5,5,2,9,3,10,2,1,C03,7,2,1,10,1,13,,49,49,1,13,4,120.695742,24.158737,2
10985,66000,387130000C,(04)23274275,(04)23288582,2025,6,28,20,6,臺中市,西屯區,0,1,0,7,1,6,50,4,1,1,5,4,6,6,1,1,10,5,5,2,16,2,9,2,1,C03,7,9,1,10,2,11,,7,7,1,12,4,120.645096,24.178816,2
10986,66000,387130000C,(04)23274275,(04)23288582,2025,6,28,20,17,臺中市,西區,0,0,0,6,,,50,,,,,,,,,,,,,,,,,,,B12,,,1,,1,,,7,7,1,13,4,120.659687,24.157317,3
10987,66000,387130000C,(04)23274275,(04)23288582,2025,6,28,20,36,臺中市,豐原區,0,0,0,7,,,40,,,,,,,,,,,,,,14,,,,,B03,,,1,,2,,,49,49,1,6,4,120.730533,24.257722,3
10988,66000,387130000C,(04)23274275,(04)23288582,2025,6,28,20,38,臺中市,太平區,0,2,0,7,2,6,50,4,2,1,5,4,6,6,2,1,5,5,4,1,13,2,9,2,1,C03,7,9,1,10,2,11,,6,6,1,12,4,120.720816,24.13055,2
10989,66000,387130000C,(04)23274275,(04)23288582,2025,6,28,20,43,臺中市,南區,0,1,0,7,1,6,50,4,1,1,5,4,6,6,1,1,10,5,5,2,13,2,9,1,1,C03,7,5,1,10,2,11,,7,7,1,6,4,120.666954,24.122541,2
10990,66000,387130000C,(04)23274275,(04)23288582,2025,6,28,20,49,臺中市,北區,0,0,0,7,,,50,,,,,,,,,,,,,,12,,,,,B03,,,1,,1,,,84,84,1,13,4,120.68602,24.146362,3