序號,縣市別代碼,機關代碼,市話,傳真,年,月,日,時,分,縣市,區,死亡數量,受傷數量,2-30,天候,道路照明設備,道路類別,道路速限,道路型態,事故位置,路面鋪裝,路面狀態,路面缺陷,障礙物,視距,號誌種類,號誌動作,分向設施,快車道或一般車道間,快慢車道間,路面邊線,事故類型及型態,受傷程度,主要傷處,保護裝備,行動電話或功能裝置,當事者區分(類別),車輛用途,當事者行動狀態,駕照狀態,駕照種類,飲酒情形,車輛撞擊部位最初,車輛撞擊部位其他,肇事因素個別,肇事因素主要,肇事逃逸,職業,共享經濟或外送平台,GPS座標X,GPS座標Y,事故類別
11324,66000,387130000C,(04)23274275,(04)23288582,2025,6,30,6,53,臺中市,北屯區,0,0,0,7,,,40,,,,,,,,,,,,,,12,,,,,B03,,,1,,2,,,84,84,1,12,4,120.718288,24.159767,3
11325,66000,387130000C,(04)23274275,(04)23288582,2025,6,30,6,55,臺中市,梧棲區,0,1,0,7,2,6,50,13,9,1,5,4,6,6,4,4,9,4,5,1,16,2,9,1,1,C03,7,1,1,9,2,11,,51,51,1,12,4,120.537166,24.24285,2
11326,66000,387130000C,(04)23274275,(04)23288582,2025,6,30,6,58,臺中市,豐原區,0,1,0,7,2,6,50,3,7,1,5,4,6,6,4,4,5,4,4,2,17,3,10,3,1,B03,7,2,1,8,2,7,,49,49,1,12,4,120.734225,24.251444,2
11327,66000,387130000C,(04)23274275,(04)23288582,2025,6,30,7,1,臺中市,大甲區,0,1,0,7,3,6,50,4,1,1,5,4,6,6,4,4,5,5,5,1,17,2,9,1,1,F01,7,6,7,21,2,14,,48,48,1,6,4,120.629325,24.354035,2
11328,66000,387130000C,(04)23274275,(04)23288582,2025,6,30,7,2,臺中市,沙鹿區,0,1,0,7,2,6,40,13,8,1,5,4,6,6,4,4,5,5,4,2,18,2,8,1,1,C03,7,9,1,10,2,14,,85,85,1,6,4,120.566459,24.233914,2
11329,66000,387130000C,(04)23274275,(04)23288582,2025,6,30,7,3,臺中市,南屯區,0,1,0,7,2,6,50,4,1,1,5,4,6,6,2,1,5,4,4,2,12,2,7,2,1,C03,7,9,1,10,2,11,,59,59,1,12,4,120.634432,24.155706,2
11330,66000,387130000C,(04)23274275,(04)23288582,2025,6,30,7,3,臺中市,太平區,0,3,0,7,3,6,30,4,1,1,5,4,6,6,4,4,10,5,5,2,15,2,9,2,1,C03,7,9,1,10,2,14,,12,12,1,12,4,120.723069,24.151389,2
11331,66000,387130000C,(04)23274275,(04)23288582,2025,6,30,7,4,臺中市,烏日區,0,2,0,7,2,6,40,13,9,1,5,4,6,6,4,4,1,4,5,2,13,2,9,2,1,C03,7,9,1,10,2,11,,7,7,1,6,4,120.640795,24.116656,2
11332,66000,387130000C,(04)23274275,(04)23288582,2025,6,30,7,10,臺中市,豐原區,0,0,0,7,,,50,,,,,,,,,,,,,,1,,,,,B03,,,1,,2,,,8,8,1,12,4,120.732539,24.247674,3
11333,66000,387130000C,(04)23274275,(04)23288582,2025,6,30,7,12,臺中市,潭子區,0,0,0,7,,,50,,,,,,,,,,,,,,16,,,,,B03,,,1,,2,,,14,14,1,13,4,120.706637,24.227775,3
11334,66000,387130000C,(04)23274275,(04)23288582,2025,6,30,7,13,臺中市,龍井區,0,1,0,7,2,6,40,4,1,1,5,4,6,6,4,4,10,5,5,2,15,2,9,1,1,C03,7,9,1,10,2,12,,15,15,1,6,4,120.514561,24.222137,2
11335,66000,387130000C,(04)23274275,(04)23288582,2025,6,30,7,14,臺中市,沙鹿區,0,1,0,7,2,6,50,3,1,1,5,4,6,6,1,1,10,5,5,2,17,3,10,3,1,B03,7,11,1,8,2,5,,45,45,1,6,4,120.579471,24.218511,2
11336,66000,387130000C,(04)23274275,(04)23288582,2025,6,30,7,14,臺中市,大安區,0,0,0,7,,,50,,,,,,,,,,,,,,,,,,,B03,,,1,,1,,,7,7,1,6,4,120.587221,24.345252,3
11337,66000,387130000C,(04)23274275,(04)23288582,2025,6,30,7,15,臺中市,大雅區,0,1,0,7,3,6,70,13,9,1,5,4,6,6,4,4,1,3,5,2,30,2,7,5,4,C03,7,9,1,10,2,14,,84,84,1,13,4,120.629962,24.241187,2
11338,66000,387130000C,(04)23274275,(04)23288582,2025,6,30,7,20,臺中市,霧峰區,0,0,0,7,,,50,,,,,,,,,,,,,,17,,,,,A12,,,1,,2,,,84,84,1,6,4,120.688549,24.043732,3
11339,66000,387130000C,(04)23274275,(04)23288582,2025,6,30,7,22,臺中市,南區,0,1,0,7,3,6,50,3,2,1,5,4,6,6,2,1,5,4,4,2,13,2,9,2,1,C02,7,9,1,10,2,11,,7,7,1,8,4,120.66822,24.114449,2
11340,66000,387130000C,(04)23274275,(04)23288582,2025,6,30,7,22,臺中市,龍井區,0,3,0,7,2,6,40,13,9,1,5,4,6,6,4,4,10,5,5,2,17,3,10,3,1,B03,7,1,1,8,2,5,,51,51,1,6,4,120.525697,24.210027,2
11341,66000,387130000C,(04)23274275,(04)23288582,2025,6,30,7,24,臺中市,北區,0,0,0,7,,,50,,,,,,,,,,,,,,12,,,,,B03,,,1,,2,,,84,84,1,12,4,120.690657,24.155375,3
11342,66000,387130000C,(04)23274275,(04)23288582,2025,6,30,7,24,臺中市,沙鹿區,0,1,0,7,2,6,0,13,9,1,5,4,6,6,4,4,9,5,5,1,9,3,10,6,5,H03,8,20,7,21,10,17,,109,109,1,12,5,120.563186,24.224862,2
11343,66000,387130000C,(04)23274275,(04)23288582,2025,6,30,7,25,臺中市,沙鹿區,0,1,0,7,2,6,50,3,1,1,5,4,6,6,4,4,5,5,5,2,13,2,8,1,1,C03,7,9,1,10,2,11,12,84,84,1,6,4,120.604001,24.26222,2
11344,66000,387130000C,(04)23274275,(04)23288582,2025,6,30,7,30,臺中市,北區,0,1,0,7,2,6,50,4,1,1,5,4,6,6,1,1,5,4,5,2,17,2,9,5,1,C03,7,9,1,10,2,11,,7,7,1,13,4,120.685119,24.165279,2
11345,66000,387130000C,(04)23274275,(04)23288582,2025,6,30,7,30,臺中市,東區,0,0,0,7,,,50,,,,,,,,,,,,,,,,,,,B03,,,1,,1,,,49,49,1,12,4,120.708827,24.143304,3
11346,66000,387130000C,(04)23274275,(04)23288582,2025,6,30,7,30,臺中市,大里區,0,0,0,7,,,50,,,,,,,,,,,,,,17,,,,,B12,,,1,,1,,,51,51,1,12,4,120.676272,24.111926,3
11347,66000,387130000C,(04)23274275,(04)23288582,2025,6,30,7,32,臺中市,南屯區,0,1,0,7,2,6,50,3,1,1,5,4,6,6,2,1,5,5,5,2,16,3,10,3,1,B03,7,5,1,8,2,5,,47,47,1,6,4,120.614025,24.139097,2
11348,66000,387130000C,(04)23274275,(04)23288582,2025,6,30,7,32,臺中市,北屯區,0,0,0,7,,,50,,,,,,,,,,,,,,13,,,,,C03,,,1,,2,,,7,7,1,12,4,120.721072,24.174065,3
11349,66000,387130000C,(04)23274275,(04)23288582,2025,6,30,7,33,臺中市,北區,0,1,0,7,2,6,50,4,4,1,5,4,6,6,1,1,1,5,5,2,13,2,9,5,4,C03,7,15,1,10,2,11,,7,7,1,13,4,120.663126,24.161738,2
11350,66000,387130000C,(04)23274275,(04)23288582,2025,6,30,7,33,臺中市,北屯區,0,1,0,7,2,6,50,4,1,1,5,4,6,6,2,1,10,5,5,2,16,3,10,2,1,C03,7,9,1,10,2,13,,85,85,1,12,4,120.677379,24.199431,2
11351,66000,387130000C,(04)23274275,(04)23288582,2025,6,30,7,35,臺中市,霧峰區,0,0,0,7,,,30,,,,,,,,,,,,,,13,,,,,C03,,,1,,2,,,58,58,1,12,4,120.700456,24.062958,3
11352,66000,387130000C,(04)23274275,(04)23288582,2025,6,30,7,35,臺中市,太平區,0,2,0,7,2,6,30,5,1,1,5,4,6,6,1,1,5,5,5,2,16,2,9,1,1,C03,7,6,1,9,2,14,,23,23,1,6,4,120.731637,24.139768,2
11353,66000,387130000C,(04)23274275,(04)23288582,2025,6,30,7,37,臺中市,北屯區,0,1,0,7,2,6,50,13,7,1,5,4,6,6,4,4,5,5,4,2,17,3,10,2,1,C03,7,1,1,10,2,13,,51,51,1,12,4,120.688685,24.170401,2
11354,66000,387130000C,(04)23274275,(04)23288582,2025,6,30,7,38,臺中市,沙鹿區,0,2,0,7,2,6,50,13,9,1,5,4,6,6,4,4,9,5,5,2,17,2,5,2,1,C03,7,1,1,10,2,11,,51,51,1,6,4,120.577925,24.222636,2
11355,66000,387130000C,(04)23274275,(04)23288582,2025,6,30,7,39,臺中市,太平區,0,0,0,7,2,6,50,,,,,,,,,,,,,,,,,,,B03,,,1,,2,3,,49,49,1,12,4,120.731014,24.112668,3
11356,66000,387130000C,(04)23274275,(04)23288582,2025,6,30,7,39,臺中市,烏日區,0,2,0,7,3,6,40,13,8,1,5,4,6,6,4,4,1,4,3,1,13,2,9,1,1,C03,7,12,1,10,2,14,13,84,84,1,6,4,120.627363,24.09692,2
11357,66000,387130000C,(04)23274275,(04)23288582,2025,6,30,7,40,臺中市,沙鹿區,0,0,0,7,,,40,,,,,,,,,,,,,,17,,,,,B03,,,1,,2,,,51,51,1,12,4,120.558521,24.234557,3
11358,66000,387130000C,(04)23274275,(04)23288582,2025,6,30,7,42,臺中市,大雅區,0,0,0,7,,,40,,,,,,,,,,,,,,12,,,,,C03,,,1,,2,,,40,40,1,13,4,120.643859,24.227759,3
11359,66000,387130000C,(04)23274275,(04)23288582,2025,6,30,7,42,臺中市,西屯區,0,1,0,7,2,6,50,4,1,1,5,4,6,6,2,1,10,5,5,2,16,3,10,3,1,B03,7,6,1,8,2,5,,48,48,1,13,4,120.605256,24.171538,2
11360,66000,387130000C,(04)23274275,(04)23288582,2025,6,30,7,42,臺中市,清水區,0,1,0,7,3,6,50,13,9,1,5,4,6,6,4,4,9,4,5,2,18,2,9,6,1,F01,7,9,7,21,11,14,,87,87,1,12,4,120.575186,24.271905,2
11361,66000,387130000C,(04)23274275,(04)23288582,2025,6,30,7,44,臺中市,清水區,0,3,0,7,3,6,50,4,1,1,5,4,6,6,2,1,9,4,5,1,13,2,9,1,1,C03,7,9,1,10,2,11,13,7,7,1,12,4,120.566565,24.268398,2
11362,66000,387130000C,(04)23274275,(04)23288582,2025,6,30,7,46,臺中市,潭子區,0,1,0,7,2,6,60,3,2,1,5,4,3,6,4,4,1,4,4,1,17,2,9,2,1,C03,7,5,1,10,2,12,,84,84,1,13,4,120.705847,24.219016,2
11363,66000,387130000C,(04)23274275,(04)23288582,2025,6,30,7,46,臺中市,西區,0,1,0,7,2,6,50,13,9,1,5,4,5,6,4,4,5,3,5,2,13,2,9,2,1,C03,7,9,1,10,2,11,,7,7,1,12,4,120.661798,24.145271,2
11364,66000,387130000C,(04)23274275,(04)23288582,2025,6,30,7,48,臺中市,西屯區,0,0,0,7,,,50,,,,,,,,,,,,,,,,,,,C03,,,1,,1,,,59,59,1,12,4,120.605256,24.171538,3
11365,66000,387130000C,(04)23274275,(04)23288582,2025,6,30,7,48,臺中市,大甲區,0,1,0,7,3,6,50,13,7,1,5,4,6,6,4,4,9,5,4,1,16,3,10,3,1,A41,7,1,1,1,2,7,,51,51,1,6,4,120.634067,24.356642,2
11366,66000,387130000C,(04)23274275,(04)23288582,2025,6,30,7,50,臺中市,北屯區,0,1,0,7,1,6,50,4,2,1,5,4,6,6,1,1,3,4,5,2,12,3,10,3,1,B03,7,9,1,8,2,1,,8,8,1,13,4,120.719517,24.182189,2
11367,66000,387130000C,(04)23274275,(04)23288582,2025,6,30,7,50,臺中市,北屯區,0,2,0,7,3,6,50,4,1,1,5,4,6,6,4,4,10,5,5,2,15,2,9,2,1,C03,7,9,3,19,2,12,,15,15,1,12,4,120.671292,24.181704,2
11368,66000,387130000C,(04)23274275,(04)23288582,2025,6,30,7,50,臺中市,烏日區,0,0,0,7,,,30,,,,,,,,,,,,,,16,,,,,C03,,,1,,1,,,14,14,1,6,4,120.641561,24.109849,3
11369,66000,387130000C,(04)23274275,(04)23288582,2025,6,30,7,51,臺中市,大里區,0,0,0,7,,,50,,,,,,,,,,,,,,,,,,,B03,,,1,,2,,,84,84,1,12,4,120.690704,24.098029,3
11370,66000,387130000C,(04)23274275,(04)23288582,2025,6,30,7,51,臺中市,清水區,0,0,0,7,,,60,,,,,,,,,,,,,,,,,,,B03,,,1,,2,,,40,40,1,12,4,120.570375,24.268452,3
11371,66000,387130000C,(04)23274275,(04)23288582,2025,6,30,7,51,臺中市,豐原區,0,2,0,7,2,6,30,11,9,1,5,4,6,6,4,4,10,5,5,1,11,2,9,2,1,C02,7,9,1,9,2,14,,41,41,1,12,4,120.73143,24.270943,2
11372,66000,387130000C,(04)23274275,(04)23288582,2025,6,30,7,54,臺中市,石岡區,0,0,0,7,,,50,,,,,,,,,,,,,,,,,,,C03,,,1,,1,,,36,36,1,12,4,120.764089,24.277043,4
11373,66000,387130000C,(04)23274275,(04)23288582,2025,6,30,7,56,臺中市,南區,0,2,0,7,2,6,30,4,1,1,5,4,6,6,4,4,10,5,5,2,15,2,9,5,4,F03,7,9,7,21,2,11,,15,15,1,13,4,120.676494,24.125806,2
11374,66000,387130000C,(04)23274275,(04)23288582,2025,6,30,7,56,臺中市,北屯區,0,2,0,7,2,6,50,3,1,1,5,4,6,6,4,4,10,5,5,2,15,2,9,2,1,C03,7,1,1,10,1,12,,51,51,1,12,4,120.687206,24.193294,2
11375,66000,387130000C,(04)23274275,(04)23288582,2025,6,30,7,56,臺中市,烏日區,0,0,0,7,,,30,,,,,,,,,,,,,,14,,,,,B12,,,1,,2,,,49,49,1,6,4,120.647581,24.063126,3
11376,66000,387130000C,(04)23274275,(04)23288582,2025,6,30,7,57,臺中市,北區,0,0,0,7,,,50,,,,,,,,,,,,,,13,,,,,B03,,,1,,2,,,84,84,1,12,4,120.680829,24.167105,3
11377,66000,387130000C,(04)23274275,(04)23288582,2025,6,30,7,57,臺中市,豐原區,0,2,0,7,2,6,50,4,7,1,5,4,6,6,4,4,5,4,4,2,13,2,9,1,1,C03,7,9,3,19,2,11,,7,7,1,12,4,120.721664,24.252536,2
11378,66000,387130000C,(04)23274275,(04)23288582,2025,6,30,7,58,臺中市,神岡區,0,2,0,7,1,6,50,4,1,1,5,4,6,6,1,1,10,5,4,2,12,2,9,1,1,C03,7,6,1,10,2,14,,48,48,1,12,4,120.655619,24.255462,2
11379,66000,387130000C,(04)23274275,(04)23288582,2025,6,30,8,3,臺中市,外埔區,0,2,0,7,2,6,50,13,9,1,5,4,6,6,4,4,10,5,5,2,16,2,9,1,1,C03,7,1,1,10,2,14,,51,51,1,12,4,120.634494,24.343059,2
11380,66000,387130000C,(04)23274275,(04)23288582,2025,6,30,8,4,臺中市,大里區,0,0,0,7,,,40,,,,,,,,,,,,,,13,,,,,B03,,,1,,2,,,59,59,1,12,4,120.69209,24.101766,3
11381,66000,387130000C,(04)23274275,(04)23288582,2025,6,30,8,4,臺中市,清水區,0,0,0,7,,,30,,,,,,,,,,,,,,,,,,,B03,,,1,,10,,,8,8,1,12,4,120.559584,24.2846,3
11382,66000,387130000C,(04)23274275,(04)23288582,2025,6,30,8,6,臺中市,西屯區,0,0,0,7,,,40,,,,,,,,,,,,,,,,,,,B03,,,1,,1,,,7,7,1,12,4,120.629737,24.165369,3
11383,66000,387130000C,(04)23274275,(04)23288582,2025,6,30,8,8,臺中市,北屯區,0,0,0,7,,,50,,,,,,,,,,,,,,17,,,,,B12,,,1,,2,,,59,59,1,12,4,120.723,24.181584,3
11384,66000,387130000C,(04)23274275,(04)23288582,2025,6,30,8,10,臺中市,東區,0,0,0,7,,,50,,,,,,,,,,,,,,,,,,,B03,,,1,,2,,,40,40,1,6,4,120.693102,24.132943,3
11385,66000,387130000C,(04)23274275,(04)23288582,2025,6,30,8,10,臺中市,大里區,0,0,0,7,,,40,,,,,,,,,,,,,,17,,,,,B03,,,1,,2,,,8,8,1,6,4,120.696495,24.085959,3
11386,66000,387130000C,(04)23274275,(04)23288582,2025,6,30,8,12,臺中市,西屯區,0,0,0,7,,,50,,,,,,,,,,,,,,,,,,,B12,,,1,,1,,,7,7,1,12,4,120.638708,24.169633,3
11387,66000,387130000C,(04)23274275,(04)23288582,2025,6,30,8,13,臺中市,潭子區,0,0,0,7,,,60,,,,,,,,,,,,,,13,,,,,B03,,,1,,2,,,59,59,1,13,4,120.702906,24.197954,3
11388,66000,387130000C,(04)23274275,(04)23288582,2025,6,30,8,13,臺中市,潭子區,0,1,0,7,2,6,50,4,1,1,5,4,6,6,4,4,5,5,4,2,16,2,9,2,1,C03,7,6,1,10,2,11,,85,85,1,13,4,120.694465,24.22357,2
11389,66000,387130000C,(04)23274275,(04)23288582,2025,6,30,8,14,臺中市,神岡區,0,1,0,7,2,6,50,4,2,1,5,4,6,6,1,1,5,5,4,2,17,2,9,1,1,C03,7,15,1,10,2,11,,82,82,1,12,4,120.655619,24.255462,2
11390,66000,387130000C,(04)23274275,(04)23288582,2025,6,30,8,15,臺中市,西屯區,0,2,0,7,2,6,50,3,9,1,5,4,6,6,4,4,10,5,5,2,3,2,9,1,1,C03,7,9,1,10,2,11,,10,10,1,12,4,120.65572,24.171876,2
11391,66000,387130000C,(04)23274275,(04)23288582,2025,6,30,8,15,臺中市,西屯區,0,0,0,7,,,50,,,,,,,,,,,,,,16,,,,,C03,,,1,,2,,,11,11,1,13,4,120.605576,24.170776,3
11392,66000,387130000C,(04)23274275,(04)23288582,2025,6,30,8,19,臺中市,大里區,0,2,0,7,2,6,50,13,9,1,5,4,6,6,4,4,5,4,4,2,17,2,9,1,1,C03,7,9,1,10,2,14,,7,7,1,12,4,120.689554,24.11708,2
11393,66000,387130000C,(04)23274275,(04)23288582,2025,6,30,8,20,臺中市,北屯區,0,2,0,7,2,6,50,3,8,1,5,4,6,6,4,4,5,4,4,2,16,2,9,2,1,C03,7,6,1,10,2,12,,12,12,1,12,4,120.696186,24.16473,2
11394,66000,387130000C,(04)23274275,(04)23288582,2025,6,30,8,20,臺中市,西屯區,0,1,0,7,2,6,60,13,7,1,5,4,6,6,2,1,1,4,1,2,13,3,10,5,4,B03,7,9,1,8,2,1,,7,7,1,13,4,120.641176,24.167674,2
11395,66000,387130000C,(04)23274275,(04)23288582,2025,6,30,8,21,臺中市,大雅區,0,0,0,7,,,40,,,,,,,,,,,,,,13,,,,,C03,,,1,,1,,,7,7,1,12,4,120.639477,24.21874,3
11396,66000,387130000C,(04)23274275,(04)23288582,2025,6,30,8,23,臺中市,西屯區,0,0,0,7,,,50,,,,,,,,,,,,,,,,,,,B03,,,1,,1,,,7,7,1,13,4,120.630046,24.183729,3
11397,66000,387130000C,(04)23274275,(04)23288582,2025,6,30,8,24,臺中市,南區,0,0,0,7,,,50,,,,,,,,,,,,,,,,,,,C03,,,1,,1,,,51,51,1,12,4,120.6513,24.122529,3
11398,66000,387130000C,(04)23274275,(04)23288582,2025,6,30,8,25,臺中市,東區,0,0,0,7,,,50,,,,,,,,,,,,,,13,,,,,B12,,,1,,1,,,84,84,1,12,4,120.696646,24.142184,3
11399,66000,387130000C,(04)23274275,(04)23288582,2025,6,30,8,32,臺中市,大里區,0,1,0,7,2,6,50,13,9,1,5,4,6,6,4,4,5,5,5,1,17,3,10,3,1,B12,7,15,1,8,2,16,,84,84,1,12,4,120.670813,24.107239,2
11400,66000,387130000C,(04)23274275,(04)23288582,2025,6,30,8,34,臺中市,南區,0,0,0,7,,,50,,,,,,,,,,,,,,13,,,,,B03,,,1,,1,,,59,59,1,13,4,120.653659,24.113755,3
11401,66000,387130000C,(04)23274275,(04)23288582,2025,6,30,8,35,臺中市,北屯區,0,1,0,7,3,6,30,5,1,1,5,4,6,6,1,1,1,4,5,2,11,3,10,3,1,B03,7,5,1,8,2,8,,59,59,1,6,4,120.673786,24.174055,2
11402,66000,387130000C,(04)23274275,(04)23288582,2025,6,30,8,35,臺中市,烏日區,0,1,0,7,2,6,50,3,1,1,5,4,6,6,1,1,10,5,5,2,12,3,10,3,1,B01,7,5,1,8,2,5,,47,47,1,6,4,120.614214,24.117016,2
11403,66000,387130000C,(04)23274275,(04)23288582,2025,6,30,8,37,臺中市,南屯區,0,1,0,7,2,6,50,13,9,1,5,4,6,6,4,4,1,4,5,2,17,2,9,2,1,C04,7,9,1,11,2,12,,84,84,1,13,4,120.651815,24.140272,2
11404,66000,387130000C,(04)23274275,(04)23288582,2025,6,30,8,38,臺中市,西屯區,0,1,0,7,1,6,40,13,7,1,5,4,6,6,4,4,9,4,4,1,16,3,10,3,1,B03,7,11,1,8,2,5,,48,48,1,12,4,120.647498,24.166694,2
11405,66000,387130000C,(04)23274275,(04)23288582,2025,6,30,8,38,臺中市,西屯區,0,0,0,7,,,60,,,,,,,,,,,,,,,,,,,B03,,,1,,1,,,7,7,1,12,4,120.641712,24.17826,3
11406,66000,387130000C,(04)23274275,(04)23288582,2025,6,30,8,38,臺中市,沙鹿區,0,0,0,7,,,60,,,,,,,,,,,,,,13,,,,,B03,,,1,,7,,,7,7,1,6,4,120.568418,24.237921,3
11407,66000,387130000C,(04)23274275,(04)23288582,2025,6,30,8,39,臺中市,西區,0,1,0,7,2,6,50,4,1,1,5,4,6,6,2,1,10,5,5,2,16,2,9,1,1,C03,7,6,1,10,2,14,,84,84,1,6,4,120.677597,24.137134,2
11408,66000,387130000C,(04)23274275,(04)23288582,2025,6,30,8,39,臺中市,梧棲區,0,0,0,7,,,50,,,,,,,,,,,,,,12,,,,,B03,,,1,,2,,,40,40,1,12,4,120.538665,24.258144,3
11409,66000,387130000C,(04)23274275,(04)23288582,2025,6,30,8,41,臺中市,西區,0,0,0,7,,,50,,,,,,,,,,,,,,16,,,,,B03,,,1,,1,,,25,25,1,12,4,120.657375,24.146713,3
11410,66000,387130000C,(04)23274275,(04)23288582,2025,6,30,8,41,臺中市,烏日區,0,1,0,7,3,6,40,3,1,1,5,4,6,6,1,1,1,1,2,1,12,2,8,1,1,C03,7,9,1,10,2,12,11,84,84,1,7,4,120.648631,24.092023,2
11411,66000,387130000C,(04)23274275,(04)23288582,2025,6,30,8,46,臺中市,北區,0,1,0,7,2,6,40,13,8,1,5,4,6,6,4,4,1,4,4,2,17,3,10,5,1,C03,7,9,1,10,2,16,,75,75,1,13,4,120.67645,24.156756,2
11412,66000,387130000C,(04)23274275,(04)23288582,2025,6,30,8,48,臺中市,南屯區,0,0,0,7,,,50,,,,,,,,,,,,,,16,,,,,B03,,,1,,1,,,23,23,1,12,4,120.637184,24.15155,3
11413,66000,387130000C,(04)23274275,(04)23288582,2025,6,30,8,50,臺中市,西屯區,0,0,0,7,,,,,,,,,,,,,,,,,,,,,,,,,,,,,,119,119,1,,,120.645245,24.173619,3
11414,66000,387130000C,(04)23274275,(04)23288582,2025,6,30,8,53,臺中市,西區,0,1,0,6,2,6,50,4,1,1,5,4,6,6,4,4,10,5,5,2,16,3,10,3,1,B03,7,6,1,8,2,8,,84,84,1,11,4,120.66884,24.142036,2
11415,66000,387130000C,(04)23274275,(04)23288582,2025,6,30,8,53,臺中市,西屯區,0,0,0,7,,,50,,,,,,,,,,,,,,13,,,,,C02,,,1,,2,,,7,7,1,13,4,120.646509,24.164855,3
11416,66000,387130000C,(04)23274275,(04)23288582,2025,6,30,8,53,臺中市,梧棲區,0,0,0,7,,,30,,,,,,,,,,,,,,12,,,,,B03,,,1,,1,,,4,4,1,12,4,120.546547,24.246915,3
11417,66000,387130000C,(04)23274275,(04)23288582,2025,6,30,8,54,臺中市,新社區,0,1,0,7,2,6,30,4,1,1,5,4,6,6,4,4,10,5,5,2,15,3,10,5,4,B03,7,9,1,8,2,1,,12,12,1,13,4,120.792286,24.218522,2
11418,66000,387130000C,(04)23274275,(04)23288582,2025,6,30,8,55,臺中市,北屯區,0,1,0,7,2,6,50,3,1,1,5,4,6,6,4,4,10,5,5,2,16,2,9,2,1,C03,7,6,1,10,2,11,,48,48,1,12,4,120.697819,24.163338,2
11419,66000,387130000C,(04)23274275,(04)23288582,2025,6,30,8,56,臺中市,西屯區,0,1,0,7,2,6,30,11,9,1,5,4,6,3,4,4,10,5,5,2,10,2,9,1,1,C03,7,9,1,10,2,11,,41,41,1,12,4,120.665353,24.170572,2
11420,66000,387130000C,(04)23274275,(04)23288582,2025,6,30,8,57,臺中市,清水區,0,0,0,7,,,70,,,,,,,,,,,,,,,,,,,B12,,,1,,2,,,40,40,1,12,4,120.569334,24.273594,3
11421,66000,387130000C,(04)23274275,(04)23288582,2025,6,30,9,1,臺中市,北屯區,0,1,0,7,2,6,50,13,9,1,5,4,6,6,4,4,1,4,5,2,13,2,8,2,1,C03,7,9,1,10,2,11,14,7,7,1,6,4,120.693995,24.164087,2
11422,66000,387130000C,(04)23274275,(04)23288582,2025,6,30,9,2,臺中市,外埔區,0,1,0,7,2,6,50,3,1,1,5,4,6,6,4,4,5,4,4,1,16,3,10,3,1,B03,7,6,1,8,2,5,,14,14,1,12,4,120.637991,24.341629,2
11423,66000,387130000C,(04)23274275,(04)23288582,2025,6,30,9,2,臺中市,后里區,0,1,0,7,2,6,50,3,2,1,5,4,6,6,1,1,5,5,5,1,13,2,8,1,1,C03,7,9,1,10,2,11,,7,7,1,12,4,120.713447,24.328779,2
11424,66000,387130000C,(04)23274275,(04)23288582,2025,6,30,9,3,臺中市,北屯區,0,0,0,7,,,50,,,,,,,,,,,,,,30,,,,,,,,,,,,,115,115,1,,,120.689556,24.180805,3
11425,66000,387130000C,(04)23274275,(04)23288582,2025,6,30,9,3,臺中市,梧棲區,0,1,0,7,2,6,40,4,1,1,5,4,6,6,1,1,10,5,5,2,15,2,9,1,1,C03,7,9,1,10,2,11,,21,21,1,12,4,120.544624,24.225147,2
11426,66000,387130000C,(04)23274275,(04)23288582,2025,6,30,9,5,臺中市,北區,0,2,0,7,2,6,50,13,9,1,5,4,6,6,4,4,5,5,5,2,3,2,9,6,5,H01,8,20,7,21,10,17,,95,95,1,13,5,120.673516,24.152894,2
11427,66000,387130000C,(04)23274275,(04)23288582,2025,6,30,9,6,臺中市,西屯區,0,0,0,7,,,50,,,,,,,,,,,,,,16,,,,,C03,,,1,,1,,,11,11,1,13,4,120.64468,24.18244,3
11428,66000,387130000C,(04)23274275,(04)23288582,2025,6,30,9,10,臺中市,北屯區,0,0,0,7,,,50,,,,,,,,,,,,,,13,,,,,B03,,,1,,9,,,7,7,1,12,4,120.676136,24.200773,3
11429,66000,387130000C,(04)23274275,(04)23288582,2025,6,30,9,15,臺中市,南屯區,0,0,0,7,,,50,,,,,,,,,,,,,,,,,,,C03,,,1,,2,,,36,36,1,6,4,120.646707,24.150896,4
11430,66000,387130000C,(04)23274275,(04)23288582,2025,6,30,9,17,臺中市,沙鹿區,0,0,0,7,,,60,,,,,,,,,,,,,,,,,,,B03,,,1,,2,,,56,56,1,6,4,120.581689,24.202263,3
11431,66000,387130000C,(04)23274275,(04)23288582,2025,6,30,9,20,臺中市,烏日區,0,0,0,7,,,40,,,,,,,,,,,,,,23,,,,,B12,,,1,,2,,,56,56,1,6,4,120.609357,24.112785,3
11432,66000,387130000C,(04)23274275,(04)23288582,2025,6,30,9,20,臺中市,東勢區,0,0,0,7,,,30,,,,,,,,,,,,,,11,,,,,B03,,,1,,2,,,82,82,1,13,4,120.862741,24.165501,3
11433,66000,387130000C,(04)23274275,(04)23288582,2025,6,30,9,21,臺中市,太平區,0,2,0,7,2,6,50,4,1,1,5,4,6,6,1,1,5,5,5,1,15,2,7,1,1,C03,7,9,1,10,2,11,,21,21,1,6,4,120.721507,24.120125,2
11434,66000,387130000C,(04)23274275,(04)23288582,2025,6,30,9,21,臺中市,龍井區,0,0,0,6,2,6,60,4,1,1,5,4,6,6,1,1,1,4,4,1,11,3,10,3,1,B12,7,6,1,7,1,2,,8,8,1,6,4,120.522081,24.21644,3
11435,66000,387130000C,(04)23274275,(04)23288582,2025,6,30,9,22,臺中市,大甲區,0,1,0,7,2,6,50,13,8,1,5,4,6,6,4,4,1,4,4,1,14,3,10,3,1,B12,7,2,1,8,2,3,,49,49,1,6,4,120.61692,24.347824,2